a q b lambda
0.0 0.0 0.0 1.9999999500077073
0.007070926475323991 0.0 0.01 2.000079954418717
0.014141004315820499 0.0 0.02 2.0003200205978597
0.0212093844597079 0.0 0.03 2.0007203075071702
0.02827521699061481 0.0 0.04 2.0012810803923244
0.035337650708457145 0.0 0.05 2.0020027112714076
0.04239583269801788 0.0 0.06 2.0028856796210315
0.0494489078948208 0.0 0.07 2.003930573232739
0.05649601864687852 0.0 0.08 2.0051380893136757
0.06353630427223066 0.0 0.09 2.0065090357583877
0.0705689006114236 0.0 0.1 2.008044332623251
0.07759293957330582 0.0 0.11 2.009745013855551
0.08460754867433087 0.0 0.12 2.0116122292118805
0.09161185057006745 0.0 0.13 2.013647246409448
0.09860496257800364 0.0 0.14 2.015851453517103
0.10558599619053946 0.0 0.15 2.0182263616006124
0.11255405657806089 0.0 0.16 2.020773607597893
0.11950824207987597 0.0 0.17 2.0234949574868
0.1264476436825802 0.0 0.18 2.0263923097282643
0.13337134448587482 0.0 0.19 2.029467698965462
0.14027841915210473 0.0 0.2 2.032723300080813
0.147167933340576 0.0 0.21 2.0361614325479067
0.15403894312505267 0.0 0.22 2.0397845651132966
0.16089049439214942 0.0 0.23 2.043595320854382
0.16772162221966594 0.0 0.24 2.047596482618552
0.17453135023386404 0.0 0.25 2.051790998854598
0.18131868994326308 0.0 0.26 2.0561819898830804
0.18808264004921843 0.0 0.27 2.0607727545875516
0.19482218572707544 0.0 0.28 2.0655667776577236
0.2015362978821602 0.0 0.29 2.0705677372753435
0.20822393237337566 0.0 0.3 2.0757795133973387
0.2148840292040268 0.0 0.31 2.081206196630563
0.22151551167955716 0.0 0.32 2.0868520977020997
0.22811728552516294 0.0 0.33 2.0927217576610695
0.23468823796675012 0.0 0.34 2.0988199587425282
0.2412272367637923 0.0 0.35 2.1051517361090846
0.2477331292024747 0.0 0.36 2.111722390318647
0.25420474103282553 0.0 0.37 2.1185375008185856
0.260640875357384 0.0 0.38 2.1256029403380987
0.2670403114607039 0.0 0.39 2.1329248903787033
0.2734018035774034 0.0 0.4 2.1405098578537096
0.27972407959544604 0.0 0.41 2.148364692952379
0.28600583968721194 0.0 0.42 2.156496608373246
0.29224575486425663 0.0 0.43 2.1649132000201785
0.2984424654505755 0.0 0.44 2.173622469278689
0.3045945794660084 0.0 0.45 2.1826328470426493
0.3107006709135187 0.0 0.46 2.191953219634853
0.3167592779650048 0.0 0.47 2.201592956761408
0.3227689010309932 0.0 0.48 2.211561941780121
0.32872800071179203 0.0 0.49 2.2218706043980085
0.33463499561672677 0.0 0.5 2.2325299560819003
0.34048826003844324 0.0 0.51 2.243551628469831
0.34628612147360904 0.0 0.52 2.254947915027883
0.35202685797217054 0.0 0.53 2.2667318163383143
0.35770869530597693 0.0 0.54 2.27891708931054
0.3633298039303784 0.0 0.55 2.2915183008545252
0.3688882957306444 0.0 0.56 2.3045508863464037
0.37438222052435755 0.0 0.57 2.3180312135158183
0.37980956229975166 0.0 0.58 2.3319766523064955
0.38516823516367327 0.0 0.59 2.346405651385638
0.39045607896825024 0.0 0.6 2.361337822084583
0.39567085458645646 0.0 0.61 2.376794030599078
0.4008102387941752 0.0 0.62 2.3927964995004105
0.405871818720057 0.0 0.63 2.409368919644318
0.41085308581918345 0.0 0.64 2.4265365737265476
0.4157514293010217 0.0 0.65 2.44432647315025
0.42056412897067746 0.0 0.66 2.4627675096654107
0.4252883473938587 0.0 0.67 2.481890623977107
0.4299211213115176 0.0 0.68 2.501728993522437
0.43445935220978865 0.0 0.69 2.522318242083201
0.4388997959276674 0.0 0.7 2.5436966744426797
0.4432390511826165 0.0 0.71 2.5659055396476833
0.44747354685688995 0.0 0.72 2.588989327266671
0.4515995278655724 0.0 0.73 2.612996101765555
0.4556130393956747 0.0 0.74 2.6379778810732937
0.4595099092720931 0.0 0.75 2.6639910665128044
0.46328572812718427 0.0 0.76 2.6910969330686583
0.46693582702995584 0.0 0.77 2.719362190295651
0.4704552521019861 0.0 0.78 2.7488596270288093
0.47383873558285683 0.0 0.79 2.779668855516077
0.4770806626561185 0.0 0.8 2.811877174528075
0.48017503315170895 0.0 0.81 2.845580576049797
0.4831154170413337 0.0 0.82 2.880884926070963
0.4858949022909608 0.0 0.83 2.917907358795952
0.4885060332129597 0.0 0.84 2.956777934732004
0.49094073684307515 0.0 0.85 2.9976416286785352
0.4931902339817704 0.0 0.86 3.0406607354101487
0.4952449302704045 0.0 0.87 3.086017811578064
0.4970942807656279 0.0 0.88 3.133919317272847
0.49872661851407457 0.0 0.89 3.1846001883576895
0.500128932934548 0.0 0.9 3.2383296752756268
0.5012865761463662 0.0 0.91 3.295418951001096
0.5021828619968453 0.0 0.92 3.356231272962212
0.5027984983767171 0.0 0.93 3.421195980745581
0.5031107466539728 0.0 0.94 3.4908285476756795
0.0 0.014184397163120567 0.0 2.0143470352239206
0.0070456982952258815 0.014184397163120567 0.01 2.014428770413596
0.014090538842139578 0.014184397163120567 0.02 2.014674030795547
0.02113366345588436 0.014184397163120567 0.03 2.0150829808951296
0.02817421307775046 0.014184397163120567 0.04 2.0156558952607493
0.035211327336352724 0.014184397163120567 0.05 2.016393158967379
0.04224414410654431 0.014184397163120567 0.06 2.0172952683250367
0.04927179906526718 0.014184397163120567 0.07 2.0183628317966824
0.056293425243595985 0.014184397163120567 0.08 2.019596571124043
0.0633081525742397 0.014184397163120567 0.09 2.020997322663573
0.07031510743322716 0.014184397163120567 0.1 2.02256603896699
0.07731341217602837 0.014184397163120567 0.11 2.024303790539496
0.08430218466562182 0.014184397163120567 0.12 2.0262117678882294
0.09128053779367322 0.014184397163120567 0.13 2.0282912837463787
0.09824757899167007 0.014184397163120567 0.14 2.0305437756054663
0.10520240973301041 0.014184397163120567 0.15 2.032970808462447
0.11214412502392897 0.014184397163120567 0.16 2.035574077851498
0.11907181288256782 0.014184397163120567 0.17 2.038355413153972
0.12598455380520052 0.014184397163120567 0.18 2.0413167811972994
0.1328814202183738 0.014184397163120567 0.19 2.0444602901617412
0.13976147591556792 0.014184397163120567 0.2 2.0477881938165683
0.14662377547842703 0.014184397163120567 0.21 2.051302896064315
0.15346736367879482 0.014184397163120567 0.22 2.0550069558870034
0.16029127486265096 0.014184397163120567 0.23 2.058903092638377
0.16709453231283342 0.014184397163120567 0.24 2.06299419175424
0.17387614759072967 0.014184397163120567 0.25 2.0672833108594313
0.18063511985297034 0.014184397163120567 0.26 2.071773686358325
0.18737043514330462 0.014184397163120567 0.27 2.076468740487359
0.19408106565716016 0.014184397163120567 0.28 2.081372088879067
0.2007659689767152 0.014184397163120567 0.29 2.0864875486760104
0.20742408727494538 0.014184397163120567 0.3 2.0918191472196916
0.2140543464860197 0.014184397163120567 0.31 2.0973711313642562
0.22065565543875468 0.014184397163120567 0.32 2.1031479774761923
0.2272269049527125 0.014184397163120567 0.33 2.1091544021252586
0.23376696689209853 0.014184397163120567 0.34 2.115395373562079
0.24027469317560135 0.014184397163120567 0.35 2.1218761240180113
0.2467489147388506 0.014184397163120567 0.36 2.128602162894166
0.25318844044447203 0.014184397163120567 0.37 2.1355792909363487
0.2595920559395255 0.014184397163120567 0.38 2.1428136154109096
0.26595852245232154 0.014184397163120567 0.39 2.1503115664354806
0.27228657552558905 0.014184397163120567 0.4 2.1580799145312546
0.27857492368468756 0.014184397163120567 0.41 2.1661257894445245
0.2848222470275042 0.014184397163120567 0.42 2.1744567004812434
0.29102719574056335 0.014184397163120567 0.43 2.183080558315852
0.297188388527525 0.014184397163120567 0.44 2.1920056985344907
0.30330441094538463 0.014184397163120567 0.45 2.20124090702968
0.3093738136438869 0.014184397163120567 0.46 2.2107954473726905
0.3153951104968529 0.014184397163120567 0.47 2.220679090399106
0.3213667766173932 0.014184397163120567 0.48 2.2309021462014202
0.3272872462481037 0.014184397163120567 0.49 2.2414754987471572
0.3331549105155833 0.014184397163120567 0.5 2.252410643378938
0.33896811503897195 0.014184397163120567 0.51 2.2637197274628074
0.34472515737425974 0.014184397163120567 0.52 2.2754155945749845
0.35042428428891076 0.014184397163120567 0.53 2.287511832463455
0.3560636888415254 0.014184397163120567 0.54 2.3000228253105743
0.36164150725987454 0.014184397163120567 0.55 2.3129638106005648
0.3671558155856169 0.014184397163120567 0.56 2.3263509412553955
0.37260462607603945 0.014184397163120567 0.57 2.3402013534494737
0.3779858833312024 0.014184397163120567 0.58 2.3545332408403583
0.38329746012039323 0.014184397163120567 0.59 2.369365935926221
0.388537152884001 0.014184397163120567 0.6 2.384719999271618
0.3937026768657923 0.014184397163120567 0.61 2.400617317671657
0.3987916608493235 0.014184397163120567 0.62 2.417081212167613
0.4038016414482416 0.014184397163120567 0.63 2.434136557215091
0.4087300569014638 0.014184397163120567 0.64 2.4518099123939376
0.4135742403182955 0.014184397163120567 0.65 2.4701296682467624
0.41833141231802196 0.014184397163120567 0.66 2.4891262079893957
0.42299867297274935 0.014184397163120567 0.67 2.5088320874407897
0.42757299299031026 0.014184397163120567 0.68 2.5292822353929347
0.43205120402503727 0.014184397163120567 0.69 2.550514177477776
0.43642998801206095 0.014184397163120567 0.7 2.572568286792612
0.4407058653944584 0.014184397163120567 0.71 2.5954880652192047
0.4448751820823906 0.014184397163120567 0.72 2.619320460163417
0.44893409497647907 0.014184397163120567 0.73 2.644116222051959
0.45287855582730163 0.014184397163120567 0.74 2.6699303092784143
0.4567042931876948 0.014184397163120567 0.75 2.696822348258223
0.4604067921488838 0.014184397163120567 0.76 2.7248571579973198
0.46398127148225654 0.014184397163120567 0.77 2.7541053505987874
0.46742265774905434 0.014184397163120567 0.78 2.7846440213357324
0.4707255558114221 0.014184397163120567 0.79 2.8165575453265195
0.4738842150587427 0.014184397163120567 0.8 2.849938501652452
0.47689249047752397 0.014184397163120567 0.81 2.8848887510122356
0.4797437974651002 0.014184397163120567 0.82 2.92152069965624
0.4824310589630478 0.014184397163120567 0.83 2.9599587913474306
0.48494664304637847 0.014184397163120567 0.84 3.000341281141902
0.4872822884922846 0.014184397163120567 0.85 3.0428223612181995
0.48942901498066393 0.014184397163120567 0.86 3.0875747318470386
0.49137701330771066 0.014184397163120567 0.87 3.13479274309044
0.49311550902943246 0.014184397163120567 0.88 3.18469628095048
0.49463259008065374 0.014184397163120567 0.89 3.2375356418605112
0.49591498412194635 0.014184397163120567 0.9 3.2935977506940937
0.4969477636165887 0.014184397163120567 0.91 3.3532142540434084
0.4977139432238481 0.014184397163120567 0.92 3.416772317063783
0.49819390953776294 0.014184397163120567 0.93 3.484729478467024
0.49836457584247823 0.014184397163120567 0.94 3.557634907108364
0.0 0.028368794326241134 0.0 2.0290265653372317
0.007020162979286591 0.028368794326241134 0.01 2.0291100899582273
0.014039458925898127 0.028368794326241134 0.02 2.029360720567728
0.02105702036075472 0.028368794326241134 0.03 2.0297786275149985
0.028071978911142013 0.028368794326241134 0.04 2.0303640950732866
0.035083464862092954 0.028368794326241134 0.05 2.031117521948188
0.04209060670523277 0.028368794326241134 0.06 2.03203942203936
0.04909253068440322 0.028368794326241134 0.07 2.033130425410102
0.05608836033787339 0.028368794326241134 0.08 2.0343912794318357
0.06307721603498985 0.028368794326241134 0.09 2.035822850228707
0.0700582145078947 0.028368794326241134 0.1 2.0374261242898033
0.0770304683766688 0.028368794326241134 0.11 2.0392022103360303
0.08399308566654473 0.028368794326241134 0.12 2.0411523414608057
0.0909451693179272 0.028368794326241134 0.13 2.0432778774622147
0.09788581668613354 0.028368794326241134 0.14 2.045580307494606
0.10481411903213841 0.028368794326241134 0.15 2.0480612529340885
0.11172916100073013 0.028368794326241134 0.16 2.050722470587757
0.1186300200877128 0.028368794326241134 0.17 2.053565856140689
0.12551576609344228 0.028368794326241134 0.18 2.05659344792816
0.13238546056154943 0.028368794326241134 0.19 2.0598074310412207
0.139238156202067 0.028368794326241134 0.2 2.0632101417655897
0.14607289629817174 0.028368794326241134 0.21 2.0668040723598335
0.15288871409411545 0.028368794326241134 0.22 2.0705918762271094
0.15968463216326126 0.028368794326241134 0.23 2.0745763734882914
0.16645966175597335 0.028368794326241134 0.24 2.078760556947982
0.1732128021230409 0.028368794326241134 0.25 2.083147598552196
0.17994303981679277 0.028368794326241134 0.26 2.0877408562654782
0.1866493479634561 0.028368794326241134 0.27 2.0925438815157658
0.1933306855105354 0.028368794326241134 0.28 2.097560427102844
0.19998599644036064 0.028368794326241134 0.29 2.102794455766773
0.20661420895419208 0.028368794326241134 0.3 2.1082501493044172
0.21321423462073666 0.028368794326241134 0.31 2.1139319183669665
0.2197849674866139 0.028368794326241134 0.32 2.1198444129810223
0.22632528314864303 0.028368794326241134 0.33 2.125992533794205
0.2328340377821738 0.028368794326241134 0.34 2.1323814441613846
0.23931006712375125 0.028368794326241134 0.35 2.139016583104618
0.24575218540641788 0.028368794326241134 0.36 2.1459036791870596
0.2521591842386129 0.028368794326241134 0.37 2.1530487654735238
0.25852983143119046 0.028368794326241134 0.38 2.160458195509098
0.26486286976080275 0.028368794326241134 0.39 2.1681386605419433
0.2711570156675616 0.028368794326241134 0.4 2.1760972080422434
0.27741095788490017 0.028368794326241134 0.41 2.184341261580733
0.28362335599231453 0.028368794326241134 0.42 2.1928786422533704
0.2897928388873372 0.028368794326241134 0.43 2.2017175917480825
0.2959180031698509 0.028368794326241134 0.44 2.2108667972091713
0.3019974114313429 0.028368794326241134 0.45 2.2203354180681525
0.30802959044356476 0.028368794326241134 0.46 2.2301331149899872
0.31401302923541563 0.028368794326241134 0.47 2.2402700811771705
0.319946177051914 0.028368794326241134 0.48 2.2507570762086986
0.3258274411831043 0.028368794326241134 0.49 2.2616054626917728
0.3316551846533007 0.028368794326241134 0.5 2.272827245979788
0.3374277237592657 0.028368794326241134 0.51 2.2844351172531256
0.3431433254421049 0.028368794326241134 0.52 2.29644250033007
0.3488002044801883 0.028368794326241134 0.53 2.308863602561165
0.3543965204867946 0.028368794326241134 0.54 2.321713470235627
0.3599303746930455 0.028368794326241134 0.55 2.335008048998228
0.36539980650046794 0.028368794326241134 0.56 2.348764249759295
0.3708027897731646 0.028368794326241134 0.57 2.3630000208072284
0.37613722885603046 0.028368794326241134 0.58 2.377734426663941
0.38140095428122206 0.028368794326241134 0.59 2.392987734591036
0.38659171813872734 0.028368794326241134 0.6 2.408781509538867
0.39170718907290114 0.028368794326241134 0.61 2.425138718582345
0.3967449468678706 0.028368794326241134 0.62 2.4420838459579164
0.4017024765788693 0.028368794326241134 0.63 2.459643019989731
0.40657716215498974 0.028368794326241134 0.64 2.4778441534529043
0.4113662795024792 0.028368794326241134 0.65 2.496717099015123
0.41606698891672206 0.028368794326241134 0.66 2.5162938218192865
0.4206763268226538 0.028368794326241134 0.67 2.53660859132302
0.4251911967185371 0.028368794326241134 0.68 2.5576981952866777
0.42960835924391794 0.028368794326241134 0.69 2.5796021787626926
0.43392442124813024 0.028368794326241134 0.7 2.6023631118087076
0.4381358237283163 0.028368794326241134 0.71 2.626026890132359
0.44223882848880863 0.028368794326241134 0.72 2.650643073562437
0.44622950333053846 0.028368794326241134 0.73 2.6762652683416515
0.4501037055657802 0.028368794326241134 0.74 2.702951560105882
0.453857063594242 0.028368794326241134 0.75 2.7307650059944684
0.4574849562418783 0.028368794326241134 0.76 2.7597741958206217
0.46098248948746473 0.028368794326241134 0.77 2.790053894470966
0.4643444701275793 0.028368794326241134 0.78 2.821685780247476
0.46756537582672686 0.028368794326241134 0.79 2.8547592971868707
0.47063932086800564 0.028368794326241134 0.8 2.8893726435963165
0.47356001674035975 0.028368794326241134 0.81 2.9256339245561502
0.4763207264598459 0.028368794326241134 0.82 2.9636625033445267
0.47891421123149497 0.028368794326241134 0.83 3.0035905958853952
0.4813326675884145 0.028368794326241134 0.84 3.0455651654617704
0.4835676525714817 0.028368794326241134 0.85 3.089750191855138
0.4856099936349723 0.028368794326241134 0.86 3.1363294133117736
0.48744967866229955 0.028368794326241134 0.87 3.1855096744306435
0.4890757196579506 0.028368794326241134 0.88 3.2375250618801887
0.49047598062148934 0.028368794326241134 0.89 3.2926420861187267
0.49163695553332337 0.028368794326241134 0.9 3.3511662813525813
0.4925434745115584 0.028368794326241134 0.91 3.4134507827134546
0.49317830276610747 0.028368794326241134 0.92 3.479907750576898
0.49352157236822164 0.028368794326241134 0.93 3.551024063384459
0.4935499390871421 0.028368794326241134 0.94 3.6273837399792397
0.0 0.0425531914893617 0.0 2.0440494856061435
0.00699431564508547 0.0425531914893617 0.01 2.0441348608720538
0.013987754798439937 0.0425531914893617 0.02 2.0443910454367082
0.020979440511813427 0.0425531914893617 0.03 2.04481821573803
0.027968494923152464 0.0425531914893617 0.04 2.045416666198041
0.03495403879765584 0.0425531914893617 0.05 2.046186809787068
0.04193519106647463 0.0425531914893617 0.06 2.047129178796586
0.048911068362219284 0.0425531914893617 0.07 2.0482444258409567
0.05588078455011615 0.0425531914893617 0.08 2.04953332511441
0.06284345025475152 0.0425531914893617 0.09 2.0509967738380714
0.06979817238075789 0.0425531914893617 0.1 2.0526357939802446
0.07674405362669953 0.0425531914893617 0.11 2.054451534228451
0.0836801919915984 0.0425531914893617 0.12 2.056445272201062
0.09060568027338513 0.0425531914893617 0.13 2.0586184169050203
0.09751960555678445 0.0425531914893617 0.14 2.060972511521859
0.10442104869196171 0.0425531914893617 0.15 2.063509236415128
0.11130908376103892 0.0425531914893617 0.16 2.066230412466163
0.11818277753194852 0.0425531914893617 0.17 2.069138004718391
0.12504118889896268 0.0425531914893617 0.18 2.072234126328837
0.131883368308038 0.0425531914893617 0.19 2.075521042869259
0.1387083571660693 0.0425531914893617 0.2 2.0790011769803223
0.14551518723274498 0.0425531914893617 0.21 2.0826771133986903
0.15230287999383538 0.0425531914893617 0.22 2.086551604372679
0.15907044601326858 0.0425531914893617 0.23 2.0906275755225745
0.16581688426466512 0.0425531914893617 0.24 2.0949081321074976
0.17254118143845626 0.0425531914893617 0.25 2.0993965657903333
0.17924231122414636 0.0425531914893617 0.26 2.104096361893197
0.18591923356548962 0.0425531914893617 0.27 2.1090112071871268
0.19257089388728396 0.0425531914893617 0.28 2.114144998236534
0.1991962222890494 0.0425531914893617 0.29 2.1195018503962593
0.20579413270845734 0.0425531914893617 0.3 2.125086107388617
0.21236352204668538 0.0425531914893617 0.31 2.1309023516296435
0.21890326925553014 0.0425531914893617 0.32 2.1369554152977908
0.22541223438550004 0.0425531914893617 0.33 2.1432503921635577
0.23188925758787 0.0425531914893617 0.34 2.1497926503229543
0.23833315806994165 0.0425531914893617 0.35 2.156587845849805
0.24474273300091434 0.0425531914893617 0.36 2.1636419374262714
0.25111675636212494 0.0425531914893617 0.37 2.170961202078592
0.25745397773944406 0.0425531914893617 0.38 2.178552252071279
0.26375312105434784 0.0425531914893617 0.39 2.186422053043095
0.27001288322420075 0.0425531914893617 0.4 2.194577943571002
0.27623193275574853 0.0425531914893617 0.41 2.2030276561254847
0.28240890825567894 0.0425531914893617 0.42 2.2117793397238565
0.2885424168600364 0.0425531914893617 0.43 2.2208415842922715
0.2946310325733464 0.0425531914893617 0.44 2.2302234469375715
0.30067329451004354 0.0425531914893617 0.45 2.239934480305774
0.3066677050295021 0.0425531914893617 0.46 2.2499847632314327
0.31261272776081545 0.0425531914893617 0.47 2.2603849338208586
0.31850678550147604 0.0425531914893617 0.48 2.2711462253030343
0.3243482579849058 0.0425531914893617 0.49 2.2822805048327863
0.3301354795050284 0.0425531914893617 0.5 2.2938003155489257
0.3358667363802193 0.0425531914893617 0.51 2.3057189222872987
0.3415402642531536 0.0425531914893617 0.52 2.31805036117027
0.3471542452047278 0.0425531914893617 0.53 2.330809493577841
0.3527068046537114 0.0425531914893617 0.54 2.3440120651113654
0.35819600807103286 0.0425531914893617 0.55 2.357674769428177
0.36361985741217456 0.0425531914893617 0.56 2.3718153185476143
0.3689762873138475 0.0425531914893617 0.57 2.3864525193515744
0.3742631609988874 0.0425531914893617 0.58 2.401606357431836
0.3794782658627749 0.0425531914893617 0.59 2.417298089091058
0.38461930871297584 0.0425531914893617 0.6 2.43355034240369
0.38968391063052293 0.0425531914893617 0.61 2.4503872283485784
0.39466960140629603 0.0425531914893617 0.62 2.4678344633347176
0.39957381351289684 0.0425531914893617 0.63 2.4859195044428812
0.4043938755589782 0.0425531914893617 0.64 2.504671699013721
0.40912700517060496 0.0425531914893617 0.65 2.5241224503937563
0.4137703012301394 0.0425531914893617 0.66 2.5443054020067413
0.4183207354077111 0.0425531914893617 0.67 2.5652566420762075
0.4227751428823935 0.0425531914893617 0.68 2.5870149320483105
0.42713021217529606 0.0425531914893617 0.69 2.609621961759297
0.4313824739644383 0.0425531914893617 0.7 2.6331226354007238
0.43552828875759925 0.0425531914893617 0.71 2.657565392694925
0.4395638332633487 0.0425531914893617 0.72 2.6830025706630556
0.4434850852838363 0.0425531914893617 0.73 2.709490812212097
0.44728780691506687 0.0425531914893617 0.74 2.7370915290097364
0.4509675257923889 0.0425531914893617 0.75 2.765871427656796
0.4545195140921207 0.0425531914893617 0.76 2.7959031096683318
0.45793876490289126 0.0425531914893617 0.77 2.827265758417703
0.461219965546248 0.0425531914893617 0.78 2.860045928422398
0.46435746727335625 0.0425531914893617 0.79 2.894338456491778
0.46734525068656535 0.0425531914893617 0.8 2.93024751808058
0.47017688601488966 0.0425531914893617 0.81 2.9678878585521815
0.4728454871844202 0.0425531914893617 0.82 3.0073862360771204
0.47534365830113556 0.0425531914893617 0.83 3.0488831230097526
0.47766343071256145 0.0425531914893617 0.84 3.0925347262526164
0.47979618829965803 0.0425531914893617 0.85 3.1385154042673675
0.4817325776913005 0.0425531914893617 0.86 3.187020584999495
0.4834623989586648 0.0425531914893617 0.87 3.238270323362997
0.48497447039742503 0.0425531914893617 0.88 3.292513689969466
0.4862564581522794 0.0425531914893617 0.89 3.350034260063302
0.48729465678696093 0.0425531914893617 0.9 3.4111570921204577
0.48807369918390087 0.0425531914893617 0.91 3.4762577788808575
0.48857616081087407 0.0425531914893617 0.92 3.545774477263007
0.48878199880264955 0.0425531914893617 0.93 3.620224398997344
0.0 0.05673758865248227 0.0 2.059427216839691
0.006968151305635567 0.05673758865248227 0.01 2.0595145066590486
0.013935416481905593 0.05673758865248227 0.02 2.05977643701609
0.02090090893258528 0.05673758865248227 0.03 2.0602131907031622
0.027863741126919236 0.05673758865248227 0.04 2.060825072761771
0.03482302413020074 0.05673758865248227 0.05 2.0616125110730246
0.04177786713211286 0.05673758865248227 0.06 2.0625760571490717
0.048727376971428385 0.05673758865248227 0.07 2.0637163872101816
0.055670657656738516 0.05673758865248227 0.08 2.06503430347116
0.06260680988206996 0.05673758865248227 0.09 2.0665307356852853
0.06953493053655879 0.05673758865248227 0.1 2.0682067429408786
0.07645411220738732 0.05673758865248227 0.11 2.070063515711134
0.08336344267471942 0.05673758865248227 0.12 2.0721023781850287
0.09026200439812171 0.05673758865248227 0.13 2.0743247908601985
0.09714887399298194 0.05673758865248227 0.14 2.0767323534358852
0.10402312169678897 0.05673758865248227 0.15 2.0793268079749887
0.1108838108224501 0.05673758865248227 0.16 2.0821100424255294
0.11772999719972752 0.05673758865248227 0.17 2.085084094417588
0.12456072860242869 0.05673758865248227 0.18 2.0882511554093544
0.13137504415915463 0.05673758865248227 0.19 2.0916135752263583
0.13817197374902623 0.05673758865248227 0.2 2.0951738669177926
0.1449505373783425 0.05673758865248227 0.21 2.098934712046496
0.15170974453799438 0.05673758865248227 0.22 2.1028989663882296
0.15844859354045018 0.05673758865248227 0.23 2.107069666058195
0.16516607083380608 0.05673758865248227 0.24 2.111450034118447
0.17186115029154658 0.05673758865248227 0.25 2.1160434876834544
0.1785327924774334 0.05673758865248227 0.26 2.120853645526335
0.18517994388064024 0.05673758865248227 0.27 2.1258843362951603
0.19180153612290576 0.05673758865248227 0.28 2.1311396072817526
0.19839648513253166 0.05673758865248227 0.29 2.1366237338594742
0.20496369028485145 0.05673758865248227 0.3 2.142341229588675
0.21150203350426405 0.05673758865248227 0.31 2.1482968570921406
0.21801037832936285 0.05673758865248227 0.32 2.1544956396650794
0.22448756893378669 0.05673758865248227 0.33 2.160942873775799
0.23093242910193282 0.05673758865248227 0.34 2.1676441424725703
0.2373437611579089 0.05673758865248227 0.35 2.1746053297378474
0.2437203448392123 0.05673758865248227 0.36 2.1818326359618876
0.25006093611812885 0.05673758865248227 0.37 2.1893325944919457
0.2563642659597351 0.05673758865248227 0.38 2.1971120894804703
0.2626290390182575 0.05673758865248227 0.39 2.2051783750213048
0.2688539322620264 0.05673758865248227 0.4 2.2135390957749888
0.27503759352588975 0.05673758865248227 0.41 2.22220230913585
0.28117863998145026 0.05673758865248227 0.42 2.231176509144735
0.28727565652296655 0.05673758865248227 0.43 2.2404706522314006
0.2933271940598972 0.05673758865248227 0.44 2.250094184992502
0.2993317677077705 0.05673758865248227 0.45 2.260057074203749
0.3052878548729613 0.05673758865248227 0.46 2.2703698392150695
0.3111938932199354 0.05673758865248227 0.47 2.2810435869986385
0.31704827851143697 0.05673758865248227 0.48 2.2920900500999126
0.3228493623136822 0.05673758865248227 0.49 2.3035216277346287
0.32859544955110953 0.05673758865248227 0.5 2.3153514304018983
0.3342847959032719 0.05673758865248227 0.51 2.3275933282859795
0.33991560502393375 0.05673758865248227 0.52 2.340262003922201
0.3454860255745923 0.05673758865248227 0.53 2.353373009455927
0.35099414804686774 0.05673758865248227 0.54 2.3669428291034333
0.35643800136409437 0.05673758865248227 0.55 2.3809889472374177
0.36181554923309245 0.05673758865248227 0.56 2.3955299228276097
0.36712468623052813 0.05673758865248227 0.57 2.4105854708306955
0.37236323359268314 0.05673758865248227 0.58 2.426176551390162
0.37752893468242193 0.05673758865248227 0.59 2.4423254677030184
0.3826194501043293 0.05673758865248227 0.6 2.459055973525078
0.38763235242439564 0.05673758865248227 0.61 2.476393391564013
0.3925651204618547 0.05673758865248227 0.62 2.4943647439662096
0.39741513310845944 0.05673758865248227 0.63 2.512998896386723
0.4021796626125491 0.05673758865248227 0.64 2.5323267175011153
0.4068558672859519 0.05673758865248227 0.65 2.552381255723167
0.41144078355674374 0.05673758865248227 0.66 2.573197935537773
0.41593131729675076 0.05673758865248227 0.67 2.594814776018324
0.4203242343350309 0.05673758865248227 0.68 2.6172726346014916
0.42461615006913644 0.05673758865248227 0.69 2.6406154795213697
0.4288035180421742 0.05673758865248227 0.7 2.6648906952527667
0.4328826173700331 0.05673758865248227 0.71 2.6901494255914384
0.4368495388565067 0.05673758865248227 0.72 2.716446960162278
0.440700169623607 0.05673758865248227 0.73 2.7438431709801043
0.44443017603683005 0.05673758865248227 0.74 2.7724030071353885
0.4480349846769574 0.05673758865248227 0.75 2.8021970570751824
0.4515097610702399 0.05673758865248227 0.76 2.8333021897297965
0.4548493857961161 0.05673758865248227 0.77 2.8658022884809298
0.4580484275628167 0.05673758865248227 0.78 2.899789094302011
0.4611011126934272 0.05673758865248227 0.79 2.9353631787236796
0.46400129037876836 0.05673758865248227 0.8 2.9726350714796435
0.4667423928674027 0.05673758865248227 0.81 3.0117265739954906
0.4693173895543285 0.05673758865248227 0.82 3.052772297611615
0.47171873362606404 0.05673758865248227 0.83 3.0959214758903335
0.473938299513078 0.05673758865248227 0.84 3.1413401142113466
0.47596730883298605 0.05673758865248227 0.85 3.1892135586615926
0.47779624169471335 0.05673758865248227 0.86 3.2397495922749
0.4794147290107555 0.05673758865248227 0.87 3.2931822039599554
0.48081141966370156 0.05673758865248227 0.88 3.3497762290445645
0.4819738135459106 0.05673758865248227 0.89 3.4098331408247304
0.48288804698547577 0.05673758865248227 0.9 3.4736983963035337
0.483538609456931 0.05673758865248227 0.91 3.5417709393690138
0.4839079574256829 0.05673758865248227 0.92 3.614515797497111
0.4839759667118171 0.05673758865248227 0.93 3.6924813049637364
0.0 0.07092198581560283 0.0 2.0751716809975393
0.006941664866616077 0.07092198581560283 0.01 2.0752609521349923
0.013882433783696581 0.07092198581560283 0.02 2.0755288286635967
0.020821410324230023 0.07092198581560283 0.03 2.0759755000301974
0.027757697105414175 0.07092198581560283 0.04 2.0766012823865827
0.03469039530862359 0.07092198581560283 0.05 2.077406619198087
0.04161860419685139 0.07092198581560283 0.06 2.0783920820955095
0.048541420628661486 0.07092198581560283 0.07 2.0795583719851134
0.055457938567911626 0.07092198581560283 0.08 2.080906320403134
0.0623672485883553 0.07092198581560283 0.09 2.0824368911270437
0.06926843737170293 0.07092198581560283 0.1 2.0841511820816727
0.07616058719934113 0.07092198581560283 0.11 2.0860504274665264
0.08304277543556757 0.07092198581560283 0.12 2.0881360002014193
0.0899140740017002 0.07092198581560283 0.13 2.0904094146634207
0.09677354884055615 0.07092198581560283 0.14 2.0928723297026153
0.10362025936980516 0.07092198581560283 0.15 2.0955265519759885
0.1104532579227139 0.07092198581560283 0.16 2.098374039624576
0.11727158917621608 0.07092198581560283 0.17 2.101416906262505
0.12407428956355791 0.07092198581560283 0.18 2.104657425357341
0.13086038667203342 0.07092198581560283 0.19 2.1080980349499505
0.13762889862342556 0.07092198581560283 0.2 2.1117413427777563
0.14437883343501154 0.07092198581560283 0.21 2.1155901318417105
0.15110918836197806 0.07092198581560283 0.22 2.1196473663671025
0.15781894921747944 0.07092198581560283 0.23 2.1239161982565853
0.16450708966956998 0.07092198581560283 0.24 2.128399974033404
0.17117257051351323 0.07092198581560283 0.25 2.1331022423002843
0.17781433891730297 0.07092198581560283 0.26 2.1380267617572177
0.1844313276383192 0.07092198581560283 0.27 2.1431775098170442
0.19102245420925068 0.07092198581560283 0.28 2.1485586918530037
0.1975866200917212 0.07092198581560283 0.29 2.154174751107909
0.20412270979311342 0.07092198581560283 0.3 2.1600303793610434
0.21062958994716222 0.07092198581560283 0.31 2.166130528334388
0.21710610835227578 0.07092198581560283 0.32 2.1724804219690586
0.22355109296809098 0.07092198581560283 0.33 2.179085569560959
0.22996335086352213 0.07092198581560283 0.34 2.18595177989928
0.2363416671166191 0.07092198581560283 0.35 2.193085176407883
0.24268480365894768 0.07092198581560283 0.36 2.2004922134441376
0.24899149806329787 0.07092198581560283 0.37 2.2081796937915534
0.2552604622713244 0.07092198581560283 0.38 2.2161547874336796
0.26149038125051266 0.07092198581560283 0.39 2.2244250518251065
0.26767991158438087 0.07092198581560283 0.4 2.2329984536209317
0.2738276799833394 0.07092198581560283 0.41 2.2418833921258603
0.2799322817141381 0.07092198581560283 0.42 2.251088724542
0.2859922789403964 0.07092198581560283 0.43 2.2606237931971394
0.2920061989673716 0.07092198581560283 0.44 2.270498454930344
0.2979725323839039 0.07092198581560283 0.45 2.280723112824717
0.3038897310930981 0.07092198581560283 0.46 2.291308750509784
0.3097562062228328 0.07092198581560283 0.47 2.3022669692750295
0.31557032590641965 0.07092198581560283 0.48 2.313610028261998
0.32133041292318293 0.07092198581560283 0.49 2.3253508880272884
0.3270347421862724 0.07092198581560283 0.5 2.337503257823944
0.3326815380658931 0.07092198581560283 0.51 2.350081646957285
0.33826897153335855 0.07092198581560283 0.52 2.363101420637373
0.3437951571101193 0.07092198581560283 0.53 2.37657886079665
0.3492581496066362 0.07092198581560283 0.54 2.3905312323657237
0.3546559406271341 0.07092198581560283 0.55 2.404976855661964
0.3599864548257817 0.07092198581560283 0.56 2.4199351854588182
0.3652475458856227 0.07092198581560283 0.57 2.43542689755343
0.37043699219796494 0.07092198581560283 0.58 2.4514739836227677
0.3755524922098991 0.07092198581560283 0.59 2.4680998553659155
0.380591659410726 0.07092198581560283 0.6 2.4853294589711825
0.3855520169197546 0.07092198581560283 0.61 2.5031894011554794
0.3904309916347286 0.07092198581560283 0.62 2.521708088178869
0.395225907895402 0.07092198581560283 0.63 2.540915879433134
0.39993398061210844 0.07092198581560283 0.64 2.560845257421921
0.4045523078000056 0.07092198581560283 0.65 2.5815310162544036
0.40907786245191446 0.07092198581560283 0.66 2.6030104710934356
0.41350748367788603 0.07092198581560283 0.67 2.6253236913212374
0.417837867024278 0.07092198581560283 0.68 2.648513760691604
0.4220655538732526 0.07092198581560283 0.69 2.6726270682574365
0.4261869198116545 0.07092198581560283 0.7 2.6977136344558437
0.43019816183698445 0.07092198581560283 0.71 2.7238274775325975
0.4340952842518812 0.07092198581560283 0.72 2.7510270263328542
0.43787408306921793 0.07092198581560283 0.73 2.779375586628606
0.4415301287187493 0.07092198581560283 0.74 2.808941869486591
0.4450587468121169 0.07092198581560283 0.75 2.8398005917586184
0.4484549966800411 0.07092198581560283 0.76 2.872033160726421
0.4517136473210161 0.07092198581560283 0.77 2.9057284576142464
0.45482915035930044 0.07092198581560283 0.78 2.940983737361955
0.4577956094748086 0.07092198581560283 0.79 2.977905666466205
0.4606067457046737 0.07092198581560283 0.8 3.016611524881933
0.4632558577870334 0.07092198581560283 0.81 3.0572306052171885
0.4657357765943922 0.07092198581560283 0.82 3.0999058495344034
0.46803881235627903 0.07092198581560283 0.83 3.144795775679345
0.47015669300888246 0.07092198581560283 0.84 3.1920767590794648
0.4720804914830389 0.07092198581560283 0.85 3.241945755167696
0.47380053894536556 0.07092198581560283 0.86 3.2946235746779826
0.4753063198422784 0.07092198581560283 0.87 3.35035886227718
0.47658634291819413 0.07092198581560283 0.88 3.409432983234725
0.47762797963027176 0.07092198581560283 0.89 3.472166105489484
0.4784172569617581 0.07092198581560283 0.9 3.538924891979531
0.4789385844671801 0.07092198581560283 0.91 3.6101324193343243
0.4791743824258743 0.07092198581560283 0.92 3.686281282694628
0.0 0.0851063829787234 0.0 2.091295328419882
0.00691485112361915 0.0851063829787234 0.01 2.0913866506437877
0.013828796290907802 0.0851063829787234 0.02 2.091660682743047
0.02074092905721294 0.0851063829787234 0.03 2.0921176211236214
0.027650342000279063 0.0851063829787234 0.04 2.092757793566416
0.034556126229321395 0.0851063829787234 0.05 2.093581659849979
0.04145737089141204 0.0851063829787234 0.06 2.0945898126526936
0.04835316267434731 0.0851063829787234 0.07 2.095782978711714
0.055242585305144726 0.0851063829787234 0.08 2.0971620202435552
0.062124719042949916 0.0851063829787234 0.09 2.0987279366555938
0.06899864016610219 0.0851063829787234 0.1 2.1004818664997154
0.075863420451498 0.0851063829787234 0.11 2.1024250897481984
0.08271812664591671 0.0851063829787234 0.12 2.104559030346273
0.08956181992825914 0.0851063829787234 0.13 2.106885259062196
0.09639355536082382 0.0851063829787234 0.14 2.1094054966853593
0.10321238133023959 0.0851063829787234 0.15 2.1121216175001947
0.11001733897464629 0.0851063829787234 0.16 2.1150356531595906
0.1168074615980833 0.0851063829787234 0.17 2.1181497968726077
0.12358177406951544 0.0851063829787234 0.18 2.1214664079858165
0.13033929220525192 0.0851063829787234 0.19 2.1249880169687216
0.13707902213481593 0.0851063829787234 0.2 2.128717330776567
0.14379995964646158 0.0851063829787234 0.21 2.132657238695423
0.15050108951304414 0.0851063829787234 0.22 2.1368108186179993
0.1571813847950813 0.0851063829787234 0.23 2.14118134382931
0.1638398061206417 0.0851063829787234 0.24 2.1457722902918523
0.1704753009392126 0.0851063829787234 0.25 2.150587344494891
0.17708680274790808 0.0851063829787234 0.26 2.155630411894174
0.18367323028875673 0.0851063829787234 0.27 2.160905625962598
0.1902334867133395 0.0851063829787234 0.28 2.1664173579339456
0.19676645871454695 0.0851063829787234 0.29 2.172170227235487
0.20327101562096417 0.0851063829787234 0.3 2.1781691127096936
0.2097460084531209 0.0851063829787234 0.31 2.1844191646374136
0.2161902689372089 0.0851063829787234 0.32 2.1909258176595716
0.2226026084741147 0.0851063829787234 0.33 2.19769480464409
0.22898181706114043 0.0851063829787234 0.34 2.20473217156004
0.23532666216104348 0.0851063829787234 0.35 2.2120442934770215
0.2416358875165364 0.0851063829787234 0.36 2.219637891738974
0.24790821190579126 0.0851063829787234 0.37 2.2275200524185856
0.2541423278337058 0.0851063829787234 0.38 2.2356982461743073
0.2603369001552489 0.0851063829787234 0.39 2.244180349606865
0.26649056462504667 0.0851063829787234 0.4 2.2529746682569
0.2726019263694271 0.0851063829787234 0.41 2.2620899613550924
0.27866955827188133 0.0851063829787234 0.42 2.271535468533072
0.28469199926857364 0.0851063829787234 0.43 2.281320938612963
0.29066775254459265 0.0851063829787234 0.44 2.2914566607036173
0.29659528362593607 0.0851063829787234 0.45 2.301953497770384
0.3024730183548314 0.0851063829787234 0.46 2.312822922975733
0.30829934074336496 0.0851063829787234 0.47 2.3240770589833537
0.3140725906937516 0.0851063829787234 0.48 2.3357287205407524
0.31979106157372283 0.0851063829787234 0.49 2.3477914606686667
0.3254529976353872 0.0851063829787234 0.5 2.3602796208079027
0.33105659126727255 0.0851063829787234 0.51 2.3732083852801087
0.3365999800583499 0.0851063829787234 0.52 2.386593840605828
0.3420812436675387 0.0851063829787234 0.53 2.4004530400410355
0.3474984004728576 0.0851063829787234 0.54 2.414804074011576
0.3528494039851867 0.0851063829787234 0.55 2.429666147010204
0.3581321390045774 0.0851063829787234 0.56 2.4450596616727878
0.3633444174963144 0.0851063829787234 0.57 2.4610063108182745
0.3684839741569797 0.0851063829787234 0.58 2.477529178399742
0.37354846164661115 0.0851063829787234 0.59 2.4946528503127903
0.3785354454503638 0.0851063829787234 0.6 2.5124035362729087
0.38344239833147 0.0851063829787234 0.61 2.530809204100165
0.3882666943453938 0.0851063829787234 0.62 2.549899727769349
0.39300560235402493 0.0851063829787234 0.63 2.569707051144096
0.3976562789995052 0.0851063829787234 0.64 2.5902653692100324
0.40221576108017426 0.0851063829787234 0.65 2.6116113290553367
0.4066809572511311 0.0851063829787234 0.66 2.633784253348278
0.4110486389928186 0.0851063829787234 0.67 2.6568263890751855
0.41531543074571103 0.0851063829787234 0.68 2.680783185233068
0.4194777991290992 0.0851063829787234 0.69 2.7057036033169077
0.4235320411212883 0.0851063829787234 0.7 2.731640465453474
0.4274742710801751 0.0851063829787234 0.71 2.758650845592609
0.4313004064558628 0.0851063829787234 0.72 2.786796510219339
0.4350061520244488 0.0851063829787234 0.73 2.8161444161856277
0.438586982435436 0.0851063829787234 0.74 2.846767274759752
0.4420381228515806 0.0851063829787234 0.75 2.878744192416954
0.44535452738972015 0.0851063829787234 0.76 2.912161401333883
0.44853085502989976 0.0851063829787234 0.77 2.9471130949698177
0.45156144260755116 0.0851063829787234 0.78 2.9837023871320545
0.45444027438499995 0.0851063829787234 0.79 3.0220424173749225
0.4571609476150344 0.0851063829787234 0.8 3.062257630326192
0.4597166333708575 0.0851063829787234 0.81 3.104485262960761
0.4621000316736079 0.0851063829787234 0.82 3.1488770829466985
0.4643033197776739 0.0851063829787234 0.83 3.195601431035263
0.4663180920290654 0.0851063829787234 0.84 3.2448456362892824
0.46813528925956954 0.0851063829787234 0.85 3.2968188920795516
0.46974511496083093 0.0851063829787234 0.86 3.3517557079690836
0.4711369343608617 0.0851063829787234 0.87 3.409920091756769
0.47229915095391045 0.0851063829787234 0.88 3.471610670754454
0.47321905244378987 0.0851063829787234 0.89 3.5371670446926475
0.47388261391513486 0.0851063829787234 0.9 3.6069777903765
0.4742742390525263 0.0851063829787234 0.91 3.6814907432762047
0.47437640787395513 0.0851063829787234 0.92 3.761226526610754
0.0 0.09929078014184398 0.0 2.1078111668404595
0.006887704759247153 0.09929078014184398 0.01 2.1079046130799646
0.013774493364621786 0.09929078014184398 0.02 2.1081850196466245
0.020659449162721173 0.09929078014184398 0.03 2.108652590249411
0.027541654500279667 0.09929078014184398 0.04 2.1093076648283917
0.034420190222004196 0.09929078014184398 0.05 2.1101507202339183
0.041294135165503176 0.09929078014184398 0.06 2.1111823711874145
0.04816256565304708 0.09929078014184398 0.07 2.1124033714595543
0.05502455497816236 0.09929078014184398 0.08 2.113814615402534
0.06187917288726747 0.09929078014184398 0.09 2.115417139705383
0.06872548505448119 0.09929078014184398 0.1 2.1172121254780363
0.07556255254924117 0.09929078014184398 0.11 2.1192009006137456
0.08238943129500538 0.09929078014184398 0.12 2.121384942488153
0.08920517151900954 0.09929078014184398 0.13 2.123765880942357
0.09600881719088793 0.09929078014184398 0.14 2.126345501628578
0.10279940544999336 0.09929078014184398 0.15 2.1291257496777747
0.10957596601907738 0.09929078014184398 0.16 2.132108733759442
0.11633752060494115 0.09929078014184398 0.17 2.1352967304699573
0.12308308228265465 0.09929078014184398 0.18 2.1386921891596224
0.12981165486338983 0.09929078014184398 0.19 2.142297737157128
0.1365222322445215 0.09929078014184398 0.2 2.1461161854175637
0.1432137977393066 0.09929078014184398 0.21 2.150150534658737
0.14988532338621188 0.09929078014184398 0.22 2.1544039819572807
0.15653576923487147 0.09929078014184398 0.23 2.158879927879437
0.16316408260752394 0.09929078014184398 0.24 2.1635819841576
0.16976919733475027 0.09929078014184398 0.25 2.1685139819310106
0.17635003296160998 0.09929078014184398 0.26 2.1736799806410887
0.18290549392504038 0.09929078014184398 0.27 2.1790842775445896
0.18943446869695313 0.09929078014184398 0.28 2.1847314179772295
0.19593582889361194 0.09929078014184398 0.29 2.190626206341924
0.20240842834691197 0.09929078014184398 0.3 2.1967737179228286
0.20885110213573635 0.09929078014184398 0.31 2.2031793115628346
0.21526266557443152 0.09929078014184398 0.32 2.2098486432719593
0.2216419131544237 0.09929078014184398 0.33 2.216787680855729
0.22798761743731338 0.09929078014184398 0.34 2.224002719606183
0.23429852789474281 0.09929078014184398 0.35 2.231500399165588
0.240573369690744 0.09929078014184398 0.36 2.239287721663663
0.24681084240406378 0.09929078014184398 0.37 2.2473720711989995
0.25300961868473815 0.09929078014184398 0.38 2.255761234802621
0.2591683428398657 0.09929078014184398 0.39 2.2644634250104905
0.26528562934525013 0.09929078014184398 0.4 2.273487304147666
0.27136006127507983 0.09929078014184398 0.41 2.2828420105143152
0.2773901886432461 0.09929078014184398 0.42 2.2925371866418276
0.28337452665464036 0.09929078014184398 0.43 2.3025830097190063
0.289311553851363 0.09929078014184398 0.44 2.3129902245238507
0.2951997101521309 0.09929078014184398 0.45 2.3237701789807095
0.3010373947744262 0.09929078014184398 0.46 2.334934862624933
0.30682296402945486 0.09929078014184398 0.47 2.346496948260346
0.3125547289807974 0.09929078014184398 0.48 2.358469837099523
0.31823095295382203 0.09929078014184398 0.49 2.370867707755923
0.32384984888725477 0.09929078014184398 0.5 2.383705569414231
0.32940957651019026 0.09929078014184398 0.51 2.3969993196557935
0.33490823932957126 0.09929078014184398 0.52 2.4107658074173743
0.3403438814171598 0.09929078014184398 0.53 2.425022901540857
0.3457144839704947 0.09929078014184398 0.54 2.439789565624461
0.35101796163587545 0.09929078014184398 0.55 2.4550859397361644
0.35625215856598297 0.09929078014184398 0.56 2.4709334298284156
0.3614148441926151 0.09929078014184398 0.57 2.487354805644086
0.3665037086839032 0.09929078014184398 0.58 2.504374308135074
0.37151635806064803 0.09929078014184398 0.59 2.5220177674277746
0.3764503089368788 0.09929078014184398 0.6 2.540312732603778
0.3813029828462914 0.09929078014184398 0.61 2.5592886147281897
0.38607170012155184 0.09929078014184398 0.62 2.5789768446254815
0.39075367326798355 0.09929078014184398 0.63 2.5994110474092316
0.3953459997947623 0.09929078014184398 0.64 2.6206272356716305
0.3998456544360174 0.09929078014184398 0.65 2.642664023877134
0.4042494807030946 0.09929078014184398 0.66 2.6655628666505407
0.408554181687294 0.09929078014184398 0.67 2.689368324256194
0.4127563100424626 0.09929078014184398 0.68 2.71412835880545
0.41685225703963846 0.09929078014184398 0.69 2.7398946656653416
0.4208382405967026 0.09929078014184398 0.7 2.7667230449297646
0.4247102921501652 0.09929078014184398 0.71 2.7946738189223628
0.42846424223683693 0.09929078014184398 0.72 2.8238123024564183
0.4320957046145115 0.09929078014184398 0.73 2.8542093340070696
0.43560005873107466 0.09929078014184398 0.74 2.885941877327883
0.43897243032557565 0.09929078014184398 0.75 2.919093704743107
0.44220766988747234 0.09929078014184398 0.76 2.9537561757643456
0.44530032867596564 0.09929078014184398 0.77 2.9900291270412964
0.4482446319177903 0.09929078014184398 0.78 3.0280218932823653
0.4510344487412785 0.09929078014184398 0.79 3.0678544827166947
0.4536632582932983 0.09929078014184398 0.8 3.1096589360690507
0.45612411137310876 0.09929078014184398 0.81 3.15358090445948
0.4584095867213314 0.09929078014184398 0.82 3.199781490549747
0.4605117409003646 0.09929078014184398 0.83 3.248439408033555
0.46242205036298395 0.09929078014184398 0.84 3.299753529622682
0.4641313438423435 0.09929078014184398 0.85 3.3539459137530954
0.46562972259223095 0.09929078014184398 0.86 3.411265426833091
0.4669064649414132 0.09929078014184398 0.87 3.4719921174990462
0.4679499102344633 0.09929078014184398 0.88 3.536442553201618
0.4687473147618042 0.09929078014184398 0.89 3.6049764132663458
0.46928466846231187 0.09929078014184398 0.9 3.678004758712397
0.46954645467771194 0.09929078014184398 0.91 3.756000601589945
0.0 0.11347517730496454 0.0 2.124732792216574
0.0068602203402281115 0.11347517730496454 0.01 2.1248284387485383
0.013719514133977168 0.11347517730496454 0.02 2.125115448735783
0.020576954323848127 0.11347517730496454 0.03 2.1255940335125105
0.027431612829713663 0.11347517730496454 0.04 2.1262645457603617
0.034282560034961634 0.11347517730496454 0.05 2.1271274802257403
0.041128864270145477 0.11347517730496454 0.06 2.128183474686774
0.0479695912925915 0.11347517730496454 0.07 2.129433311253541
0.05480380376167095 0.11347517730496454 0.08 2.13087791791565
0.06163056070818495 0.11347517730496454 0.09 2.132518370418842
0.06844891699701992 0.11347517730496454 0.1 2.134355894447714
0.07525792278236693 0.11347517730496454 0.11 2.136391868105743
0.08205662295413568 0.11347517730496454 0.12 2.138627824729489
0.08884405657416282 0.11347517730496454 0.13 2.1410654560586835
0.09561925630227544 0.11347517730496454 0.14 2.1437066157123486
0.10238124780958965 0.11347517730496454 0.15 2.14655332306594
0.10912904917848072 0.11347517730496454 0.16 2.149607767503666
0.11586167028894533 0.11347517730496454 0.17 2.152872313028645
0.12257811218766157 0.11347517730496454 0.18 2.1563495033483777
0.12927736644125998 0.11347517730496454 0.19 2.1600420673390075
0.13595841446965565 0.11347517730496454 0.2 2.1639529250173917
0.14262022686027506 0.11347517730496454 0.21 2.16808519395992
0.14926176265966598 0.11347517730496454 0.22 2.1724421962636513
0.15588196864208123 0.11347517730496454 0.23 2.1770274660365607
0.16247977855306453 0.11347517730496454 0.24 2.1818447574598254
0.16905411232424414 0.11347517730496454 0.25 2.186898053509715
0.17560387526248245 0.11347517730496454 0.26 2.1921915752395646
0.18212795720336464 0.11347517730496454 0.27 2.1977297918785896
0.18862523163449535 0.11347517730496454 0.28 2.2035174315879598
0.1950945547811597 0.11347517730496454 0.29 2.209559493060111
0.20153476465392642 0.11347517730496454 0.3 2.2158612579620502
0.2079446800552594 0.11347517730496454 0.31 2.2224283042917894
0.21432309954101714 0.11347517730496454 0.32 2.2292665207421694
0.22066880033524042 0.11347517730496454 0.33 2.236382122112131
0.2269805371935696 0.11347517730496454 0.34 2.2437816658757663
0.23325704121266772 0.11347517730496454 0.35 2.2514720699778183
0.23949701858148637 0.11347517730496454 0.36 2.2594606319610278
0.24569914926737596 0.11347517730496454 0.37 2.267755049586021
0.25186208563951995 0.11347517730496454 0.38 2.2763634429293096
0.2579844510158054 0.11347517730496454 0.39 2.2852943782624955
0.2640648381340334 0.11347517730496454 0.4 2.2945568937379592
0.27010180754084506 0.11347517730496454 0.41 2.30416052706075
0.2760938858891946 0.11347517730496454 0.42 2.314115345374429
0.28203956414076986 0.11347517730496454 0.43 2.3244319774996156
0.28793729566414716 0.11347517730496454 0.44 2.3351216487740185
0.29378549422141503 0.11347517730496454 0.45 2.3461962187203897
0.2995825318352364 0.11347517730496454 0.46 2.3576682217974314
0.3053267365246798 0.11347517730496454 0.47 2.36955091156349
0.3110163899023303 0.11347517730496454 0.48 2.3818583085347353
0.3166497246176437 0.11347517730496454 0.49 2.394605252161316
0.32222492164025823 0.11347517730496454 0.5 2.4078074572344152
0.3277401073609246 0.11347517730496454 0.51 2.4214815753135057
0.33319335050569154 0.11347517730496454 0.52 2.4356452615226125
0.3385826588347747 0.11347517730496454 0.53 2.4503172474687127
0.3439059756237374 0.11347517730496454 0.54 2.4655174206909787
0.34916117588937545 0.11347517730496454 0.55 2.4812669116213764
0.35434606235472316 0.11347517730496454 0.56 2.497588188628554
0.3594583611173667 0.11347517730496454 0.57 2.514505162227809
0.3644957170018943 0.11347517730496454 0.58 2.5320432993809154
0.3694556885640674 0.11347517730496454 0.59 2.5502297490955823
0.37433574271282 0.11347517730496454 0.6 2.569093480664698
0.37913324891769634 0.11347517730496454 0.61 2.5886654359958254
0.3838454729570386 0.11347517730496454 0.62 2.6089786978044542
0.38846957016510986 0.11347517730496454 0.63 2.630068675583138
0.39300257812556266 0.11347517730496454 0.64 2.651973311616823
0.39744140875808515 0.11347517730496454 0.65 2.6747333095697483
0.40178283972744505 0.11347517730496454 0.66 2.6983923886996273
0.40602350511773566 0.11347517730496454 0.67 2.7229975669168467
0.4101598852714495 0.11347517730496454 0.68 2.7485994768975726
0.4141882957237999 0.11347517730496454 0.69 2.7752527195316694
0.4181048751121014 0.11347517730496454 0.7 2.80301626024702
0.4219055719517879 0.11347517730496454 0.71 2.83195387428746
0.42558613014217694 0.11347517730496454 0.72 2.862134648236703
0.42914207304811375 0.11347517730496454 0.73 2.8936335463113196
0.4325686859780543 0.11347517730496454 0.74 2.926532051501859
0.43586099685260915 0.11347517730496454 0.75 2.9609188934698802
0.4390137548267123 0.11347517730496454 0.76 2.996890877317479
0.44202140657424066 0.11347517730496454 0.77 3.0345538302768267
0.44487806990954165 0.11347517730496454 0.78 3.0740236865362682
0.44757750433444526 0.11347517730496454 0.79 3.115427734933802
0.45011307803160605 0.11347517730496454 0.8 3.1589060593427387
0.45247773070619995 0.11347517730496454 0.81 3.204613208431379
0.45466393153420426 0.11347517730496454 0.82 3.2527201400716432
0.4566636312751025 0.11347517730496454 0.83 3.3034164968844255
0.45846820734006677 0.11347517730496454 0.84 3.356913284001008
0.46006840019393475 0.11347517730496454 0.85 3.413446040115586
0.4614542389348884 0.11347517730496454 0.86 3.473278619247395
0.4626149529739203 0.11347517730496454 0.87 3.536707739129749
0.46353886546838374 0.11347517730496454 0.88 3.604068505234165
0.4642132619620476 0.11347517730496454 0.89 3.675741200675368
0.4646242241964082 0.11347517730496454 0.9 3.7521597551391404
0.4647564128615582 0.11347517730496454 0.91 3.833822506579855
0.0 0.1276595744680851 0.0 2.1420744216450482
0.006832392314427383 0.1276595744680851 0.01 2.1421723482765502
0.013663847490392999 0.1276595744680851 0.02 2.142466201225887
0.020493427866818955 0.1276595744680851 0.03 2.1429561998211404
0.027320194736476372 0.1276595744680851 0.04 2.143642710091401
0.03414320782042917 0.1276595744680851 0.05 2.1445262455211904
0.040961524739816686 0.1276595744680851 0.06 2.145607468065022
0.0477742004836194 0.1276595744680851 0.07 2.1468871894992776
0.05458028687163335 0.1276595744680851 0.08 2.1483663730699436
0.06137883201162847 0.1276595744680851 0.09 2.1500461354536893
0.06816887974970107 0.1276595744680851 0.1 2.1519277490386415
0.07494946911262144 0.1276595744680851 0.11 2.1540126445440895
0.08171963374140583 0.1276595744680851 0.12 2.1563024139688602
0.08847840131433905 0.1276595744680851 0.13 2.158798813919386
0.09522479295934663 0.1276595744680851 0.14 2.1615037692703982
0.1019578226534776 0.1276595744680851 0.15 2.164419377233334
0.10867649660899491 0.1276595744680851 0.16 2.167547911808698
0.11537981264409253 0.1276595744680851 0.17 2.1708918286726706
0.12206675953806469 0.1276595744680851 0.18 2.1744537704701004
0.12873631636751343 0.1276595744680851 0.19 2.17823657261514
0.13538745182497516 0.1276595744680851 0.2 2.182243269516035
0.14201912351508972 0.1276595744680851 0.21 2.1864771013726965
0.14863027722964722 0.1276595744680851 0.22 2.19094152147068
0.15521984619773657 0.1276595744680851 0.23 2.1956402040750915
0.16178675031019796 0.1276595744680851 0.24 2.2005770529249533
0.16832989531643 0.1276595744680851 0.25 2.2057562103698625
0.17484817199017771 0.1276595744680851 0.26 2.2111820672265603
0.18134045526451192 0.1276595744680851 0.27 2.2168592733368544
0.18780560333163246 0.1276595744680851 0.28 2.2227927489346793
0.19424245670486345 0.1276595744680851 0.29 2.2289876968772515
0.20064983724294733 0.1276595744680851 0.3 2.23544961573622
0.2070265471296754 0.1276595744680851 0.31 2.2421843139143744
0.21337136780974678 0.1276595744680851 0.32 2.249197924768436
0.21968305887450468 0.1276595744680851 0.33 2.2564969228893283
0.2259603568964413 0.1276595744680851 0.34 2.264088141574783
0.23220197420743313 0.1276595744680851 0.35 2.2719787916198335
0.23840659761577096 0.1276595744680851 0.36 2.280176481547259
0.24457288706037836 0.1276595744680851 0.37 2.2886892393396727
0.25069947419535077 0.1276595744680851 0.38 2.2975255358460767
0.2567849609004645 0.1276595744680851 0.39 2.3066943099891657
0.2628279177110303 0.1276595744680851 0.4 2.3162049959492848
0.2688268821639217 0.1276595744680851 0.41 2.326067552446324
0.2747803570511785 0.1276595744680851 0.42 2.336292494349826
0.2806868085737314 0.1276595744680851 0.43 2.3468909268333955
0.286544664390785 0.1276595744680851 0.44 2.3578745822520326
0.2923523115526414 0.1276595744680851 0.45 2.3692558600676406
0.2981080943115186 0.1276595744680851 0.46 2.381047870047846
0.3038103117996771 0.1276595744680851 0.47 2.393264479071778
0.30945721556247224 0.1276595744680851 0.48 2.405920361922379
0.3150470069380817 0.1276595744680851 0.49 2.419031056403511
0.32057783426890474 0.1276595744680851 0.5 2.432613023256744
0.32604778993117717 0.1276595744680851 0.51 2.446683711358782
0.33145490717040427 0.1276595744680851 0.52 2.4612616287037135
0.336797156721477 0.1276595744680851 0.53 2.4763664198500783
0.3420724431998022 0.1276595744680851 0.54 2.4920189504493075
0.34727860124094045 0.1276595744680851 0.55 2.508241399663788
0.35241339136979843 0.1276595744680851 0.56 2.5250573612970952
0.3574744955697939 0.1276595744680851 0.57 2.5424919546917697
0.3624595125329908 0.1276595744680851 0.58 2.560571946387396
0.3673659525550786 0.1276595744680851 0.59 2.579325883884843
0.3721912320484324 0.1276595744680851 0.6 2.5987842428503933
0.3769326676313231 0.1276595744680851 0.61 2.618979589452692
0.38158746976012997 0.1276595744680851 0.62 2.6399467595690367
0.3861527358561641 0.1276595744680851 0.63 2.6617230570088686
0.3906254428767673 0.1276595744680851 0.64 2.6843484731584106
0.395002439281379 0.1276595744680851 0.65 2.7078659307085666
0.3992804363260459 0.1276595744680851 0.66 2.7323215546861293
0.40345599861781517 0.1276595744680851 0.67 2.7577649744132766
0.4075255338593153 0.1276595744680851 0.68 2.7842496604845657
0.4114852816871754 0.1276595744680851 0.69 2.811833301747081
0.4153313015124836 0.1276595744680851 0.7 2.840578227839757
0.4190594592556022 0.1276595744680851 0.71 2.870551883821165
0.42266541284559106 0.1276595744680851 0.72 2.9018273646216612
0.4261445963470647 0.1276595744680851 0.73 2.9344840182450618
0.42949220254936693 0.1276595744680851 0.74 2.968608128338939
0.4327031638358636 0.1276595744680851 0.75 3.0042936885740983
0.4357721311195917 0.1276595744680851 0.76 3.041643283635184
0.43869345059413795 0.1276595744680851 0.77 3.0807690944925072
0.441461138013172 0.1276595744680851 0.78 3.121794048999343
0.4440688501535388 0.1276595744680851 0.79 3.1648531432242293
0.4465098530499853 0.1276595744680851 0.8 3.21009496426436
0.4487769865133905 0.1276595744680851 0.81 3.2576834518417725
0.45086262430276186 0.1276595744680851 0.82 3.3077999448820425
0.4527586291959066 0.1276595744680851 0.83 3.3606455697883177
0.4544563019570244 0.1276595744680851 0.84 3.416444041822137
0.4559463228886069 0.1276595744680851 0.85 3.4754449699460905
0.45721868418089384 0.1276595744680851 0.86 3.5379277813526087
0.45826261054512873 0.1276595744680851 0.87 3.604206417906275
0.4590664644424727 0.1276595744680851 0.88 3.674635008712603
0.4596176303923828 0.1276595744680851 0.89 3.749614798781003
0.4599023696549563 0.1276595744680851 0.9 3.829602732035237
0.4599056309749419 0.1276595744680851 0.91 3.915122278376324
0.0 0.14184397163120566 0.0 2.1598509283938365
0.006804215007861541 0.14184397163120566 0.01 2.159951218665297
0.013607482081453983 0.14184397163120566 0.02 2.160252165318679
0.020408852751889833 0.14184397163120566 0.03 2.160753996066365
0.02720737748011975 0.14184397163120566 0.04 2.161457090928382
0.034002105119372655 0.14184397163120566 0.05 2.1623619830195118
0.04079208237471655 0.14184397163120566 0.06 2.163469359629943
0.04757635325850755 0.14184397163120566 0.07 2.1647800636452588
0.05435395854104725 0.14184397163120566 0.08 2.166295095266199
0.06112393519531073 0.14184397163120566 0.09 2.168015614061069
0.0678853158341055 0.14184397163120566 0.1 2.169942941394867
0.07463712814005893 0.14184397163120566 0.11 2.1720785631348187
0.08137839428522575 0.14184397163120566 0.12 2.174424132796897
0.08810813034105983 0.14184397163120566 0.13 2.176981475009209
0.0948253456769829 0.14184397163120566 0.14 2.179752589360399
0.10152904234517807 0.14184397163120566 0.15 2.1827396546985947
0.10821821445234558 0.14184397163120566 0.16 2.1859450337965654
0.11489184751572501 0.14184397163120566 0.17 2.1893712784762633
0.12154891780179806 0.14184397163120566 0.18 2.193021135213936
0.12818839164760523 0.14184397163120566 0.19 2.1968975511953004
0.1348092247619482 0.14184397163120566 0.2 2.2010036808980646
0.1414103615049061 0.14184397163120566 0.21 2.205342893224508
0.14799073414457237 0.14184397163120566 0.22 2.2099187791950254
0.15454926208944644 0.14184397163120566 0.23 2.214735160234209
0.16108485109291298 0.14184397163120566 0.24 2.2197960971375728
0.16759639243015176 0.14184397163120566 0.25 2.2251058996889053
0.1740827620434094 0.14184397163120566 0.26 2.230669137032509
0.1805428196550725 0.14184397163120566 0.27 2.236490648802556
0.18697540784413041 0.14184397163120566 0.28 2.242575557117716
0.19337935108532003 0.14184397163120566 0.29 2.2489292794511404
0.199753454747468 0.14184397163120566 0.3 2.2555575424621614
0.20609650404789606 0.14184397163120566 0.31 2.2624663968654644
0.21240726295995102 0.14184397163120566 0.32 2.2696622334107848
0.2186844730711136 0.14184397163120566 0.33 2.2771518000419144
0.2249268523864221 0.14184397163120566 0.34 2.284942220365658
0.23113309407487598 0.14184397163120566 0.35 2.293041013499995
0.23730186515385257 0.14184397163120566 0.36 2.3014561154325355
0.24343180510836387 0.14184397163120566 0.37 2.310195901988231
0.2495215244375063 0.14184397163120566 0.38 2.3192692135986657
0.2555696031267151 0.14184397163120566 0.39 2.3286853819490774
0.2615745890373257 0.14184397163120566 0.4 2.3384542587259483
0.26753499620821675 0.14184397163120566 0.41 2.3485862466309873
0.27344930306512405 0.14184397163120566 0.42 2.3590923328263362
0.27931595052497066 0.14184397163120566 0.43 2.369984125132735
0.2851333399957444 0.14184397163120566 0.44 2.3812738910830933
0.29089983125570484 0.14184397163120566 0.45 2.3929746002436514
0.2966137402085981 0.14184397163120566 0.46 2.405099970007044
0.30227333650074184 0.14184397163120566 0.47 2.417664515267255
0.30787684099406937 0.14184397163120566 0.48 2.430683602272524
0.3134224230772141 0.14184397163120566 0.49 2.4441735071754698
0.31890819781074986 0.14184397163120566 0.5 2.4581514796051533
0.32433222288197455 0.14184397163120566 0.51 2.472635811951647
0.3296924953639431 0.14184397163120566 0.52 2.4876459147891414
0.3349869482558739 0.14184397163120566 0.53 2.5032023991883734
0.34021344679002025 0.14184397163120566 0.54 2.5193271665991563
0.34536978448418904 0.14184397163120566 0.55 2.5360435071393606
0.35045367891667245 0.14184397163120566 0.56 2.553376207235739
0.35546276720352515 0.14184397163120566 0.57 2.5713516676018893
0.36039460114615895 0.14184397163120566 0.58 2.589998032814695
0.36524664202770635 0.14184397163120566 0.59 2.6093453337133448
0.37001625501953056 0.14184397163120566 0.6 2.629425644229287
0.37470070316445586 0.14184397163120566 0.61 2.6502732543360423
0.379297140902304 0.14184397163120566 0.62 2.6719248610084754
0.38380260708775715 0.14184397163120566 0.63 2.694419779518304
0.3882140174592546 0.14184397163120566 0.64 2.7178001775217844
0.3925281565022752 0.14184397163120566 0.65 2.7421113349105526
0.39674166864950006 0.14184397163120566 0.66 2.7674019327579815
0.40085104875595984 0.14184397163120566 0.67 2.7937243751686935
0.4048526317723023 0.14184397163120566 0.68 2.8211351485365816
0.4087425815397441 0.14184397163120566 0.69 2.849695223289705
0.41251687861430497 0.14184397163120566 0.7 2.879470504111606
0.4161713070265667 0.14184397163120566 0.71 2.910532335467472
0.41970143985218344 0.14184397163120566 0.72 2.9429580706761356
0.4231026234883841 0.14184397163120566 0.73 2.9768317136635556
0.4263699604718043 0.14184397163120566 0.74 3.0122446447818816
0.4294982906973379 0.14184397163120566 0.75 3.049296443440471
0.43248217085212415 0.14184397163120566 0.76 3.0880958229924818
0.43531585185435046 0.14184397163120566 0.77 3.1287616961688465
0.4379932540719041 0.14184397163120566 0.78 3.17142439260898
0.44050794003899957 0.14184397163120566 0.79 3.2162270545838396
0.4428530843639337 0.14184397163120566 0.8 3.2633272419641144
0.4450214404347172 0.14184397163120566 0.81 3.3128987844256352
0.44700530348286854 0.14184397163120566 0.82 3.3651339266490132
0.44879646941366896 0.14184397163120566 0.83 3.420245823394315
0.4503861886992225 0.14184397163120566 0.84 3.478471454248077
0.4517651143290814 0.14184397163120566 0.85 3.5400750467605056
0.4529232425416795 0.14184397163120566 0.86 3.6053521194628244
0.45384984437736026 0.14184397163120566 0.87 3.6746342912974597
0.45453338523194226 0.14184397163120566 0.88 3.748295050488966
0.45496142800907385 0.14184397163120566 0.89 3.826756746415513
0.4551205126385356 0.14184397163120566 0.9 3.91049917857419
0.0 0.15602836879432624 0.0 2.178077879303143
0.00677568262163884 0.15602836879432624 0.01 2.178180620695896
0.013550406304822083 0.15602836879432624 0.02 2.1784889236385094
0.02032321156418695 0.15602836879432624 0.03 2.1790030246304983
0.027093137819637382 0.15602836879432624 0.04 2.179723318356981
0.03385922284640361 0.15602836879432624 0.05 2.1806503585218406
0.04062050222210648 0.15602836879432624 0.06 2.181784858986754
0.04737600876980101 0.15602836879432624 0.07 2.18312769524428
0.05412477199575334 0.15602836879432624 0.08 2.1846799062474678
0.06086581752126288 0.15602836879432624 0.09 2.1864426965638155
0.06759816650725367 0.15602836879432624 0.1 2.1884174388907134
0.07432083506989719 0.15602836879432624 0.11 2.190605676976062
0.08103283368784434 0.15602836879432624 0.12 2.193009128840368
0.0877331665978063 0.15602836879432624 0.13 2.1956296904584933
0.09442083117835992 0.15602836879432624 0.14 2.198469439831588
0.10109481732119821 0.15602836879432624 0.15 2.2015306414525804
0.10775410678753894 0.15602836879432624 0.16 2.2048157512365627
0.11439767254806671 0.15602836879432624 0.17 2.208327421937628
0.12102447810702345 0.15602836879432624 0.18 2.212068508991797
0.12763347680611986 0.15602836879432624 0.19 2.2160420769309694
0.13422361110882042 0.15602836879432624 0.2 2.220251406305648
0.14079381186320286 0.15602836879432624 0.21 2.2247000011616516
0.14734299753931068 0.15602836879432624 0.22 2.229391597180129
0.15387007344349418 0.15602836879432624 0.23 2.2343301703750442
0.1603739309025913 0.15602836879432624 0.24 2.239519946556666
0.16685344642098648 0.15602836879432624 0.25 2.244965411446159
0.17330748080394653 0.15602836879432624 0.26 2.250671321622902
0.17973487824870418 0.15602836879432624 0.27 2.256642716248389
0.18613446539746323 0.15602836879432624 0.28 2.262884929717677
0.19250505035266904 0.15602836879432624 0.29 2.269403605222408
0.19884542164967073 0.15602836879432624 0.3 2.2762047093497206
0.20515434718390782 0.15602836879432624 0.31 2.2832945477864266
0.21143057309139202 0.15602836879432624 0.32 2.2906797821666567
0.21767282257719264 0.15602836879432624 0.33 2.298367448199489
0.22387979468784647 0.15602836879432624 0.34 2.306364975182547
0.23005016302598044 0.15602836879432624 0.35 2.314680206963286
0.23618257440049473 0.15602836879432624 0.36 2.323321424520717
0.24227564740987936 0.15602836879432624 0.37 2.3322973702553993
0.24832797095201714 0.15602836879432624 0.38 2.3416172741694514
0.25433810265642726 0.15602836879432624 0.39 2.3512908820719383
0.2603045672320297 0.15602836879432624 0.4 2.361328486009947
0.2662258547265321 0.15602836879432624 0.41 2.371740957078473
0.2721004186870289 0.15602836879432624 0.42 2.382539780893857
0.277926674219223 0.15602836879432624 0.43 2.3937370958847404
0.283702995934816 0.15602836879432624 0.44 2.405345734714286
0.2894277157756732 0.15602836879432624 0.45 2.4173792691741642
0.29509912071558136 0.15602836879432624 0.46 2.429852058704576
0.3007154503157327 0.15602836879432624 0.47 2.4427793031378537
0.3062748941364017 0.15602836879432624 0.48 2.4561770998416343
0.3117755889828485 0.15602836879432624 0.49 2.4700625058788206
0.31721561598071807 0.15602836879432624 0.5 2.4844536055496453
0.3225929974602973 0.15602836879432624 0.51 2.4993695839805397
0.32790569363843663 0.15602836879432624 0.52 2.514830807316475
0.3331515990823823 0.15602836879432624 0.53 2.5308589102020567
0.33832853893353493 0.15602836879432624 0.54 2.547476891392848
0.34343426487429213 0.15602836879432624 0.55 2.564709218328747
0.3484664508161132 0.15602836879432624 0.56 2.5825819416614837
0.3534226882850011 0.15602836879432624 0.57 2.6011228208521446
0.35830048147685023 0.15602836879432624 0.58 2.6203614621200115
0.36309724195765347 0.15602836879432624 0.59 2.640329470114461
0.36781028297394774 0.15602836879432624 0.6 2.661060614972764
0.37243681334233436 0.15602836879432624 0.61 2.6825910165486224
0.37697393087857356 0.15602836879432624 0.62 2.7049593479208167
0.38141861532501464 0.15602836879432624 0.63 2.728207060552424
0.38576772073423315 0.15602836879432624 0.64 2.7523786337617646
0.3900179672545746 0.15602836879432624 0.65 2.777521851666284
0.3941659322668731 0.15602836879432624 0.66 2.8036881110914282
0.39820804081050004 0.15602836879432624 0.67 2.8309327645463522
0.4021405552332268 0.15602836879432624 0.68 2.8593155029521036
0.4059595639915857 0.15602836879432624 0.69 2.88890078354821
0.40966096952463454 0.15602836879432624 0.7 2.9197583092033987
0.4132404751125854 0.15602836879432624 0.71 2.9519635664053614
0.41669357061814355 0.15602836879432624 0.72 2.985598430454937
0.42001551702160916 0.15602836879432624 0.73 3.0207518474628534
0.42320132961108853 0.15602836879432624 0.74 3.057520604967518
0.4262457597255592 0.15602836879432624 0.75 3.096010204286036
0.4291432748911695 0.15602836879432624 0.76 3.1363358507169843
0.4318880372136158 0.15602836879432624 0.77 3.178623580030072
0.4344738798472836 0.15602836879432624 0.78 3.223011543484081
0.4368942813628845 0.15602836879432624 0.79 3.2696514774893197
0.4391423377995833 0.15602836879432624 0.8 3.318710389300998
0.44121073216926726 0.15602836879432624 0.81 3.3703724962234913
0.4430917011317436 0.15602836879432624 0.82 3.4248414637092246
0.44477699850548297 0.15602836879432624 0.83 3.4823429974542774
0.44625785519942485 0.15602836879432624 0.84 3.5431278569109472
0.44752493498814083 0.15602836879432624 0.85 3.607475374170401
0.4485682853343725 0.15602836879432624 0.86 3.6756975834705705
0.4493772820340948 0.15602836879432624 0.87 3.7481440965649035
0.4499405657797337 0.15602836879432624 0.88 3.825207900798916
0.4502459674445974 0.15602836879432624 0.89 3.9073323195812435
0.45028041656905454 0.15602836879432624 0.9 3.9950194724416592
0.0 0.1702127659574468 0.0 2.1967715746583028
0.006746789228898364 0.1702127659574468 0.01 2.196876858824
0.01349260830212362 0.1702127659574468 0.02 2.1971927931672504
0.02023648650456402 0.1702127659574468 0.03 2.1977196233877985
0.02697745200114127 0.1702127659574468 0.04 2.1984577595638313
0.033714531274267365 0.1702127659574468 0.05 2.199407776996467
0.04044674855816324 0.1702127659574468 0.06 2.2005704174131795
0.047173125268941886 0.1702127659574468 0.07 2.2019465905264273
0.05389267942966405 0.1702127659574468 0.08 2.2035373759275005
0.060604425088535974 0.1702127659574468 0.09 2.2053440253944117
0.06730737173035739 0.1702127659574468 0.1 2.207367965509012
0.07400052367874799 0.1702127659574468 0.11 2.209610800714723
0.0806828794889255 0.1702127659574468 0.12 2.2120743167434664
0.08735343132952994 0.1702127659574468 0.13 2.2147604844561295
0.09401116435175542 0.1702127659574468 0.14 2.2176714641347064
0.10065505604595634 0.1702127659574468 0.15 2.220809610168595
0.10728407558169399 0.1702127659574468 0.16 2.2241774762883515
0.11389718313364727 0.1702127659574468 0.17 2.2277778211866357
0.1204933291878292 0.1702127659574468 0.18 2.2316136147402323
0.12707145382965018 0.1702127659574468 0.19 2.2356880447203453
0.13363048601086336 0.1702127659574468 0.2 2.2400045240834343
0.1401693427934176 0.1702127659574468 0.21 2.244566698880496
0.1466869285699289 0.1702127659574468 0.22 2.249378456769737
0.15318213425669613 0.1702127659574468 0.23 2.2544439362460627
0.1596538364595292 0.1702127659574468 0.24 2.2597675365555334
0.16610089660886407 0.1702127659574468 0.25 2.265353928389492
0.17252216006160462 0.1702127659574468 0.26 2.2712080654151183
0.178916455169126 0.1702127659574468 0.27 2.2773351966484383
0.18528259230726973 0.1702127659574468 0.28 2.2837408797792005
0.1916193628662581 0.1702127659574468 0.29 2.290430995496838
0.19792553819702174 0.1702127659574468 0.3 2.2974117629066932
0.20419986851219427 0.1702127659574468 0.31 2.304689756085091
0.2104410817378972 0.1702127659574468 0.32 2.312271921878856
0.21664788231162108 0.1702127659574468 0.33 2.3201655990721823
0.22281894992409912 0.1702127659574468 0.34 2.328378538988857
0.22895293820112905 0.1702127659574468 0.35 2.3369189276497027
0.23504847331920894 0.1702127659574468 0.36 2.3457954096517395
0.2411041525525268 0.1702127659574468 0.37 2.355017113863611
0.2471185427448144 0.1702127659574468 0.38 2.364593681124291
0.25309017870203443 0.1702127659574468 0.39 2.3745352940893567
0.2590175614974612 0.1702127659574468 0.4 2.384852709464214
0.26489915668789427 0.1702127659574468 0.41 2.3955572927376925
0.2707333924276359 0.1702127659574468 0.42 2.4066610557710013
0.2765186574787128 0.1702127659574468 0.43 2.4181766973875574
0.2822532991064183 0.1702127659574468 0.44 2.4301176473025143
0.28793562085278546 0.1702127659574468 0.45 2.4424981136830173
0.2935638801777987 0.1702127659574468 0.46 2.4553331347019838
0.29913628595878344 0.1702127659574468 0.47 2.4686386344615743
0.3046509958387497 0.1702127659574468 0.48 2.4824314836874612
0.3101061134089929 0.1702127659574468 0.49 2.496729565719502
0.31549968521389676 0.1702127659574468 0.5 2.511551848316364
0.32082969756714613 0.1702127659574468 0.51 2.5269184618179383
0.32609407315937566 0.1702127659574468 0.52 2.5428507844080204
0.33129066744539587 0.1702127659574468 0.53 2.5593715351470125
0.3364172647879631 0.1702127659574468 0.54 2.5765048756894395
0.3414715743447915 0.1702127659574468 0.55 2.594276521526134
0.3464512256726282 0.1702127659574468 0.56 2.6127138638824636
0.35135376402538226 0.1702127659574468 0.57 2.631846103456664
0.35617664532657733 0.1702127659574468 0.58 2.6517043972558203
0.3609172307810696 0.1702127659574468 0.59 2.6723220201593287
0.3655727811010091 0.1702127659574468 0.6 2.693734542850315
0.3701404503116688 0.1702127659574468 0.61 2.7159800280871527
0.37461727910206355 0.1702127659574468 0.62 2.7390992475186886
0.37900018768161464 0.1702127659574468 0.63 2.76313592156018
0.3832859680996845 0.1702127659574468 0.64 2.788136985214725
0.3874712759825934 0.1702127659574468 0.65 2.814152883112349
0.3915526216412717 0.1702127659574468 0.66 2.8412378974772268
0.3955263604892663 0.1702127659574468 0.67 2.8694505134188013
0.3993886827181435 0.1702127659574468 0.68 2.8988538264130606
0.40313560216807043 0.1702127659574468 0.69 2.929515997656194
0.4067629443217148 0.1702127659574468 0.7 2.96151076391796
0.41026633334994445 0.1702127659574468 0.71 2.9949180094716272
0.41364117814050494 0.1702127659574468 0.72 3.0298244087707107
0.41688265721595946 0.1702127659574468 0.73 3.066324150252461
0.41998570246839634 0.1702127659574468 0.74 3.1045197529454236
0.42294498161373234 0.1702127659574468 0.75 3.144522989837004
0.42575487928174083 0.1702127659574468 0.76 3.186455934059351
0.4284094766509612 0.1702127659574468 0.77 3.2304521468078446
0.43090252953405106 0.1702127659574468 0.78 3.2766580292736056
0.43322744483781656 0.1702127659574468 0.79 3.325234364583494
0.43537725530941723 0.1702127659574468 0.8 3.376358080753514
0.4373445924991711 0.1702127659574468 0.81 3.4302242712219813
0.4391216578738703 0.1702127659574468 0.82 3.487048516579392
0.44070019201866656 0.1702127659574468 0.83 3.547069559722685
0.4420714418556313 0.1702127659574468 0.84 3.6105523974639944
0.44322612575446835 0.1702127659574468 0.85 3.6777918656303297
0.4441543963338619 0.1702127659574468 0.86 3.7491168123754464
0.4448458004852184 0.1702127659574468 0.87 3.8248949796189877
0.4452892357408784 0.1702127659574468 0.88 3.9055387462871707
0.445472901074082 0.1702127659574468 0.89 3.9915119404313026
0.0 0.18439716312056736 0.0 2.215949090801791
0.006717528771667696 0.18439716312056736 0.01 2.216057013811272
0.01343407595271734 0.18439716312056736 0.02 2.216380867904641
0.02014865938019085 0.18439716312056736 0.03 2.216920908455681
0.02686029574538831 0.18439716312056736 0.04 2.2176775616844204
0.033568000018334584 0.18439716312056736 0.05 2.2186514255558163
0.04027078486905686 0.18439716312056736 0.06 2.2198432710408946
0.046967660084484726 0.18439716312056736 0.07 2.221254043757067
0.053657631980087925 0.18439716312056736 0.08 2.222884865967842
0.06033970280481853 0.18439716312056736 0.09 2.2247370389860253
0.06701287013852751 0.18439716312056736 0.1 2.22681204595589
0.0736761262805533 0.18439716312056736 0.11 2.229111555043066
0.08032845762812843 0.18439716312056736 0.12 2.2316374230522777
0.08696884404334689 0.18439716312056736 0.13 2.2343916994838056
0.09359625820822162 0.18439716312056736 0.14 2.2373766310042855
0.1002096649650184 0.18439716312056736 0.15 2.240594666433665
0.1068080206418168 0.18439716312056736 0.16 2.24404846219353
0.11339027236084304 0.18439716312056736 0.17 2.247740888292301
0.1199553573294882 0.18439716312056736 0.18 2.251675034811565
0.12650220211004953 0.18439716312056736 0.19 2.2558542190211672
0.13302972186987963 0.18439716312056736 0.2 2.2602819930211964
0.13953681960630865 0.18439716312056736 0.21 2.2649621520954133
0.14602238534799483 0.18439716312056736 0.22 2.269898743682882
0.15248529532871313 0.18439716312056736 0.23 2.2750960770867903
0.15892441113201888 0.18439716312056736 0.24 2.2805587339463735
0.1653385788053902 0.18439716312056736 0.25 2.2862915795002703
0.17172662793971002 0.18439716312056736 0.26 2.2922997747501817
0.1780873707144087 0.18439716312056736 0.27 2.2985887895055503
0.1844196009023254 0.18439716312056736 0.28 2.3051644164687923
0.19072209283510025 0.18439716312056736 0.29 2.312032786335809
0.1969936003230216 0.18439716312056736 0.3 2.319200384074256
0.20323285552825104 0.18439716312056736 0.31 2.3266740664114622
0.2094385677876862 0.18439716312056736 0.32 2.3344610806386865
0.21560942237984024 0.18439716312056736 0.33 2.3425690848805565
0.22174407923694134 0.18439716312056736 0.34 2.3510061698297275
0.22784117159073333 0.18439716312056736 0.35 2.359780882237239
0.23389930455557356 0.18439716312056736 0.36 2.3689022501188353
0.23991705363742846 0.18439716312056736 0.37 2.378379809973189
0.2458929631681908 0.18439716312056736 0.38 2.3882236360813023
0.2518255446565813 0.18439716312056736 0.39 2.3984443721371407
0.25771327505335045 0.18439716312056736 0.4 2.4090532653393124
0.26355459492052513 0.18439716312056736 0.41 2.4200622032430914
0.2693479065006086 0.18439716312056736 0.42 2.4314837535641347
0.2750915716773414 0.18439716312056736 0.43 2.44333120722563
0.28078390981973267 0.18439716312056736 0.44 2.4556186249548717
0.2864231955025828 0.18439716312056736 0.45 2.468360887730237
0.29200765609067747 0.18439716312056736 0.46 2.481573751510611
0.2975354691817155 0.18439716312056736 0.47 2.4952739065685594
0.3030047598897557 0.18439716312056736 0.48 2.5094790420103887
0.3084135979674049 0.18439716312056736 0.49 2.5242079158219184
0.313759994742768 0.18439716312056736 0.5 2.539480431197101
0.3190418998660832 0.18439716312056736 0.51 2.5553177196358727
0.324257197847969 0.18439716312056736 0.52 2.5717422315732326
0.3294037043708107 0.18439716312056736 0.53 2.5887778353682322
0.33447916235974123 0.18439716312056736 0.54 2.606449925477398
0.33948123779040335 0.18439716312056736 0.55 2.624785540871557
0.34440751521587887 0.18439716312056736 0.56 2.6438134947711447
0.3492554929881672 0.18439716312056736 0.57 2.663564517000387
0.35402257815133814 0.18439716312056736 0.58 2.6840714103659153
0.35870608097636814 0.18439716312056736 0.59 2.70536922272877
0.3633032091165166 0.18439716312056736 0.6 2.7274954364833186
0.3678110613455936 0.18439716312056736 0.61 2.750490177616701
0.3722266208469357 0.18439716312056736 0.62 2.7743964466800506
0.3765467480217325 0.18439716312056736 0.63 2.7992603742748083
0.3807681727734175 0.18439716312056736 0.64 2.825131504166697
0.3848874862302605 0.18439716312056736 0.65 2.8520631074446947
0.3889011318591818 0.18439716312056736 0.66 2.8801125317310823
0.39280539592976715 0.18439716312056736 0.67 2.9093415898913575
0.39659639727175505 0.18439716312056736 0.68 2.9398169935497913
0.40027007628623784 0.18439716312056736 0.69 2.971610837199341
0.4038221831431374 0.18439716312056736 0.7 3.004801139970401
0.407248265127818 0.18439716312056736 0.71 3.039472452695518
0.41054365306957064 0.18439716312056736 0.72 3.0757165395615362
0.41370344680834464 0.18439716312056736 0.73 3.1136331447195955
0.41672249964999214 0.18439716312056736 0.74 3.1533308560078064
0.4195954017665756 0.18439716312056736 0.75 3.194928079858495
0.42231646251075905 0.18439716312056736 0.76 3.238554143663908
0.42487969163279804 0.18439716312056736 0.77 3.2843505444184986
0.42727877939056563 0.18439716312056736 0.78 3.332472365809545
0.42950707560194173 0.18439716312056736 0.79 3.3830898890540464
0.4315575676945112 0.18439716312056736 0.8 3.436390427488264
0.4334228578773143 0.18439716312056736 0.81 3.492580419557844
0.4350951395992448 0.18439716312056736 0.82 3.551887821059464
0.43656617355128763 0.18439716312056736 0.83 3.6145648441727825
0.4378272635247173 0.18439716312056736 0.84 3.680891099691853
0.43886923249613896 0.18439716312056736 0.85 3.751177209649184
0.43968239939063625 0.18439716312056736 0.86 3.825768970370056
0.4402565568925257 0.18439716312056736 0.87 3.905052164675358
0.4405809504170134 0.18439716312056736 0.88 3.9894581480092377
0.4406442578338573 0.18439716312056736 0.89 4.079470370284065
0.0 0.19858156028368795 0.0 2.235628325612591
0.006687895057794008 0.19858156028368795 0.01 2.235738988207122
0.01337479686744203 0.19858156028368795 0.02 2.236071064437127
0.020059711595270986 0.19858156028368795 0.03 2.2366248198260332
0.026741644235463623 0.19858156028368795 0.04 2.237400697541281
0.03341959802121148 0.19858156028368795 0.05 2.238399319344373
0.04009257383265014 0.19858156028368795 0.06 2.239621486910656
0.04675956960029692 0.19858156028368795 0.07 2.2410681835534656
0.05341957970298496 0.19858156028368795 0.08 2.242740576335393
0.06007159435899016 0.19858156028368795 0.09 2.244640018593338
0.06671459900955573 0.19858156028368795 0.1 2.2467680528554896
0.07334757369290981 0.19858156028368795 0.11 2.249126414219634
0.07996949240829275 0.19858156028368795 0.12 2.2517170341444084
0.08657932246821635 0.19858156028368795 0.13 2.2545420447104094
0.09317602383793658 0.19858156028368795 0.14 2.257603783348162
0.0997585484603991 0.19858156028368795 0.15 2.2609047980736596
0.1063258395656069 0.19858156028368795 0.16 2.2644478532328938
0.1128768309628014 0.19858156028368795 0.17 2.268235935788904
0.11941044631400718 0.19858156028368795 0.18 2.2722722621753495
0.1259255983867113 0.19858156028368795 0.19 2.2765602857704295
0.13242118828526336 0.19858156028368795 0.2 2.2811037049739618
0.13889610465756697 0.19858156028368795 0.21 2.2859064719885196
0.14534922287690996 0.19858156028368795 0.22 2.2909728022808333
0.15177940419548117 0.19858156028368795 0.23 2.296307184821324
0.15818549486784825 0.19858156028368795 0.24 2.301914393133671
0.16456632524345932 0.19858156028368795 0.25 2.3077994971705476
0.17092070882373403 0.19858156028368795 0.26 2.313967876138147
0.17724744128278225 0.19858156028368795 0.27 2.3204252322856074
0.1835452994488896 0.19858156028368795 0.28 2.327177605738088
0.18981304024247217 0.19858156028368795 0.29 2.3342313904877194
0.19604939957042913 0.19858156028368795 0.3 2.341593351549865
0.2022530911706617 0.19858156028368795 0.31 2.349270643455732
0.20842280540522107 0.19858156028368795 0.32 2.35727083013296
0.21455720799760147 0.19858156028368795 0.33 2.3656019063055402
0.22065493871063843 0.19858156028368795 0.34 2.374272320525223
0.22671460996083523 0.19858156028368795 0.35 2.3832909999676746
0.23273480536476254 0.19858156028368795 0.36 2.392667377137291
0.23871407821118515 0.19858156028368795 0.37 2.4024114186729695
0.24465094985665123 0.19858156028368795 0.38 2.4125336563707176
0.25054390803630777 0.19858156028368795 0.39 2.4230452206748705
0.2563914050858708 0.19858156028368795 0.4 2.4339578768138534
0.26219185606657697 0.19858156028368795 0.41 2.445284063852643
0.2679436367875762 0.19858156028368795 0.42 2.457036936896762
0.2736450817179257 0.19858156028368795 0.43 2.469230412746126
0.2792944817801345 0.19858156028368795 0.44 2.4818792193204384
0.284890082016555 0.19858156028368795 0.45 2.494998949213122
0.2904300791189296 0.19858156028368795 0.46 2.5086061177749697
0.2959126188120388 0.19858156028368795 0.47 2.5227182261485006
0.3013357930785145 0.19858156028368795 0.48 2.5373538297771456
0.306697637217524 0.19858156028368795 0.49 2.552532612857029
0.3119961267177049 0.19858156028368795 0.5 2.5682754694563052
0.3172291739375663 0.19858156028368795 0.51 2.584604591861459
0.32239462457582513 0.19858156028368795 0.52 2.601543566955814
0.3274902539073858 0.19858156028368795 0.53 2.619117481610914
0.33251376279582007 0.19858156028368795 0.54 2.6373530375875758
0.3374627734180429 0.19858156028368795 0.55 2.6562786777513216
0.3423348247262275 0.19858156028368795 0.56 2.675924724073379
0.3471273675969722 0.19858156028368795 0.57 2.696323529224281
0.3518377596589804 0.19858156028368795 0.58 2.717509643050424
0.3564632597641036 0.19858156028368795 0.59 2.739519995811205
0.3610010220850447 0.19858156028368795 0.6 2.7623940999615484
0.365448089802978 0.19858156028368795 0.61 2.7861742728044123
0.3698013883624048 0.19858156028368795 0.62 2.8109058823848394
0.37405771825323486 0.19858156028368795 0.63 2.8366376195718
0.3782137472933585 0.19858156028368795 0.64 2.8634217994301
0.3822660023748266 0.19858156028368795 0.65 2.8913146955599247
0.38621086063503673 0.19858156028368795 0.66 2.9203769115972156
0.39004454001628286 0.19858156028368795 0.67 2.9506737946121375
0.39376308917950414 0.19858156028368795 0.68 2.9822758957778066
0.3973623767342205 0.19858156028368795 0.69 3.015259484527686
0.4008380797429134 0.19858156028368795 0.7 3.049707123401921
0.40418567148314294 0.19858156028368795 0.71 3.0857083114908987
0.4074004084260754 0.19858156028368795 0.72 3.1233602060354495
0.4104773164257487 0.19858156028368795 0.73 3.162768432706173
0.413411176108419 0.19858156028368795 0.74 3.2040479969290128
0.4161965074748396 0.19858156028368795 0.75 3.2473243103491702
0.41882755375704656 0.19858156028368795 0.76 3.2927343485338625
0.4212982645896564 0.19858156028368795 0.77 3.3404279586124366
0.4236022786147324 0.19858156028368795 0.78 3.3905693380203354
0.42573290567991445 0.19858156028368795 0.79 3.4433387088450385
0.4276831088770846 0.19858156028368795 0.8 3.498934215531489
0.42944548673787175 0.19858156028368795 0.81 3.557574078019106
0.4310122560482249 0.19858156028368795 0.82 3.6194990363193966
0.43237523584797866 0.19858156028368795 0.83 3.684975128116841
0.4335258333667829 0.19858156028368795 0.84 3.754296846286321
0.4344550328454494 0.19858156028368795 0.85 3.827790729452632
0.4351533882993586 0.19858156028368795 0.86 3.905819447808934
0.4356110215096259 0.19858156028368795 0.87 3.988786454949891
0.43581762646765715 0.19858156028368795 0.88 4.077141291940579
0.0 0.2127659574468085 0.0 2.255828047149432
0.006657881757787676 0.2127659574468085 0.01 2.255941555016716
0.013314758382407385 0.2127659574468085 0.02 2.256282170626042
0.0199696241416847 0.2127659574468085 0.03 2.256850170152412
0.026621472104211924 0.2127659574468085 0.04 2.2576460145725306
0.03326929353696079 0.2127659574468085 0.05 2.258670350639089
0.039912077299610334 0.2127659574468085 0.06 2.259924012267076
0.046548809233956545 0.2127659574468085 0.07 2.2614080223763855
0.053178471548071725 0.2127659574468085 0.08 2.263123595086325
0.059800042193232594 0.2127659574468085 0.09 2.265072138381669
0.06641249423302736 0.2127659574468085 0.1 2.2672552571871076
0.07301479520285621 0.2127659574468085 0.11 2.2696747569149056
0.07960590645895158 0.2127659574468085 0.12 2.2723326474642955
0.08618478251551356 0.2127659574468085 0.13 2.2752311477013016
0.0927503703683903 0.2127659574468085 0.14 2.2783726904491624
0.0993016088043806 0.2127659574468085 0.15 2.2817599279841287
0.10583742769394944 0.2127659574468085 0.16 2.2853957381000396
0.11235674726680234 0.2127659574468085 0.17 2.289283230719776
0.11885847736758297 0.2127659574468085 0.18 2.2934257551369415
0.1253415166912531 0.2127659574468085 0.19 2.2978269078654785
0.1318047519952176 0.2127659574468085 0.2 2.302490541183554
0.13824705728787343 0.2127659574468085 0.21 2.3074207723529696
0.1446672929891384 0.2127659574468085 0.22 2.3126219936478067
0.15106430506476942 0.2127659574468085 0.23 2.318098883105557
0.15743692412800434 0.2127659574468085 0.24 2.3238564162009885
0.16378396450920793 0.2127659574468085 0.25 2.3298998783970983
0.1701042232905408 0.2127659574468085 0.26 2.3362348786588845
0.176396479302553 0.2127659574468085 0.27 2.342867364014253
0.1826594920797279 0.2127659574468085 0.28 2.349803635241311
0.18889200077374751 0.2127659574468085 0.29 2.35705036371952
0.19509272301885983 0.2127659574468085 0.3 2.364614609602148
0.20126035374916004 0.2127659574468085 0.31 2.3725038413278847
0.20739356396106198 0.2127659574468085 0.32 2.380725956661217
0.21349099941970262 0.2127659574468085 0.33 2.3892893053168223
0.2195512793043701 0.2127659574468085 0.34 2.398202713321452
0.2255729947885147 0.2127659574468085 0.35 2.407475509258763
0.23155470755030863 0.2127659574468085 0.36 2.4171175525412774
0.23749494820793057 0.2127659574468085 0.37 2.42713926390122
0.2433922146754976 0.2127659574468085 0.38 2.4375516582639154
0.24924497043401897 0.2127659574468085 0.39 2.4483663802136513
0.25505164270903585 0.2127659574468085 0.4 2.4595957423272177
0.26081062055287607 0.2127659574468085 0.41 2.471252766540468
0.2665202528189737 0.2127659574468085 0.42 2.483351228938369
0.2721788460261395 0.2127659574468085 0.43 2.4959057081730234
0.2777846621012117 0.2127659574468085 0.44 2.508931637921494
0.28333591599233326 0.2127659574468085 0.45 2.5224453637451214
0.2888307731445454 0.2127659574468085 0.46 2.5364642047542914
0.29426734682568884 0.2127659574468085 0.47 2.5510065205831345
0.2996436952939043 0.2127659574468085 0.48 2.566091784157992
0.304957818794703 0.2127659574468085 0.49 2.581740660848794
0.3102076563718411 0.2127659574468085 0.5 2.5979750947060496
0.315391082485214 0.2127659574468085 0.51 2.6148184023922902
0.3205059034136217 0.2127659574468085 0.52 2.6322953757469816
0.3255498534342833 0.2127659574468085 0.53 2.6504323937639986
0.3305205907556251 0.2127659574468085 0.54 2.669257545108472
0.33541569319165754 0.2127659574468085 0.55 2.688800762207295
0.34023265355404253 0.2127659574468085 0.56 2.70909396826878
0.3449688747444749 0.2127659574468085 0.57 2.730171238617826
0.34962166452486254 0.2127659574468085 0.58 2.7520689779768532
0.35418822994356725 0.2127659574468085 0.59 2.7748261154951956
0.35866567139027045 0.2127659574468085 0.6 2.7984843196338494
0.36305097625760907 0.2127659574468085 0.61 2.8230882351728455
0.36734101218386406 0.2127659574468085 0.62 2.8486857449589866
0.3715325198432238 0.2127659574468085 0.63 2.8753282594670626
0.37562210526635065 0.2127659574468085 0.64 2.9030710373856774
0.37960623164977386 0.2127659574468085 0.65 2.931973541268921
0.3834812106402713 0.2127659574468085 0.66 2.9620998323956136
0.38724319306097543 0.2127659574468085 0.67 2.9935190098962705
0.39088815905359026 0.2127659574468085 0.68 3.026305699809361
0.39441190762286993 0.2127659574468085 0.69 3.0605406003881406
0.39781004556599336 0.2127659574468085 0.7 3.0963110910162306
0.4010779757841684 0.2127659574468085 0.71 3.13371191301065
0.40421088498034574 0.2127659574468085 0.72 3.1728459318307864
0.40720373076771993 0.2127659574468085 0.73 3.213824991455026
0.41005122823807183 0.2127659574468085 0.74 3.256770873132484
0.41274783605988397 0.2127659574468085 0.75 3.3018163725181773
0.4152877422251474 0.2127659574468085 0.76 3.349106510902618
0.41766484960951433 0.2127659574468085 0.77 3.398799898386656
0.41987276157971304 0.2127659574468085 0.78 3.451070269054078
0.4219047679694031 0.2127659574468085 0.79 3.506108210583303
0.4237538318441964 0.2127659574468085 0.8 3.564123113447501
0.42541257763717966 0.2127659574468085 0.81 3.6253453670915556
0.42687328138149105 0.2127659574468085 0.82 3.690028833487919
0.42812786401241576 0.2127659574468085 0.83 3.7584536302793894
0.42916788891067725 0.2127659574468085 0.84 3.830929258672663
0.42998456522239775 0.2127659574468085 0.85 3.9077981115442664
0.43056875873144107 0.2127659574468085 0.86 3.989439399497548
0.43091101240667834 0.2127659574468085 0.87 4.076273532548654
0.43100157887408225 0.2127659574468085 0.88 4.168766998140981
0.0 0.22695035460992907 0.0 2.2765679456329844
0.006627482401723645 0.22695035460992907 0.01 2.276684409713531
0.013253947552767428 0.22695035460992907 0.02 2.277033897687616
0.019878377589602914 0.22695035460992907 0.03 2.277616696937782
0.026499753421820135 0.22695035460992907 0.04 2.2784332871397828
0.03311705411581668 0.22695035460992907 0.05 2.2794843413011603
0.0397292562749486 0.22695035460992907 0.06 2.280770727239432
0.046335333415021884 0.22695035460992907 0.07 2.282293509485443
0.052934255334220456 0.22695035460992907 0.08 2.284053951599558
0.05952498747525891 0.22695035460992907 0.09 2.2860535190068334
0.06610649027993908 0.22695035460992907 0.1 2.2882938822155467
0.07267771853378632 0.22695035460992907 0.11 2.2907769205475383
0.079237620699597 0.22695035460992907 0.12 2.293504726366224
0.08578513823935753 0.22695035460992907 0.13 2.296479609772863
0.09231920492171866 0.22695035460992907 0.14 2.299704103881715
0.09883874611496483 0.22695035460992907 0.15 2.3031809706092603
0.10534267806294119 0.22695035460992907 0.16 2.3069132070641567
0.1118299071437909 0.22695035460992907 0.17 2.3109040524980244
0.1182993291073773 0.22695035460992907 0.18 2.3151569959623663
0.12474982829237241 0.22695035460992907 0.19 2.3196757845814298
0.13118027682026603 0.22695035460992907 0.2 2.324464432531257
0.13758953376291783 0.22695035460992907 0.21 2.329527230818098
0.14397644428450465 0.22695035460992907 0.22 2.334868757795644
0.15033983875316664 0.22695035460992907 0.23 2.3404938905691544
0.15667853182215197 0.22695035460992907 0.24 2.3464078172707445
0.16299132147609502 0.22695035460992907 0.25 2.3526160503330416
0.16927698804244337 0.22695035460992907 0.26 2.3591244407494103
0.17553429316322394 0.22695035460992907 0.27 2.3659391934623266
0.18176197872572158 0.22695035460992907 0.28 2.373066883917972
0.18795876574768172 0.22695035460992907 0.29 2.3805144759135266
0.1941233532171233 0.22695035460992907 0.3 2.388289340748033
0.20025441687838005 0.22695035460992907 0.31 2.3963992779134142
0.206350607965997 0.22695035460992907 0.32 2.4048525373055143
0.21241055187895294 0.22695035460992907 0.33 2.4136578431766793
0.2184328467926715 0.22695035460992907 0.34 2.4228244199281135
0.22441606220540974 0.22695035460992907 0.35 2.432362019874446
0.23035873741261345 0.22695035460992907 0.36 2.4422809531885084
0.2362593799041171 0.22695035460992907 0.37 2.4525921202102436
0.24211646368181966 0.22695035460992907 0.38 2.463307046259164
0.24792842748840352 0.22695035460992907 0.39 2.474437919253585
0.2536936729443638 0.22695035460992907 0.4 2.485997630311066
0.2594105625826544 0.22695035460992907 0.41 2.497999817685182
0.2650774177801007 0.22695035460992907 0.42 2.510458914215183
0.27069251657147925 0.22695035460992907 0.43 2.5233901987505285
0.2762540913422991 0.22695035460992907 0.44 2.536809851834897
0.2817603263906643 0.22695035460992907 0.45 2.550735016075982
0.28720935534945896 0.22695035460992907 0.46 2.565183861642698
0.29259925845723617 0.22695035460992907 0.47 2.580175657420957
0.2979280596680851 0.22695035460992907 0.48 2.59573084836658
0.3031937235907664 0.22695035460992907 0.49 2.6118711396456065
0.30839415224231975 0.22695035460992907 0.5 2.62861958829864
0.31352718160505016 0.22695035460992907 0.51 2.646000703165019
0.31859057796568524 0.22695035460992907 0.52 2.664040554049857
0.3235820340450897 0.22695035460992907 0.53 2.6827668907042463
0.32849916486386654 0.22695035460992907 0.54 2.7022092733521585
0.3333395033640395 0.22695035460992907 0.55 2.7223992153467234
0.33810049574854506 0.22695035460992907 0.56 2.743370339657957
0.3427794965278206 0.22695035460992907 0.57 2.765158550580755
0.3473737632480695 0.22695035460992907 0.58 2.787802222470437
0.35188045088648723 0.22695035460992907 0.59 2.811342407340328
0.35629660588787637 0.22695035460992907 0.6 2.8358230635665027
0.3606191598264474 0.22695035460992907 0.61 2.8612913080643696
0.36484492266384505 0.22695035460992907 0.62 2.8877976948195414
0.3689705755864071 0.22695035460992907 0.63 2.91539652282717
0.37299266340398984 0.22695035460992907 0.64 2.9441461769279322
0.3769075864804796 0.22695035460992907 0.65 2.9741095057109357
0.38071159219230993 0.22695035460992907 0.66 3.0053542408079745
0.3844007658922148 0.22695035460992907 0.67 3.037953462866127
0.3879710213765105 0.22695035460992907 0.68 3.071986119920257
0.39141809085113705 0.22695035460992907 0.69 3.1075376048272587
0.39473751441689214 0.22695035460992907 0.7 3.1447003990608393
0.39792462908619763 0.22695035460992907 0.71 3.183574791495283
0.4009745573905418 0.22695035460992907 0.72 3.2242696814568843
0.40388219563765027 0.22695035460992907 0.73 3.266903476932161
0.40664220193016776 0.22695035460992907 0.74 3.3116050998382187
0.40924898408841376 0.22695035460992907 0.75 3.358515111899405
0.41169668768639545 0.22695035460992907 0.76 3.4077869760393003
0.41397918447745113 0.22695035460992907 0.77 3.459588469873409
0.4160900615720119 0.22695035460992907 0.78 3.5141032695994143
0.4180226118780183 0.22695035460992907 0.79 3.571532723597309
0.4197698264123384 0.22695035460992907 0.8 3.6320978372076547
0.42132438934935007 0.22695035460992907 0.81 3.696041489854383
0.4226786768282211 0.22695035460992907 0.82 3.763630907178789
0.4238247608997634 0.22695035460992907 0.83 3.8351604087159714
0.4247544202649962 0.22695035460992907 0.84 3.9109544504724387
0.4254591598931039 0.22695035460992907 0.85 3.9913709766515013
0.42593024203134516 0.22695035460992907 0.86 4.076805087924267
0.426158731474688 0.22695035460992907 0.87 4.167693025265383
0.0 0.24113475177304963 0.0 2.2978686890967017
0.006596690376172857 0.24113475177304963 0.01 2.2979882258879814
0.013192351146563759 0.24113475177304963 0.02 2.2983469359112108
0.019785952078392212 0.24113475177304963 0.03 2.2989451183260234
0.026376461683668622 0.24113475177304963 0.04 2.2997832724704548
0.03296284658861031 0.24113475177304963 0.05 2.300862098961186
0.03954407089951938 0.24113475177304963 0.06 2.3021825012389816
0.046119095563855475 0.24113475177304963 0.07 2.3037455875735073
0.05268687772520944 0.24113475177304963 0.08 2.305552673536789
0.05924637007113101 0.24113475177304963 0.09 2.307605284934989
0.06579652017227251 0.24113475177304963 0.1 2.3099051612392194
0.07233626981193053 0.24113475177304963 0.11 2.312454259496324
0.07886455430399578 0.24113475177304963 0.12 2.3152547587857124
0.08538030179866872 0.24113475177304963 0.13 2.3183090651854754
0.09188243257395125 0.24113475177304963 0.14 2.321619817310673
0.09836985831208031 0.24113475177304963 0.15 2.3251898924106493
0.1048414813579378 0.24113475177304963 0.16 2.329022413125375
0.1112961939600312 0.24113475177304963 0.17 2.333120754818746
0.11773287749045401 0.24113475177304963 0.18 2.3374885536214873
0.12415040164296146 0.24113475177304963 0.19 2.3421297151736633
0.13054762360728223 0.24113475177304963 0.2 2.347048424111992
0.1369233872173955 0.24113475177304963 0.21 2.352249154359747
0.14327652207205516 0.24113475177304963 0.22 2.357736680255355
0.14960584262584598 0.24113475177304963 0.23 2.3635160885612345
0.1559101472473243 0.24113475177304963 0.24 2.3695927914522543
0.16218821724310842 0.24113475177304963 0.25 2.375972540505399
0.16843881584440043 0.24113475177304963 0.26 2.3826614417939456
0.17466068715462504 0.24113475177304963 0.27 2.3896659721229967
0.18085255505328904 0.24113475177304963 0.28 2.396992996551496
0.18701312205576331 0.24113475177304963 0.29 2.404649787216427
0.19314106812295773 0.24113475177304963 0.3 2.4126440436402556
0.19923504941926765 0.24113475177304963 0.31 2.4209839145824565
0.20529369701559025 0.24113475177304963 0.32 2.4296780215500022
0.2113156155319214 0.24113475177304963 0.33 2.4387354841420925
0.2172993817158589 0.24113475177304963 0.34 2.448165947362775
0.223243542954177 0.24113475177304963 0.35 2.457979611027768
0.2291466157109996 0.24113475177304963 0.36 2.4681872614861096
0.23500708388816022 0.24113475177304963 0.37 2.478800305837307
0.24082339710213244 0.24113475177304963 0.38 2.4898308088648218
0.24659396887354784 0.24113475177304963 0.39 2.5012915328872256
0.2523171747204223 0.24113475177304963 0.4 2.5131959808477027
0.2579913501492858 0.24113475177304963 0.41 2.5255584429127538
0.26361478854056436 0.24113475177304963 0.42 2.5383940468338366
0.26918573891512804 0.24113475177304963 0.43 2.551718812537522
0.2747024035781151 0.24113475177304963 0.44 2.5655497112520185
0.2801629356310789 0.24113475177304963 0.45 2.5799047296135447
0.28556543634019654 0.24113475177304963 0.46 2.594802939291399
0.2909079523554963 0.24113475177304963 0.47 2.610264572577037
0.2961884727671179 0.24113475177304963 0.48 2.6263111045981447
0.30140492598775465 0.24113475177304963 0.49 2.6429653428120323
0.3065551764524251 0.24113475177304963 0.5 2.6602515244618123
0.3116370211188782 0.24113475177304963 0.51 2.678195422890136
0.31664818575876075 0.24113475177304963 0.52 2.6968244635658465
0.3215863210224065 0.24113475177304963 0.53 2.716167850901294
0.3264489982667795 0.24113475177304963 0.54 2.7362567069316057
0.3312337051263192 0.24113475177304963 0.55 2.757124223220042
0.33593784081228545 0.24113475177304963 0.56 2.778805827396155
0.34055871112515546 0.24113475177304963 0.57 2.801339365918646
0.3450935231630023 0.24113475177304963 0.58 2.824765304873626
0.3495393797041556 0.24113475177304963 0.59 2.84912695091464
0.3538932732525614 0.24113475177304963 0.6 2.874470694538652
0.3581520797238994 0.24113475177304963 0.61 2.900846278356993
0.36231255175986576 0.24113475177304963 0.62 2.928307093206373
0.36637131165413367 0.24113475177304963 0.63 2.9569105054018308
0.37032484387700354 0.24113475177304963 0.64 2.9867182188303367
0.3741694871904873 0.24113475177304963 0.65 3.0177966760326953
0.3779014263523991 0.24113475177304963 0.66 3.05021750291899
0.3815166834051823 0.24113475177304963 0.67 3.0840580025112234
0.3850111085715882 0.24113475177304963 0.68 3.119401703493137
0.3883803707691768 0.24113475177304963 0.69 3.156338970448512
0.39161994779487036 0.24113475177304963 0.7 3.1949676831158307
0.39472511623370654 0.24113475177304963 0.71 3.2353939931824254
0.3976909411849558 0.24113475177304963 0.72 3.277733167934046
0.4005122659255797 0.24113475177304963 0.73 3.3221105312677692
0.40318370168896356 0.24113475177304963 0.74 3.368662513478254
0.4056996177828031 0.24113475177304963 0.75 3.4175378225582342
0.40805413235089877 0.24113475177304963 0.76 3.4688987507521722
0.410241104193672 0.24113475177304963 0.77 3.522922630836049
0.4122541261495965 0.24113475177304963 0.78 3.579803457916741
0.4140865207355219 0.24113475177304963 0.79 3.639753692171805
0.415731338901937 0.24113475177304963 0.8 3.703006258221378
0.4171813630170171 0.24113475177304963 0.81 3.7698167552134065
0.41842911546958567 0.24113475177304963 0.82 3.8404658892758317
0.41946687464620724 0.24113475177304963 0.83 3.9152621350512398
0.4202867004468485 0.24113475177304963 0.84 3.994544625665296
0.42088047195642564 0.24113475177304963 0.85 4.078686259779204
0.4212399404219972 0.24113475177304963 0.86 4.168096998361617
0.4213568008971189 0.24113475177304963 0.87 4.2632273086890216
0.0 0.2553191489361702 0.0 2.3197519829360838
0.006565498921157079 0.2553191489361702 0.01 2.3198747148361796
0.01312995563866909 0.2553191489361702 0.02 2.3202430143045696
0.019692327307419703 0.2553191489361702 0.03 2.320857192885514
0.026251569798083293 0.2553191489361702 0.04 2.321717770598593
0.032806637051990654 0.2553191489361702 0.05 2.322825477092981
0.039356480432347886 0.2553191489361702 0.06 2.324181253277305
0.04590004807043867 0.2553191489361702 0.07 2.3257862534404703
0.05243628420570886 0.2553191489361702 0.08 2.32764184784711
0.0589641285185217 0.2553191489361702 0.09 2.3297496258227706
0.0654825154537257 0.2553191489361702 0.1 2.3321113993869176
0.07199037353454953 0.2553191489361702 0.11 2.334729207370891
0.078486624665051 0.2553191489361702 0.12 2.337605320086418
0.08497018341884933 0.2553191489361702 0.13 2.340742244608798
0.09143995631473623 0.2553191489361702 0.14 2.3441427305679006
0.09789484107518646 0.2553191489361702 0.15 2.3478097766274337
0.1043337258682073 0.2553191489361702 0.16 2.351746637558741
0.11075548852974514 0.2553191489361702 0.17 2.3559568320089164
0.11715899576535685 0.2553191489361702 0.18 2.3604441509743794
0.12354310232896197 0.2553191489361702 0.19 2.3652126670357405
0.1299066501776129 0.2553191489361702 0.2 2.3702667443634238
0.1362484675998177 0.2553191489361702 0.21 2.3756110495655753
0.14256736831430794 0.2553191489361702 0.22 2.3812505634641123
0.14886215054001195 0.2553191489361702 0.23 2.3871905937514715
0.1551315960307933 0.2553191489361702 0.24 2.3934367887368357
0.16137446907665648 0.2553191489361702 0.25 2.399995152107535
0.1675895154661942 0.2553191489361702 0.26 2.4068720588731063
0.17377546140784364 0.2553191489361702 0.27 2.4140742725599242
0.17993101240913015 0.2553191489361702 0.28 2.4216089636883456
0.1860548521067897 0.2553191489361702 0.29 2.4294837297466327
0.1921456410500205 0.2553191489361702 0.3 2.4377066166162704
0.19820201542861293 0.2553191489361702 0.31 2.446286141702249
0.20422258574314486 0.2553191489361702 0.32 2.4552313188682877
0.2102059354176964 0.2553191489361702 0.33 2.4645516852141687
0.21615061934383548 0.2553191489361702 0.34 2.4742573300288844
0.2220551623575622 0.2553191489361702 0.35 2.4843589259400334
0.22791805764117537 0.2553191489361702 0.36 2.494867762531155
0.2337377650456849 0.2553191489361702 0.37 2.5057957826181374
0.2395127093298636 0.2553191489361702 0.38 2.5171556213830915
0.24524127830714107 0.2553191489361702 0.39 2.528960648685822
0.25092182089759846 0.2553191489361702 0.4 2.541225014758689
0.25655264507690534 0.2553191489361702 0.41 2.5539636996301067
0.2621320157135847 0.2553191489361702 0.42 2.5671925666494126
0.2676581522920866 0.2553191489361702 0.43 2.5809284203916585
0.27312922650735244 0.2553191489361702 0.44 2.5951890694882525
0.27854335972785665 0.2553191489361702 0.45 2.6099933947377774
0.28389862031480567 0.2553191489361702 0.46 2.6253614230763063
0.28919302079031894 0.2553191489361702 0.47 2.641314407931669
0.29442451484240884 0.2553191489361702 0.48 2.657874916633957
0.29959099415767715 0.2553191489361702 0.49 2.6750669255559947
0.3046902850679934 0.2553191489361702 0.5 2.6929159238116718
0.30972014500468925 0.2553191489361702 0.51 2.711449026288546
0.3146782587403675 0.2553191489361702 0.52 2.730695097122481
0.3195622344105323 0.2553191489361702 0.53 2.7506848846080247
0.3243695993014744 0.2553191489361702 0.54 2.7714511687630967
0.32909779538565115 0.2553191489361702 0.55 2.793028922991221
0.33374417459764294 0.2553191489361702 0.56 2.8154554912378478
0.3383059938285884 0.2553191489361702 0.57 2.8387707824795596
0.3427804096330411 0.2553191489361702 0.58 2.8630174843190628
0.34716447262437383 0.2553191489361702 0.59 2.888241298000657
0.35145512155647274 0.2553191489361702 0.6 2.9144911970725076
0.355649177072061 0.2553191489361702 0.61 2.9418197125334
0.35974333511202333 0.2553191489361702 0.62 2.9702832474325964
0.36373415997707215 0.2553191489361702 0.63 2.99994242436518
0.3676180770407871 0.2553191489361702 0.64 3.0308624696645343
0.3713913651173493 0.2553191489361702 0.65 3.06311363858367
0.37505014849206647 0.2553191489361702 0.66 3.0967716863236303
0.37859038864044225 0.2553191489361702 0.67 3.131918390218121
0.3820078756640889 0.2553191489361702 0.68 3.1686421291935294
0.3852982195009709 0.2553191489361702 0.69 3.2070385271175352
0.38845684097640826 0.2553191489361702 0.7 3.2472111676163973
0.3914789628071339 0.2553191489361702 0.71 3.2892723884487145
0.3943596006858971 0.2553191489361702 0.72 3.333344164705544
0.39709355464591806 0.2553191489361702 0.73 3.379559090521294
0.39967540093547227 0.2553191489361702 0.74 3.428061470255922
0.40209948474566876 0.2553191489361702 0.75 3.4790085301808564
0.4043599141910743 0.2553191489361702 0.76 3.532571762869454
0.4064505560925008 0.2553191489361702 0.77 3.5889384161870614
0.40836503425230963 0.2553191489361702 0.78 3.6483131386192627
0.4100967311013744 0.2553191489361702 0.79 3.7109197915720453
0.4116387938288717 0.2553191489361702 0.8 3.777003437066499
0.412984146392588 0.2553191489361702 0.81 3.8468325053877646
0.41412550915295904 0.2553191489361702 0.82 3.9207011411407895
0.4150554282838904 0.2553191489361702 0.83 3.9989317169891443
0.4157663175653226 0.2553191489361702 0.84 4.0818774915254235
0.4162505157247641 0.2553191489361702 0.85 4.169925368565806
0.4165003630097309 0.2553191489361702 0.86 4.263498690841955
0.41650830078346535 0.2553191489361702 0.87 4.363059976979304
0.0 0.2695035460992908 0.0 2.342240633702244
0.006533901127194607 0.2695035460992908 0.01 2.3423666893684354
0.013066747204884453 0.2695035460992908 0.02 2.3427449644735634
0.019597482527235224 0.2695035460992908 0.03 2.343375783603716
0.026125050074630875 0.2695035460992908 0.04 2.3442596885226346
0.03264839085349914 0.2695035460992908 0.05 2.3453974394337322
0.039166443232621966 0.2695035460992908 0.06 2.3467900166706634
0.04567814227407048 0.2695035460992908 0.07 2.3484386229519325
0.05218241905821277 0.2695035460992908 0.08 2.3503446860899646
0.05867820000075251 0.2695035460992908 0.09 2.352509862270304
0.06516440616068239 0.2695035460992908 0.1 2.3549360398674115
0.07163995253831006 0.2695035460992908 0.11 2.357625343780307
0.07810374736111274 0.2695035460992908 0.12 2.36058014037803
0.08455469135613473 0.2695035460992908 0.13 2.3638030430485752
0.09099167700827168 0.2695035460992908 0.14 2.367296918328468
0.09741358780197784 0.2695035460992908 0.15 2.37106489270306
0.10381929744445215 0.2695035460992908 0.16 2.3751103601136743
0.11020766907047866 0.2695035460992908 0.17 2.3794369901146077
0.1165775544244982 0.2695035460992908 0.18 2.38404873685058
0.12292779302057827 0.2695035460992908 0.19 2.388949848774613
0.12925721127667295 0.2695035460992908 0.2 2.3941448792322393
0.1355646216222561 0.2695035460992908 0.21 2.3996386979148885
0.14184882157611836 0.2695035460992908 0.22 2.4054365032809035
0.14810859279325148 0.2695035460992908 0.23 2.4115438359609795
0.15434270007774126 0.2695035460992908 0.24 2.417966593243355
0.1605498903593318 0.2695035460992908 0.25 2.4247110447056173
0.1667288916313686 0.2695035460992908 0.26 2.431783849063445
0.17287841184692165 0.2695035460992908 0.27 2.43919207233816
0.17899713777018458 0.2695035460992908 0.28 2.44694320743722
0.18508373378050622 0.2695035460992908 0.29 2.455045195240017
0.19113684062568093 0.2695035460992908 0.3 2.463506447308472
0.19715507411987215 0.2695035460992908 0.31 2.472335870378359
0.20313702378499227 0.2695035460992908 0.32 2.4815428927039576
0.20908125142794604 0.2695035460992908 0.33 2.4911374925029013
0.21498628965342476 0.2695035460992908 0.34 2.5011302285695374
0.2208506403048073 0.2695035460992908 0.35 2.5115322733163463
0.22667277283035753 0.2695035460992908 0.36 2.522355448398231
0.23245112256788295 0.2695035460992908 0.37 2.53361226318409
0.238184088944759 0.2695035460992908 0.38 2.5453159562689733
0.24387003358502096 0.2695035460992908 0.39 2.5574805403551797
0.24950727831937325 0.2695035460992908 0.4 2.570120850756763
0.2550941030910761 0.2695035460992908 0.41 2.5832525978699947
0.2606287437508033 0.2695035460992908 0.42 2.5968924239741025
0.26610938973185333 0.2695035460992908 0.43 2.6110579647901715
0.27153418160120896 0.2695035460992908 0.44 2.6257679161779066
0.27690120847448646 0.2695035460992908 0.45 2.6410421065388663
0.2822085052880575 0.2695035460992908 0.46 2.6569015754322693
0.2874540499205371 0.2695035460992908 0.47 2.6733686589853014
0.29263576014888415 0.2695035460992908 0.48 2.6904670828679844
0.29775149043696303 0.2695035460992908 0.49 2.708222063431264
0.30279902853652374 0.2695035460992908 0.5 2.726660418018326
0.3077760918979822 0.2695035460992908 0.51 2.7458106852208104
0.31268032387428835 0.2695035460992908 0.52 2.7657032562127393
0.3175092897090898 0.2695035460992908 0.53 2.786370518262683
0.3222604722936112 0.2695035460992908 0.54 2.8078470117772576
0.32693126768489394 0.2695035460992908 0.55 2.830169602232613
0.3315189803705458 0.2695035460992908 0.56 2.8533776686559724
0.3360208182682741 0.2695035460992908 0.57 2.8775133104598654
0.3404338874522772 0.2695035460992908 0.58 2.902621574593304
0.3447551865933068 0.2695035460992908 0.59 2.928750705324995
0.3489816011064247 0.2695035460992908 0.6 2.955952419147845
0.35310989700385237 0.2695035460992908 0.61 2.984282207580923
0.3571367144442325 0.2695035460992908 0.62 3.0137996711417747
0.36105856098981165 0.2695035460992908 0.63 3.044568887871971
0.3648718045730584 0.2695035460992908 0.64 3.076658820487483
0.3685726661954492 0.2695035460992908 0.65 3.1101437664613236
0.372157212384633 0.2695035460992908 0.66 3.145103855968005
0.375621347450574 0.2695035460992908 0.67 3.1816256031534795
0.378960805604125 0.2695035460992908 0.68 3.2198025166930897
0.3821711430160215 0.2695035460992908 0.69 3.259735776357837
0.38524772993428286 0.2695035460992908 0.7 3.301534982764581
0.3881857430040223 0.2695035460992908 0.71 3.3453189883134606
0.39098015798897673 0.2695035460992908 0.72 3.3912168177859745
0.39362574314841925 0.2695035460992908 0.73 3.4393686876979483
0.3961170536060205 0.2695035460992908 0.74 3.489927133751932
0.3984484271263355 0.2695035460992908 0.75 3.543058256138607
0.4006139818533772 0.2695035460992908 0.76 3.5989430918329366
0.4026076166855418 0.2695035460992908 0.77 3.6577791226890675
0.4044230151803773 0.2695035460992908 0.78 3.7197819258144946
0.4060536540546592 0.2695035460992908 0.79 3.7851869707644026
0.40749281766989853 0.2695035460992908 0.8 3.8542515626144387
0.40873362018710535 0.2695035460992908 0.81 3.927256923714489
0.4097690374562824 0.2695035460992908 0.82 4.004510397078452
0.4105919512022119 0.2695035460992908 0.83 4.086347739343273
0.4111952084901206 0.2695035460992908 0.84 4.173135453306183
0.4115717000709756 0.2695035460992908 0.85 4.265273082343536
0.41171446134584 0.2695035460992908 0.86 4.363195362818699
0.0 0.2836879432624113 0.0 2.3653586174535364
0.006501889932429837 0.2836879432624113 0.01 2.365488132196672
0.013002711716147542 0.2836879432624113 0.02 2.365876789107432
0.01950139653101445 0.2836879432624113 0.03 2.366524926474093
0.025996874212737157 0.2836879432624113 0.04 2.3674331089737937
0.03248807257750637 0.2836879432624113 0.05 2.368602128970264
0.03897391674297659 0.2836879432624113 0.06 2.3700330083031313
0.045453328443702715 0.2836879432624113 0.07 2.371727000668741
0.0519252253405526 0.2836879432624113 0.08 2.373685594473071
0.058388520321845376 0.2836879432624113 0.09 2.3759105162963703
0.06484212079525187 0.2836879432624113 0.1 2.3784037349141274
0.0712849279695707 0.2836879432624113 0.11 2.3811674658651425
0.07771583612370393 0.2836879432624113 0.12 2.384204176685012
0.08413373186244937 0.2836879432624113 0.13 2.387516592734239
0.0905374933573328 0.2836879432624113 0.14 2.391107703676988
0.09692598957002459 0.2836879432624113 0.15 2.3949807706847244
0.10329807945827325 0.2836879432624113 0.16 2.399139334306914
0.10965261116084564 0.2836879432624113 0.17 2.4035872231438047
0.11598842116151545 0.2836879432624113 0.18 2.408328563267346
0.12230433342866363 0.2836879432624113 0.19 2.413367788512576
0.12859915852896567 0.2836879432624113 0.2 2.4187096516613336
0.13487169271420302 0.2836879432624113 0.21 2.424359236531386
0.1411207169772561 0.2836879432624113 0.22 2.4303219711021873
0.14734499607647616 0.2836879432624113 0.23 2.4366036416832495
0.15354327752502836 0.2836879432624113 0.24 2.443210408234722
0.15971429054362085 0.2836879432624113 0.25 2.4501488208853512
0.16585674497314934 0.2836879432624113 0.26 2.457425837761351
0.17196933014495164 0.2836879432624113 0.27 2.46504884420263
0.1780507137054749 0.2836879432624113 0.28 2.473025673476465
0.1840995403920283 0.2836879432624113 0.29 2.481364629105514
0.19011443075723794 0.2836879432624113 0.3 2.490074508907264
0.1960939798370349 0.2836879432624113 0.31 2.499164630925566
0.20203675576022856 0.2836879432624113 0.32 2.508644861353079
0.20794129829452498 0.2836879432624113 0.33 2.5185256446397983
0.2138061173241034 0.2836879432624113 0.34 2.5288180359806374
0.21962969125693135 0.2836879432624113 0.35 2.539533736313375
0.22541046535483544 0.2836879432624113 0.36 2.550685130099928
0.2311468499805236 0.2836879432624113 0.37 2.56228532614305
0.23683721875923108 0.2836879432624113 0.38 2.574348201630284
0.24247990664624122 0.2836879432624113 0.39 2.5868884497645865
0.24807320789669418 0.2836879432624113 0.4 2.599921631244639
0.2536153739292645 0.2836879432624113 0.41 2.6134642299909965
0.25910461107741706 0.2836879432624113 0.42 2.627533713494071
0.26453907822425077 0.2836879432624113 0.43 2.6421485981490402
0.26991688430570493 0.2836879432624113 0.44 2.6573285202092505
0.2752360856841512 0.2836879432624113 0.45 2.673094312680019
0.28049468337646855 0.2836879432624113 0.46 2.689468088890052
0.28569062012984814 0.2836879432624113 0.47 2.7064733333439963
0.29082177733847436 0.2836879432624113 0.48 2.724135000530264
0.2958859717881253 0.2836879432624113 0.49 2.742479622548275
0.30088095222255684 0.2836879432624113 0.5 2.761535426371704
0.30580439571788715 0.2836879432624113 0.51 2.781332461804434
0.31065390385764324 0.2836879432624113 0.52 2.801902741173276
0.3154269986972949 0.2836879432624113 0.53 2.823280391998759
0.320121118509027 0.2836879432624113 0.54 2.8455018239923198
0.3247336132937223 0.2836879432624113 0.55 2.8686059119589244
0.32926174005787134 0.2836879432624113 0.56 2.8926341961793742
0.3337026578387263 0.2836879432624113 0.57 2.9176311023178636
0.3380534224799689 0.2836879432624113 0.58 2.9436441828088693
0.3423109811464982 0.2836879432624113 0.59 2.970724382201166
0.34647216658050284 0.2836879432624113 0.6 2.9989263290193366
0.35053369109916566 0.2836879432624113 0.61 3.028308657104563
0.3544921403461351 0.2836879432624113 0.62 3.0589343596134144
0.3583439668014953 0.2836879432624113 0.63 3.0908711794629022
0.36208548308416205 0.2836879432624113 0.64 3.1241920400547607
0.36571285507080326 0.2836879432624113 0.65 3.1589755209080495
0.3692220948880512 0.2836879432624113 0.66 3.1953063829758235
0.3726090538352311 0.2836879432624113 0.67 3.2332761492184154
0.3758694153380142 0.2836879432624113 0.68 3.272983746166313
0.3789986880395357 0.2836879432624113 0.69 3.3145362131144354
0.381992199196313 0.2836879432624113 0.7 3.3580494856641008
0.3848450885727204 0.2836879432624113 0.71 3.4036492611084754
0.38755230309803035 0.2836879432624113 0.72 3.451471953277108
0.3901085926215046 0.2836879432624113 0.73 3.501665744629119
0.39250850718364066 0.2836879432624113 0.74 3.55439174340591
0.3947463963498661 0.2836879432624113 0.75 3.6098252528411354
0.39681641127451495 0.2836879432624113 0.76 3.6681571585996866
0.39871251035578137 0.2836879432624113 0.77 3.7295954382208305
0.4004284695303178 0.2836879432624113 0.78 3.7943667935035
0.4019578985281946 0.2836879432624113 0.79 3.8627184015347376
0.4032942647117462 0.2836879432624113 0.8 3.9349197728830356
0.4044309264638894 0.2836879432624113 0.81 4.0112646955447735
0.40536117853719583 0.2836879432624113 0.82 4.092073228354891
0.4060783122036035 0.2836879432624113 0.83 4.177693688801291
0.4065756935676747 0.2836879432624113 0.84 4.268504553735438
0.40684686347869037 0.2836879432624113 0.85 4.364916166680114
0.406885666096284 0.2836879432624113 0.86 4.46737203410717
0.0 0.2978723404255319 0.0 2.38913115306553
0.006469458119879334 0.2978723404255319 0.01 2.389264269265088
0.012937834733174818 0.2978723404255319 0.02 2.389663735341575
0.01940404764633526 0.2978723404255319 0.03 2.3903299040472303
0.025867013290722888 0.2978723404255319 0.04 2.3912633641690215
0.03232564603157724 0.2978723404255319 0.05 2.3924649419422526
0.03877885747327265 0.2978723404255319 0.06 2.3939357029326698
0.045225555759210855 0.2978723404255319 0.07 2.3956769545128505
0.05166464486483675 0.2978723404255319 0.08 2.397690248928474
0.058095023882818606 0.2978723404255319 0.09 2.3999773869186547
0.06451558629879237 0.2978723404255319 0.1 2.402540421941757
0.07092521925586452 0.2978723404255319 0.11 2.4053816650468507
0.07732280280712935 0.2978723404255319 0.12 2.4085036903513224
0.08370720915390159 0.2978723404255319 0.13 2.4119093412121826
0.09007730186871378 0.2978723404255319 0.14 2.415601737071521
0.0964319351011641 0.2978723404255319 0.15 2.4195842810302253
0.10276995276429116 0.2978723404255319 0.16 2.4238606682128863
0.109090187701726 0.2978723404255319 0.17 2.428434894860445
0.11539146083092529 0.2978723404255319 0.18 2.433311268340293
0.12167258026312847 0.2978723404255319 0.19 2.438494417991529
0.1279323403964612 0.2978723404255319 0.2 2.4439893069352747
0.1341695209809045 0.2978723404255319 0.21 2.4498012448696063
0.1403828861522968 0.2978723404255319 0.22 2.455935901937945
0.14657118343400913 0.2978723404255319 0.23 2.462399323704268
0.15273314270236293 0.2978723404255319 0.24 2.4691979473653958
0.15886747511529958 0.2978723404255319 0.25 2.4763386192106855
0.16497287199933847 0.2978723404255319 0.26 2.483828613498221
0.17104800369334072 0.2978723404255319 0.27 2.4916756527987363
0.17709151834711886 0.2978723404255319 0.28 2.4998879298895487
0.1831020406677628 0.2978723404255319 0.29 2.508474131434503
0.1890781706153931 0.2978723404255319 0.3 2.5174434634304617
0.1950184820417181 0.2978723404255319 0.31 2.52680567865804
0.20092152126697407 0.2978723404255319 0.32 2.5365711063072087
0.2067858055938738 0.2978723404255319 0.33 2.5467506838811436
0.2126098217531662 0.2978723404255319 0.34 2.557355991603539
0.21839202427457538 0.2978723404255319 0.35 2.5683992895804995
0.22413083378186158 0.2978723404255319 0.36 2.57989355786134
0.22982463520339885 0.2978723404255319 0.37 2.591852539739776
0.23547177589521154 0.2978723404255319 0.38 2.604290788519197
0.24107056367126536 0.2978723404255319 0.39 2.6172237180430087
0.24661926473211365 0.2978723404255319 0.4 2.6306676573954535
0.2521161014890097 0.2978723404255319 0.41 2.6446399100714317
0.25755925027518833 0.2978723404255319 0.42 2.6591588180680397
0.26294683893649945 0.2978723404255319 0.43 2.674243831372296
0.26827694429846083 0.2978723404255319 0.44 2.689915583261514
0.27354758949373786 0.2978723404255319 0.45 2.706195972148648
0.2787567411537738 0.2978723404255319 0.46 2.723108250355524
0.28390230644332304 0.2978723404255319 0.47 2.7406771207648637
0.28898212994270767 0.2978723404255319 0.48 2.758928841849185
0.29399399035730894 0.2978723404255319 0.49 2.7778913421572256
0.29893559705327555 0.2978723404255319 0.5 2.797594345045408
0.3038045864094251 0.2978723404255319 0.51 2.8180695047259965
0.30859851797245924 0.2978723404255319 0.52 2.839350554872675
0.31331487041309003 0.2978723404255319 0.53 2.861473470963954
0.3179510372723824 0.2978723404255319 0.54 2.8844766478576815
0.3225043224898317 0.2978723404255319 0.55 2.9084010942239424
0.32697193571146344 0.2978723404255319 0.56 2.9332906455438903
0.3313509873714612 0.2978723404255319 0.57 2.959192197702414
0.3356384835453739 0.2978723404255319 0.58 2.9861559633841077
0.3398313205781549 0.2978723404255319 0.59 3.014235753691982
0.3439262794952843 0.2978723404255319 0.6 3.0434892876654738
0.34792002019674334 0.2978723404255319 0.61 3.073978532917749
0.35180907547114076 0.2978723404255319 0.62 3.1057700803946746
0.3555898448356452 0.2978723404255319 0.63 3.138935557328772
0.3592585882597589 0.2978723404255319 0.64 3.1735520821112053
0.36281141981094234 0.2978723404255319 0.65 3.2097027658119606
0.36624430130067026 0.2978723404255319 0.66 3.247477265095572
0.36955303602544576 0.2978723404255319 0.67 3.286972391819724
0.3727332627216192 0.2978723404255319 0.68 3.328292785086992
0.3757804498966359 0.2978723404255319 0.69 3.371551651750568
0.378689890745177 0.2978723404255319 0.7 3.4168715816525754
0.38145669889840883 0.2978723404255319 0.71 3.46438544433705
0.3840758053574111 0.2978723404255319 0.72 3.5142373733598804
0.3865419570120357 0.2978723404255319 0.73 3.566583844645643
0.3888497172827433 0.2978723404255319 0.74 3.6215948540552594
0.3909934695406728 0.2978723404255319 0.75 3.679455198196713
0.3929674241260168 0.2978723404255319 0.76 3.7403658601912837
0.39476562997997583 0.2978723404255319 0.77 3.80454549866157
0.39638199215409164 0.2978723404255319 0.78 3.8722320328625024
0.3978102967140855 0.2978723404255319 0.79 3.9436843100906724
0.3990442449200816 0.2978723404255319 0.8 4.019183830597961
0.40007749890602284 0.2978723404255319 0.81 4.099036491911003
0.400903741543623 0.2978723404255319 0.82 4.183574294737615
0.4015167535696372 0.2978723404255319 0.83 4.273156928783336
0.40191051106253833 0.2978723404255319 0.84 4.368173134137262
0.4020793104470845 0.2978723404255319 0.85 4.469041612655916
0.0 0.3120567375886525 0.0 2.413584780828304
0.006436598314898828 0.3120567375886525 0.01 2.413721648369124
0.01287210150118953 0.3120567375886525 0.02 2.4141323735445552
0.01930541372751637 0.3120567375886525 0.03 2.4148173243142783
0.025735437755667744 0.3120567375886525 0.04 2.415777114898955
0.03216107423383454 0.3120567375886525 0.05 2.417012607207389
0.038581220985649554 0.3120567375886525 0.06 2.4185249128756396
0.04499477229388354 0.3120567375886525 0.07 2.4203153958712615
0.05140061817752587 0.3120567375886525 0.08 2.422385675686103
0.057797643659982634 0.3120567375886525 0.09 2.4247376312145175
0.06418472802818898 0.3120567375886525 0.1 2.4273734051929403
0.07056074408027484 0.3120567375886525 0.11 2.43029540932757
0.07692455736061174 0.3120567375886525 0.12 2.4335063300917184
0.08327502538037822 0.3120567375886525 0.13 2.437009135240627
0.08961099682237061 0.3120567375886525 0.14 2.440807081048019
0.0959313107285073 0.3120567375886525 0.15 2.4449037202968933
0.10223479566769722 0.3120567375886525 0.16 2.449302911095337
0.10852026888249247 0.3120567375886525 0.17 2.4540088265400533
0.11478653541362972 0.3120567375886525 0.18 2.459025965230219
0.12103238719873818 0.3120567375886525 0.19 2.4643591627679933
0.12725660214438572 0.3120567375886525 0.2 2.4700136042386616
0.13345794316935558 0.3120567375886525 0.21 2.475994837735622
0.13963515721668834 0.3120567375886525 0.22 2.482308789008886
0.14578697423125198 0.3120567375886525 0.23 2.488961777341043
0.15191210610213463 0.3120567375886525 0.24 2.4959605326655043
0.1580092455657325 0.3120567375886525 0.25 2.5033122140733215
0.16407706506808145 0.3120567375886525 0.26 2.511024429761005
0.1701142155815278 0.3120567375886525 0.27 2.5191052585908977
0.17611932537561245 0.3120567375886525 0.28 2.527563273287795
0.1820909987363896 0.3120567375886525 0.29 2.536407565481962
0.1880278146319211 0.3120567375886525 0.3 2.5456477727017273
0.19392832532047635 0.3120567375886525 0.31 2.555294107467644
0.1997910548970591 0.3120567375886525 0.32 2.5653573886736507
0.2056144977748136 0.3120567375886525 0.33 2.575849075425061
0.21139711709648384 0.3120567375886525 0.34 2.586781303552745
0.21713734307299698 0.3120567375886525 0.35 2.5981669249889325
0.22283357124133596 0.3120567375886525 0.36 2.610019550328135
0.22848416064036858 0.3120567375886525 0.37 2.622353594753191
0.2340874318974319 0.3120567375886525 0.38 2.6351843276745077
0.2396416652193512 0.3120567375886525 0.39 2.648527926427399
0.24514509828476216 0.3120567375886525 0.4 2.6624015343284784
0.25059592402880904 0.3120567375886525 0.41 2.6768233235556185
0.25599228831586585 0.3120567375886525 0.42 2.691812563246683
0.26133228749281767 0.3120567375886525 0.43 2.707389693323021
0.26661396581579655 0.3120567375886525 0.44 2.7235764045800277
0.27183531274371 0.3120567375886525 0.45 2.740395725630197
0.2769942600916985 0.3120567375886525 0.46 2.7578721173487653
0.28208867903547213 0.3120567375886525 0.47 2.776031575583746
0.2871163769605526 0.3120567375886525 0.48 2.794901742906489
0.29207509414818134 0.3120567375886525 0.49 2.8145120303135625
0.29696250029036186 0.3120567375886525 0.5 2.8348937498761204
0.3017761908271624 0.3120567375886525 0.51 2.8560802594346257
0.3065136830984604 0.3120567375886525 0.52 2.8781071205849704
0.31117241230738496 0.3120567375886525 0.53 2.9010122712545092
0.31574972728502537 0.3120567375886525 0.54 2.924836214481419
0.32024288605840084 0.3120567375886525 0.55 2.949622224968944
0.3246490512165029 0.3120567375886525 0.56 2.9754165753425483
0.3289652850770255 0.3120567375886525 0.57 3.0022687841424105
0.3331885446559327 0.3120567375886525 0.58 3.0302318878780627
0.33731567645369503 0.3120567375886525 0.59 3.059362739582833
0.341343411064447 0.3120567375886525 0.6 3.089722336812974
0.3452683576384019 0.3120567375886525 0.61 3.121376182015519
0.3490869982201042 0.3120567375886525 0.62 3.1543946788040755
0.35279568200988265 0.3120567375886525 0.63 3.18885356776603
0.35639061960404983 0.3120567375886525 0.64 3.224834405877767
0.3598678772851263 0.3120567375886525 0.65 3.262425093991644
0.3632233714657444 0.3120567375886525 0.66 3.30172045702038
0.3664528634040975 0.3120567375886525 0.67 3.3428228820116486
0.36955195436163796 0.3120567375886525 0.68 3.3858430192479685
0.37251608139863757 0.3120567375886525 0.69 3.430900552022199
0.375340514073694 0.3120567375886525 0.7 3.4781250404779733
0.3780203523731831 0.3120567375886525 0.71 3.527656844854704
0.3805505262778076 0.3120567375886525 0.72 3.579648133016943
0.38292579748348277 0.3120567375886525 0.73 3.6342639760564905
0.3851407639034565 0.3120567375886525 0.74 3.6916835344715935
0.38718986775128594 0.3120567375886525 0.75 3.7521013346043275
0.389067408163407 0.3120567375886525 0.76 3.8157286318637573
0.3907675595578085 0.3120567375886525 0.77 3.882794851721706
0.39228439716193747 0.3120567375886525 0.78 3.95354909261178
0.39361193146734585 0.3120567375886525 0.79 4.028261664372968
0.3947441536863028 0.3120567375886525 0.8 4.107225622782822
0.39567509467189266 0.3120567375886525 0.81 4.190758242507107
0.39639890014929746 0.3120567375886525 0.82 4.279202347458531
0.3969099240649426 0.3120567375886525 0.83 4.372927418911943
0.3972028535872411 0.3120567375886525 0.84 4.472330112933629
0.39727284042883665 0.3120567375886525 0.85 4.577834632768444
0.0 0.326241134751773 0.0 2.4387474468390975
0.006403302982763721 0.326241134751773 0.01 2.43888822360055
0.012805496945317183 0.326241134751773 0.02 2.4393106817785775
0.019205472148526113 0.326241134751773 0.03 2.4400152053813158
0.025602117414075174 0.326241134751773 0.04 2.44100243541671
0.03199431940137466 0.326241134751773 0.05 2.4422732714236797
0.03838096188035735 0.326241134751773 0.06 2.443828873597563
0.044760924998609876 0.326241134751773 0.07 2.4456706655567095
0.05113308454168943 0.326241134751773 0.08 2.4478003377218367
0.05749631118464243 0.326241134751773 0.09 2.4502198513875113
0.06384946973394354 0.326241134751773 0.1 2.452931443422581
0.07019141835790176 0.326241134751773 0.11 2.455937631677605
0.0765210078035118 0.326241134751773 0.12 2.459241221144874
0.08283708059982041 0.326241134751773 0.13 2.4628453107805104
0.08913847024372407 0.326241134751773 0.14 2.4667533011949114
0.09542400036896258 0.326241134751773 0.15 2.4709689030767246
0.10169248389430421 0.326241134751773 0.16 2.475496146531613
0.10794272215131802 0.326241134751773 0.17 2.480339391251495
0.11417350398778986 0.326241134751773 0.18 2.4855033376751603
0.12038360484564027 0.326241134751773 0.19 2.490993039141624
0.12657178581229597 0.326241134751773 0.2 2.4968139150560242
0.13273679264138274 0.326241134751773 0.21 2.502971765220431
0.13887735474180815 0.326241134751773 0.22 2.5094727853392302
0.14499218413220993 0.326241134751773 0.23 2.5163235838046747
0.1510799743594391 0.326241134751773 0.24 2.5235311998070356
0.15713939937602484 0.326241134751773 0.25 2.5311031229498644
0.16316911237695442 0.326241134751773 0.26 2.5390473143643537
0.16916774459031364 0.326241134751773 0.27 2.5473722295257666
0.17513390401995024 0.326241134751773 0.28 2.556086842852914
0.18106617413694506 0.326241134751773 0.29 2.5652006742287434
0.18696311251546846 0.326241134751773 0.3 2.5747238176212166
0.19282324941108275 0.326241134751773 0.31 2.5846669719202233
0.19864508627639052 0.326241134751773 0.32 2.595041474209981
0.20442709420984378 0.326241134751773 0.33 2.605859335677373
0.21016771233565146 0.326241134751773 0.34 2.6171332803176637
0.2158653461069794 0.326241134751773 0.35 2.628876786765058
0.22151836553116708 0.326241134751773 0.36 2.6411041334225733
0.22712510330958158 0.326241134751773 0.37 2.6538304472439402
0.23268385288820226 0.326241134751773 0.38 2.6670717564538142
0.2381928664140733 0.326241134751773 0.39 2.6808450475459273
0.24365035258992715 0.326241134751773 0.4 2.6951683269931834
0.24905447442350895 0.326241134751773 0.41 2.7100606880397957
0.254403346863937 0.326241134751773 0.42 2.7255423830820136
0.2596950343203226 0.326241134751773 0.43 2.7416349021229425
0.26492754805403246 0.326241134751773 0.44 2.7583610579214195
0.27009884344104906 0.326241134751773 0.45 2.7757450784030966
0.27520681709453215 0.326241134751773 0.46 2.793812707103059
0.2802493038428709 0.326241134751773 0.47 2.81259131237279
0.2852240735588344 0.326241134751773 0.48 2.832110006166698
0.2901288278260552 0.326241134751773 0.49 2.852399773507222
0.29496119644731694 0.326241134751773 0.5 2.8734936134698796
0.2997187337806064 0.326241134751773 0.51 2.895426693027724
0.30439891490337273 0.326241134751773 0.52 2.9182365149460088
0.30899913159839926 0.326241134751773 0.53 2.941963101219715
0.3135166881637665 0.326241134751773 0.54 2.9666491935543924
0.31794879704220247 0.326241134751773 0.55 2.9923404727384537
0.32229257427694386 0.326241134751773 0.56 3.0190857987656035
0.32654503479911423 0.326241134751773 0.57 3.046937473877632
0.3307030875572713 0.326241134751773 0.58 3.075951530896284
0.3347635305064384 0.326241134751773 0.59 3.1061880494341936
0.3387230454828682 0.326241134751773 0.6 3.13771150279991
0.3425781929921191 0.326241134751773 0.61 3.17059113882778
0.34632540696347225 0.326241134751773 0.62 3.2049013978862932
0.3499609895214338 0.326241134751773 0.63 3.240722371915529
0.35348110585902687 0.326241134751773 0.64 3.27814030833182
0.3568817793047166 0.326241134751773 0.65 3.3172481631874304
0.3601588867180165 0.326241134751773 0.66 3.358146207919185
0.363308154368986 0.326241134751773 0.67 3.4009426944532883
0.3663251545078427 0.326241134751773 0.68 3.445754583346054
0.3692053028821244 0.326241134751773 0.69 3.4927083395799237
0.3719438575167416 0.326241134751773 0.7 3.54194080045262
0.37453591916387313 0.326241134751773 0.71 3.5936001191371667
0.3769764339075933 0.326241134751773 0.72 3.6478467867708484
0.379260198544726 0.326241134751773 0.73 3.704854733878621
0.38138186948171776 0.326241134751773 0.74 3.7648125098573066
0.3833359760815542 0.326241134751773 0.75 3.8279245351214968
0.385116939570585 0.326241134751773 0.76 3.8944124158504865
0.38671909885880745 0.326241134751773 0.77 3.964516304010209
0.3881367449084058 0.326241134751773 0.78 4.03849627545517
0.3893641655747512 0.326241134751773 0.79 4.116633686310813
0.3903957031732146 0.326241134751773 0.8 4.199232450936064
0.39122582739657535 0.326241134751773 0.81 4.286620162261451
0.3918492259852309 0.326241134751773 0.82 4.37914895978042
0.39226091980514244 0.326241134751773 0.83 4.4771959271568775
0.3924563964116172 0.326241134751773 0.84 4.581163043244696
0.0 0.3404255319148936 0.0 2.464648593607038
0.006369564426568282 0.3404255319148936 0.01 2.4647934459696343
0.012738005666243706 0.3404255319148936 0.02 2.4652281365827453
0.019104199796714127 0.3404255319148936 0.03 2.4659530663749294
0.0254670214234069 0.3404255319148936 0.04 2.466968904620613
0.03182534293989506 0.3404255319148936 0.05 2.468276590532041
0.03817803378387595 0.3404255319148936 0.06 2.469877335532543
0.04452395968756469 0.3404255319148936 0.07 2.471772626158739
0.05086198192093368 0.3404255319148936 0.08 2.4739642276425826
0.05719095652605118 0.3404255319148936 0.09 2.4764541882069304
0.06350973354161334 0.3404255319148936 0.1 2.479244844029688
0.06981715621550733 0.3404255319148936 0.11 2.482338824967951
0.07611206020394753 0.3404255319148936 0.12 2.4857390610430934
0.0823932727561367 0.3404255319148936 0.13 2.4894487896792477
0.08865961188147312 0.3404255319148936 0.14 2.4934715638179763
0.09490988549941966 0.3404255319148936 0.15 2.4978112608238643
0.1011428905683246 0.3404255319148936 0.16 2.5024720923460344
0.10735741219268699 0.3404255319148936 0.17 2.5074586150964695
0.11355222270612735 0.3404255319148936 0.18 2.5127757426434214
0.11972608072855415 0.3404255319148936 0.19 2.5184287582496565
0.12587773019556858 0.3404255319148936 0.2 2.524423328816037
0.1320058993563406 0.3404255319148936 0.21 2.5307655200638357
0.13810929974045028 0.3404255319148936 0.22 2.537461812914141
0.14418662508851365 0.3404255319148936 0.23 2.544519121264628
0.15023655024545482 0.3404255319148936 0.24 2.551944811194934
0.15625773001441418 0.3404255319148936 0.25 2.5597467216831435
0.16224879796604788 0.3404255319148936 0.26 2.5679331870286504
0.16820836520338014 0.3404255319148936 0.27 2.5765130609950058
0.17413501907673826 0.3404255319148936 0.28 2.5854957428880243
0.18002732184686202 0.3404255319148936 0.29 2.5948912056699025
0.18588380929148313 0.3404255319148936 0.3 2.6047100263083074
0.19170298925432108 0.3404255319148936 0.31 2.6149634184618895
0.19748334012925042 0.3404255319148936 0.32 2.6256632677957956
0.20322330927838547 0.3404255319148936 0.33 2.636822170058795
0.2089213113785782 0.3404255319148936 0.34 2.648453472192513
0.21457572669345046 0.3404255319148936 0.35 2.660571316688804
0.22018489926400572 0.3404255319148936 0.36 2.673190689537167
0.22574713501469457 0.3404255319148936 0.37 2.686327472025708
0.23126069977131322 0.3404255319148936 0.38 2.6999984967040898
0.236723817181624 0.3404255319148936 0.39 2.7142216079766834
0.2421346665364804 0.3404255319148936 0.4 2.7290157276587466
0.2474913804864388 0.3404255319148936 0.41 2.7444009259397406
0.2527920426454958 0.3404255319148936 0.42 2.760398498314975
0.2580346850778777 0.3404255319148936 0.43 2.7770310489959598
0.26321728566148517 0.3404255319148936 0.44 2.794322581419962
0.2683377653240763 0.3404255319148936 0.45 2.812298596489228
0.273393985141841 0.3404255319148936 0.46 2.8309861993793963
0.27838374330071675 0.3404255319148936 0.47 2.8504142156098573
0.2833047719105885 0.3404255319148936 0.48 2.87061331738003
0.28815473366916994 0.3404255319148936 0.49 2.8916161611385034
0.2929312183723199 0.3404255319148936 0.5 2.9134575374754292
0.2976317392659513 0.3404255319148936 0.51 2.9361745345967907
0.3022537292385679 0.3404255319148936 0.52 2.9598067167148647
0.3067945368563878 0.3404255319148936 0.53 2.9843963188082774
0.3112514222371179 0.3404255319148936 0.54 3.0099884595191444
0.3156215527748931 0.3404255319148936 0.55 3.03663137385712
0.3199019987191753 0.3404255319148936 0.56 3.064376667827325
0.3240897286234201 0.3404255319148936 0.57 3.0932795971334377
0.3281816046824095 0.3404255319148936 0.58 3.1233993723748923
0.3321743779836589 0.3404255319148936 0.59 3.1547994933988077
0.3360646837084929 0.3404255319148936 0.6 3.1875481156843244
0.3398490363319319 0.3404255319148936 0.61 3.2217184518401734
0.3435238248780657 0.3404255319148936 0.62 3.257389211665926
0.3470853083153237 0.3404255319148936 0.63 3.29464508426872
0.3505296111869625 0.3404255319148936 0.64 3.333577266143845
0.353852719604709 0.3404255319148936 0.65 3.3742840391869
0.357050477773077 0.3404255319148936 0.66 3.4168714025803073
0.3601185852335001 0.3404255319148936 0.67 3.461453762851055
0.3630525950900625 0.3404255319148936 0.68 3.508154685798102
0.3658479135231612 0.3404255319148936 0.69 3.5571077139087723
0.3684998009784325 0.3404255319148936 0.7 3.608457252047746
0.3710033755077064 0.3404255319148936 0.71 3.6623595230691284
0.3733536188463539 0.3404255319148936 0.72 3.718983593282185
0.3755453859433079 0.3404255319148936 0.73 3.7785124651265005
0.3775734188156092 0.3404255319148936 0.74 3.841144230787685
0.37943236577181266 0.3404255319148936 0.75 3.9070932756691956
0.3811168072916596 0.3404255319148936 0.76 3.976591513157652
0.3826212900426005 0.3404255319148936 0.77 4.049889623908268
0.3839403708458508 0.3404255319148936 0.78 4.12725825943154
0.3850686726379356 0.3404255319148936 0.79 4.208989155079703
0.3860009548312984 0.3404255319148936 0.8 4.2953960759469725
0.38673220068385583 0.3404255319148936 0.81 4.386815495221756
0.3872577245027781 0.3404255319148936 0.82 4.483606873436384
0.38757330296676273 0.3404255319148936 0.83 4.586152337738305
0.3876753290041268 0.3404255319148936 0.84 4.694855650666963
0.0 0.3546099290780142 0.0 2.491319257378994
0.006335374785412457 0.3546099290780142 0.01 2.4914683607712607
0.012669611936660236 0.3546099290780142 0.02 2.491915810431817
0.01900157306733018 0.3546099290780142 0.03 2.492662025136629
0.025330118285063506 0.3546099290780142 0.04 2.4937077039724294
0.031654105434935915 0.3546099290780142 0.05 2.495053828031133
0.03797238933844301 0.3546099290780142 0.06 2.496701662793654
0.044283821026774924 0.3546099290780142 0.07 2.4986527611937572
0.05058724696659717 0.3546099290780142 0.08 2.500908967419865
0.056881508277059574 0.3546099290780142 0.09 2.5034724214305295
0.06316543993623033 0.3546099290780142 0.1 2.506345564234871
0.06943786997592716 0.3546099290780142 0.11 2.5095311439122066
0.07569761866236545 0.3546099290780142 0.12 2.5130322224818293
0.08194349766189019 0.3546099290780142 0.13 2.5168521835713267
0.08817430918996529 0.3546099290780142 0.14 2.520994740942238
0.09438884514047953 0.3546099290780142 0.15 2.5254639479806333
0.10058588619549033 0.3546099290780142 0.16 2.5302642080752142
0.10676420091169425 0.3546099290780142 0.17 2.5354002860448253
0.11292254478283036 0.3546099290780142 0.18 2.5408773206000994
0.11905965927528415 0.3546099290780142 0.19 2.546700837937664
0.12517427083520735 0.3546099290780142 0.2 2.552876766511049
0.13126508986454913 0.3546099290780142 0.21 2.559411453069744
0.13733080966413347 0.3546099290780142 0.22 2.5663116800278662
0.1433701053403899 0.3546099290780142 0.23 2.57358468428923
0.14938163267466237 0.3546099290780142 0.24 2.5812381775688977
0.1553640269507757 0.3546099290780142 0.25 2.589280368381713
0.16131590173981086 0.3546099290780142 0.26 2.597719985751652
0.16723584763698945 0.3546099290780142 0.27 2.606566304846146
0.1731224309500265 0.3546099290780142 0.28 2.615829174594006
0.17897419233332212 0.3546099290780142 0.29 2.6255190475211867
0.1847896453667043 0.3546099290780142 0.3 2.635647011907094
0.19056727507380727 0.3546099290780142 0.31 2.646224826491731
0.1963055363763824 0.3546099290780142 0.32 2.657264957935491
0.2020028524818893 0.3546099290780142 0.33 2.6687806212218432
0.20765761319835108 0.3546099290780142 0.34 2.680785823304041
0.2132681731742203 0.3546099290780142 0.35 2.6932954102119395
0.2188328500575683 0.3546099290780142 0.36 2.706325117952113
0.22434992257003733 0.3546099290780142 0.37 2.7198916275267044
0.22981762849128834 0.3546099290780142 0.38 2.7340126244189067
0.23523416254958116 0.3546099290780142 0.39 2.7487068629299456
0.24059767421109474 0.3546099290780142 0.4 2.763994235860728
0.24590626536617236 0.3546099290780142 0.41 2.7798958499398556
0.25115798790467503 0.3546099290780142 0.42 2.7964341075914088
0.256350841176557 0.3546099290780142 0.43 2.813632795595861
0.2614827693320763 0.3546099290780142 0.44 2.8315171812994144
0.26655165853729923 0.3546099290780142 0.45 2.8501141170687907
0.27155533405857996 0.3546099290780142 0.46 2.869452153810468
0.27649155721414753 0.3546099290780142 0.47 2.889561664366557
0.2813580221865289 0.3546099290780142 0.48 2.910474977796643
0.2861523526947997 0.3546099290780142 0.49 2.9322265255573075
0.2908720985226668 0.3546099290780142 0.5 2.9548530007852323
0.29551473190534183 0.3546099290780142 0.51 2.9783935318938823
0.3000776437711888 0.3546099290780142 0.52 3.002889872004849
0.3045581398470291 0.3546099290780142 0.53 3.0283866056607494
0.3089534366301543 0.3546099290780142 0.54 3.0549313746014164
0.3132606572391993 0.3546099290780142 0.55 3.0825751244432213
0.3174768271567123 0.3546099290780142 0.56 3.111372374361442
0.3215988698862612 0.3546099290780142 0.57 3.1413815119844126
0.3256236025538551 0.3546099290780142 0.58 3.1726651159176384
0.32954773148144545 0.3546099290780142 0.59 3.205290308739521
0.33336784779708517 0.3546099290780142 0.6 3.239329143020672
0.337080423129095 0.3546099290780142 0.61 3.2748590237322097
0.34068180547103605 0.3546099290780142 0.62 3.311963170162545
0.34416821531870645 0.3546099290780142 0.63 3.3507311207550554
0.34753574220230665 0.3546099290780142 0.64 3.3912592844696023
0.3507803417766506 0.3546099290780142 0.65 3.433651542154389
0.3538978336622432 0.3546099290780142 0.66 3.4780199015145827
0.3568839002890853 0.3546099290780142 0.67 3.5244852088024237
0.3597340870344263 0.3546099290780142 0.68 3.5731779202507394
0.36244380404443943 0.3546099290780142 0.69 3.6242389349292687
0.36500833017919876 0.3546099290780142 0.7 3.6778204901861966
0.3674228196497893 0.3546099290780142 0.71 3.7340871185016273
0.3696823120268387 0.3546099290780142 0.72 3.7932166622272163
0.371781746436861 0.3546099290780142 0.73 3.855401339234789
0.3737159809388278 0.3546099290780142 0.74 3.920848847425072
0.37547981826684146 0.3546099290780142 0.75 3.9897834894264768
0.37706803933145566 0.3546099290780142 0.76 4.0624472902816295
0.37847544613363365 0.3546099290780142 0.77 4.139101068997612
0.37969691597311467 0.3546099290780142 0.78 4.220025410616194
0.3807274691462583 0.3546099290780142 0.79 4.3055214654459135
0.38156235249108456 0.3546099290780142 0.8 4.395911480257354
0.38219714111918157 0.3546099290780142 0.81 4.491538942458908
0.3826278629524297 0.3546099290780142 0.82 4.592768132392235
0.3828511428865236 0.3546099290780142 0.83 4.699983020537118
0.38286437720479016 0.3546099290780142 0.84 4.813585072280675
0.0 0.36879432624113473 0.0 2.5187921727397002
0.006300726032947055 0.36879432624113473 0.01 2.5189457122375707
0.012600299698400177 0.36879432624113473 0.02 2.519406476499313
0.01889756785945046 0.36879432624113473 0.03 2.520174903144599
0.0251913758388218 0.36879432624113473 0.04 2.5212517227463924
0.03148056664500716 0.36879432624113473 0.05 2.5226379606045555
0.03776398019399017 0.36879432624113473 0.06 2.524334939255074
0.04404045252475707 0.36879432624113473 0.07 2.5263442817500685
0.05030881500764214 0.36879432624113473 0.08 2.5286679156374676
0.05656789354330002 0.36879432624113473 0.09 2.531308077758148
0.06281650775129158 0.36879432624113473 0.1 2.5342673198042607
0.06905347014605129 0.36879432624113473 0.11 2.5375485147295724
0.07527758529948504 0.36879432624113473 0.12 2.5411548639610375
0.08148764898742353 0.36879432624113473 0.13 2.545089905537162
0.08768244731892319 0.36879432624113473 0.14 2.549357523145981
0.09386075584638702 0.36879432624113473 0.15 2.5539619561267792
0.1000213386549695 0.36879432624113473 0.16 2.558907810465828
0.10616294742802149 0.36879432624113473 0.17 2.564200070908901
0.11228432048894081 0.36879432624113473 0.18 2.5698441141210315
0.11838418181452723 0.36879432624113473 0.19 2.575845723107286
0.12446124002057317 0.36879432624113473 0.2 2.5822111028213963
0.13051418731445152 0.36879432624113473 0.21 2.58894689718142
0.13654169841507427 0.36879432624113473 0.22 2.596060207454705
0.14254242943607526 0.36879432624113473 0.23 2.60355861218441
0.14851501672962303 0.36879432624113473 0.24 2.6114501887568826
0.1544580756894168 0.36879432624113473 0.25 2.6197435366781923
0.16037019950926384 0.36879432624113473 0.26 2.6284478027185147
0.16624995789313127 0.36879432624113473 0.27 2.6375727080982334
0.1720958957166945 0.36879432624113473 0.28 2.6471285777628957
0.1779065316333512 0.36879432624113473 0.29 2.657126372039992
0.1836803566247738 0.36879432624113473 0.3 2.667577720746749
0.18941583248928207 0.36879432624113473 0.31 2.6784949600482157
0.1951113902682417 0.36879432624113473 0.32 2.6898911721682786
0.20076542860219265 0.36879432624113473 0.33 2.701780228325176
0.2063763120159926 0.36879432624113473 0.34 2.7141768350580806
0.21194236912876818 0.36879432624113473 0.35 2.727096584241059
0.21746189078150466 0.36879432624113473 0.36 2.740556007178657
0.22293312808166565 0.36879432624113473 0.37 2.754572633031091
0.22835429035779808 0.36879432624113473 0.38 2.76916505202106
0.2337235430206135 0.36879432624113473 0.39 2.784352983815776
0.23903900532534414 0.36879432624113473 0.4 2.8001573515626217
0.2442987480314021 0.36879432624113473 0.41 2.8166003620730793
0.2495007909543524 0.36879432624113473 0.42 2.8337055927273056
0.25464310040562493 0.36879432624113473 0.43 2.8514980857207783
0.2597235865158645 0.36879432624113473 0.44 2.8700044503311153
0.26474010043810153 0.36879432624113473 0.45 2.8892529739538024
0.2696904314273593 0.36879432624113473 0.46 2.909273742732737
0.27457230379311076 0.36879432624113473 0.47 2.930098772713711
0.2793833737228914 0.36879432624113473 0.48 2.951762152518002
0.284121225977288 0.36879432624113473 0.49 2.9743001986190234
0.28878337045506236 0.36879432624113473 0.5 2.997751624478107
0.2933672386333372 0.36879432624113473 0.51 3.022157724825382
0.29787017988338504 0.36879432624113473 0.52 3.0475625766448116
0.30228945767609405 0.36879432624113473 0.53 3.074013258345503
0.30662224568297713 0.36879432624113473 0.54 3.1015600890028883
0.31086562379246957 0.36879432624113473 0.55 3.1302568895254783
0.31501657406319866 0.36879432624113473 0.56 3.1601612678557336
0.3190719766416865 0.36879432624113473 0.57 3.1913349305203838
0.32302860568732983 0.36879432624113473 0.58 3.2238440228977048
0.3268831253502589 0.36879432624113473 0.59 3.257759500915885
0.3306320858654163 0.36879432624113473 0.6 3.2931575369831747
0.3342719198472824 0.36879432624113473 0.61 3.3301199630151754
0.3377989388802582 0.36879432624113473 0.62 3.3687347537393086
0.3412093305337585 0.36879432624113473 0.63 3.409096553341376
0.3444991559568185 0.36879432624113473 0.64 3.4513072485995835
0.34766434824669706 0.36879432624113473 0.65 3.495476591470735
0.3507007118278746 0.36879432624113473 0.66 3.541722873863854
0.3536039231371026 0.36879432624113473 0.67 3.5901736567234463
0.3563695329717038 0.36879432624113473 0.68 3.6409665548013717
0.3589929709390053 0.36879432624113473 0.69 3.694250077217167
0.36146955254206997 0.36879432624113473 0.7 3.7501845220425207
0.36379448953732196 0.36879432624113473 0.71 3.80894292084144
0.36596290435355844 0.36879432624113473 0.72 3.8707120251348877
0.36796984948321704 0.36879432624113473 0.73 3.9356933226629005
0.36981033296341215 0.36879432624113473 0.74 4.00410406432838
0.3714793512320889 0.36879432624113473 0.75 4.0761782749719115
0.3729719308878009 0.36879432624113473 0.76 4.152167709707899
0.37428318108161657 0.36879432624113473 0.77 4.232342704267915
0.37540835850586396 0.36879432624113473 0.78 4.316992850133841
0.3763429471587769 0.36879432624113473 0.79 4.406427403418212
0.37708275487170745 0.36879432624113473 0.8 4.500975318470138
0.37762403108610815 0.36879432624113473 0.81 4.6009847080128425
0.3779636020372758 0.36879432624113473 0.82 4.706821692541199
0.3780990340665938 0.36879432624113473 0.83 4.818868209587433
0.0 0.3829787234042553 0.0 2.5471018850839493
0.006265609976380223 0.3829787234042553 0.01 2.547260056046251
0.01253005256041537 0.3829787234042553 0.02 2.547734721319953
0.018792159572824964 0.3829787234042553 0.03 2.5485263384400523
0.02505076125893223 0.3829787234042553 0.04 2.5496356712247707
0.031304685497173794 0.3829787234042553 0.05 2.5510637916661363
0.037552757003095745 0.3829787234042553 0.06 2.5528120825840626
0.04379379652709268 0.3829787234042553 0.07 2.55488224108463
0.05002662004465366 0.3829787234042553 0.08 2.557276282784641
0.05625003793729399 0.3829787234042553 0.09 2.5599965468666896
0.06246285416252846 0.3829787234042553 0.1 2.5630457019802466
0.06866386541142926 0.3829787234042553 0.11 2.5664267529974603
0.07485186025191205 0.3829787234042553 0.12 2.5701430486735037
0.08102561825617348 0.3829787234042553 0.13 2.5741982902340257
0.08718390911025993 0.3829787234042553 0.14 2.578596540947722
0.09332549170420469 0.3829787234042553 0.15 2.583342236709652
0.09944911320049601 0.3829787234042553 0.16 2.588440197707893
0.1055535080797174 0.3829787234042553 0.17 2.5938956411857665
0.11163739715978821 0.3829787234042553 0.18 2.599714195445808
0.11769948658840707 0.3829787234042553 0.19 2.605901915070913
0.12373846680565143 0.3829787234042553 0.2 2.6124652974891704
0.1297530114740814 0.3829787234042553 0.21 2.6194113009789226
0.13574177637493137 0.3829787234042553 0.22 2.6267473641634433
0.14170339826685877 0.3829787234042553 0.23 2.6344814271424664
0.14763649370642945 0.3829787234042553 0.24 2.642621954302932
0.1535396578241363 0.3829787234042553 0.25 2.651177959064063
0.15941146305842388 0.3829787234042553 0.26 2.6601590304938196
0.16525045783914508 0.3829787234042553 0.27 2.669575362151377
0.1710551652212152 0.3829787234042553 0.28 2.6794377831756946
0.1768240814646957 0.3829787234042553 0.29 2.6897577918238924
0.18255567455573848 0.3829787234042553 0.3 2.7005475917229584
0.18824838266852173 0.3829787234042553 0.31 2.7118201309340075
0.19390061256095428 0.3829787234042553 0.32 2.723589144175251
0.19951073790346618 0.3829787234042553 0.33 2.7358691983670287
0.20507709753469058 0.3829787234042553 0.34 2.7486757418491754
0.21059799364258733 0.3829787234042553 0.35 2.7620251575083183
0.21607168986348171 0.3829787234042553 0.36 2.7759348202485117
0.22149640929949987 0.3829787234042553 0.37 2.790423159052645
0.22687033244551813 0.3829787234042553 0.38 2.805509724168251
0.2321915950251321 0.3829787234042553 0.39 2.8212152597688105
0.23745828572942335 0.3829787234042553 0.4 2.837561782637641
0.24266844385513764 0.3829787234042553 0.41 2.8545726673984566
0.24782005683856725 0.3829787234042553 0.42 2.872272738884357
0.2529110576817544 0.3829787234042553 0.43 2.8906883722954144
0.25793932226580296 0.3829787234042553 0.44 2.9098476019106503
0.26290266655243866 0.3829787234042553 0.45 2.9297802390575707
0.267798843667417 0.3829787234042553 0.46 2.950518000311735
0.2726255408678752 0.3829787234042553 0.47 2.972094646810586
0.27738037639209184 0.3829787234042553 0.48 2.994546135771183
0.2820608961936125 0.3829787234042553 0.49 3.0179107853592466
0.286664570564719 0.3829787234042553 0.5 3.042229454146587
0.2911887906522955 0.3829787234042553 0.51 3.067545736608725
0.2956308648771523 0.3829787234042553 0.52 3.0939061761369113
0.29998801527087726 0.3829787234042553 0.53 3.12136049719666
0.304257373743529 0.3829787234042553 0.54 3.149961858525612
0.3084359783117973 0.3829787234042553 0.55 3.179767129196605
0.3125207693114492 0.3829787234042553 0.56 3.210837189800497
0.31650858564029727 0.3829787234042553 0.57 3.2432372608777094
0.3203961610755762 0.3829787234042553 0.58 3.2770372611532195
0.32418012073544406 0.3829787234042553 0.59 3.3123121980105363
0.3278569777602438 0.3829787234042553 0.6 3.3491425929693968
0.3314231303157334 0.3829787234042553 0.61 3.387614944872301
0.3348748590402032 0.3829787234042553 0.62 3.4278222335977815
0.33820832509152127 0.3829787234042553 0.63 3.4698644669592342
0.34141956898129133 0.3829787234042553 0.64 3.5138492733585127
0.3445045104238058 0.3829787234042553 0.65 3.559892542471
0.34745894949296824 0.3829787234042553 0.66 3.608119115388115
0.35027856942013064 0.3829787234042553 0.67 3.6586635252299127
0.35295894146003737 0.3829787234042553 0.68 3.7116707875506827
0.35549553232917563 0.3829787234042553 0.69 3.7672972382714764
0.3578837148244756 0.3829787234042553 0.7 3.8257114143636666
0.3601187823539928 0.3829787234042553 0.71 3.88709496903373
0.3621959682512259 0.3829787234042553 0.72 3.9516436085675766
0.3641104708948904 0.3829787234042553 0.73 4.019568032120529
0.36585748584502414 0.3829787234042553 0.74 4.091094847576025
0.3674322463867039 0.3829787234042553 0.75 4.16646742666407
0.3688300740747947 0.3829787234042553 0.76 4.245946649567065
0.370046441060686 0.3829787234042553 0.77 4.329811473293751
0.37107704617416915 0.3829787234042553 0.78 4.4183592378505505
0.3719179064611351 0.3829787234042553 0.79 4.511905609946312
0.372565468536228 0.3829787234042553 0.8 4.6107839725116095
0.3730167353398718 0.3829787234042553 0.81 4.715344246451047
0.373269419070098 0.3829787234042553 0.82 4.825950723041164
0.3733221134218346 0.3829787234042553 0.83 4.942978861732618
0.0 0.3971631205673759 0.0 2.5762848716071725
0.006230018256006001 0.3971631205673759 0.01 2.576447880343074
0.012458853797896657 0.3971631205673759 0.02 2.5769370659390805
0.01868532310677298 0.3971631205673759 0.03 2.577752906973452
0.024908241052675615 0.3971631205673759 0.04 2.578896202393255
0.03112642008508769 0.3971631205673759 0.05 2.58036807353998
0.03733866941897638 0.3971631205673759 0.06 2.5821699669373865
0.04354379421439756 0.3971631205673759 0.07 2.584303657953094
0.04974059474830819 0.3971631205673759 0.08 2.5867712552844906
0.055927865577129005 0.3971631205673759 0.09 2.5895752062894517
0.06210439468788357 0.3971631205673759 0.1 2.592718303243736
0.06826896263699313 0.3971631205673759 0.11 2.5962036904724766
0.07442034167394267 0.3971631205673759 0.12 2.6000348724887874
0.08055729484942796 0.3971631205673759 0.13 2.6042157230596064
0.08667857510501052 0.3971631205673759 0.14 2.6087504953424334
0.09278292434276393 0.3971631205673759 0.15 2.613643833104574
0.098869072473216 0.3971631205673759 0.16 2.61890078306669
0.10493573643972909 0.3971631205673759 0.17 2.6245268084290414
0.11098161921655009 0.3971631205673759 0.18 2.6305278036858755
0.11700540877868595 0.3971631205673759 0.19 2.6369101107800255
0.12300577704240273 0.3971631205673759 0.2 2.643680536634782
0.1289813787719449 0.3971631205673759 0.21 2.6508463722520608
0.13493085045284883 0.3971631205673759 0.22 2.6584154133494837
0.14085280912600484 0.3971631205673759 0.23 2.666395982790959
0.14674585118322575 0.3971631205673759 0.24 2.6747969547870225
0.15260855111958774 0.3971631205673759 0.25 2.683627781083687
0.1584394602402202 0.3971631205673759 0.26 2.692898519260805
0.1642371053188054 0.3971631205673759 0.27 2.702619863290759
0.16999998720451454 0.3971631205673759 0.28 2.7128031765382357
0.1757265793746174 0.3971631205673759 0.29 2.723460527376868
0.1814153264290486 0.3971631205673759 0.3 2.7346047276448298
0.18706464252428717 0.3971631205673759 0.31 2.7462493741431144
0.19267290974230278 0.3971631205673759 0.32 2.7584088934495994
0.19823847639062428 0.3971631205673759 0.33 2.7710985903297645
0.20375965523273212 0.3971631205673759 0.34 2.784334699961613
0.20923472164035628 0.3971631205673759 0.35 2.798134444437403
0.21466191166837215 0.3971631205673759 0.36 2.812516093773732
0.2200394200455036 0.3971631205673759 0.37 2.827499031909433
0.2253653980796609 0.3971631205673759 0.38 2.843103828054711
0.2306379514712486 0.3971631205673759 0.39 2.8593523139455375
0.23585513803401356 0.3971631205673759 0.4 2.8762676674440972
0.24101496531444208 0.3971631205673759 0.41 2.8938745031988438
0.24611538812119393 0.3971631205673759 0.42 2.9121989706395612
0.2511543059375174 0.3971631205673759 0.43 2.931268860594901
0.25612956023872807 0.3971631205673759 0.44 2.9511137207026628
0.2610389317005838 0.3971631205673759 0.45 2.971764980762577
0.2658801373003495 0.3971631205673759 0.46 2.9932560888920774
0.2706508273126671 0.3971631205673759 0.47 3.0156226594601447
0.27534858220314795 0.3971631205673759 0.48 3.038902633889599
0.2799709094222354 0.3971631205673759 0.49 3.0631364555736353
0.28451524010781465 0.3971631205673759 0.5 3.088367260185553
0.2889789257062893 0.3971631205673759 0.51 3.11464108282175
0.2933592345275405 0.3971631205673759 0.52 3.142007083502976
0.29765334824754736 0.3971631205673759 0.53 3.1705177928274018
0.30185835838965125 0.3971631205673759 0.54 3.2002293794585537
0.3059712628114036 0.3971631205673759 0.55 3.231201941510276
0.30998896223893146 0.3971631205673759 0.56 3.26349982388979
0.3139082568985458 0.3971631205673759 0.57 3.2971919638483276
0.31772584331236253 0.3971631205673759 0.58 3.3323522670146697
0.3214383113330755 0.3971631205673759 0.59 3.36906001642866
0.3250421415204296 0.3971631205673759 0.6 3.40740031696309
0.32853370298079126 0.3971631205673759 0.61 3.4474645776002713
0.33190925181580627 0.3971631205673759 0.62 3.4893510340025227
0.3351649303701183 0.3971631205673759 0.63 3.533165313385151
0.33829676749905435 0.3971631205673759 0.64 3.5790210435234853
0.3413006801267399 0.3971631205673759 0.65 3.6270405071077763
0.34417247643374593 0.3971631205673759 0.66 3.677355341542408
0.34690786106268034 0.3971631205673759 0.67 3.7301072834177043
0.34950244283808074 0.3971631205673759 0.68 3.7854489545248438
0.35195174556171793 0.3971631205673759 0.69 3.8435446844777705
0.3542512225847781 0.3971631205673759 0.7 3.9045713610608184
0.3563962759629458 0.3971631205673759 0.71 3.9687192955003536
0.35838228115663545 0.3971631205673759 0.72 4.036193083814061
0.36020461838984436 0.3971631205673759 0.73 4.107212438081923
0.36185871195428226 0.3971631205673759 0.74 4.18201295187754
0.36334007891876663 0.3971631205673759 0.75 4.260846752117868
0.36464438886561973 0.3971631205673759 0.76 4.343982974845842
0.3657675364150561 0.3971631205673759 0.77 4.431707984446979
0.36670572803775026 0.3971631205673759 0.78 4.524325242958513
0.3674555873560671 0.3971631205673759 0.79 4.6221546446949375
0.3680142740109833 0.3971631205673759 0.8 4.7255313249842255
0.3683796269691357 0.3971631205673759 0.81 4.834803526500918
0.3685503249746033 0.3971631205673759 0.82 4.950329508387833
0.0 0.41134751773049644 0.0 2.6063796714603433
0.0061939423453541125 0.41134751773049644 0.01 2.6065477359701745
0.012386686352585248 0.41134751773049644 0.02 2.6070520963008867
0.018577032860649705 0.41134751773049644 0.03 2.607893253267237
0.024763781061115764 0.41134751773049644 0.04 2.609072042963526
0.03094572767039261 0.41134751773049644 0.05 2.610589638906596
0.037121666097533604 0.41134751773049644 0.06 2.6124475549695974
0.04329038560520901 0.41134751773049644 0.07 2.6146476492868076
0.049450670463189156 0.41134751773049644 0.08 2.6171921289613276
0.055601299091775455 0.41134751773049644 0.09 2.620083555753336
0.061741043194182145 0.41134751773049644 0.1 2.6233248526719084
0.06786866687582738 0.41134751773049644 0.11 2.6269193115508056
0.07398292574885815 0.41134751773049644 0.12 2.6308706016321226
0.08008256601999575 0.41134751773049644 0.13 2.635182779206784
0.086166323560347 0.41134751773049644 0.14 2.639860298324593
0.09223292295436612 0.41134751773049644 0.15 2.644908022690206
0.09828107652719201 0.41134751773049644 0.16 2.6503312387231928
0.10430948334734953 0.41134751773049644 0.17 2.656135669913632
0.11031682820317394 0.41134751773049644 0.18 2.6623274925136826
0.11630178055101388 0.41134751773049644 0.19 2.6689133526361704
0.1222629934322706 0.41134751773049644 0.2 2.6759003848825316
0.12819910235804813 0.41134751773049644 0.21 2.6832962325433716
0.13410872415804373 0.41134751773049644 0.22 2.6911090695247917
0.13999045579121674 0.41134751773049644 0.23 2.699347624110005
0.1458428731170017 0.41134751773049644 0.24 2.7080212046301355
0.15166452962244947 0.41134751773049644 0.25 2.7171397272631452
0.1574539551037977 0.41134751773049644 0.26 2.7267137460599664
0.1632096542996785 0.41134751773049644 0.27 2.7367544853657977
0.16893010547200382 0.41134751773049644 0.28 2.7472738748548906
0.17461375893238507 0.41134751773049644 0.29 2.758284587346018
0.18025903551090725 0.41134751773049644 0.3 2.769800079621697
0.1858643249630974 0.41134751773049644 0.31 2.781834636521296
0.19142798431309047 0.41134751773049644 0.32 2.794403418529981
0.19694833612867152 0.41134751773049644 0.33 2.8075225131836303
0.20242366672537884 0.41134751773049644 0.34 2.8212089905886923
0.20785222429547878 0.41134751773049644 0.35 2.835480963426805
0.21323221695897324 0.41134751773049644 0.36 2.850357651808158
0.21856181073416883 0.41134751773049644 0.37 2.8658594533691724
0.22383912742166576 0.41134751773049644 0.38 2.8820080191509723
0.22906224240340278 0.41134751773049644 0.39 2.8988263356359156
0.23422918234745277 0.41134751773049644 0.4 2.9163388136640434
0.2393379228236591 0.41134751773049644 0.41 2.9345713846381183
0.24438638582139702 0.41134751773049644 0.42 2.9535516048537436
0.24937243717151036 0.41134751773049644 0.43 2.9733087685924517
0.2542938838727479 0.41134751773049644 0.44 2.9938740307551286
0.25914847131910584 0.41134751773049644 0.45 3.0152805400055342
0.26393388043331045 0.41134751773049644 0.46 3.0375635832932986
0.2686477247099128 0.41134751773049644 0.47 3.0607607427999124
0.2732875471689077 0.41134751773049644 0.48 3.0849120665499203
0.2778508172352429 0.41134751773049644 0.49 3.110060253756986
0.2823349275462388 0.41134751773049644 0.5 3.1362508564605145
0.2867371907105314 0.41134751773049644 0.51 3.163532498717205
0.2910548360300625 0.41134751773049644 0.52 3.1919571151100796
0.29528500621736836 0.41134751773049644 0.53 3.221580210121751
0.299424754134918 0.41134751773049644 0.54 3.2524611403178554
0.3034710395991384 0.41134751773049644 0.55 3.2846634212381884
0.30742072630376227 0.41134751773049644 0.56 3.3182550609655994
0.3112705789172683 0.41134751773049644 0.57 3.353308922700048
0.31501726044678613 0.41134751773049644 0.58 3.389903118240048
0.3186573299492586 0.41134751773049644 0.59 3.428121434939635
0.32218724072615285 0.41134751773049644 0.6 3.4680537979457604
0.32560333913668577 0.41134751773049644 0.61 3.5097967699962216
0.3289018642127285 0.41134751773049644 0.62 3.5534540904616705
0.3320789482906332 0.41134751773049644 0.63 3.599137255042254
0.3351306189283865 0.41134751773049644 0.64 3.6469661367450144
0.3380528024139326 0.41134751773049644 0.65 3.697069648224261
0.34084132926314037 0.41134751773049644 0.66 3.7495864436672006
0.3434919421482292 0.41134751773049644 0.67 3.8046656573519475
0.3460003068160424 0.41134751773049644 0.68 3.862467672936292
0.3483620266352578 0.41134751773049644 0.69 3.923164914803207
0.350572661541242 0.41134751773049644 0.7 3.9869426482597863
0.3526277522675211 0.41134751773049644 0.71 4.053999770100848
0.354522850899413 0.41134751773049644 0.72 4.124549563896462
0.35625355894042104 0.41134751773049644 0.73 4.198820385320261
0.3578155742181523 0.41134751773049644 0.74 4.277056232044889
0.35920474811326353 0.41134751773049644 0.75 4.359517138698927
0.36041715470480795 0.41134751773049644 0.76 4.44647932097973
0.3614491731008779 0.41134751773049644 0.77 4.538234983294932
0.36229758707078963 0.41134751773049644 0.78 4.6350916100749116
0.36295969655617766 0.41134751773049644 0.79 4.737370771545461
0.36343345209948125 0.41134751773049644 0.8 4.845406029592184
0.36371760442639045 0.41134751773049644 0.81 4.95953995925996
0.3638118720449054 0.41134751773049644 0.82 5.080119995823879
0.0 0.425531914893617 0.0 2.6374270258689885
0.006157373552087487 0.425531914893617 0.01 2.6376003766357554
0.012313532834628176 0.425531914893617 0.02 2.638120603571945
0.018467262736734463 0.425531914893617 0.03 2.6389882310090806
0.024617346463106315 0.425531914893617 0.04 2.6402041343538127
0.030762564687971474 0.425531914893617 0.05 2.6417695422837935
0.03690169470390192 0.425531914893617 0.06 2.6436860399429962
0.04303350956438607 0.425531914893617 0.07 2.645955573000457
0.04915677721811263 0.425531914893617 0.08 2.648580452688511
0.055270259633587816 0.425531914893617 0.09 2.651563361789161
0.06137271191204965 0.425531914893617 0.1 2.6549073616399737
0.06746288138730337 0.425531914893617 0.11 2.658615900150182
0.07353950671036211 0.425531914893617 0.12 2.6626928209015217
0.07960131691755806 0.425531914893617 0.13 2.6671423733365853
0.08564703047948517 0.425531914893617 0.14 2.671969224144411
0.09167535432979931 0.425531914893617 0.15 2.67717846982752
0.09768498287098916 0.425531914893617 0.16 2.6827756505775544
0.10367459695594552 0.425531914893617 0.17 2.6887667654718457
0.10964286284261164 0.425531914893617 0.18 2.6951582891075225
0.11558843111980244 0.425531914893617 0.19 2.7019571897405923
0.12150993560164312 0.425531914893617 0.2 2.7091709490376554
0.1274059921895775 0.425531914893617 0.21 2.71680758348486
0.1332751976973659 0.425531914893617 0.22 2.724875667669082
0.1391161286384776 0.425531914893617 0.23 2.7333843594647997
0.14492733997244 0.425531914893617 0.24 2.742343427303962
0.15070736380858363 0.425531914893617 0.25 2.7517632796353086
0.1564547080618859 0.425531914893617 0.26 2.761654996834052
0.1621678550619691 0.425531914893617 0.27 2.77203036559298
0.16784526010813788 0.425531914893617 0.28 2.7829019161477855
0.17348534997180948 0.425531914893617 0.29 2.794282962395474
0.17908652133899444 0.425531914893617 0.3 2.806187645290483
0.18464713919384465 0.425531914893617 0.31 2.818630979636131
0.190165535136276 0.425531914893617 0.32 2.8316289046793766
0.19564000563457484 0.425531914893617 0.33 2.845198338688366
0.20106881020584183 0.425531914893617 0.34 2.859357237974801
0.2064501695242357 0.425531914893617 0.35 2.8741246606362822
0.2117822634528897 0.425531914893617 0.36 2.8895208354590656
0.21706322899575925 0.425531914893617 0.37 2.9055672364475553
0.2222911581688655 0.425531914893617 0.38 2.9222866634069056
0.22746409578651053 0.425531914893617 0.39 2.9397033291677426
0.2325800371615333 0.425531914893617 0.4 2.9578429540055904
0.23763692571785525 0.425531914893617 0.41 2.9767328679001084
0.24263265051486899 0.425531914893617 0.42 2.996402121322475
0.24756504368250704 0.425531914893617 0.43 3.0168816053436878
0.25243187776953213 0.425531914893617 0.44 3.0382041818608125
0.2572308630071823 0.425531914893617 0.45 3.0604048248601763
0.2619596444902193 0.425531914893617 0.46 3.083520773759067
0.26661579928513524 0.425531914893617 0.47 3.10759169982014
0.2711968334702649 0.425531914893617 0.48 3.1326598869079483
0.2757001791215806 0.425531914893617 0.49 3.158770427813313
0.28012319126178037 0.425531914893617 0.5 3.1859714374776544
0.28446314478583545 0.425531914893617 0.51 3.214314284763232
0.288717231398893 0.425531914893617 0.52 3.2438538441300735
0.29288255658888385 0.425531914893617 0.53 3.274648769152912
0.29695613668374427 0.425531914893617 0.54 3.3067617894714276
0.30093489603834384 0.425531914893617 0.55 3.340260033191879
0.3048156644164203 0.425531914893617 0.56 3.375215376642459
0.3085951746482523 0.425531914893617 0.57 3.411704823406331
0.3122700606552924 0.425531914893617 0.58 3.44981091470774
0.3158368559615249 0.425531914893617 0.59 3.48962217299369
0.31929199283685566 0.425531914893617 0.6 3.531233580395436
0.32263180223969085 0.425531914893617 0.61 3.5747470936682952
0.325852514774049 0.425531914893617 0.62 3.620272196511402
0.3289502629131935 0.425531914893617 0.63 3.6679264896668657
0.3319210847919529 0.425531914893617 0.64 3.717836318293564
0.3347609299341406 0.425531914893617 0.65 3.7701374347331127
0.33746566735054956 0.425531914893617 0.66 3.82497569305794
0.34003109652390784 0.425531914893617 0.67 3.8825077694513848
0.3424529618844404 0.425531914893617 0.68 3.9429018995023837
0.3447269715065874 0.425531914893617 0.69 4.0063386189569385
0.3468488208391127 0.425531914893617 0.7 4.0730114900509635
0.3488142224478303 0.425531914893617 0.71 4.143127787980877
0.35061894284813777 0.425531914893617 0.72 4.21690911450504
0.35225884766523236 0.425531914893617 0.73 4.294591894639298
0.3537299564591844 0.425531914893617 0.74 4.376427700264801
0.35502850864740393 0.425531914893617 0.75 4.46268332931143
0.35615104162360833 0.425531914893617 0.76 4.5536405611621635
0.35709448512970254 0.425531914893617 0.77 4.649595412332304
0.3578562658241865 0.425531914893617 0.78 4.750856948700768
0.3584344336282958 0.425531914893617 0.79 4.8577452309449995
0.35882780126366665 0.425531914893617 0.8 4.97058844723118
0.35903610018128684 0.425531914893617 0.81 5.089718951646713
0.3590601499720599 0.425531914893617 0.82 5.215468045450128
0.0 0.43971631205673756 0.0 2.6694700290120306
0.0061203030197648865 0.43971631205673756 0.01 2.669648909840178
0.01223937552613682 0.43971631205673756 0.02 2.6701857352469047
0.018355986145609404 0.43971631205673756 0.03 2.6710810544706645
0.02446890178282084 0.43971631205673756 0.04 2.672335784486322
0.03057688675552575 0.43971631205673756 0.05 2.6739512123830482
0.036678701924604026 0.43971631205673756 0.06 2.675928998711631
0.04277310381754855 0.43971631205673756 0.07 2.678271181800297
0.048858843743672296 0.43971631205673756 0.08 2.680980183079303
0.05493466689921086 0.43971631205673756 0.09 2.6840588134458643
0.060999311460845446 0.43971631205673756 0.1 2.6875102806677735
0.06705150766584694 0.43971631205673756 0.11 2.691338197875633
0.07308997687655408 0.43971631205673756 0.12 2.6955465932226015
0.07911343062818053 0.43971631205673756 0.13 2.7001399206832106
0.08512056965754543 0.43971631205673756 0.14 2.705123072096866
0.09111008291054928 0.43971631205673756 0.15 2.7105013905239557
0.09708064652726642 0.43971631205673756 0.16 2.716280684923608
0.10303092280158767 0.43971631205673756 0.17 2.7224672462945776
0.10895955911433827 0.43971631205673756 0.18 2.7290678652968743
0.11486518683659862 0.43971631205673756 0.19 2.7360898515073573
0.12074642020219849 0.43971631205673756 0.2 2.743541054342817
0.12660185514581987 0.43971631205673756 0.21 2.751429885824558
0.13243006810589722 0.43971631205673756 0.22 2.759765345229576
0.13822961478793003 0.43971631205673756 0.23 2.7685570458491626
0.14399902888780353 0.43971631205673756 0.24 2.7778152439050965
0.14973682077011014 0.43971631205673756 0.25 2.7875508698832263
0.15544147610208287 0.43971631205673756 0.26 2.797775562326904
0.1611114544364633 0.43971631205673756 0.27 2.8085017044349327
0.1667451877440144 0.43971631205673756 0.28 2.8197424635365933
0.17234107889114247 0.43971631205673756 0.29 2.8315118337388436
0.17789750005971416 0.43971631205673756 0.3 2.843824681993845
0.1834127911066474 0.43971631205673756 0.31 2.856696797842927
0.18888525786063312 0.43971631205673756 0.32 2.8701449471291878
0.19431317035231496 0.43971631205673756 0.33 2.884186930031668
0.19969476097661515 0.43971631205673756 0.34 2.898841643733481
0.2050282225817472 0.43971631205673756 0.35 2.9141291501988826
0.21031170648690706 0.43971631205673756 0.36 2.9300707493543716
0.2155433204211316 0.43971631205673756 0.37 2.9466890582964265
0.22072112638542013 0.43971631205673756 0.38 2.9640080969196094
0.22584313843540693 0.43971631205673756 0.39 2.982053380562139
0.23090732038220319 0.43971631205673756 0.4 3.0008520203183067
0.23591158341245463 0.43971631205673756 0.41 3.02043283164933
0.24085378362971718 0.43971631205673756 0.42 3.0408264519860095
0.24573171951360517 0.43971631205673756 0.43 3.0620654682548145
0.2505431293068402 0.43971631205673756 0.44 3.0841845550135547
0.25528568832790305 0.43971631205673756 0.45 3.1072206243211724
0.2599570062219713 0.43971631205673756 0.46 3.131212988220031
0.26455462415535624 0.43971631205673756 0.47 3.156203535047304
0.2690760119659865 0.43971631205673756 0.48 3.1822369207736974
0.27351856529082574 0.43971631205673756 0.49 3.2093607765552274
0.27787960268405554 0.43971631205673756 0.5 3.2376259340569185
0.2821563627569696 0.43971631205673756 0.51 3.2670866699240673
0.2863460013721286 0.43971631205673756 0.52 3.2978009709918896
0.29044558893095135 0.43971631205673756 0.53 3.329830821940264
0.2944521078075853 0.43971631205673756 0.54 3.3632425170788967
0.2983624499929629 0.43971631205673756 0.55 3.3981069980137413
0.30217341502193834 0.43971631205673756 0.56 3.4345002190785365
0.3058817082833707 0.43971631205673756 0.57 3.472503542156458
0.30948393982253186 0.43971631205673756 0.58 3.512204162670153
0.31297662377956853 0.43971631205673756 0.59 3.553695568107296
0.3163561786285275 0.43971631205673756 0.6 3.5970780303352683
0.3196189284221017 0.43971631205673756 0.61 3.6424591323599795
0.3227611052843265 0.43971631205673756 0.62 3.6899543296033572
0.3257788534436541 0.43971631205673756 0.63 3.739687544790517
0.3286682351517549 0.43971631205673756 0.64 3.7917917943312958
0.3314252389082868 0.43971631205673756 0.65 3.846409842134328
0.3340457904688845 0.43971631205673756 0.66 3.903694874918127
0.33652576722180605 0.43971631205673756 0.67 3.9638111895648347
0.33886101659778445 0.43971631205673756 0.68 4.026934879567649
0.3410473792886853 0.43971631205673756 0.69 4.093254502537124
0.34308071817264946 0.43971631205673756 0.7 4.162971704246604
0.3449569539459087 0.43971631205673756 0.71 4.236301767209016
0.34667210859158404 0.43971631205673756 0.72 4.313474041766519
0.3482223579068503 0.43971631205673756 0.73 4.394732206258403
0.3496040943883907 0.43971631205673756 0.74 4.480334288878245
0.35081400132263646 0.43971631205673756 0.75 4.570552380265573
0.3518491424997143 0.43971631205673756 0.76 4.665671853533093
0.35270705986920525 0.43971631205673756 0.77 4.765990199464968
0.35338589289286554 0.43971631205673756 0.78 4.871815000363775
0.3538845086137453 0.43971631205673756 0.79 4.983461175681333
0.35420264696437376 0.43971631205673756 0.8 5.101247198391879
0.3543410780316612 0.43971631205673756 0.81 5.2254901510650305
0.0 0.45390070921985815 0.0 2.702554290486001
0.00608272173063157 0.45390070921985815 0.01 2.702738959412781
0.012164196386780268 0.45390070921985815 0.02 2.7032931578909727
0.01824317601483057 0.45390070921985815 0.03 2.7042174615212695
0.024318410901251444 0.45390070921985815 0.04 2.705512831307405
0.030388648688511433 0.45390070921985815 0.05 2.707180616170108
0.03645263348581818 0.45390070921985815 0.06 2.7092225565137693
0.042509104973506934 0.45390070921985815 0.07 2.711640788768129
0.048556797498559706 0.45390070921985815 0.08 2.714437851074284
0.054594439160390466 0.45390070921985815 0.09 2.7176166899923313
0.06062075088452932 0.45390070921985815 0.1 2.721180668364442
0.0666344454826126 0.45390070921985815 0.11 2.725133574333655
0.07263422669712172 0.45390070921985815 0.12 2.72947963154396
0.0786187882284775 0.45390070921985815 0.13 2.7342235106194535
0.08458681274284915 0.45390070921985815 0.14 2.739370341948557
0.0905369708592925 0.45390070921985815 0.15 2.7449257298036223
0.09646792011315526 0.45390070921985815 0.16 2.7508957679419326
0.10237830389415624 0.45390070921985815 0.17 2.7572870567257586
0.10826675035807469 0.45390070921985815 0.18 2.7641067217952267
0.11413187130758992 0.45390070921985815 0.19 2.7713624345196295
0.11997226104263181 0.45390070921985815 0.2 2.7790624341877503
0.12578649517596677 0.45390070921985815 0.21 2.7872155521627846
0.1315731294128504 0.45390070921985815 0.22 2.79583123806716
0.1373306982918026 0.45390070921985815 0.23 2.80491958816513
0.14305771388430247 0.45390070921985815 0.24 2.8144913760845105
0.14875266445051244 0.45390070921985815 0.25 2.824558086061211
0.15441401304946425 0.45390070921985815 0.26 2.835131948851705
0.16004019609890596 0.45390070921985815 0.27 2.8462259805995966
0.16562962188616506 0.45390070921985815 0.28 2.857854024727443
0.17118066902182702 0.45390070921985815 0.29 2.870030797300512
0.17669168483889128 0.45390070921985815 0.3 2.8827719359317663
0.18216098373149786 0.45390070921985815 0.31 2.8960940526372565
0.18758684543216386 0.45390070921985815 0.32 2.910014790904833
0.19296751322402853 0.45390070921985815 0.33 2.924552887355878
0.19830119208674327 0.45390070921985815 0.34 2.9397282383465546
0.20358604677077471 0.45390070921985815 0.35 2.955561972013833
0.20882019980868646 0.45390070921985815 0.36 2.9720765259099555
0.2140017294421585 0.45390070921985815 0.37 2.989295731300563
0.21912866748506604 0.45390070921985815 0.38 3.0072449040326035
0.22419899710854677 0.45390070921985815 0.39 3.025950942961999
0.22921065055174056 0.45390070921985815 0.4 3.045442436476418
0.2341615067612128 0.45390070921985815 0.41 3.0657497777624068
0.23904938895820774 0.45390070921985815 0.42 3.086905289662914
0.243872062140133 0.45390070921985815 0.43 3.1089433598789484
0.24862723051817928 0.45390070921985815 0.44 3.13190058750439
0.2533125349024306 0.45390070921985815 0.45 3.155815941766243
0.25792555004118 0.45390070921985815 0.46 3.1807309341082277
0.2624637819273705 0.45390070921985815 0.47 3.2066898047544194
0.2669246650924073 0.45390070921985815 0.48 3.233739724887589
0.2713055599036774 0.45390070921985815 0.49 3.2619310158701604
0.27560374989619507 0.45390070921985815 0.5 3.2913173868045664
0.27981643917006194 0.45390070921985815 0.51 3.321956191939143
0.2839407498943048 0.45390070921985815 0.52 3.3539087094687545
0.287973719970432 0.45390070921985815 0.53 3.3872404432549916
0.2919123009159527 0.45390070921985815 0.54 3.4220214491280116
0.29575335604235914 0.45390070921985815 0.55 3.4583266874124288
0.29949365902616976 0.45390070921985815 0.56 3.4962364030869684
0.3031298929766166 0.45390070921985815 0.57 3.5358365352120518
0.3066586501425228 0.45390070921985815 0.58 3.5772191566857643
0.31007643241751215 0.45390070921985815 0.59 3.6204829453249037
0.31337965284023733 0.45390070921985815 0.6 3.6657336866765786
0.31656463832443754 0.45390070921985815 0.61 3.713084808296249
0.31962763389635734 0.45390070921985815 0.62 3.762657944345022
0.3225648087743631 0.45390070921985815 0.63 3.814583527974895
0.3253722646800559 0.45390070921985815 0.64 3.869001407420136
0.3280460468441662 0.45390070921985815 0.65 3.9260614793774673
0.3305821582509595 0.45390070921985815 0.66 3.985924330314898
0.33297657774572065 0.45390070921985815 0.67 4.0487618727870975
0.33522528273238833 0.45390070921985815 0.68 4.114757958946209
0.337324277288314 0.45390070921985815 0.69 4.184108947542665
0.3392696266292634 0.45390070921985815 0.7 4.25702419329574
0.34105749895274734 0.45390070921985815 0.71 4.333726418640134
0.34268421577449365 0.45390070921985815 0.72 4.41445191704244
0.34414631194637263 0.45390070921985815 0.73 4.499450523975405
0.3454406058776246 0.45390070921985815 0.74 4.588985295002376
0.34656428537813067 0.45390070921985815 0.75 4.683331682607688
0.3475149979197845 0.45390070921985815 0.76 4.782776422708264
0.3482909645329386 0.45390070921985815 0.77 4.887615510378339
0.34889110066740947 0.45390070921985815 0.78 4.998151566035314
0.3493151518748738 0.45390070921985815 0.79 5.114690214910779
0.34956383999187257 0.45390070921985815 0.8 5.237535396500678
0.34963901659498736 0.45390070921985815 0.81 5.366983469476503
0.0 0.46808510638297873 0.0 2.7367281103307275
0.006044620509591349 0.46808510638297873 0.01 2.7369188406044773
0.012087977061825763 0.46808510638297873 0.02 2.7374912324193317
0.01812880480094494 0.46808510638297873 0.03 2.7384458893004595
0.02416583707274551 0.46808510638297873 0.04 2.7397838188842436
0.0301978045210823 0.46808510638297873 0.05 2.7415064356040837
0.036223434179349395 0.46808510638297873 0.06 2.7436155644361464
0.04224144855509332 0.46808510638297873 0.07 2.7461134457655003
0.0482505647062063 0.46808510638297873 0.08 2.749002741360521
0.05424949330678684 0.46808510638297873 0.09 2.75228654151458
0.060236937700718585 0.46808510638297873 0.1 2.755968373396559
0.06621159294198273 0.46808510638297873 0.11 2.760052210569864
0.07217214481852677 0.46808510638297873 0.12 2.764542483863889
0.07811726885922737 0.46808510638297873 0.13 2.7694440935103852
0.08404562932094783 0.46808510638297873 0.14 2.7747624227075174
0.08995587815424501 0.46808510638297873 0.15 2.7805033526294762
0.09584665394587008 0.46808510638297873 0.16 2.7866732789525877
0.10171658083585405 0.46808510638297873 0.17 2.7932791299956836
0.10756426740631461 0.46808510638297873 0.18 2.8003283866067448
0.11338830554150285 0.46808510638297873 0.19 2.8078291038014735
0.11918726925558785 0.46808510638297873 0.2 2.815789934346281
0.12495971348591886 0.46808510638297873 0.21 2.8242201544023193
0.13070417285046032 0.46808510638297873 0.22 2.833129691318477
0.13641916036627902 0.46808510638297873 0.23 2.842529153763369
0.14210316612641613 0.46808510638297873 0.24 2.852429864368299
0.14775465593406611 0.46808510638297873 0.25 2.86284389500355
0.15337206988955152 0.46808510638297873 0.26 2.8737841049702815
0.158953820929935 0.46808510638297873 0.27 2.8852641822280125
0.16449829331730834 0.46808510638297873 0.28 2.897298687954991
0.17000384107292055 0.46808510638297873 0.29 2.909903104708027
0.17546878635707744 0.46808510638297873 0.3 2.9230938883796287
0.18089141778885814 0.46808510638297873 0.31 2.9368885243871743
0.18626998870774195 0.46808510638297873 0.32 2.951305588280157
0.19160271537080387 0.46808510638297873 0.33 2.9663648112771415
0.19688777508692742 0.46808510638297873 0.34 2.982087151021679
0.20212330428435235 0.46808510638297873 0.35 2.9984948680632457
0.20730739651203053 0.46808510638297873 0.36 3.0156116084873648
0.21243810037249694 0.46808510638297873 0.37 3.0334624932629497
0.21751341738690458 0.46808510638297873 0.38 3.0520742148486626
0.22253129979289138 0.46808510638297873 0.39 3.071475141674292
0.22748964827703166 0.46808510638297873 0.4 3.0916954311632945
0.23238630964321852 0.46808510638297873 0.41 3.1127671520629225
0.23721907442234066 0.46808510638297873 0.42 3.1347244168373236
0.24198567442973443 0.46808510638297873 0.43 3.157603524964749
0.24668378027475857 0.46808510638297873 0.44 3.1814431181596596
0.2513109988370622 0.46808510638297873 0.45 3.2062843484081314
0.2558648707209943 0.46808510638297873 0.46 3.232171059946056
0.2603428677044673 0.46808510638297873 0.47 3.259149986351116
0.26474239020582524 0.46808510638297873 0.48 3.287270963924151
0.26906076479374186 0.46808510638297873 0.49 3.3165871627065173
0.27329524177536973 0.46808510638297873 0.5 3.347155336450232
0.2774429929023513 0.46808510638297873 0.51 3.379036092995848
0.28150110924643484 0.46808510638297873 0.52 3.412294186478624
0.2854665993054193 0.46808510638297873 0.53 3.446998832847965
0.2893363874149196 0.46808510638297873 0.54 3.4832240501244223
0.29310731255556155 0.46808510638297873 0.55 3.5210490247872053
0.29677612766655187 0.46808510638297873 0.56 3.5605585054853615
0.3003394995950506 0.46808510638297873 0.57 3.601843225131325
0.3037940098428258 0.46808510638297873 0.58 3.645000351955819
0.3071361562934398 0.46808510638297873 0.59 3.6901339698315065
0.3103623561520433 0.46808510638297873 0.6 3.737355587184042
0.31346895035899297 0.46808510638297873 0.61 3.786784673186318
0.31645220979682204 0.46808510638297873 0.62 3.8385492184503383
0.3193083436655202 0.46808510638297873 0.63 3.892786315789756
0.32203351045857753 0.46808510638297873 0.64 3.9496427546182042
0.3246238320521214 0.46808510638297873 0.65 4.009275619566086
0.3270754115009495 0.46808510638297873 0.66 4.071852880288573
0.32938435521150666 0.46808510638297873 0.67 4.137553955188555
0.3315468002626493 0.46808510638297873 0.68 4.206570225929333
0.33355894773892375 0.46808510638297873 0.69 4.279105472644136
0.3354171030153312 0.46808510638297873 0.7 4.355376191671303
0.3371177240234357 0.46808510638297873 0.71 4.435611747165144
0.33865747854382067 0.46808510638297873 0.72 4.520054297004576
0.3400333106743159 0.46808510638297873 0.73 4.608958444434203
0.3412425237786014 0.46808510638297873 0.74 4.702590356429897
0.34228286242397415 0.46808510638297873 0.75 4.801226741480862
0.343152622711813 0.46808510638297873 0.76 4.905152787229756
0.34385076392068925 0.46808510638297873 0.77 5.014659660639976
0.3443770355152443 0.46808510638297873 0.78 5.130041034526425
0.344732113202373 0.46808510638297873 0.79 5.251588630105224
0.3449177413280052 0.46808510638297873 0.8 5.379586648015398
0.3449368766455018 0.46808510638297873 0.81 5.5143050133564335
0.0 0.48226950354609927 0.0 2.77204266757214
0.00600599002959032 0.48226950354609927 0.01 2.772239748701768
0.0120106988929503 0.48226950354609927 0.02 2.772831202938993
0.018012844505978353 0.48226950354609927 0.03 2.7738176633941056
0.02401114294711789 0.48226950354609927 0.04 2.7752001871320022
0.030004307534307682 0.48226950354609927 0.05 2.7769802580106164
0.03599104789687356 0.48226950354609927 0.06 2.7791597906492056
0.04197006904044552 0.48226950354609927 0.07 2.7817411355908117
0.0479400704031836 0.48226950354609927 0.08 2.784727085658812
0.05389974490192377 0.48226950354609927 0.09 2.7881208834993902
0.05984777796556904 0.48226950354609927 0.1 2.7919262304560375
0.06578284655502399 0.48226950354609927 0.11 2.796147296680003
0.07170361816693596 0.48226950354609927 0.12 2.8007887326350653
0.07760874981974991 0.48226950354609927 0.13 2.805855682003709
0.08349688702012607 0.48226950354609927 0.14 2.8113537960653128
0.08936666270781249 0.48226950354609927 0.15 2.8172892496160786
0.09521669617682374 0.48226950354609927 0.16 2.823668758521472
0.10104559197108366 0.48226950354609927 0.17 2.830499598976499
0.10685193875209127 0.48226950354609927 0.18 2.8377896285939688
0.11263430813717 0.48226950354609927 0.19 2.845547309389858
0.11839125350539029 0.48226950354609927 0.2 2.853781732829611
0.12412130876939431 0.48226950354609927 0.21 2.862502647041183
0.1298229871111129 0.48226950354609927 0.22 2.871720486331348
0.13549477967805063 0.48226950354609927 0.23 2.881446403212793
0.14113515423947504 0.48226950354609927 0.24 2.891692303040276
0.14674255379876172 0.48226950354609927 0.25 2.9024708815136213
0.1523153951602841 0.48226950354609927 0.26 2.913795665223075
0.15785206744877084 0.48226950354609927 0.27 2.9256810554585204
0.16335093057783176 0.48226950354609927 0.28 2.9381423755719154
0.16881031366677937 0.48226950354609927 0.29 2.9511959221134187
0.17422851340302098 0.48226950354609927 0.3 2.9648590200645315
0.17960379234770335 0.48226950354609927 0.31 2.979150082503997
0.18493437718335717 0.48226950354609927 0.32 2.994088675041165
0.19021845690144007 0.48226950354609927 0.33 3.009695585421881
0.19545418093010777 0.48226950354609927 0.34 3.0259928986779374
0.20063965719831628 0.48226950354609927 0.35 3.0430040783775993
0.20577295013864963 0.48226950354609927 0.36 3.060754054387427
0.2108520786284858 0.48226950354609927 0.37 3.079269317713533
0.21587501386878225 0.48226950354609927 0.38 3.0985780230656945
0.22083967720585782 0.48226950354609927 0.39 3.118710099686722
0.22574393789433497 0.48226950354609927 0.4 3.1396973712899245
0.2305856108117772 0.48226950354609927 0.41 3.161573685687453
0.23536245412472073 0.48226950354609927 0.42 3.1843750551132524
0.24007216692078556 0.48226950354609927 0.43 3.208139807943306
0.2447123868122044 0.48226950354609927 0.44 3.232908752913841
0.24928068752810387 0.48226950354609927 0.45 3.25872535675687
0.2537745765120552 0.48226950354609927 0.46 3.2856359363645984
0.2581914925459718 0.48226950354609927 0.47 3.31368986665296
0.26252880342798507 0.48226950354609927 0.48 3.3429398053217647
0.2667838037394729 0.48226950354609927 0.49 3.3734419357324055
0.270953712739496 0.48226950354609927 0.5 3.4052562292797988
0.2750356724378951 0.48226950354609927 0.51 3.438446728554566
0.2790267459088813 0.48226950354609927 0.52 3.473081852594199
0.2829239159163553 0.48226950354609927 0.53 3.50923472556697
0.2867240839429902 0.48226950354609927 0.54 3.546983530002573
0.29042406972590484 0.48226950354609927 0.55 3.586411885707947
0.29402061143053604 0.48226950354609927 0.56 3.627609255076234
0.29751036661165026 0.48226950354609927 0.57 3.6706713753306945
0.30088991414909605 0.48226950354609927 0.58 3.7157007175095194
0.30415575736770584 0.48226950354609927 0.59 3.7628069716091894
0.30730432860483403 0.48226950354609927 0.6 3.812107556012199
0.3103319955223854 0.48226950354609927 0.61 3.8637281483873975
0.3132350695181812 0.48226950354609927 0.62 3.9178032334836095
0.3160098166546269 0.48226950354609927 0.63 3.974476661032885
0.31865247158142246 0.48226950354609927 0.64 4.033902204464912
0.3211592550068545 0.48226950354609927 0.65 4.096244107590665
0.3235263953500037 0.48226950354609927 0.66 4.161677602137722
0.32575015529112133 0.48226950354609927 0.67 4.230389373619709
0.3278268640084187 0.48226950354609927 0.68 4.302577946782723
0.32975295597844534 0.48226950354609927 0.69 4.378453953680419
0.3315250172668875 0.48226950354609927 0.7 4.458240238416291
0.3331398402702721 0.48226950354609927 0.71 4.542171741827231
0.3345944866206787 0.48226950354609927 0.72 4.6304951315172245
0.33588636757346346 0.48226950354609927 0.73 4.72346786151997
0.337013317939394 0.48226950354609927 0.74 4.821357247474652
0.3379737034014114 0.48226950354609927 0.75 4.924438358919192
0.3387665235158631 0.48226950354609927 0.76 5.032991649981612
0.33939153078655565 0.48226950354609927 0.77 5.147299620845726
0.33984935744720957 0.48226950354609927 0.78 5.26764257461239
0.34014164775668354 0.48226950354609927 0.79 5.394293346656101
0.34027119121607663 0.48226950354609927 0.8 5.527510943244717
0.0 0.49645390070921985 0.0 2.808552223385096
0.005966820818589468 0.49645390070921985 0.01 2.8087559622674054
0.011932342932280897 0.49645390070921985 0.02 2.809367400214648
0.017895266698612546 0.49645390070921985 0.03 2.8103872017129277
0.023854290598306422 0.49645390070921985 0.04 2.811816476226933
0.029808110292472066 0.49645390070921985 0.05 2.8136567812188638
0.0357554176746381 0.49645390070921985 0.06 2.815910126367932
0.0416948999159469 0.49645390070921985 0.07 2.818578979019719
0.04762523850126648 0.49645390070921985 0.08 2.821666270958718
0.05354510825529986 0.49645390070921985 0.09 2.825175406402897
0.05945317635589014 0.49645390070921985 0.1 2.829110271408485
0.06534810133350874 0.49645390070921985 0.11 2.8334752446154527
0.0712285320546133 0.49645390070921985 0.12 2.8382752094485024
0.07709310668705345 0.49645390070921985 0.13 2.843515567819742
0.08294045164580592 0.49645390070921985 0.14 2.849202255385782
0.0887691805171052 0.49645390070921985 0.15 2.855341758439868
0.09457789295828804 0.49645390070921985 0.16 2.8619411325695214
0.10036517357265964 0.49645390070921985 0.17 2.869008023083757
0.10612959075585911 0.49645390070921985 0.18 2.876550687413903
0.11186969551309599 0.49645390070921985 0.19 2.884578019512569
0.11758402024360101 0.49645390070921985 0.2 2.8930995764688037
0.12327107749172592 0.49645390070921985 0.21 2.902125607391438
0.1289293586613736 0.49645390070921985 0.22 2.9116670847793094
0.13455733269202425 0.49645390070921985 0.23 2.9217357385219356
0.1401534446941934 0.49645390070921985 0.24 2.9323440927159634
0.14571611454245967 0.49645390070921985 0.25 2.9435055054882704
0.1512437354231341 0.49645390070921985 0.26 2.9552342120812627
0.1567346723353496 0.49645390070921985 0.27 2.9675453714050346
0.1621872605430553 0.49645390070921985 0.28 2.98045511634275
0.16759980397600246 0.49645390070921985 0.29 2.9939806080970155
0.17297057357892034 0.49645390070921985 0.3 3.0081400948579793
0.17829780560528086 0.49645390070921985 0.31 3.022952975210906
0.18357969985673475 0.49645390070921985 0.32 3.03843986657051
0.1888144178661266 0.49645390070921985 0.33 3.0546226790925886
0.19400008102221183 0.49645390070921985 0.34 3.0715246955476334
0.19913476863923074 0.49645390070921985 0.35 3.0891706575333133
0.20421651596890372 0.49645390070921985 0.36 3.10758685865112
0.2092433121572988 0.49645390070921985 0.37 3.1268012451790805
0.2142130981499276 0.49645390070921985 0.38 3.146843524827897
0.2191237645455621 0.49645390070921985 0.39 3.167745284339468
0.2239731494085493 0.49645390070921985 0.4 3.1895401165053627
0.22875903604095638 0.49645390070921985 0.41 3.2122637575423165
0.2334791507261261 0.49645390070921985 0.42 3.2359542355760262
0.23813116045576652 0.49645390070921985 0.43 3.2606520311082985
0.24271267065121693 0.49645390070921985 0.44 3.2864002505268237
0.2472212229007599 0.49645390070921985 0.45 3.313244813563522
0.25165429273172035 0.49645390070921985 0.46 3.3412346558721397
0.25600928744730667 0.49645390070921985 0.47 3.3704219477808093
0.2602835440594619 0.49645390070921985 0.48 3.400862330450239
0.2644743273600577 0.49645390070921985 0.49 3.432615170597461
0.26857882817974166 0.49645390070921985 0.5 3.4657438350032113
0.2725941618924689 0.49645390070921985 0.51 3.5003159860463184
0.2765173672432903 0.49645390070921985 0.52 3.536403899267777
0.28034540557742627 0.49645390070921985 0.53 3.574084804227608
0.2840751605841253 0.49645390070921985 0.54 3.613441249276207
0.28770343867299564 0.49645390070921985 0.55 3.654561491018828
0.29122697013404647 0.49645390070921985 0.56 3.6975399086299476
0.29464241125540586 0.49645390070921985 0.57 3.742477442788308
0.297946347607636 0.49645390070921985 0.58 3.789482058235097
0.3011352987406023 0.49645390070921985 0.59 3.838669228030317
0.3042057245791971 0.49645390070921985 0.6 3.8901624364159417
0.30715403385722473 0.49645390070921985 0.61 3.9440936954888093
0.3099765949782779 0.49645390070921985 0.62 4.000604068970584
0.3126697497618059 0.49645390070921985 0.63 4.059844193537541
0.31522983058776927 0.49645390070921985 0.64 4.1219747851793525
0.3176531815357377 0.49645390070921985 0.65 4.1871671136704585
0.3199361841823297 0.49645390070921985 0.66 4.255603423330089
0.32207528878919267 0.49645390070921985 0.67 4.327477272217605
0.3240670516817708 0.49645390070921985 0.68 4.402993754498997
0.32590817967225144 0.49645390070921985 0.69 4.482369562008616
0.3275955823892692 0.49645390070921985 0.7 4.565832831497954
0.32912643203436887 0.49645390070921985 0.71 4.653622750447069
0.33049824045680204 0.49645390070921985 0.72 4.745988586912105
0.331708927450287 0.49645390070921985 0.73 4.843188809105413
0.33275692349552005 0.49645390070921985 0.74 4.945488982842231
0.33364126566253655 0.49645390070921985 0.75 5.053159500580171
0.3343617092122563 0.49645390070921985 0.76 5.166472372051961
0.3349188458691247 0.49645390070921985 0.77 5.2856971781333195
0.33531422686784196 0.49645390070921985 0.78 5.411096073334624
0.3355504865197017 0.49645390070921985 0.79 5.542917783750504
0.33563146047353615 0.49645390070921985 0.8 5.681390601713307
0.0 0.5106382978723404 0.0 2.846314339927569
0.005927103268459742 0.5106382978723404 0.01 2.8465250620685656
0.011852889960224522 0.5106382978723404 0.02 2.847157460869152
0.01777604254119995 0.5106382978723404 0.03 2.8482122340953175
0.023695241560789993 0.5106382978723404 0.04 2.8496905467978633
0.029609164689212323 0.5106382978723404 0.05 2.8515940345183113
0.035516485749665316 0.5106382978723404 0.06 2.853924807755949
0.041415873743324595 0.5106382978723404 0.07 2.8566854577881156
0.04730599186574364 0.5106382978723404 0.08 2.859879063798395
0.05318549651251474 0.5106382978723404 0.09 2.863509201414495
0.05905303627240146 0.5106382978723404 0.1 2.8675799526748924
0.0649072509066107 0.5106382978723404 0.11 2.8720959174246747
0.07074677031164224 0.5106382978723404 0.12 2.8770622262780656
0.0765702134641824 0.5106382978723404 0.13 2.88248455516469
0.08237618734615793 0.5106382978723404 0.14 2.8883691415342287
0.08816328584835971 0.5106382978723404 0.15 2.8947228022806852
0.09393008864942642 0.5106382978723404 0.16 2.901552953564806
0.0996751600700446 0.5106382978723404 0.17 2.908867632503485
0.10539704789876385 0.5106382978723404 0.18 2.916675520951617
0.11109428218808179 0.5106382978723404 0.19 2.9249859714481214
0.1167653740192965 0.5106382978723404 0.2 2.9338090354369966
0.1224088142323673 0.5106382978723404 0.21 2.9431554940042606
0.12802307212126884 0.5106382978723404 0.22 2.9530368911598854
0.13360659409000464 0.5106382978723404 0.23 2.963465569988361
0.13915780226978072 0.5106382978723404 0.24 2.974454711738207
0.14467509309329932 0.5106382978723404 0.25 2.9860183781642347
0.1501568358262242 0.5106382978723404 0.26 2.998171557268538
0.1556013710516917 0.5106382978723404 0.27 3.010930212795679
0.16100700910860388 0.5106382978723404 0.28 3.024311337658731
0.16637202848045937 0.5106382978723404 0.29 3.038333011673388
0.1716946741344088 0.5106382978723404 0.3 3.0530144638918886
0.17697315580766076 0.5106382978723404 0.31 3.0683761399647973
0.18220564624414817 0.5106382978723404 0.32 3.084439774793545
0.18739027937750766 0.5106382978723404 0.33 3.101228471036568
0.19252514846121488 0.5106382978723404 0.34 3.1187667839064246
0.19760830415044772 0.5106382978723404 0.35 3.137080812642739
0.20263775253121413 0.5106382978723404 0.36 3.1561982994131883
0.20761145310542825 0.5106382978723404 0.37 3.1761487360362346
0.21252731673112113 0.5106382978723404 0.38 3.1969634793170836
0.21738320352651108 0.5106382978723404 0.39 3.218675875577461
0.22217692074222276 0.5106382978723404 0.4 3.241321395205875
0.22690622061268748 0.5106382978723404 0.41 3.2649377779641853
0.23156879819714118 0.5106382978723404 0.42 3.289565189936009
0.23616228922508 0.5106382978723404 0.43 3.3152463930120395
0.24068426796425102 0.5106382978723404 0.44 3.3420269278706742
0.24513224513375168 0.5106382978723404 0.45 3.3699553114546803
0.24950366588801984 0.5106382978723404 0.46 3.3990832500383026
0.25379590790800544 0.5106382978723404 0.47 3.42946586888793
0.2580062796376195 0.5106382978723404 0.48 3.46116195968696
0.2621320187153631 0.5106382978723404 0.49 3.494234246800622
0.26617029065860015 0.5106382978723404 0.5 3.528749673494181
0.2701181878770451 0.5106382978723404 0.51 3.5647797089577202
0.2739727290908924 0.5106382978723404 0.52 3.602400677276286
0.2777308592640329 0.5106382978723404 0.53 3.6416941088051575
0.28138945016784184 0.5106382978723404 0.54 3.6827471145205433
0.2849453017209814 0.5106382978723404 0.55 3.7256527833380186
0.2883951442726593 0.5106382978723404 0.56 3.7705106019808556
0.2917356420319004 0.5106382978723404 0.57 3.81742689615435
0.2949633978766594 0.5106382978723404 0.58 3.8665152909511145
0.2980749598155617 0.5106382978723404 0.59 3.9178971872270774
0.30106682942763746 0.5106382978723404 0.6 3.9717022489342417
0.30393547264606663 0.5106382978723404 0.61 4.02806889466508
0.3066773333173113 0.5106382978723404 0.62 4.087144783898127
0.3092888500204507 0.5106382978723404 0.63 4.149087285473104
0.3117664767049894 0.5106382978723404 0.64 4.214063911675013
0.3141067077528064 0.5106382978723404 0.65 4.28225269701456
0.31630610816467064 0.5106382978723404 0.66 4.353842494178847
0.31836134958198065 0.5106382978723404 0.67 4.429033153991628
0.3202692529374474 0.5106382978723404 0.68 4.508035547069046
0.32202683851725217 0.5106382978723404 0.69 4.591071376411902
0.3236313829841282 0.5106382978723404 0.7 4.678372754979699
0.3250804921909051 0.5106382978723404 0.71 4.770181240933649
0.32637216658404644 0.5106382978723404 0.72 4.866746933057749
0.32750489733843496 0.5106382978723404 0.73 4.968326439704354
0.32847775688190395 0.5106382978723404 0.74 5.075180665789222
0.32929050336723487 0.5106382978723404 0.75 5.187571729446974
0.32994369111942007 0.5106382978723404 0.76 5.3057590970765425
0.3304387851922261 0.5106382978723404 0.77 5.429994836302261
0.3307782760889269 0.5106382978723404 0.78 5.560517942468897
0.3309657892888382 0.5106382978723404 0.79 5.697547745017125
0.3310061827252942 0.5106382978723404 0.8 5.841276472846613
0.0 0.524822695035461 0.0 2.8853901161222284
0.0058868276460464644 0.524822695035461 0.01 2.8856081669298432
0.011772320507724355 0.524822695035461 0.02 2.886262563491628
0.01765514282334324 0.524822695035461 0.03 2.8873540388787755
0.023533956874763944 0.524822695035461 0.04 2.8888838171394884
0.02940742200482982 0.524822695035461 0.05 2.8908536166632923
0.03527419362942947 0.524822695035461 0.06 2.8932656549546154
0.04113292224250842 0.524822695035461 0.07 2.8961226547928094
0.04698225241229577 0.524822695035461 0.08 2.8994278518134697
0.052820821766818314 0.524822695035461 0.09 2.903185003568275
0.058647259966942485 0.524822695035461 0.1 2.907398400093709
0.06446018766517857 0.524822695035461 0.11 2.9120728760356993
0.07025821544818069 0.524822695035461 0.12 2.9172138244118218
0.07603994276151094 0.524822695035461 0.13 2.9228272120377405
0.0818039568143547 0.524822695035461 0.14 2.9289195967382855
0.08754883146215552 0.524822695035461 0.15 2.935498146430362
0.09327312606625791 0.524822695035461 0.16 2.942570660103145
0.09897538432677913 0.524822695035461 0.17 2.9501455909334444
0.10465413308926508 0.524822695035461 0.18 2.9582320714849724
0.1103078811204137 0.524822695035461 0.19 2.966839941303092
0.11593511785314392 0.524822695035461 0.2 2.9759797769058887
0.12153431209795429 0.524822695035461 0.21 2.98566292440177
0.12710391071880822 0.524822695035461 0.22 2.9959015348949225
0.13264233727191663 0.524822695035461 0.23 3.006708602856139
0.13814799060519561 0.524822695035461 0.24 3.018098007686487
0.14361924341730656 0.524822695035461 0.25 3.030084558670694
0.14905444077344693 0.524822695035461 0.26 3.0426840436213793
0.15445189857803895 0.524822695035461 0.27 3.055913281412057
0.1598099020014081 0.524822695035461 0.28 3.0697901787630197
0.16512670385998793 0.524822695035461 0.29 3.0843337915717357
0.1704005229501001 0.524822695035461 0.3 3.09956439110631
0.1756295423327415 0.524822695035461 0.31 3.11550353552283
0.18081190757189158 0.524822695035461 0.32 3.132174147023746
0.18594572492441871 0.524822695035461 0.33 3.1496005951962545
0.19102905948518709 0.524822695035461 0.34 3.1678087869299048
0.1960599332869983 0.524822695035461 0.35 3.186826263522542
0.20103632336026736 0.524822695035461 0.36 3.2066823054759888
0.2059561597554021 0.524822695035461 0.37 3.2274080456353307
0.21081732353469304 0.524822695035461 0.38 3.2490365912919144
0.21561764473849962 0.524822695035461 0.39 3.2716031560369334
0.22035490033948366 0.524822695035461 0.4 3.295145201985289
0.22502681219146559 0.524822695035461 0.41 3.3197025933391284
0.22963104499146664 0.524822695035461 0.42 3.345317762027197
0.23416520427281717 0.524822695035461 0.43 3.372035886335452
0.23862683444922425 0.524822695035461 0.44 3.399905083545395
0.24301341694045997 0.524822695035461 0.45 3.4289766174605716
0.24732236841042254 0.524822695035461 0.46 3.459305121895133
0.2515510391586396 0.524822695035461 0.47 3.490948841107885
0.2556967117146922 0.524822695035461 0.48 3.52396988814941
0.2597565996924676 0.524822695035461 0.49 3.558434522112226
0.26372784697277185 0.524822695035461 0.5 3.5944134451865635
0.2676075272998541 0.524822695035461 0.51 3.631982120195888
0.2713926443901689 0.524822695035461 0.52 3.671221109172852
0.27508013266751613 0.524822695035461 0.53 3.7122164333235226
0.2786668587670173 0.524822695035461 0.54 3.7550599541498455
0.2821496239701171 0.524822695035461 0.55 3.7998497751107942
0.28552516776023235 0.524822695035461 0.56 3.8466906625305985
0.2887901727297588 0.524822695035461 0.57 3.8956944833178753
0.2919412710943947 0.524822695035461 0.58 3.946980656191248
0.2949750531244778 0.524822695035461 0.59 4.000676611263816
0.2978880778429729 0.524822695035461 0.6 4.056918251086585
0.3006768863934578 0.524822695035461 0.61 4.115850403755276
0.30333801853637604 0.524822695035461 0.62 4.177627255670005
0.3058680327929456 0.524822695035461 0.63 4.242412747726893
0.3082635308058334 0.524822695035461 0.64 4.310380914431
0.3105211865536383 0.524822695035461 0.65 4.381716139643059
0.312637781085852 0.524822695035461 0.66 4.456613296745296
0.31461024349630634 0.524822695035461 0.67 4.535277733037445
0.3164356988322449 0.524822695035461 0.68 4.617925050537203
0.31811152277211335 0.524822695035461 0.69 4.704780650789001
0.3196354094405815 0.524822695035461 0.7 4.796078805763501
0.321005436089034 0.524822695035461 0.71 4.892061671675082
0.3222201511350674 0.524822695035461 0.72 4.992977383209544
0.3232786606718259 0.524822695035461 0.73 5.099077865177379
0.32418072616274246 0.524822695035461 0.74 5.210615871271617
0.3249268676738197 0.524822695035461 0.75 5.32784128598632
0.3255184706180033 0.524822695035461 0.76 5.450996607630389
0.32595789234571776 0.524822695035461 0.77 5.580311575928446
0.32624856363891835 0.524822695035461 0.78 5.715996955224179
0.3263950788495226 0.524822695035461 0.79 5.858237550654871
0.3264032671807373 0.524822695035461 0.8 6.0071846213641935
0.0 0.5390070921985816 0.0 2.925844441563665
0.005845984106757594 0.5390070921985816 0.01 2.926070187753011
0.011690614883562411 0.5390070921985816 0.02 2.9267476829359116
0.01753253800310643 0.5390070921985816 0.03 2.9278776976839747
0.023370397141681522 0.5390070921985816 0.04 2.929461518649749
0.02920283297643148 0.5390070921985816 0.05 2.9315009521991398
0.03502848217753011 0.5390070921985816 0.06 2.93399832942783
0.04084597639308869 0.5390070921985816 0.07 2.9369565127237833
0.046653941225151686 0.5390070921985816 0.08 2.940378903837115
0.052450995195347495 0.5390070921985816 0.09 2.94426945346425
0.05823574869749622 0.5390070921985816 0.1 2.948632672513335
0.06400680293654815 0.5390070921985816 0.11 2.953473644947898
0.069762748850958 0.5390070921985816 0.12 2.958798042409252
0.07550216601701883 0.5390070921985816 0.13 2.9646121406321058
0.081223621533791 0.5390070921985816 0.14 2.9709228377010395
0.08692566888591151 0.5390070921985816 0.15 2.977737674314794
0.09260684678300704 0.5390070921985816 0.16 2.985064856106782
0.09826567797346075 0.5390070921985816 0.17 2.992913278165202
0.10390066803126005 0.5390070921985816 0.18 3.0012925518396654
0.10951030411295411 0.5390070921985816 0.19 3.010213034043528
0.11509305368443726 0.5390070921985816 0.2 3.0196858591091256
0.12064736321407246 0.5390070921985816 0.21 3.0297229734642412
0.1261716568316808 0.5390070921985816 0.22 3.040337173237962
0.13166433495096022 0.5390070921985816 0.23 3.0515421450396776
0.1371237728541926 0.5390070921985816 0.24 3.063352510107076
0.14254831923753294 0.5390070921985816 0.25 3.0757838720756325
0.1479362947152365 0.5390070921985816 0.26 3.0888528686442367
0.15328599028227027 0.5390070921985816 0.27 3.102577227395787
0.15859566573415357 0.5390070921985816 0.28 3.1169758260964566
0.16386354804298303 0.5390070921985816 0.29 3.1320687578287383
0.16908782969061636 0.5390070921985816 0.3 3.1478774012777095
0.174266666957623 0.5390070921985816 0.31 3.1644244966333908
0.17939817817025064 0.5390070921985816 0.32 3.1817342274835108
0.1844804419054531 0.5390070921985816 0.33 3.1998323092171863
0.189511495158268 0.5390070921985816 0.34 3.2187460843720777
0.19448933147211128 0.5390070921985816 0.35 3.2385046255660943
0.1994118990397375 0.5390070921985816 0.36 3.2591388464852247
0.2042770987768728 0.5390070921985816 0.37 3.280681621689541
0.20908278238012626 0.5390070921985816 0.38 3.3031679157757403
0.2138267503759936 0.5390070921985816 0.39 3.326634922710045
0.21850675017387758 0.5390070921985816 0.4 3.3511222160647325
0.22312047413889477 0.5390070921985816 0.41 3.376671910939805
0.22766555770151253 0.5390070921985816 0.42 3.403328838458471
0.23213957752720302 0.5390070921985816 0.43 3.431140733694395
0.23654004977523957 0.5390070921985816 0.44 3.4601584378855295
0.24086442847423845 0.5390070921985816 0.45 3.490436116018315
0.2451101040630557 0.5390070921985816 0.46 3.522031490443432
0.24927440213447766 0.5390070921985816 0.47 3.5550060917253954
0.2533545824491156 0.5390070921985816 0.48 3.5894255272726
0.25734783827967406 0.5390070921985816 0.49 3.6253597687345214
0.26125129617074166 0.5390070921985816 0.5 3.6628834586593997
0.2650620162095571 0.5390070921985816 0.51 3.702076236836681
0.26877699292206997 0.5390070921985816 0.52 3.743023086418307
0.2723931569269218 0.5390070921985816 0.53 3.7858146995707656
0.2759073775046939 0.5390070921985816 0.54 3.830547861840447
0.27931646627163925 0.5390070921985816 0.55 3.877325853576149
0.28261718216758946 0.5390070921985816 0.56 3.926258866124301
0.2858062380117301 0.5390070921985816 0.57 3.97746442908233
0.28888030891482763 0.5390070921985816 0.58 4.0310678435171425
0.29183604288596277 0.5390070921985816 0.59 4.087202613998977
0.29467007400444095 0.5390070921985816 0.6 4.146010870355152
0.2973790385985326 0.5390070921985816 0.61 4.2076437665687765
0.29995959490805274 0.5390070921985816 0.62 4.272261841163736
0.30240844676619977 0.5390070921985816 0.63 4.340035318944253
0.30472237188443474 0.5390070921985816 0.64 4.41114432883601
0.3068982553638106 0.5390070921985816 0.65 4.485779006573211
0.30893312907036596 0.5390070921985816 0.66 4.5641394443656065
0.31082421752080475 0.5390070921985816 0.67 4.646435441683677
0.31256899033978786 0.5390070921985816 0.68 4.732886019470089
0.3141652254191893 0.5390070921985816 0.69 4.82371852550105
0.31561107288171697 0.5390070921985816 0.7 4.919167569612398
0.3169051356175012 0.5390070921985816 0.71 5.0194732370682535
0.31804655205146487 0.5390070921985816 0.72 5.1248789215907165
0.3190350875613323 0.5390070921985816 0.73 5.235628477378312
0.3198712310453188 0.5390070921985816 0.74 5.351962674861118
0.3205562944601369 0.5390070921985816 0.75 5.4741148954607635
0.3210925119166757 0.5390070921985816 0.76 5.602306035932288
0.3214831337729505 0.5390070921985816 0.77 5.736738637237134
0.3217325099855085 0.5390070921985816 0.78 5.877590314220893
0.32184615589132376 0.5390070921985816 0.79 6.025006641180294
0.0 0.5531914893617021 0.0 2.9677462698623445
0.00580456271112753 0.5531914893617021 0.01 2.9679801009494917
0.01160775320754494 0.5531914893617021 0.02 2.968681864091633
0.017408198257232187 0.5531914893617021 0.03 2.969852369653694
0.0232045225916789 0.5531914893617021 0.04 2.971492970812589
0.02899534788328569 0.5531914893617021 0.05 2.9736055673413038
0.034779291717463426 0.5531914893617021 0.06 2.9761926109777597
0.04055496655741375 0.5531914893617021 0.07 2.9792571124078466
0.046320978700537654 0.5531914893617021 0.08 2.9828026497721525
0.05207592722345087 0.5531914893617021 0.09 2.986833378948281
0.05781840291527651 0.5531914893617021 0.1 2.991354045423695
0.06354698719630567 0.5531914893617021 0.11 2.996369997994008
0.06926025102055536 0.5531914893617021 0.12 3.0018872042897007
0.07495675376056471 0.5531914893617021 0.13 3.00791226819789
0.08063504207256014 0.5531914893617021 0.14 3.014452449277103
0.08629364873995418 0.5531914893617021 0.15 3.0215156842796547
0.09193109149352005 0.5531914893617021 0.16 3.0291106108749952
0.09754587180654113 0.5531914893617021 0.17 3.0372465936899515
0.10313647366301928 0.5531914893617021 0.18 3.0459337528105928
0.10870136229719637 0.5531914893617021 0.19 3.0551829948919265
0.11423898290260351 0.5531914893617021 0.2 3.065006047041278
0.11974775930955674 0.5531914893617021 0.21 3.0754154936226796
0.12522609262825674 0.5531914893617021 0.22 3.08642481624715
0.13067235985784767 0.5531914893617021 0.23 3.098048437063359
0.13608491245759738 0.5531914893617021 0.24 3.1103017657096443
0.1414620748825423 0.5531914893617021 0.25 3.1232012500077246
0.14680214307883455 0.5531914893617021 0.26 3.136764430859677
0.15210338294024736 0.5531914893617021 0.27 3.1510100015398197
0.15736402872566424 0.5531914893617021 0.28 3.165957871704299
0.1625822814363118 0.5531914893617021 0.29 3.1816292365262178
0.16775630715358966 0.5531914893617021 0.3 3.1980466513203645
0.17288423533960756 0.5531914893617021 0.31 3.2152341120321735
0.17796415709985247 0.5531914893617021 0.32 3.233217142129486
0.18299412341324228 0.5531914893617021 0.33 3.2520228862769294
0.18797214333133339 0.5531914893617021 0.34 3.271680211384375
0.19289618215125443 0.5531914893617021 0.35 3.29221981559269
0.19776415957050206 0.5531914893617021 0.36 3.3136743457281823
0.20257394782864735 0.5531914893617021 0.37 3.336078523965275
0.20732336984853303 0.5531914893617021 0.38 3.3594692842853524
0.2120101973872139 0.5531914893617021 0.39 3.383885919522896
0.21663214921356214 0.5531914893617021 0.4 3.4093702396987813
0.2211868893296707 0.5531914893617021 0.41 3.435966742479707
0.22567202525825777 0.5531914893617021 0.42 3.4637227965927497
0.23008510642710026 0.5531914893617021 0.43 3.4926888389184727
0.234423622676996 0.5531914893617021 0.44 3.522918586306621
0.23868500293902106 0.5531914893617021 0.45 3.55446926275377
0.24286661412391683 0.5531914893617021 0.46 3.5874018428796903
0.24696576028238296 0.5531914893617021 0.47 3.6217813123647558
0.2509796821015699 0.5531914893617021 0.48 3.6576769460326966
0.2549055568179922 0.5531914893617021 0.49 3.6951626040333303
0.25874049863946125 0.5531914893617021 0.5 3.734317046421647
0.26248155978916654 0.5531914893617021 0.51 3.775224266017338
0.2661257322961749 0.5531914893617021 0.52 3.817973839258933
0.2696699506922575 0.5531914893617021 0.53 3.862661293840242
0.27311109578473847 0.5531914893617021 0.54 3.9093884916650814
0.27644599971718886 0.5531914893617021 0.55 3.958264024367209
0.27967145255645764 0.5531914893617021 0.56 4.009403617654697
0.28278421067942755 0.5531914893617021 0.57 4.062930539314767
0.28578100727685557 0.5531914893617021 0.58 4.118976003769051
0.28865856533595147 0.5531914893617021 0.59 4.1776795637675415
0.29141361350092443 0.5531914893617021 0.6 4.239189477254991
0.2940429052703206 0.5531914893617021 0.61 4.303663033689223
0.29654324202291477 0.5531914893617021 0.62 4.371266820394426
0.29891150041561815 0.5531914893617021 0.63 4.442176904423243
0.3011446647210532 0.5531914893617021 0.64 4.516578900037587
0.3032398646934203 0.5531914893617021 0.65 4.594667885410068
0.3051944195398784 0.5531914893617021 0.66 4.676648125168596
0.3070058881551924 0.5531914893617021 0.67 4.762732559474223
0.3086721285559699 0.5531914893617021 0.68 4.853141923511634
0.3101913598932316 0.5531914893617021 0.69 4.9481036450000095
0.31156223726369403 0.5531914893617021 0.7 5.047850132699752
0.31278393035911695 0.5531914893617021 0.71 5.152616646963107
0.31385620918650997 0.5531914893617021 0.72 5.262638553005542
0.3147795344624989 0.5531914893617021 0.73 5.3781479188309005
0.3155551504860637 0.5531914893617021 0.74 5.499369405401635
0.3161851773108606 0.5531914893617021 0.75 5.626515425910098
0.3166726979958127 0.5531914893617021 0.76 5.759780592862796
0.3170218356709924 0.5531914893617021 0.77 5.899335528019291
0.3172378141844457 0.5531914893617021 0.78 6.045320182624786
0.3173269954019174 0.5531914893617021 0.79 6.1978368996369175
0.0 0.5673758865248226 0.0 3.0111689127870416
0.00576255344473142 0.5673758865248226 0.01 3.0114112427040656
0.011523715450588681 0.5673758865248226 0.02 3.0121385164138514
0.01728209354142597 0.5673758865248226 0.03 3.0133515865896343
0.023036293164799247 0.5673758865248226 0.04 3.015051877047895
0.028784916649393588 0.5673758865248226 0.05 3.0172413868077985
0.034526562157201776 0.5673758865248226 0.06 3.0199226957896075
0.04025982262856803 0.5673758865248226 0.07 3.023098972208656
0.045983284718516454 0.5673758865248226 0.08 3.0267739816605657
0.05169552772245739 0.5673758865248226 0.09 3.0309520979755136
0.057395122489283405 0.5673758865248226 0.1 3.035638315910162
0.06308063032074121 0.5673758865248226 0.11 3.040838265659975
0.06875060185462692 0.5673758865248226 0.12 3.0465582293550657
0.07440357593014948 0.5673758865248226 0.13 3.0528051595926824
0.08003807843422196 0.5673758865248226 0.14 3.059586700055481
0.08565262112627989 0.5673758865248226 0.15 3.066911208382187
0.09124570044011923 0.5673758865248226 0.16 3.074787781380117
0.09681579626142157 0.5673758865248226 0.17 3.0832262826843944
0.10236137067849174 0.5673758865248226 0.18 3.0922373730633224
0.10788086670550126 0.5673758865248226 0.19 3.1018325434625194
0.11337270697635649 0.5673758865248226 0.2 3.1120241509878417
0.11883529240674609 0.5673758865248226 0.21 3.122825458067785
0.12426700082541173 0.5673758865248226 0.22 3.134250674866511
0.1296661855705641 0.5673758865248226 0.23 3.1463150053350226
0.1350311740528706 0.5673758865248226 0.24 3.1590346970108345
0.1403602662821713 0.5673758865248226 0.25 3.172427094939228
0.14565173335931647 0.5673758865248226 0.26 3.1865106999106403
0.15090381593111735 0.5673758865248226 0.27 3.201305231416085
0.15611472261043607 0.5673758865248226 0.28 3.21683169557846
0.16128262835978613 0.5673758865248226 0.29 3.233112458530789
0.16640567284214558 0.5673758865248226 0.3 3.2501713255352276
0.17148195873912514 0.5673758865248226 0.31 3.2680336263525276
0.1765095500403893 0.5673758865248226 0.32 3.2867263072808153
0.1814864703072096 0.5673758865248226 0.33 3.306278030399456
0.18641070091562856 0.5673758865248226 0.34 3.3267192805331782
0.19128017928648722 0.5673758865248226 0.35 3.348082480479516
0.19609279710850178 0.5673758865248226 0.36 3.370402115178583
0.20084639856598993 0.5673758865248226 0.37 3.3937148654153466
0.2055387785833107 0.5673758865248226 0.38 3.418059751751272
0.2101676811020158 0.5673758865248226 0.39 3.4434782893756855
0.2147307974075018 0.5673758865248226 0.4 3.470014654679583
0.2192257645303972 0.5673758865248226 0.41 3.4977158642250514
0.2236501637468958 0.5673758865248226 0.42 3.526631966982784
0.22800151921405962 0.5673758865248226 0.43 3.556816250500816
0.2322772967761964 0.5673758865248226 0.44 3.588325461853475
0.23647490299002494 0.5673758865248226 0.45 3.6212200440433207
0.24059168442442816 0.5673758865248226 0.46 3.6555643884797377
0.24462492729882251 0.5673758865248226 0.47 3.6914271041063356
0.24857185753992786 0.5673758865248226 0.48 3.7288813034672454
0.2524296413450752 0.5673758865248226 0.49 3.7680049059401086
0.25619538636233696 0.5673758865248226 0.5 3.8088809578643925
0.25986614360987514 0.5673758865248226 0.51 3.8515979690687643
0.26343891028453015 0.5673758865248226 0.52 3.8962502645607495
0.26691063362782874 0.5673758865248226 0.53 3.9429383496133243
0.2702782160491655 0.5673758865248226 0.54 3.9917692854503612
0.2735385217325371 0.5673758865248226 0.55 4.042857071704971
0.27668838499147674 0.5673758865248226 0.56 4.096323030258965
0.2797246206712077 0.5673758865248226 0.57 4.15229618336509
0.282644036933861 0.5673758865248226 0.58 4.210913616841269
0.2854434508148734 0.5673758865248226 0.59 4.272320816128246
0.2881197069625036 0.5673758865248226 0.6 4.33667196030774
0.2906697000355945 0.5673758865248226 0.61 4.404130154642782
0.29309040124819463 0.5673758865248226 0.62 4.474867578323671
0.2953788895907884 0.5673758865248226 0.63 4.549065518419051
0.2975323882607732 0.5673758865248226 0.64 4.626914255339151
0.2995483068230398 0.5673758865248226 0.65 4.708612758563878
0.30142428926257264 0.5673758865248226 0.66 4.794368154392796
0.30315827033685827 0.5673758865248226 0.67 4.884394846135561
0.3047485349214983 0.5673758865248226 0.68 4.978913400676809
0.306193788309482 0.5673758865248226 0.69 5.078148882189617
0.3074932305967943 0.5673758865248226 0.7 5.1823287698635285
0.3086466371890231 0.5673758865248226 0.71 5.291680302502534
0.3096544434621021 0.5673758865248226 0.72 5.406427208206523
0.3105178314584419 0.5673758865248226 0.73 5.526785775252202
0.3112388156430912 0.5673758865248226 0.74 5.652960247058529
0.3118203238169429 0.5673758865248226 0.75 5.785137562985481
0.312266268343717 0.5673758865248226 0.76 5.9234815192458585
0.312581601997675 0.5673758865248226 0.77 6.068126490272697
0.31277235213428395 0.5673758865248226 0.78 6.219170927528886
0.3128456266814592 0.5673758865248226 0.79 6.376670935020874
0.0 0.5815602836879432 0.0 3.056190356527521
0.005719946242069314 0.5815602836879432 0.01 3.05644162533695
0.011438481482527239 0.5815602836879432 0.02 3.0571957306890667
0.01715419366272138 0.5815602836879432 0.03 3.05845357020353
0.02286566860815052 0.5815602836879432 0.04 3.0602166427829363
0.028571488966175354 0.5815602836879432 0.05 3.062487052917211
0.03427023313852093 0.5815602836879432 0.06 3.0652675167398318
0.039960474206763665 0.5815602836879432 0.07 3.0685613698759235
0.04564077884857238 0.5815602836879432 0.08 3.072372577177777
0.05130970624503907 0.5815602836879432 0.09 3.0767057440951255
0.05696580697356186 0.5815602836879432 0.1 3.081566130308858
0.06260762188847875 0.5815602836879432 0.11 3.086959665095083
0.0682336809851942 0.5815602836879432 0.12 3.09289296487579
0.07384250224738488 0.5815602836879432 0.13 3.099373352872092
0.07943259047457181 0.5815602836879432 0.14 3.106408881064181
0.08500243608941176 0.5815602836879432 0.15 3.1140083544701924
0.09055051392230917 0.5815602836879432 0.16 3.1221813579390805
0.09607528197233214 0.5815602836879432 0.17 3.1309382855463728
0.10157518014229544 0.5815602836879432 0.18 3.140290372788818
0.10704862894708227 0.5815602836879432 0.19 3.1502497317045157
0.11249402819398528 0.5815602836879432 0.2 3.1608293890976724
0.11790975563273781 0.5815602836879432 0.21 3.172043328131255
0.12329416557613354 0.5815602836879432 0.22 3.1839065333893792
0.12864558748777002 0.5815602836879432 0.23 3.196435039793006
0.13396232453907228 0.5815602836879432 0.24 3.2096459854718664
0.13924265213299966 0.5815602836879432 0.25 3.223557668994512
0.14448481639512675 0.5815602836879432 0.26 3.2381896112174418
0.14968703263329144 0.5815602836879432 0.27 3.2535626220470344
0.1548474837653809 0.5815602836879432 0.28 3.2696988725324245
0.15996431871719144 0.5815602836879432 0.29 3.286621972648959
0.1650356507933804 0.5815602836879432 0.3 3.3043570551523973
0.17005955602275902 0.5815602836879432 0.31 3.322930866024019
0.1750340714837732 0.5815602836879432 0.32 3.3423718619077287
0.1799571936144808 0.5815602836879432 0.33 3.3627103150896276
0.1848268765130337 0.5815602836879432 0.34 3.383978426586806
0.18964103023918097 0.5815602836879432 0.35 3.4062104478407753
0.19439751912404185 0.5815602836879432 0.36 3.429442811741423
0.19909416010337636 0.5815602836879432 0.37 3.4537142735262316
0.20372872108952103 0.5815602836879432 0.38 3.4790660622370257
0.20829891939831502 0.5815602836879432 0.39 3.505542043507755
0.21280242025736357 0.5815602836879432 0.4 3.5331888942574605
0.21723683541907376 0.5815602836879432 0.41 3.56205629012606
0.2215997219141495 0.5815602836879432 0.42 3.5921971062434435
0.22588858098081532 0.5815602836879432 0.43 3.6236676321188
0.2301008572188232 0.5815602836879432 0.44 3.6565278011690245
0.23423393802048667 0.5815602836879432 0.45 3.690841435497739
0.23828515334346995 0.5815602836879432 0.46 3.726676506326435
0.2422517759007287 0.5815602836879432 0.47 3.7641054103309517
0.24613102185747798 0.5815602836879432 0.48 3.8032052618591083
0.2499200521374888 0.5815602836879432 0.49 3.8440582007735107
0.2536159744614836 0.5815602836879432 0.5 3.8867517151483666
0.25721584625917365 0.5815602836879432 0.51 3.9313789775395307
0.2607166786169859 0.5815602836879432 0.52 3.9780391929089336
0.2641154414558808 0.5815602836879432 0.53 4.026837955181588
0.2674090701527386 0.5815602836879432 0.54 4.077887608575989
0.2705944738553665 0.5815602836879432 0.55 4.13130760828637
0.27366854577982375 0.5815602836879432 0.56 4.187224873223007
0.2766281758033462 0.5815602836879432 0.57 4.245774121750635
0.2794702657163687 0.5815602836879432 0.58 4.3070981784065046
0.28219174752498705 0.5815602836879432 0.59 4.371348236788602
0.2847896052375847 0.5815602836879432 0.6 4.438684059932229
0.2872609005953769 0.5815602836879432 0.61 4.509274095347306
0.2896028032258019 0.5815602836879432 0.62 4.583295477036258
0.2918126257102301 0.5815602836879432 0.63 4.660933881090055
0.29388786402412703 0.5815602836879432 0.64 4.742383195964474
0.29582624350066733 0.5815602836879432 0.65 4.827844970670948
0.29762577244721755 0.5815602836879432 0.66 4.917527530263453
0.2992847986410818 0.5815602836879432 0.67 5.011644862312752
0.30080207575123846 0.5815602836879432 0.68 5.110414981979829
0.30217683356462555 0.5815602836879432 0.69 5.214057898857606
0.30340885366503684 0.5815602836879432 0.7 5.3227930454237615
0.30449854875856197 0.5815602836879432 0.71 5.436836129077906
0.3054470436284865 0.5815602836879432 0.72 5.556395370763519
0.3062562549359675 0.5815602836879432 0.73 5.681667118364689
0.3069289662452465 0.5815602836879432 0.74 5.812830859653682
0.30746889381670345 0.5815602836879432 0.75 5.950043708164694
0.30788073796024507 0.5815602836879432 0.76 6.093434496052632
0.30817021421779434 0.5815602836879432 0.77 6.243097677759477
0.3083440584892839 0.5815602836879432 0.78 6.399087322323096
0.3084100006037189 0.5815602836879432 0.79 6.561411541621591
0.0 0.5957446808510638 0.0 3.102893601453039
0.0056767310149595795 0.5957446808510638 0.01 3.1031542771851113
0.01135203112918458 0.5957446808510638 0.02 3.1039366192224116
0.017024468365379578 0.5957446808510638 0.03 3.105241572960189
0.02269260859139334 0.5957446808510638 0.04 3.107070717109092
0.028355014438398215 0.5957446808510638 0.05 3.109426268287311
0.03401024421409792 0.5957446808510638 0.06 3.1123110874271447
0.03965685080876107 0.5957446808510638 0.07 3.115728688151947
0.04529338059291569 0.5957446808510638 0.08 3.1196832470228046
0.050918372304458406 0.5957446808510638 0.09 3.124179615822344
0.05653035592406826 0.5957446808510638 0.1 3.129223335835673
0.062127851536617276 0.5957446808510638 0.11 3.134820654292941
0.06770936817740475 0.5957446808510638 0.12 3.1409785429838295
0.07327340266135313 0.5957446808510638 0.13 3.1477047191696896
0.07881843839356793 0.5957446808510638 0.14 3.155007668893867
0.08434294415995341 0.5957446808510638 0.15 3.1628966727867898
0.08984537289567092 0.5957446808510638 0.16 3.171381834552905
0.09532416043118284 0.5957446808510638 0.17 3.1804741121893234
0.1007777242133689 0.5957446808510638 0.18 3.1901853521885366
0.10620446200091756 0.5957446808510638 0.19 3.200528326859469
0.1116027505333863 0.5957446808510638 0.2 3.2115167749298337
0.11697094417190022 0.5957446808510638 0.21 3.223165445707865
0.1223073735119785 0.5957446808510638 0.22 3.2354901469550215
0.12761034396680668 0.5957446808510638 0.23 3.248507796788341
0.13287813432162537 0.5957446808510638 0.24 3.262236479830734
0.13810899525879963 0.5957446808510638 0.25 3.276695507934066
0.1433011478545124 0.5957446808510638 0.26 3.2919054857715637
0.1484527820481346 0.5957446808510638 0.27 3.3078883816444207
0.15356205508495255 0.5957446808510638 0.28 3.324667603915763
0.15862708993634536 0.5957446808510638 0.29 3.3422680833900316
0.1636459736996896 0.5957446808510638 0.3 3.360716362111492
0.16861675598111345 0.5957446808510638 0.31 3.380040689082148
0.17353744726931192 0.5957446808510638 0.32 3.4002711232695835
0.1784060173042303 0.5957446808510638 0.33 3.421439644549904
0.1832203934517521 0.5957446808510638 0.34 3.443580273026487
0.18797845909217606 0.5957446808510638 0.35 3.4667291974077385
0.1926780520387344 0.5957446808510638 0.36 3.4909249129147017
0.1973169629985524 0.5957446808510638 0.37 3.5162083694653403
0.20189293409600792 0.5957446808510638 0.38 3.5426231307302993
0.20640365748188613 0.5957446808510638 0.39 3.5702155446821795
0.21084677405415964 0.5957446808510638 0.4 3.5990349263297685
0.21521987232252188 0.5957446808510638 0.41 3.6291337532699446
0.2195204874566046 0.5957446808510638 0.42 3.6605678745968118
0.22374610055900854 0.5957446808510638 0.43 3.693396733846015
0.22789413822247537 0.5957446808510638 0.44 3.7276836062222256
0.2319619724281861 0.5957446808510638 0.45 3.7634958506256337
0.2359469208621015 0.5957446808510638 0.46 3.8009051765080186
0.2398462477364986 0.5957446808510638 0.47 3.8399879254267684
0.24365716521421035 0.5957446808510638 0.48 3.880825366971197
0.24737683555762946 0.5957446808510638 0.49 3.9235040080516463
0.25100237413394527 0.5957446808510638 0.5 3.9681159142967704
0.25453085344125703 0.5957446808510638 0.51 4.01475904122496
0.2579593083278982 0.5957446808510638 0.52 4.063537572486585
0.2612847426244906 0.5957446808510638 0.53 4.114562260712699
0.26450413741603596 0.5957446808510638 0.54 4.1679507658083095
0.26761446122983823 0.5957446808510638 0.55 4.223827983302099
0.2706126824397134 0.5957446808510638 0.56 4.282326353580403
0.2734957842200545 0.5957446808510638 0.57 4.343586140387896
0.2762607824228511 0.5957446808510638 0.58 4.407755663838135
0.27890474677866545 0.5957446808510638 0.59 4.474991469798128
0.28142482584120304 0.5957446808510638 0.6 4.545458413699832
0.28381827612505345 0.5957446808510638 0.61 4.619329631795474
0.2860824958709375 0.5957446808510638 0.62 4.696786368281579
0.2882150638616921 0.5957446808510638 0.63 4.778017620883244
0.2902137833897732 0.5957446808510638 0.64 4.863219570831112
0.292076733335405 0.5957446808510638 0.65 4.952594692239004
0.29380232190827477 0.5957446808510638 0.66 5.0463506403456
0.295389349500176 0.5957446808510638 0.67 5.144698643501745
0.2968370749794829 0.5957446808510638 0.68 5.247851516849916
0.29814528686475883 0.5957446808510638 0.69 5.356021168729151
0.29931437767400715 0.5957446808510638 0.7 5.469415566686712
0.300345419531021 0.5957446808510638 0.71 5.5882351322943125
0.3012402384231714 0.5957446808510638 0.72 5.712668557735248
0.3020014837452225 0.5957446808510638 0.73 5.842888071744117
0.302632689024847 0.5957446808510638 0.74 5.979044227406543
0.30313831905922706 0.5957446808510638 0.75 6.121260340296627
0.30352379824827375 0.5957446808510638 0.76 6.269626768704046
0.3037955147868089 0.5957446808510638 0.77 6.424195294836616
0.3039607957640345 0.5957446808510638 0.78 6.584973927383327
0.3040278491687987 0.5957446808510638 0.79 6.751922494182627
0.0 0.6099290780141844 0.0 3.151367026691364
0.005632897686149334 0.6099290780141844 0.01 3.1516376073121704
0.01126434423979091 0.6099290780141844 0.02 3.152449680926916
0.016892887432688613 0.6099290780141844 0.03 3.1538042437359284
0.022517072843435838 0.6099290780141844 0.04 3.1557029593175194
0.028135442756620756 0.6099290780141844 0.05 3.1581481634943125
0.03374653505701366 0.6099290780141844 0.06 3.1611428711644214
0.039348882116814664 0.6099290780141844 0.07 3.16469078519167
0.0449410096746591 0.6099290780141844 0.08 3.1687963073071233
0.050521435704477424 0.6099290780141844 0.09 3.1734645511418567
0.05608866927260852 0.6099290780141844 0.1 3.1787013574363963
0.06164120938167525 0.6099290780141844 0.11 3.184513311487731
0.06717754379941418 0.6099290780141844 0.12 3.1909077629481697
0.07269614787108963 0.6099290780141844 0.13 3.197892848050224
0.07819548331429428 0.6099290780141844 0.14 3.205477514347398
0.08367399699376521 0.6099290780141844 0.15 3.213671548178965
0.08913011967581427 0.6099290780141844 0.16 3.222485604903538
0.09456226476113481 0.6099290780141844 0.17 3.231931242066084
0.09996882699352413 0.6099290780141844 0.18 3.242020955759536
0.10534818114571282 0.6099290780141844 0.19 3.252768220205329
0.11069868067871887 0.6099290780141844 0.2 3.2641875309451294
0.11601865637725468 0.6099290780141844 0.21 3.2762944516546444
0.12130641495791585 0.6099290780141844 0.22 3.2891056650067405
0.12656023765193528 0.6099290780141844 0.23 3.30263902772497
0.13177837876184104 0.6099290780141844 0.24 3.3169136301671944
0.13695906419339784 0.6099290780141844 0.25 3.3319498607073643
0.14210048996362248 0.6099290780141844 0.26 3.347769475269452
0.14720082068672677 0.6099290780141844 0.27 3.364395672365853
0.15225818804048363 0.6099290780141844 0.28 3.38185317402312
0.15727068921753987 0.6099290780141844 0.29 3.4001683129541016
0.16223638536351148 0.6099290780141844 0.3 3.419369126529249
0.16715330001090417 0.6099290780141844 0.31 3.4394854578572995
0.17201941751277694 0.6099290780141844 0.32 3.4605490646052703
0.1768326814874427 0.6099290780141844 0.33 3.4825937359642998
0.18159099328202347 0.6099290780141844 0.34 3.505655418421556
0.18629221047141478 0.6099290780141844 0.35 3.5297723507579777
0.19093414540476353 0.6099290780141844 0.36 3.5549852089972727
0.1955145638207118 0.6099290780141844 0.37 3.5813372618036055
0.20003118355276853 0.6099290780141844 0.38 3.6088745369714137
0.20448167335162643 0.6099290780141844 0.39 3.6376459995965447
0.20886365185717554 0.6099290780141844 0.4 3.6677037424639405
0.21317468675674495 0.6099290780141844 0.41 3.6991031892204793
0.2174122941748686 0.6099290780141844 0.42 3.731903310762955
0.22157393834658798 0.6099290780141844 0.43 3.7661668552147693
0.22565703163583126 0.6099290780141844 0.44 3.8019605917104466
0.22965893497186418 0.6099290780141844 0.45 3.8393555679853137
0.23357695878487564 0.6099290780141844 0.46 3.8784273816485104
0.23740836454446815 0.6099290780141844 0.47 3.9192564643851484
0.24115036700787662 0.6099290780141844 0.48 3.9619283783286594
0.24480013731440944 0.6099290780141844 0.49 4.006534122895133
0.24835480707768837 0.6099290780141844 0.5 4.053170449842865
0.25181147364584533 0.6099290780141844 0.51 4.101940183567547
0.2551672067348979 0.6099290780141844 0.52 4.152952542216645
0.25841905665504017 0.6099290780141844 0.53 4.206323454271993
0.26156406438970137 0.6099290780141844 0.54 4.262175863242967
0.2645992738090602 0.6099290780141844 0.55 4.320640011402684
0.2675217463376279 0.6099290780141844 0.56 4.381853690886059
0.27032857841597124 0.6099290780141844 0.57 4.445962447954128
0.27301692213514284 0.6099290780141844 0.58 4.513119722552202
0.2755840094307724 0.6099290780141844 0.59 4.583486901906889
0.2780271802459044 0.6099290780141844 0.6 4.65723326226654
0.2803439150548601 0.6099290780141844 0.61 4.734535768604895
0.2825318721347617 0.6099290780141844 0.62 4.815578696422103
0.284588929637394 0.6099290780141844 0.63 4.900553044220686
0.2865132342806834 0.6099290780141844 0.64 4.9896556363372655
0.28830325247171257 0.6099290780141844 0.65 5.0830880131472975
0.2899578298216555 0.6099290780141844 0.66 5.181054847448577
0.2914762537383875 0.6099290780141844 0.67 5.283762002234101
0.2928583203833119 0.6099290780141844 0.68 5.391414109884162
0.29410440436685176 0.6099290780141844 0.69 5.504211644781151
0.2952155293622432 0.6099290780141844 0.7 5.622347464031197
0.2961934371910149 0.6099290780141844 0.71 5.746002813814853
0.2970406522550532 0.6099290780141844 0.72 5.875342831284839
0.297760537525132 0.6099290780141844 0.73 6.010511613974786
0.29835733771843953 0.6099290780141844 0.74 6.151626979875169
0.2988362049117638 0.6099290780141844 0.75 6.298775099252566
0.2992032017580467 0.6099290780141844 0.76 6.452005239578921
0.2994652778403487 0.6099290780141844 0.77 6.611324920023607
0.2996302155733003 0.6099290780141844 0.78 6.776695814411842
0.2997065435490478 0.6099290780141844 0.79 6.948030759191313
0.0 0.624113475177305 0.0 3.2017047807340617
0.0055884362289931495 0.624113475177305 0.01 3.2019857962265075
0.011175400766566488 0.624113475177305 0.02 3.2028291924331254
0.016759420806868736 0.624113475177305 0.03 3.2042360195941644
0.02233902131360598 0.624113475177305 0.04 3.2062080315244206
0.027912723900604296 0.624113475177305 0.05 3.2087476908241515
0.033479045707588376 0.624113475177305 0.06 3.2118581761300846
0.03903649826930683 0.624113475177305 0.07 3.215543391546423
0.04458358637652688 0.624113475177305 0.08 3.219807978247799
0.05011880692716182 0.624113475177305 0.09 3.224657328340671
0.05564064776631009 0.624113475177305 0.1 3.2300976010004696
0.06114758651329315 0.624113475177305 0.11 3.236135741026146
0.0666380893741699 0.624113475177305 0.12 3.2427794998910566
0.07211060993893266 0.624113475177305 0.13 3.2500374593286905
0.07756358796142032 0.624113475177305 0.14 3.2579190576444854
0.08299544812045224 0.624113475177305 0.15 3.2664346188898383
0.08840459876204147 0.624113475177305 0.16 3.275595384953739
0.0937894306206345 0.624113475177305 0.17 3.2854135508248836
0.09914831551874935 0.624113475177305 0.18 3.2959023031693864
0.10447960504466816 0.624113475177305 0.19 3.3070758623920544
0.10978162920716472 0.624113475177305 0.2 3.3189495284301542
0.11505269506743053 0.624113475177305 0.21 3.3315397304808005
0.12029108534793077 0.624113475177305 0.22 3.3448640809337165
0.12549505701858393 0.624113475177305 0.23 3.3589414337795955
0.13066283986216717 0.624113475177305 0.24 3.373791947731433
0.13579263501824304 0.624113475177305 0.25 3.389437154490267
0.14088261351000725 0.624113475177305 0.26 3.405900032363518
0.14593091475483705 0.624113475177305 0.27 3.4232050857056526
0.15093564506353885 0.624113475177305 0.28 3.4413784304979025
0.15589487613219324 0.624113475177305 0.29 3.4604478865196193
0.16080664353219545 0.624113475177305 0.3 3.4804430765592738
0.16566894520650302 0.624113475177305 0.31 3.5013955330940396
0.17047973998036448 0.624113475177305 0.32 3.523338812954672
0.1752369460978046 0.624113475177305 0.33 3.5463086204655396
0.17993843979554458 0.624113475177305 0.34 3.5703429396450974
0.18458205393281632 0.624113475177305 0.35 3.59548217589601
0.18916557669293058 0.624113475177305 0.36 3.6217693078556383
0.19368675038055644 0.624113475177305 0.37 3.6492500498893747
0.19814327034189794 0.624113475177305 0.38 3.677973025740841
0.2025327840372994 0.624113475177305 0.39 3.7079899539190047
0.20685289030628212 0.624113475177305 0.4 3.7393558451715996
0.21110113886617757 0.624113475177305 0.41 3.7721292125243697
0.21527503009666593 0.624113475177305 0.42 3.8063722941240568
0.21937201517259625 0.624113475177305 0.43 3.842151288933924
0.22338949661066956 0.624113475177305 0.44 3.8795366053764733
0.22732482931830197 0.624113475177305 0.45 3.9186031223588653
0.23117532223233753 0.624113475177305 0.46 3.9594304622643657
0.23493824066445648 0.624113475177305 0.47 4.002103274557751
0.23861080947650817 0.624113475177305 0.48 4.046711528466886
0.24219021723238743 0.624113475177305 0.49 4.093350812348693
0.24567362149334357 0.624113475177305 0.5 4.1421226365061035
0.24905815544755766 0.624113475177305 0.51 4.193134735121084
0.2523409360885704 0.624113475177305 0.52 4.246501361697094
0.25551907418272496 0.624113475177305 0.53 4.3023435708416065
0.25858968629839657 0.624113475177305 0.54 4.36078947712987
0.26154990918742194 0.624113475177305 0.55 4.421974479841168
0.264396916849169 0.624113475177305 0.56 4.486041439205442
0.2671279406153314 0.624113475177305 0.57 4.553140787189979
0.26974029262285193 0.624113475177305 0.58 4.623430551867296
0.27223139304059624 0.624113475177305 0.59 4.69707627070888
0.27459880141293375 0.624113475177305 0.6 4.774250763616523
0.2768402524448183 0.624113475177305 0.61 4.85513373225959
0.27895369631935124 0.624113475177305 0.62 4.939911153953628
0.2809373450424515 0.624113475177305 0.63 5.028774380966758
0.2827897211768948 0.624113475177305 0.64 5.12191902919101
0.2845097141674634 0.624113475177305 0.65 5.219543418821048
0.2860966394581619 0.624113475177305 0.66 5.321846673205882
0.2875503014918291 0.624113475177305 0.67 5.429026366320174
0.28887105904384425 0.624113475177305 0.68 5.541275695470826
0.2900598911643169 0.624113475177305 0.69 5.658780158876091
0.2911184614284895 0.624113475177305 0.7 5.781713739853899
0.29204917758956356 0.624113475177305 0.71 5.9102346297178
0.29285524313447514 0.624113475177305 0.72 6.044480560700874
0.29354069673758265 0.624113475177305 0.73 6.18456386736771
0.29411043528154956 0.624113475177305 0.74 6.3305664477134815
0.29457021607127026 0.624113475177305 0.75 6.482534849388778
0.29492663421362986 0.624113475177305 0.76 6.6404757558810354
0.29518707195542304 0.624113475177305 0.77 6.804352184189073
0.29535961811094247 0.624113475177305 0.78 6.974080720396671
0.29545295753236367 0.624113475177305 0.79 7.149530104614043
0.2954762327644113 0.624113475177305 0.8 7.3305214261398755
0.0 0.6382978723404256 0.0 3.254007199235435
0.005543336714017462 0.6382978723404256 0.01 3.254299213811992
0.011085180858143792 0.6382978723404256 0.02 3.255175626401048
0.01662403873001978 0.6382978723404256 0.03 3.2566375447021167
0.02215841436081417 0.6382978723404256 0.04 3.2586868185145366
0.027686808377887912 0.6382978723404256 0.05 3.261326045279502
0.033207716863013235 0.6382978723404256 0.06 3.264558577756594
0.03871963020387175 0.6382978723404256 0.07 3.2683885340952337
0.04422103193808377 0.6382978723404256 0.08 3.272820810128035
0.049710397587675155 0.6382978723404256 0.09 3.277861094101257
0.055186193482696703 0.6382978723404256 0.1 3.2835158838542595
0.06064687557292647 0.6382978723404256 0.11 3.289792506496884
0.06609088822537025 0.6382978723404256 0.12 3.296699140795614
0.07151666300762766 0.6382978723404256 0.13 3.304244842213278
0.0769226174545675 0.6382978723404256 0.14 3.312439570885297
0.08230715381811708 0.6382978723404256 0.15 3.3212942225655033
0.08766865779881314 0.6382978723404256 0.16 3.3308206627374752
0.09300549725875214 0.6382978723404256 0.17 3.341031764023449
0.09831602091420069 0.6382978723404256 0.18 3.3519414471610047
0.10359855700943452 0.6382978723404256 0.19 3.3635647256016035
0.10885141196941486 0.6382978723404256 0.2 3.3759177541198
0.11407286903324709 0.6382978723404256 0.21 3.389017881543803
0.11926118686822819 0.6382978723404256 0.22 3.4028837079241674
0.12441459816557121 0.6382978723404256 0.23 3.417535146414414
0.1295313082192668 0.6382978723404256 0.24 3.4329934901694776
0.13460949349077472 0.6382978723404256 0.25 3.449281484558232
0.1396473001617928 0.6382978723404256 0.26 3.4664234050751923
0.14464284267925664 0.6382978723404256 0.27 3.4844451413004247
0.14959420229696413 0.6382978723404256 0.28 3.5033742873215945
0.15449942562075888 0.6382978723404256 0.29 3.5232402389894757
0.15935652316338822 0.6382978723404256 0.3 3.544074298508354
0.16416346791842493 0.6382978723404256 0.31 3.5659097867998053
0.16891819396589133 0.6382978723404256 0.32 3.5887821640440816
0.17361859511897412 0.6382978723404256 0.33 3.612729159058151
0.17826252363201803 0.6382978723404256 0.34 3.6377909078168855
0.18284778898515278 0.6382978723404256 0.35 3.6640101017720186
0.18737215676982277 0.6382978723404256 0.36 3.69143214638147
0.19183334770111815 0.6382978723404256 0.37 3.7201053303500604
0.19622903678798934 0.6382978723404256 0.38 3.7500810060274516
0.20055685269789147 0.6382978723404256 0.39 3.7814137813546638
0.20481437736029756 0.6382978723404256 0.4 3.814161723611464
0.20899914585811927 0.6382978723404256 0.41 3.848386575208395
0.21310864666582138 0.6382978723404256 0.42 3.884153981558818
0.21714032230505237 0.6382978723404256 0.43 3.9215337307751446
0.22109157049424835 0.6382978723404256 0.44 3.9606000048641246
0.22495974588769743 0.6382978723404256 0.45 4.001431641511243
0.2287421625082944 0.6382978723404256 0.46 4.0441124053039195
0.2324360969975782 0.6382978723404256 0.47 4.088731266563188
0.2360387928224759 0.6382978723404256 0.48 4.135382685331088
0.23954746559996237 0.6382978723404256 0.49 4.184166897126832
0.2429593097198841 0.6382978723404256 0.5 4.235190196116046
0.24627150647028326 0.6382978723404256 0.51 4.288565210016987
0.24948123389667998 0.6382978723404256 0.52 4.344411159420497
0.25258567864348214 0.6382978723404256 0.53 4.402854092634259
0.25558205006285406 0.6382978723404256 0.54 4.464027084532521
0.25846759688570276 0.6382978723404256 0.55 4.528070385803022
0.26123962677933926 0.6382978723404256 0.56 4.595131505657877
0.2638955291239018 0.6382978723404256 0.57 4.6653652079153805
0.26643280134161085 0.6382978723404256 0.58 4.738933396684964
0.2688490791072327 0.6382978723404256 0.59 4.816004863679813
0.2711421706427965 0.6382978723404256 0.6 4.896754868393542
0.2733100957554123 0.6382978723404256 0.61 4.9813644997503905
0.2753511291569475 0.6382978723404256 0.62 5.0700198007356025
0.2772638477421569 0.6382978723404256 0.63 5.162910625970379
0.2790471834924373 0.6382978723404256 0.64 5.260229120025472
0.2807004793992252 0.6382978723404256 0.65 5.362167851951337
0.28222354873922406 0.6382978723404256 0.66 5.468917527180258
0.28361673631269974 0.6382978723404256 0.67 5.580664254556439
0.28488098000419204 0.6382978723404256 0.68 5.697586352853764
0.2860178705036771 0.6382978723404256 0.69 5.819850702307586
0.2870297064851134 0.6382978723404256 0.7 5.947608675211586
0.28791954200430614 0.6382978723404256 0.71 6.08099171648633
0.28869122244924755 0.6382978723404256 0.72 6.220106688056082
0.2893494050927646 0.6382978723404256 0.73 6.365031139343937
0.2898995602896342 0.6382978723404256 0.74 6.515808714778882
0.2903479496941191 0.6382978723404256 0.75 6.672444953259612
0.2907015786372585 0.6382978723404256 0.76 6.834903766250713
0.2909681210161662 0.6382978723404256 0.77 7.003104893304841
0.2911558166948166 0.6382978723404256 0.78 7.176922618465926
0.2912733433747022 0.6382978723404256 0.79 7.356185984038158
0.2913296669892454 0.6382978723404256 0.8 7.5406806583000385
0.2913338766515441 0.6382978723404256 0.81 7.7301525058160765
0.0 0.652482269503546 0.0 3.308381250847124
0.005497589363472896 0.652482269503546 0.01 3.308684865295782
0.01099366496903079 0.652482269503546 0.02 3.3095960978537753
0.016486711909067555 0.652482269503546 0.03 3.311116117329341
0.02197521297505734 0.652482269503546 0.04 3.313246875624063
0.027457647503316328 0.652482269503546 0.05 3.315991113572647
0.032932490216293145 0.652482269503546 0.06 3.3193523691537954
0.03839821005773564 0.652482269503546 0.07 3.323334988148255
0.043853269020535525 0.652482269503546 0.08 3.327944137231283
0.04929612096577472 0.652482269503546 0.09 3.333185819597934
0.05472521043139154 0.652482269503546 0.1 3.339066893222676
0.06013897142954063 0.652482269503546 0.11 3.3455950917830224
0.06553582623119038 0.652482269503546 0.12 3.352779048390251
0.07091418413700729 0.652482269503546 0.13 3.360628322219468
0.076272440233235 0.652482269503546 0.14 3.3691534281981967
0.08160897413202214 0.652482269503546 0.15 3.3783658698615375
0.08692214869536413 0.652482269503546 0.16 3.3882781755498237
0.0922103087421394 0.652482269503546 0.17 3.398903938124392
0.09747177973804129 0.652482269503546 0.18 3.410257858387853
0.10270486646798488 0.652482269503546 0.19 3.4223557924483177
0.1079078516921716 0.652482269503546 0.2 3.435214803193634
0.113078994785734 0.652482269503546 0.21 3.448853216182819
0.11821653036314914 0.652482269503546 0.22 3.4632906802147025
0.12331866689012785 0.652482269503546 0.23 3.478548232801639
0.12838358528345367 0.652482269503546 0.24 3.4946483709704124
0.13340943750381629 0.652482269503546 0.25 3.511615127601333
0.1383943451446368 0.652482269503546 0.26 3.529474153718133
0.1433363980206528 0.652482269503546 0.27 3.5482528071593933
0.14823365276555012 0.652482269503546 0.28 3.567980247861925
0.1530841314426126 0.652482269503546 0.29 3.5886875403561054
0.15788582017990657 0.652482269503546 0.3 3.610407763780786
0.16263666784033934 0.652482269503546 0.31 3.6331761299019387
0.1673345847391259 0.652482269503546 0.32 3.657030109622565
0.17197744142599994 0.652482269503546 0.33 3.68200956837527
0.17656306754953124 0.652482269503546 0.34 3.70815691092172
0.18108925082680621 0.652482269503546 0.35 3.735517235959831
0.18555373614334225 0.652482269503546 0.36 3.764138501017867
0.1899542248173993 0.652482269503546 0.37 3.7940716978791937
0.19428837405949945 0.652482269503546 0.38 3.825371039077926
0.1985537966757091 0.652482269503546 0.39 3.858094155440976
0.20274806105944987 0.652482269503546 0.4 3.892302304975178
0.20686869153276305 0.652482269503546 0.41 3.9280605929101196
0.21091316910170085 0.652482269503546 0.42 3.9654382027139476
0.21487893270388125 0.652482269503546 0.43 4.004508637511233
0.2187633810411059 0.652482269503546 0.44 4.045349970874773
0.2225638750923779 0.652482269503546 0.45 4.088045105931149
0.22627774143483323 0.652482269503546 0.46 4.132682040522541
0.22990227649969378 0.652482269503546 0.47 4.1793541361181745
0.23343475192107627 0.652482269503546 0.48 4.228160386858727
0.23687242114806364 0.652482269503546 0.49 4.279205684353272
0.24021252751656605 0.652482269503546 0.5 4.332601072415619
0.24345231399643139 0.652482269503546 0.51 4.388463984541395
0.24658903485218028 0.652482269503546 0.52 4.4469184551230825
0.2496199694794251 0.652482269503546 0.53 4.508095293232183
0.25254243869812926 0.652482269503546 0.54 4.572132205383235
0.25535382379778176 0.652482269503546 0.55 4.639173850973045
0.25805158864056343 0.652482269503546 0.56 4.709371810893053
0.2606333051297757 0.652482269503546 0.57 4.782884446304496
0.26309668233324995 0.652482269503546 0.58 4.859876620992537
0.2654395986599358 0.652482269503546 0.59 4.940519288863083
0.2676601431381963 0.652482269503546 0.6 5.024988694760646
0.2697566489317688 0.652482269503546 0.61 5.1134657826691985
0.2717277461676138 0.652482269503546 0.62 5.206134763556548
0.2735724081307221 0.652482269503546 0.63 5.303181759415539
0.275290004863346 0.652482269503546 0.64 5.4047929455853065
0.27688035892992413 0.652482269503546 0.65 5.511152323669478
0.278343802799972 0.652482269503546 0.66 5.62243907794812
0.27968123629191477 0.652482269503546 0.67 5.738824503883931
0.2808941820443497 0.652482269503546 0.68 5.860468517750095
0.2819848364951922 0.652482269503546 0.69 5.987515783358768
0.28295611337957594 0.652482269503546 0.7 6.120091526029752
0.28381167637880284 0.652482269503546 0.71 6.2582971437608474
0.2845559573258729 0.652482269503546 0.72 6.402205769370567
0.2851941563854483 0.652482269503546 0.73 6.55185798129024
0.2857322209544803 0.652482269503546 0.74 6.707257899599767
0.28617680073655644 0.652482269503546 0.75 6.868369931384512
0.28653517755370445 0.652482269503546 0.76 7.035116438615559
0.2868151699411536 0.652482269503546 0.77 7.207376586432648
0.2870250143317701 0.652482269503546 0.78 7.384986585602191
0.28717322651058974 0.652482269503546 0.79 7.567741469636861
0.287268448783386 0.652482269503546 0.8 7.755398449069384
0.28731928972899606 0.652482269503546 0.81 7.94768177121231
0.2873341642627484 0.652482269503546 0.82 8.144288897188757
0.0 0.6666666666666666 0.0 3.364941011686264
0.005451184615052423 0.6666666666666666 0.01 3.3652568658382895
0.010900833987396191 0.6666666666666666 0.02 3.3662048391564166
0.016347411708387032 0.6666666666666666 0.03 3.3677861654488077
0.021789379036064507 0.6666666666666666 0.04 3.3700029051963956
0.02722519372500214 0.6666666666666666 0.05 3.372857951741414
0.032653308851761806 0.6666666666666666 0.06 3.376355040053564
0.038072171634993504 0.6666666666666666 0.07 3.3804987579900017
0.04348022224835011 0.6666666666666666 0.08 3.385294560243871
0.04887589262544884 0.6666666666666666 0.09 3.3907487849240914
0.05425760525511465 0.6666666666666666 0.1 3.396868672952527
0.0596237719663175 0.6666666666666666 0.11 3.403662390276081
0.0649727927015061 0.6666666666666666 0.12 3.4111390530516026
0.07030305427724969 0.6666666666666666 0.13 3.4193087559353295
0.07561292913179928 0.6666666666666666 0.14 3.428182603566516
0.08090077405850182 0.6666666666666666 0.15 3.4377727454452986
0.08616492892537099 0.6666666666666666 0.16 3.4480924143033174
0.09140371537967891 0.6666666666666666 0.17 3.45915596823896
0.09661543553859724 0.6666666666666666 0.18 3.4709789367339323
0.10179837066544965 0.6666666666666666 0.19 3.4835780708412387
0.1069507798336132 0.6666666666666666 0.2 3.49697139769027
0.11207089857790366 0.6666666666666666 0.21 3.511178279671547
0.11715693753634646 0.6666666666666666 0.22 3.5262194784960386
0.12220708108480144 0.6666666666666666 0.23 3.542117224430382
0.12721948596645696 0.6666666666666666 0.24 3.5588952910936005
0.13219227992216856 0.6666666666666666 0.25 3.57657907603422
0.13712356032498874 0.6666666666666666 0.26 3.595195687546754
0.14201139282626246 0.6666666666666666 0.27 3.6147740380340463
0.14685381002033548 0.6666666666666666 0.28 3.6353449443386365
0.15164881013748968 0.6666666666666666 0.29 3.656941235426906
0.1563943557766762 0.6666666666666666 0.3 3.6795978678209447
0.16108837268957277 0.6666666666666666 0.31 3.703352049285148
0.1657287486343322 0.6666666666666666 0.32 3.7282433710654534
0.1703133323164061 0.6666666666666666 0.33 3.7543139491654425
0.17483993243756077 0.6666666666666666 0.34 3.7816085750986215
0.17930631688170207 0.6666666666666666 0.35 3.8101748763668604
0.1837102120662379 0.6666666666666666 0.36 3.8400634870673716
0.18804930249479734 0.6666666666666666 0.37 3.871328228871512
0.19232123055461406 0.6666666666666666 0.38 3.9040263024620887
0.19652359660442784 0.6666666666666666 0.39 3.9382184895660943
0.20065395941290348 0.6666666666666666 0.4 3.9739693652868606
0.2047098370098418 0.6666666666666666 0.41 4.011347520492852
0.208688708027085 0.6666666666666666 0.42 4.050425793550029
0.21258801361573548 0.6666666666666666 0.43 4.091281510396773
0.21640516003899316 0.6666666666666666 0.44 4.133996731514628
0.2201375220556265 0.6666666666666666 0.45 4.178658503733991
0.2237824472209862 0.6666666666666666 0.46 4.225359114273509
0.22733726125590992 0.6666666666666666 0.47 4.274196343331476
0.2307992746451204 0.6666666666666666 0.48 4.325273710805418
0.23416579065215676 0.6666666666666666 0.49 4.378700711266251
0.23743411495491207 0.6666666666666666 0.5 4.434593029973894
0.2406015671269678 0.6666666666666666 0.51 4.493072730961688
0.2436654942084257 0.6666666666666666 0.52 4.554268406230824
0.24662328662907843 0.6666666666666666 0.53 4.618315272692274
0.24947239675695462 0.6666666666666666 0.54 4.68535520095469
0.25221036035123345 0.6666666666666666 0.55 4.755536657128413
0.25483482120087286 0.6666666666666666 0.56 4.829014535396794
0.25734355920199353 0.6666666666666666 0.57 4.9059498561453205
0.2597345218528348 0.6666666666666666 0.58 4.986509310190353
0.26200586094939043 0.6666666666666666 0.59 5.070864554857216
0.2641559701809237 0.6666666666666666 0.6 5.1591913947121615
0.26618352982932364 0.6666666666666666 0.61 5.2516685705527735
0.26808755329041994 0.6666666666666666 0.62 5.348476312787901
0.26986743713666056 0.6666666666666666 0.63 5.449794540884358
0.2715230135632475 0.6666666666666666 0.64 5.555800694525511
0.27305460413694743 0.6666666666666666 0.65 5.666667175050332
0.2744630733631728 0.6666666666666666 0.66 5.782558389960015
0.275749880162216 0.6666666666666666 0.67 5.903627412571519
0.27691712490324943 0.6666666666666666 0.68 6.030012294626083
0.2779675892367776 0.6666666666666666 0.69 6.16183210121152
0.27890476563409405 0.6666666666666666 0.7 6.299182774256824
0.27973287336313885 0.6666666666666666 0.71 6.442132970500309
0.28045685766276424 0.6666666666666666 0.72 6.590720059351293
0.28108236919952273 0.6666666666666666 0.73 6.7449465003394415
0.28161572154844394 0.6666666666666666 0.74 6.9047768433931385
0.2820638254549053 0.6666666666666666 0.75 7.0701356017329555
0.2824340999757133 0.6666666666666666 0.76 7.240906231474678
0.2827343621747832 0.6666666666666666 0.77 7.416931410774678
0.28297269872847897 0.6666666666666666 0.78 7.59801474371151
0.28315732436683516 0.6666666666666666 0.79 7.783923925000235
0.2832964333519755 0.6666666666666666 0.8 7.974395298229702
0.2833980509702575 0.6666666666666666 0.81 8.169139634956018
0.28346989216863244 0.6666666666666666 0.82 8.367848867456617
0.28351923395240286 0.6666666666666666 0.83 8.570203436904013
0.28355280703936614 0.6666666666666666 0.84 8.775879880417293
0.28357671068804363 0.6666666666666666 0.85 8.984558278834546
0.28359635278663947 0.6666666666666666 0.86 9.19592922115495
0.2836164154392267 0.6666666666666666 0.87 9.40970000457821
0.2836408446206973 0.6666666666666666 0.88 9.625599871075641
0.2836728611376999 0.6666666666666666 0.89 9.84338417166904
0.2837149892143296 0.6666666666666666 0.9 10.062837437464129
0.28376909851728893 0.6666666666666666 0.91 10.283775414878084
0.28383645529164253 0.6666666666666666 0.92 10.50604618735918
0.28391777839408283 0.6666666666666666 0.93 10.729530557287687
0.2840132962316602 0.6666666666666666 0.94 10.954141905626855
0.284122800769496 0.6666666666666666 0.95 11.17982579349916
0.28424569465467253 0.6666666666666666 0.96 11.406559635713936
0.2843810057195174 0.6666666666666666 0.97 11.634354615709968
0.28452717848140785 0.6666666666666666 0.98 11.863276070196978
0.28468283232745517 0.6666666666666666 0.99 12.093383721414188
0.0 0.6808510638297872 0.0 3.4238081686096193
0.005404113196085391 0.6808510638297872 0.01 3.4241369439323686
0.010806669383884545 0.6808510638297872 0.02 3.4251237037704203
0.01620611037413343 0.6808510638297872 0.03 3.42676975106608
0.021600875614339494 0.6808510638297872 0.04 3.429077261755295
0.026989401003901504 0.6808510638297872 0.05 3.4320492913698653
0.03237011770531269 0.6808510638297872 0.06 3.435689784317281
0.037741450950280295 0.6808510638297872 0.07 3.440003585871321
0.04310181883958242 0.6808510638297872 0.08 3.4449964569394447
0.04844963113526394 0.6808510638297872 0.09 3.4506750917177116
0.05378328804474846 0.6808510638297872 0.1 3.457047138210022
0.05910117899505506 0.6808510638297872 0.11 3.4641212218520643
0.06440168139708427 0.6808510638297872 0.12 3.471906972222305
0.06968315939885128 0.6808510638297872 0.13 3.4804150530370017
0.07494396262716922 0.6808510638297872 0.14 3.4896571955593214
0.08018242491777844 0.6808510638297872 0.15 3.4996462355487346
0.08539686303371541 0.6808510638297872 0.16 3.5103961539436854
0.09058557537150931 0.6808510638297872 0.17 3.5219221215160506
0.0957468406572269 0.6808510638297872 0.18 3.5342405475783263
0.10087891663176402 0.6808510638297872 0.19 3.547369133103011
0.10598003872779904 0.6808510638297872 0.2 3.5613269284103133
0.11104841874020167 0.6808510638297872 0.21 3.576134395703806
0.11608224349198538 0.6808510638297872 0.22 3.5918134767666556
0.12107967350012724 0.6808510638297872 0.23 3.608387666050487
0.12603884164418253 0.6808510638297872 0.24 3.6258820895560526
0.13095785184448175 0.6808510638297872 0.25 3.6443235897408774
0.13583477775495126 0.6808510638297872 0.26 3.6637408168880334
0.14066766147912274 0.6808510638297872 0.27 3.684164327250602
0.1454545123185162 0.6808510638297872 0.28 3.7056266883589317
0.1501933055643467 0.6808510638297872 0.29 3.728162591886866
0.1548819813468082 0.6808510638297872 0.3 3.751808974417254
0.15951844355609718 0.6808510638297872 0.31 3.776605146573639
0.16410055885667682 0.6808510638297872 0.32 3.8025929307508326
0.16862615581307344 0.6808510638297872 0.33 3.829816807973481
0.17309302415684738 0.6808510638297872 0.34 3.858324074010223
0.17749891422257266 0.6808510638297872 0.35 3.8881650051165684
0.1818415365883464 0.6808510638297872 0.36 3.9193930335727907
0.1861185619635179 0.6808510638297872 0.37 3.95206493302391
0.19032762136923245 0.6808510638297872 0.38 3.9862410136557034
0.19446630666835327 0.6808510638297872 0.39 4.021985326910016
0.19853217150802585 0.6808510638297872 0.4 4.059365879296534
0.20252273274839022 0.6808510638297872 0.41 4.098454854542798
0.20643547246123087 0.6808510638297872 0.42 4.139328842984075
0.21026784059624085 0.6808510638297872 0.43 4.182069076571126
0.2140172584215398 0.6808510638297872 0.44 4.226761667495731
0.217681122868425 0.6808510638297872 0.45 4.273497847406434
0.22125681191214042 0.6808510638297872 0.46 4.322374203922309
0.22474169115648884 0.6808510638297872 0.47 4.3734929094008095
0.22813312178769882 0.6808510638297872 0.48 4.426961936524494
0.23142847010039927 0.6808510638297872 0.49 4.482895253102493
0.23462511879871267 0.6808510638297872 0.5 4.541412987520739
0.23772048030706455 0.6808510638297872 0.51 4.60264155377148
0.2407120123330754 0.6808510638297872 0.52 4.666713723041068
0.24359723593035804 0.6808510638297872 0.53 4.733768626522781
0.24637375632534553 0.6808510638297872 0.54 4.803951670872964
0.24903928674922188 0.6808510638297872 0.55 4.87741434541943
0.25159167551282724 0.6808510638297872 0.56 4.95431389651087
0.25402893630522544 0.6808510638297872 0.57 5.034812850030386
0.25634928319569456 0.6808510638297872 0.58 5.119078298476651
0.25855116673529804 0.6808510638297872 0.59 5.207281064443536
0.260633316298445 0.6808510638297872 0.6 5.299594500157111
0.2625947842196273 0.6808510638297872 0.61 5.396193055024901
0.2644349930386708 0.6808510638297872 0.62 5.497250509707727
0.266153784806274 0.6808510638297872 0.63 5.602937863079664
0.2677514713970614 0.6808510638297872 0.64 5.713420855143957
0.2692288844219024 0.6808510638297872 0.65 5.828857122295917
0.2705874229412128 0.6808510638297872 0.66 5.949393000052504
0.27182909678916956 0.6808510638297872 0.67 6.075160012502958
0.272956562957593 0.6808510638297872 0.68 6.206271117227462
0.27397315220630103 0.6808510638297872 0.69 6.3428168082639464
0.2748828829257686 0.6808510638297872 0.7 6.484861215679976
0.27569045932520664 0.6808510638297872 0.71 6.632438375954372
0.2764012513457026 0.6808510638297872 0.72 6.785548876909516
0.27702125429865443 0.6808510638297872 0.73 6.9441571014393375
0.2775570271680752 0.6808510638297872 0.74 7.1081892980861525
0.27801560972526407 0.6808510638297872 0.75 7.277532690696254
0.2784044200226973 0.6808510638297872 0.76 7.452035800360849
0.27873113533321126 0.6808510638297872 0.77 7.631510090554071
0.27900356100182666 0.6808510638297872 0.78 7.815732965076566
0.27922949281464066 0.6808510638297872 0.79 8.00445205468362
0.27941657918258905 0.6808510638297872 0.8 8.197390633239516
0.2795721895915214 0.6808510638297872 0.81 8.394253918619407
0.27970329532628807 0.6808510638297872 0.82 8.594735949441318
0.2798163675055737 0.6808510638297872 0.83 8.79852669301039
0.2799172960742687 0.6808510638297872 0.84 9.00531903745926
0.2800113317821668 0.6808510638297872 0.85 9.214815350252405
0.28010305152833803 0.6808510638297872 0.86 9.426733340510609
0.2801963459464814 0.6808510638297872 0.87 9.640811035665399
0.2802944268908136 0.6808510638297872 0.88 9.856810763504189
0.2803998516217204 0.6808510638297872 0.89 10.074522110076536
0.2805145600101102 0.6808510638297872 0.9 10.293763894356072
0.28063992092604123 0.6808510638297872 0.91 10.51438525876376
0.28077678408656237 0.6808510638297872 0.92 10.736266018812223
0.28092553389687014 0.6808510638297872 0.93 10.95931644828888
0.2810861421082444 0.6808510638297872 0.94 11.183476704333152
0.281258216279398 0.6808510638297872 0.95 11.40871613067342
0.2814410409093179 0.6808510638297872 0.96 11.635032731395071
0.2816335890556514 0.6808510638297872 0.97 11.862454757502652
0.28183434133768037 0.6808510638297872 0.98 12.09105872146501
0.2820419460667471 0.6808510638297872 0.99 12.320915638725653
0.0 0.6950354609929078 0.0 3.485112550830796
0.005356366209771843 0.6950354609929078 0.01 3.48545497311374
0.010711153384556653 0.6950354609929078 0.02 3.4864826982940755
0.016062781294830582 0.6950354609929078 0.03 3.488197102808381
0.021409667320891647 0.6950354609929078 0.04 3.4906004853366763
0.0267502252547952 0.6950354609929078 0.05 3.4936960738325067
0.03208286409893958 0.6950354609929078 0.06 3.4974880353396007
0.03740598685990661 0.6950354609929078 0.07 3.501981488755839
0.04271798933703946 0.6950354609929078 0.08 3.507182520469985
0.0480172589041673 0.6950354609929078 0.09 3.5130982030960727
0.05330217328421632 0.6950354609929078 0.1 3.519736617261169
0.058571099315549296 0.6950354609929078 0.11 3.527106876632622
0.06382239170984295 0.6950354609929078 0.12 3.5352191562386
0.06905439180053563 0.6950354609929078 0.13 3.544084724285031
0.07426542628248005 0.6950354609929078 0.14 3.5537159775139258
0.079453805941853 0.6950354609929078 0.15 3.5641264803792785
0.08461782437773287 0.6950354609929078 0.16 3.5753310081035004
0.0897557567147332 0.6950354609929078 0.17 3.5873455939338483
0.0948658583094648 0.6950354609929078 0.18 3.600187580656938
0.09994636345072723 0.6950354609929078 0.19 3.613875676747575
0.10499548405637853 0.6950354609929078 0.2 3.628430017318384
0.110011408369769 0.6950354609929078 0.21 3.643872230128301
0.11499229965871531 0.6950354609929078 0.22 3.660225506967862
0.11993629492177027 0.6950354609929078 0.23 3.677514680688052
0.12484150360670573 0.6950354609929078 0.24 3.695766308213623
0.12970600634891757 0.6950354609929078 0.25 3.7150087597950425
0.13452785373541332 0.6950354609929078 0.26 3.7352723149720797
0.1393050651065113 0.6950354609929078 0.27 3.756589265434371
0.14403562740509512 0.6950354609929078 0.28 3.778994025221491
0.14871749408622167 0.6950354609929078 0.29 3.8025232486405858
0.15334858410488128 0.6950354609929078 0.3 3.827215956139144
0.1579267809987073 0.6950354609929078 0.31 3.853113668559963
0.16244993208886435 0.6950354609929078 0.32 3.880260550006523
0.1669158478240412 0.6950354609929078 0.33 3.9087035596118613
0.17132230129747877 0.6950354609929078 0.34 3.93849261240445
0.17566702797211733 0.6950354609929078 0.35 3.9696807493713604
0.17994772565430633 0.6950354609929078 0.36 4.002324316721834
0.18416205476240866 0.6950354609929078 0.37 4.036483154232252
0.18830763894481625 0.6950354609929078 0.38 4.072220792325633
0.19238206610925826 0.6950354609929078 0.39 4.109604657341865
0.19638288993406916 0.6950354609929078 0.4 4.148706284176122
0.20030763194498757 0.6950354609929078 0.41 4.189601534984369
0.20415378424808803 0.6950354609929078 0.42 4.232370822390608
0.20791881302634563 0.6950354609929078 0.43 4.277099334889825
0.21160016291761394 0.6950354609929078 0.44 4.3238772616117025
0.21519526241194512 0.6950354609929078 0.45 4.372800012572796
0.21870153041153026 0.6950354609929078 0.46 4.423968429992095
0.2221163841269762 0.6950354609929078 0.47 4.477488984501585
0.22543724848839364 0.6950354609929078 0.48 4.533473949195118
0.2286615672711922 0.6950354609929078 0.49 4.592041542636376
0.23178681614942861 0.6950354609929078 0.5 4.653316030169896
0.2348105179051392 0.6950354609929078 0.51 4.717427770634272
0.23773026002050443 0.6950354609929078 0.52 4.78451319359604
0.2405437148920051 0.6950354609929078 0.53 4.854714689195533
0.24324866288668642 0.6950354609929078 0.54 4.928180390380168
0.24584301842888834 0.6950354609929078 0.55 5.0050638249100246
0.24832485921599973 0.6950354609929078 0.56 5.08552341390584
0.2506924594855604 0.6950354609929078 0.57 5.1697217549478145
0.25294432475672535 0.6950354609929078 0.58 5.25782476562119
0.2550792319199824 0.6950354609929078 0.59 5.350000493667006
0.25709627107822663 0.6950354609929078 0.6 5.446417699203556
0.25899489012186894 0.6950354609929078 0.61 5.547244122019884
0.26077494105347976 0.6950354609929078 0.62 5.652644422493473
0.2624367270498771 0.6950354609929078 0.63 5.762777782905152
0.26398104892127155 0.6950354609929078 0.64 5.877795169079721
0.26540924927697424 0.6950354609929078 0.65 5.997836270122896
0.26672325235551736 0.6950354609929078 0.66 6.123026156899722
0.26792559716397396 0.6950354609929078 0.67 6.253471727208661
0.26901946132943705 0.6950354609929078 0.68 6.389258036802221
0.270008672960283 0.6950354609929078 0.69 6.530444647925446
0.2708977078819448 0.6950354609929078 0.7 6.6770621587882175
0.27169166992465493 0.6950354609929078 0.71 6.829109103376088
0.27239625251009303 0.6950354609929078 0.72 6.986549427779974
0.2730176806376492 0.6950354609929078 0.73 7.149310751217953
0.2735626334685864 0.6950354609929078 0.74 7.317283603717912
0.27403814898255763 0.6950354609929078 0.75 7.4903217953776435
0.27445151351624664 0.6950354609929078 0.76 7.668244014719215
0.2748101402432244 0.6950354609929078 0.77 7.85083667929071
0.27512144166181934 0.6950354609929078 0.78 8.037857976865478
0.27539270178121833 0.6950354609929078 0.79 8.229042949520684
0.2756309538311716 0.6950354609929078 0.8 8.424109396168536
0.27584286894777565 0.6950354609929078 0.81 8.62276431063103
0.27603466043206654 0.6950354609929078 0.82 8.82471054016766
0.27621200696028947 0.6950354609929078 0.83 9.029653346182254
0.2763799966931907 0.6950354609929078 0.84 9.237306574125123
0.27654309276027944 0.6950354609929078 0.85 9.447398188502586
0.2767051192449439 0.6950354609929078 0.86 9.659674993756424
0.27686926568416714 0.6950354609929078 0.87 9.873906434273538
0.27703810730364714 0.6950354609929078 0.88 10.08988743801931
0.2772136377414036 0.6950354609929078 0.89 10.307440332526081
0.2773973108537024 0.6950354609929078 0.9 10.526415914380006
0.2775900882801242 0.6950354609929078 0.91 10.746693792863198
0.2777924896927737 0.6950354609929078 0.92 10.968182155896034
0.27800464297645566 0.6950354609929078 0.93 11.190817125424617
0.2782263318812257 0.6950354609929078 0.94 11.414561886094303
0.27845703883651324 0.6950354609929078 0.95 11.63940579525343
0.2786959804847497 0.6950354609929078 0.96 11.865363727310024
0.2789421172972189 0.6950354609929078 0.97 12.092477344163763
0.2791940017349844 0.6950354609929078 0.98 12.3208305367301
0.2794503340962366 0.6950354609929078 0.99 12.55050273986443
0.0 0.7092198581560284 0.0 3.5489926886570053
0.005307935235128998 0.7092198581560284 0.01 3.549349530795487
0.010614269171342523 0.7092198581560284 0.02 3.550420541560768
0.015917399303442246 0.7092198581560284 0.03 3.552207175463106
0.021215720712590844 0.7092198581560284 0.04 3.5547118616420375
0.026507624857042247 0.7092198581560284 0.05 3.557938011257904
0.03179149835984961 0.7092198581560284 0.06 3.561890027942597
0.037065721792772864 0.7092198581560284 0.07 3.566573321289266
0.042328668455352006 0.7092198581560284 0.08 3.5719943234974
0.04757870314885427 0.7092198581560284 0.09 3.5781605091580135
0.052814180943839516 0.7092198581560284 0.1 3.5850804183960197
0.05803344594142187 0.7092198581560284 0.11 3.592763683363376
0.06323483002775243 0.7092198581560284 0.12 3.6012210582467157
0.06841665162152606 0.7092198581560284 0.13 3.6104644529339986
0.07357721441467609 0.7092198581560284 0.14 3.6205069704836457
0.07871480610714367 0.7092198581560284 0.15 3.631362948519198
0.08382769713594382 0.7092198581560284 0.16 3.6430480047962153
0.08891413939998964 0.7092198581560284 0.17 3.6555790871067138
0.09397236498258413 0.7092198581560284 0.18 3.6689745277184467
0.09900058487307777 0.7092198581560284 0.19 3.6832541026405194
0.10399698769208549 0.7092198581560284 0.2 3.6984390958405324
0.10895973842170215 0.7092198581560284 0.21 3.71455236884749
0.11388697714731907 0.7092198581560284 0.22 3.731618435852379
0.1187768178150762 0.7092198581560284 0.23 3.749663544707846
0.12362734701259943 0.7092198581560284 0.24 3.7687157640584075
0.12843662278053217 0.7092198581560284 0.25 3.7888050769489183
0.13320267346382464 0.7092198581560284 0.26 3.8099634812611645
0.13792349661596393 0.7092198581560284 0.27 3.8322250971882785
0.14259705796792518 0.7092198581560284 0.28 3.8556262821649736
0.14722129047835542 0.7092198581560284 0.29 3.8802057535141974
0.15179409348307543 0.7092198581560284 0.3 3.906004719119553
0.156313331967364 0.7092198581560284 0.31 3.93306701628367
0.16077683598388465 0.7092198581560284 0.32 3.9614392591094867
0.16518240024781147 0.7092198581560284 0.33 3.9911709944334994
0.16952778394263404 0.7092198581560284 0.34 4.022314866403122
0.17381071077665833 0.7092198581560284 0.35 4.0549267896147
0.17802886933576764 0.7092198581560284 0.36 4.08906613060822
0.18217991378531334 0.7092198581560284 0.37 4.1247958973058845
0.18626146498136426 0.7092198581560284 0.38 4.162182935762551
0.19027111206195488 0.7092198581560284 0.39 4.201298133222052
0.19420641459544943 0.7092198581560284 0.4 4.2422166262513805
0.1980649053775694 0.7092198581560284 0.41 4.285018012104152
0.20184409397806247 0.7092198581560284 0.42 4.32978656101979
0.20554147115138363 0.7092198581560284 0.43 4.37661142646766
0.20915451424020132 0.7092198581560284 0.44 4.425586849510114
0.21268069371464832 0.7092198581560284 0.45 4.476812352514895
0.21611748100392603 0.7092198581560284 0.46 4.530392916362995
0.21946235779450687 0.7092198581560284 0.47 4.586439133851406
0.22271282697928663 0.7092198581560284 0.48 4.645067330621196
0.22586642545821686 0.7092198581560284 0.49 4.706399643024491
0.2289207389999525 0.7092198581560284 0.5 4.770564040383545
0.23187341937320405 0.7092198581560284 0.51 4.837694277139537
0.2347222039665875 0.7092198581560284 0.52 4.907929757516048
0.2374649380892676 0.7092198581560284 0.53 4.981415293462526
0.24009959958556557 0.7092198581560284 0.54 5.058300756682805
0.242624329594729 0.7092198581560284 0.55 5.138740444603026
0.24503745896433693 0.7092198581560284 0.56 5.222892578749186
0.2473375468740966 0.7092198581560284 0.57 5.310918209904236
0.24952341617315799 0.7092198581560284 0.58 5.402980148597115
0.2515941935494405 0.7092198581560284 0.59 5.49924153985382
0.2535493515590046 0.7092198581560284 0.6 5.5998641630753
0.2553887521184016 0.7092198581560284 0.61 5.705006425414413
0.2571126904844038 0.7092198581560284 0.62 5.814821039030771
0.25872193844679814 0.7092198581560284 0.63 5.9294523853927394
0.2602177851439795 0.7092198581560284 0.64 6.049033586889991
0.2616020736015914 0.7092198581560284 0.65 6.173683327442246
0.26287723081601533 0.7092198581560284 0.66 6.3035024894477125
0.2640462890103036 0.7092198581560284 0.67 6.438570702617344
0.26511289560528073 0.7092198581560284 0.68 6.578942930070483
0.2660813095414111 0.7092198581560284 0.69 6.724646244809016
0.26695638188291737 0.7092198581560284 0.7 6.875676972593027
0.2677435191747616 0.7092198581560284 0.71 7.03199839068198
0.2684486288023857 0.7092198581560284 0.72 7.1935391721600785
0.26907804660312246 0.7092198581560284 0.73 7.360192748860081
0.2696384481180633 0.7092198581560284 0.74 7.531817731071444
0.2701367460696664 0.7092198581560284 0.75 7.708239468808124
0.2705799777568768 0.7092198581560284 0.76 7.889252771617658
0.2709751869539237 0.7092198581560284 0.77 8.074625726953482
0.2713293054491338 0.7092198581560284 0.78 8.264104479648722
0.27164903948538044 0.7092198581560284 0.79 8.457418765882444
0.2719407660359544 0.7092198581560284 0.8 8.65428794263352
0.2722104431033115 0.7092198581560284 0.81 8.85442722426909
0.27246353715421623 0.7092198581560284 0.82 9.0575538347337
0.2727049695394028 0.7092198581560284 0.83 9.263392805887452
0.27293908243781717 0.7092198581560284 0.84 9.471682195761852
0.2731696236513797 0.7092198581560284 0.85 9.682177558493064
0.27339974856926236 0.7092198581560284 0.86 9.894655562531398
0.2736320368845465 0.7092198581560284 0.87 10.108916718215122
0.27386852120157057 0.7092198581560284 0.88 10.324787233980036
0.2741107245021981 0.7092198581560284 0.89 10.542120068308403
0.27435970349468536 0.7092198581560284 0.9 10.760795280398574
0.27461609508742946 0.7092198581560284 0.91 10.980719806695067
0.2748801635387461 0.7092198581560284 0.92 11.201826805146544
0.27515184616128247 0.7092198581560284 0.93 11.424074718036376
0.27543079572924656 0.7092198581560284 0.94 11.647446213055067
0.2757164178536171 0.7092198581560284 0.95 11.871947179702397
0.27600790145369786 0.7092198581560284 0.96 12.097605995285502
0.27630422705865376 0.7092198581560284 0.97 12.324474495879683
0.27660404357120866 0.7092198581560284 0.98 12.552640820690263
0.2769061213521716 0.7092198581560284 0.99 12.782190219482604
0.0 0.7234042553191489 0.0 3.6155963970619998
0.005258812442595595 0.7234042553191489 0.01 3.615968481919276
0.010516001113923146 0.7234042553191489 0.02 3.6170852484490306
0.015769941026705408 0.7234042553191489 0.03 3.618948234128221
0.021019004760883284 0.7234042553191489 0.04 3.621560006620531
0.026261561245136643 0.7234042553191489 0.05 3.6249241716739427
0.03149597453618665 0.7234042553191489 0.06 3.6290453841456407
0.03672060259487057 0.7234042553191489 0.07 3.63392936233344
0.04193379605886113 0.7234042553191489 0.08 3.639582905540105
0.04713389701080398 0.7234042553191489 0.09 3.646013915119315
0.05231923774250846 0.7234042553191489 0.1 3.653231418891668
0.05748813951419931 0.7234042553191489 0.11 3.6612455992088706
0.062638911309031 0.7234042553191489 0.12 3.6700678247320186
0.06776984858378104 0.7234042553191489 0.13 3.679710685988839
0.07287923201543411 0.7234042553191489 0.14 3.6901880349813276
0.07796532624497726 0.7234042553191489 0.15 3.70151502895022
0.08302637862021148 0.7234042553191489 0.16 3.7137081784410415
0.08806061793797042 0.7234042553191489 0.17 3.7267854000085805
0.09306625319059575 0.7234042553191489 0.18 3.7407660735415162
0.09804147231639303 0.7234042553191489 0.19 3.7556711047353875
0.10298444096119808 0.7234042553191489 0.2 3.7715229926598495
0.10789330125298369 0.7234042553191489 0.21 3.788345902907249
0.11276617059678828 0.7234042553191489 0.22 3.8061657464526
0.11760114049618638 0.7234042553191489 0.23 3.825010264551386
0.12239627540870639 0.7234042553191489 0.24 3.844909120003343
0.12714961164704872 0.7234042553191489 0.25 3.8658939949256452
0.1318591563345764 0.7234042553191489 0.26 3.8879986955173576
0.13652288643098826 0.7234042553191489 0.27 3.911259263933295
0.14113874784296082 0.7234042553191489 0.28 3.9357140976003255
0.14570465463819002 0.7234042553191489 0.29 3.961404076216774
0.15021848838507287 0.7234042553191489 0.3 3.9883726965996593
0.15467809764272525 0.7234042553191489 0.31 4.016666215554675
0.15908129763074144 0.7234042553191489 0.32 4.046333800833281
0.1634258701121442 0.7234042553191489 0.33 4.077427690176816
0.16770956352980107 0.7234042553191489 0.34 4.110003358244112
0.17193009343841967 0.7234042553191489 0.35 4.144119691268107
0.1760851432877357 0.7234042553191489 0.36 4.179839168746773
0.18017236561200387 0.7234042553191489 0.37 4.217228051626245
0.18418938369536064 0.7234042553191489 0.38 4.256356575823431
0.18813379378989906 0.7234042553191489 0.39 4.29729914966402
0.19200316797064781 0.7234042553191489 0.4 4.3401345534829385
0.1957950577291008 0.7234042553191489 0.41 4.384946138786878
0.19950699841206518 0.7234042553191489 0.42 4.431822024031669
0.20313651462856896 0.7234042553191489 0.43 4.48085528311927
0.2066811267644086 0.7234042553191489 0.44 4.532144121624409
0.21013835874680215 0.7234042553191489 0.45 4.585792035127358
0.21350574722770224 0.7234042553191489 0.46 4.641907942173907
0.216780852359043 0.7234042553191489 0.47 4.70060628324697
0.2199612703403865 0.7234042553191489 0.48 4.7620070755955375
0.2230446479389969 0.7234042553191489 0.49 4.826235911363431
0.22602869917112103 0.7234042553191489 0.5 4.89342388501253
0.22891122433854713 0.7234042553191489 0.51 4.9637074334303035
0.2316901315962777 0.7234042553191489 0.52 5.037228070049454
0.23436346099962688 0.7234042553191489 0.53 5.114132000868091
0.2369294124558722 0.7234042553191489 0.54 5.194569541941962
0.23938637411443706 0.7234042553191489 0.55 5.27869446683573
0.2417329561525969 0.7234042553191489 0.56 5.366663040670056
0.2439680258309912 0.7234042553191489 0.57 5.458632888027977
0.2460907452088934 0.7234042553191489 0.58 5.554761596958178
0.24810061074403633 0.7234042553191489 0.59 5.655205051032187
0.24999749408827823 0.7234042553191489 0.6 5.7601154741483445
0.2517816831406961 0.7234042553191489 0.61 5.869639181787869
0.2534539221460601 0.7234042553191489 0.62 5.983914044952348
0.2550154493456043 0.7234042553191489 0.63 6.103066689214565
0.25646803041043303 0.7234042553191489 0.64 6.2272094716054145
0.257813985649827 0.7234042553191489 0.65 6.356437301734809
0.2590562088258239 0.7234042553191489 0.66 6.49082439937532
0.2601981753454618 0.7234042553191489 0.67 6.630421107747153
0.26124393771399596 0.7234042553191489 0.68 6.775250905930804
0.262198106413712 0.7234042553191489 0.69 6.925307783849064
0.26306581488220027 0.7234042553191489 0.7 7.080554153729773
0.2638526679794427 0.7234042553191489 0.71 7.240919470440048
0.26456467423314783 0.7234042553191489 0.72 7.406299716454069
0.26520816318226165 0.7234042553191489 0.73 7.576557873728055
0.26578969019740867 0.7234042553191489 0.74 7.75152545564736
0.2663159321437362 0.7234042553191489 0.75 7.93100510990134
0.266793578036966 0.7234042553191489 0.76 8.114774233640665
0.26722921932850446 0.7234042553191489 0.77 8.302589472459722
0.26762924456754844 0.7234042553191489 0.78 8.494191912598144
0.2679997428971846 0.7234042553191489 0.79 8.68931272901109
0.26834642018799526 0.7234042553191489 0.8 8.887679025472766
0.2686745306650196 0.7234042553191489 0.81 9.089019599953145
0.2689888257665716 0.7234042553191489 0.82 9.293070387918366
0.2692935208107539 0.7234042553191489 0.83 9.49957937463222
0.26959227895667964 0.7234042553191489 0.84 9.7083108194461
0.26988821103975796 0.7234042553191489 0.85 9.919048692997299
0.2701838891786499 0.7234042553191489 0.86 10.131599286737526
0.27048137163314717 0.7234042553191489 0.87 10.345793006828995
0.2707822362138608 0.7234042553191489 0.88 10.561485408260584
0.271087619574753 0.7234042553191489 0.89 10.778557557844888
0.2713982599021089 0.7234042553191489 0.9 10.996915836796463
0.27171454079408497 0.7234042553191489 0.91 11.216491306009202
0.2720365344415717 0.7234042553191489 0.92 11.437238762847773
0.27236404252250823 0.7234042553191489 0.93 11.659135620528911
0.2726966334506731 0.7234042553191489 0.94 11.882180744908638
0.2730336747050598 0.7234042553191489 0.95 12.106393396041916
0.27337435883121003 0.7234042553191489 0.96 12.331812452367082
0.27371771091704694 0.7234042553191489 0.97 12.558497104843617
0.2740624918270477 0.7234042553191489 0.98 12.786537221400682
0.27440755580580495 0.7234042553191489 0.99 13.016021527497736
0.0 0.7375886524822695 0.0 3.6850813804574076
0.005208990727480441 0.7375886524822695 0.01 3.6854695837299496
0.010416335037205543 0.7375886524822695 0.02 3.6866347348279525
0.015620385288198141 0.7375886524822695 0.03 3.68857845925586
0.02081949139244753 0.7375886524822695 0.04 3.6913034717200133
0.02601199958998873 0.7375886524822695 0.05 3.6948135844409786
0.03119625122223435 0.7375886524822695 0.06 3.6991137188768297
0.036370581503404054 0.7375886524822695 0.07 3.7042099208193755
0.041533318289263516 0.7375886524822695 0.08 3.710109379059185
0.04668278084355987 0.7375886524822695 0.09 3.716820447549238
0.051817278601591174 0.7375886524822695 0.1 3.724352671290471
0.0569351099314347 0.7375886524822695 0.11 3.7327168159695163
0.06203456089316854 0.7375886524822695 0.12 3.741924901498159
0.06711390399682907 0.7375886524822695 0.13 3.75199023959083
0.07217139695991759 0.7375886524822695 0.14 3.762927475561646
0.0772052814665025 0.7375886524822695 0.15 3.774752634442895
0.08221378192927549 0.7375886524822695 0.16 3.78748317168024
0.08719510425733255 0.7375886524822695 0.17 3.801138028567474
0.0921474346331625 0.7375886524822695 0.18 3.8157376926064193
0.09706893830170062 0.7375886524822695 0.19 3.831304263107953
0.10195775837744597 0.7375886524822695 0.2 3.8478615221567054
0.1068120146746763 0.7375886524822695 0.21 3.8654350112522877
0.11162980256793817 0.7375886524822695 0.22 3.8840521138559527
0.11640919189049764 0.7375886524822695 0.23 3.9037421441379276
0.1211482258812776 0.7375886524822695 0.24 3.9245364421250297
0.12584492019149626 0.7375886524822695 0.25 3.946468475525646
0.1304972619641897 0.7375886524822695 0.26 3.9695739484939
0.1351032090027611 0.7375886524822695 0.27 3.9938909175321298
0.13966068904706153 0.7375886524822695 0.28 4.019459914722499
0.14416759917854408 0.7375886524822695 0.29 4.046324078435631
0.14862180537875805 0.7375886524822695 0.3 4.074529291646122
0.15302114227112443 0.7375886524822695 0.31 4.104124327807199
0.15736341307819646 0.7375886524822695 0.32 4.135161004263059
0.16164638983369106 0.7375886524822695 0.33 4.167694342933538
0.16586781389214272 0.7375886524822695 0.34 4.2017827379592125
0.17002539678798576 0.7375886524822695 0.35 4.237488129655446
0.17411682149984073 0.7375886524822695 0.36 4.274876184037773
0.1781397441876728 0.7375886524822695 0.37 4.314016476668956
0.1820917964734907 0.7375886524822695 0.38 4.354982679488426
0.18597058835329242 0.7375886524822695 0.39 4.397852748457245
0.18977371183131647 0.7375886524822695 0.4 4.4427091096494715
0.1934987453837692 0.7375886524822695 0.41 4.489638840517813
0.19714325936632948 0.7375886524822695 0.42 4.538733842499628
0.20070482249796487 0.7375886524822695 0.43 4.590090999922346
0.20418100955825924 0.7375886524822695 0.44 4.643812319445187
0.20756941045515764 0.7375886524822695 0.45 4.700005042664468
0.21086764082134263 0.7375886524822695 0.46 4.758781723522652
0.21407335431577112 0.7375886524822695 0.47 4.820260260122659
0.21718425680364445 0.7375886524822695 0.48 4.884563869177649
0.2201981225953869 0.7375886524822695 0.49 4.9518209891071105
0.22311281291182908 0.7375886524822695 0.5 5.022165096095598
0.22592629672005143 0.7375886524822695 0.51 5.095734415710904
0.22863667401820445 0.7375886524822695 0.52 5.172671512466638
0.23124220237093102 0.7375886524822695 0.53 5.253122703247899
0.23374132442693787 0.7375886524822695 0.54 5.337237375328751
0.23613269990609106 0.7375886524822695 0.55 5.425167025024314
0.23841523892748276 0.7375886524822695 0.56 5.517064127333348
0.2405881376640847 0.7375886524822695 0.57 5.61308075666668
0.24265091562166896 0.7375886524822695 0.58 5.713366950916561
0.24460345386261576 0.7375886524822695 0.59 5.818068807072883
0.24644603327565703 0.7375886524822695 0.6 5.927326305081137
0.24817937174084 0.7375886524822695 0.61 6.041270868944778
0.24980465878752964 0.7375886524822695 0.62 6.160022689523142
0.2513235860986712 0.7375886524822695 0.63 6.283687852590033
0.2527383720145777 0.7375886524822695 0.64 6.412355337427757
0.25405177805258045 0.7375886524822695 0.65 6.546093975124549
0.2552671154335112 0.7375886524822695 0.66 6.684949479486173
0.25638823971590413 0.7375886524822695 0.67 6.828941685281772
0.2574195319239448 0.7375886524822695 0.68 6.97806214500901
0.2583658650244317 0.7375886524822695 0.69 7.132272243723366
0.25923255526840555 0.7375886524822695 0.7 7.291501988204187
0.2600252987265729 0.7375886524822695 0.71 7.455649610043219
0.26075009427277096 0.7375886524822695 0.72 7.624582090355503
0.26141315521120984 0.7375886524822695 0.73 7.798136668294907
0.26202081261600135 0.7375886524822695 0.74 7.976123338574335
0.2625794141414755 0.7375886524822695 0.75 8.158328280302655
0.26309522248692985 0.7375886524822695 0.76 8.344518096618017
0.2635743177930133 0.7375886524822695 0.77 8.534444689126959
0.26402250799203314 0.7375886524822695 0.78 8.727850549301733
0.26444525055470497 0.7375886524822695 0.79 8.924474225663346
0.2648475882436422 0.7375886524822695 0.8 9.124055722802701
0.2652341004953769 0.7375886524822695 0.81 9.326341605659554
0.26560887101944763 0.7375886524822695 0.82 9.53108961685776
0.26597547123402315 0.7375886524822695 0.83 9.738072661069648
0.2663369583346053 0.7375886524822695 0.84 9.947082062659819
0.2666958861710509 0.7375886524822695 0.85 10.157930055427697
0.26705432671330825 0.7375886524822695 0.86 10.37045151107614
0.2674138997042309 0.7375886524822695 0.87 10.584504953139195
0.2677758081066735 0.7375886524822695 0.88 10.799972933159633
0.2681408770998595 0.7375886524822695 0.89 11.016761866312194
0.2685095946250642 0.7375886524822695 0.9 11.23480143489578
0.2688821517716777 0.7375886524822695 0.91 11.454043672330378
0.2692584815891867 0.7375886524822695 0.92 11.674461839963392
0.2696382951699184 0.7375886524822695 0.93 11.896049207162655
0.27002111403136236 0.7375886524822695 0.94 12.118817845862331
0.2704062978863652 0.7375886524822695 0.95 12.342797559580891
0.2707930667607353 0.7375886524822695 0.96 12.56803509188177
0.27118050795693116 0.7375886524822695 0.97 12.7945945718591
0.2715675026315654 0.7375886524822695 0.98 13.022565617879447
0.27195299900242104 0.7375886524822695 0.99 13.252038360097464
0.0 0.75177304964539 0.0 3.7576158533211266
0.005158463863545135 0.75177304964539 0.01 3.7580211064151756
0.010315258529393013 0.75177304964539 0.02 3.759237438064573
0.015468713572301142 0.75177304964539 0.03 3.7612665671154537
0.02061715611162024 0.75177304964539 0.04 3.764111364159466
0.025758909582802334 0.75177304964539 0.05 3.76777586033672
0.030892292508138543 0.75177304964539 0.06 3.7722652596862973
0.036015617266472906 0.75177304964539 0.07 3.7775859551416238
0.04112718886198002 0.75177304964539 0.08 3.7837455481968396
0.046225303692049774 0.75177304964539 0.09 3.7907528723534516
0.05130824831488075 0.75177304964539 0.1 3.798618020395322
0.0563742982166578 0.75177304964539 0.11 3.807352375718886
0.06142171658053147 0.75177304964539 0.12 3.816968647629568
0.0664487530569791 0.75177304964539 0.13 3.827480911000207
0.07145364253859536 0.75177304964539 0.14 3.8389046502311217
0.07643460394016986 0.75177304964539 0.15 3.8512568078429874
0.08138983898821486 0.75177304964539 0.16 3.8645558377077442
0.08631753102120444 0.75177304964539 0.17 3.8788217633306155
0.09121584380682603 0.75177304964539 0.18 3.894076241150296
0.0960829203792141 0.75177304964539 0.19 3.9103426292667387
0.10091688190302026 0.75177304964539 0.2 3.927646061717288
0.10571582657131445 0.75177304964539 0.21 3.9460135285368056
0.11047782854542876 0.75177304964539 0.22 3.965473961850084
0.11520093694604289 0.75177304964539 0.23 3.986058328258324
0.11988317490860362 0.75177304964539 0.24 4.007799727626069
0.12452253871470002 0.75177304964539 0.25 4.030733498612992
0.12911699701702944 0.75177304964539 0.26 4.054897331000671
0.1336644901740393 0.75177304964539 0.27 4.080331385114087
0.13816292971904703 0.75177304964539 0.28 4.107078418213854
0.14261019798408253 0.75177304964539 0.29 4.135183918177613
0.14700414791122915 0.75177304964539 0.3 4.164696244157178
0.15134260308094666 0.75177304964539 0.31 4.195666774263782
0.1556233579969308 0.75177304964539 0.32 4.2281500598810275
0.15984417866986522 0.75177304964539 0.33 4.2622039861985765
0.16400280354890778 0.75177304964539 0.34 4.297889938324524
0.16809694485786605 0.75177304964539 0.35 4.335272972008251
0.17212429039820978 0.75177304964539 0.36 4.374421987817799
0.17608250589147612 0.75177304964539 0.37 4.415409907119898
0.17996923794207326 0.75177304964539 0.38 4.458313847785854
0.18378211770865385 0.75177304964539 0.39 4.503215297124073
0.18751876538847406 0.75177304964539 0.4 4.550200278591855
0.19117679562183704 0.75177304964539 0.41 4.599359508476576
0.19475382394202334 0.75177304964539 0.42 4.650788537474081
0.1982474744028082 0.75177304964539 0.43 4.704587871261404
0.20165538852451817 0.75177304964539 0.44 4.760863063031141
0.20497523571706036 0.75177304964539 0.45 4.819724769200185
0.20820472533054754 0.75177304964539 0.46 4.881288758692054
0.21134162050073016 0.75177304964539 0.47 4.945675863910944
0.21438375395079953 0.75177304964539 0.48 5.013011859958408
0.21732904589741484 0.75177304964539 0.49 5.083427257059471
0.22017552395086887 0.75177304964539 0.5 5.157057000606878
0.22292134673799305 0.75177304964539 0.51 5.234039984041463
0.22556482690435428 0.75177304964539 0.52 5.314518560634693
0.22810445993814255 0.75177304964539 0.53 5.398637731397645
0.23053895334676697 0.75177304964539 0.54 5.486544239786372
0.23286725853184204 0.75177304964539 0.55 5.578385433862251
0.23508860446747581 0.75177304964539 0.56 5.67430790417837
0.23720253275409817 0.75177304964539 0.57 5.774455880218026
0.2392089333876411 0.75177304964539 0.58 5.87896937652173
0.2411080803802479 0.75177304964539 0.59 5.987982088161862
0.24290066614144498 0.75177304964539 0.6 6.101619047106874
0.2445878333040196 0.75177304964539 0.61 6.219994065744416
0.24617120246655808 0.75177304964539 0.62 6.3432070116522254
0.24765289415304798 0.75177304964539 0.63 6.471340977842284
0.24903554318327226 0.75177304964539 0.64 6.6044594343228065
0.2503223036403554 0.75177304964539 0.65 6.742603468146782
0.2515168427459029 0.75177304964539 0.66 6.885789237863
0.25262332222227374 0.75177304964539 0.67 7.034005782426406
0.2536463661687342 0.75177304964539 0.68 7.187213330287423
0.2545910150768174 0.75177304964539 0.69 7.345342250130092
0.2554626663521983 0.75177304964539 0.7 7.508292767649598
0.2562670025343685 0.75177304964539 0.71 7.675935542711538
0.25700990924675077 0.75177304964539 0.72 7.848113158715539
0.25769738567274236 0.75177304964539 0.73 8.024642524310046
0.25833545096494004 0.75177304964539 0.74 8.205318130294469
0.2589300503578056 0.75177304964539 0.75 8.389916048517744
0.25948696483475214 0.75177304964539 0.76 8.578198509902332
0.260011727970873 0.75177304964539 0.77 8.769918861689279
0.2605095530605011 0.75177304964539 0.78 8.964826683424413
0.2609852729052505 0.75177304964539 0.79 9.162672838895265
0.2614432937636075 0.75177304964539 0.8 9.36321425695912
0.2618875640495446 0.75177304964539 0.81 9.566218264830647
0.2623215575024507 0.75177304964539 0.82 9.771466338833163
0.2627482698111206 0.75177304964539 0.83 9.978757184517034
0.26317022710890026 0.75177304964539 0.84 10.18790910537548
0.263589504386804 0.75177304964539 0.85 10.398761662813058
0.2640077516921285 0.75177304964539 0.86 10.61117666647983
0.26442622596754656 0.75177304964539 0.87 10.82503856193035
0.2648458265050602 0.75177304964539 0.88 11.04025430134704
0.26526713219791276 0.75177304964539 0.89 11.256752793613172
0.26569043903251066 0.75177304964539 0.9 11.474484033704728
0.26611579653597156 0.75177304964539 0.91 11.693418010086242
0.26654304215010316 0.75177304964539 0.92 11.913543484975373
0.26697183271663993 0.75177304964539 0.93 12.134866738193006
0.2674016724011708 0.75177304964539 0.94 12.357410364240506
0.26783193642009856 0.75177304964539 0.95 12.581212218615837
0.268261889821327 0.75177304964539 0.96 12.806324629216803
0.26869069410627594 0.75177304964539 0.97 13.032814625819366
0.2691173535357438 0.75177304964539 0.98 13.260770065560811
0.26954091705476735 0.75177304964539 0.99 13.490280686326587
0.0 0.7659574468085106 0.0 3.833379169073247
0.005107226679437392 0.7659574468085106 0.01 3.8338024618838706
0.010212761295689606 0.7659574468085106 0.02 3.8350729455870187
0.015314910557062822 0.7659574468085106 0.03 3.837192437895786
0.02041197871488261 0.7659574468085106 0.04 3.840163974478029
0.025502266334981545 0.7659574468085106 0.05 3.843991818264902
0.030584069069402038 0.7659574468085106 0.06 3.848681472472589
0.035655676428334386 0.7659574468085106 0.07 3.854239697479127
0.0407153705528476 0.7659574468085106 0.08 3.8606745315484914
0.04576142498886102 0.7659574468085106 0.09 3.8679953155238103
0.05079210346278289 0.7659574468085106 0.1 3.8762127216319224
0.05580565866089109 0.7659574468085106 0.11 3.885338786332406
0.06080033101218163 0.7659574468085106 0.12 3.8953869476163527
0.06577434747861682 0.7659574468085106 0.13 3.90637208655378
0.07072592035262751 0.7659574468085106 0.14 3.9183105735910284
0.07565324606686492 0.7659574468085106 0.15 3.931220319455496
0.0805545040180391 0.7659574468085106 0.16 3.9451208310527037
0.08542785540988707 0.7659574468085106 0.17 3.96003327242798
0.09027144212036592 0.7659574468085106 0.18 3.9759805309900793
0.09508338559785474 0.7659574468085106 0.19 3.9929872893056166
0.0998617857954222 0.7659574468085106 0.2 4.011080102484212
0.1046047201496187 0.7659574468085106 0.21 4.030287481534942
0.10931024261561176 0.7659574468085106 0.22 4.050639982724536
0.11397638276799675 0.7659574468085106 0.23 4.072170303305277
0.11860114498362524 0.7659574468085106 0.24 4.094913383560819
0.12318250771930227 0.7659574468085106 0.25 4.118906515530366
0.12771842290516836 0.7659574468085106 0.26 4.144189458325054
0.13220681547267768 0.7659574468085106 0.27 4.170804560244707
0.13664558304369703 0.7659574468085106 0.28 4.198796887532577
0.14103259580760605 0.7659574468085106 0.29 4.228214359748228
0.14536569661801207 0.7659574468085106 0.3 4.259107891576828
0.1496427013480075 0.7659574468085106 0.31 4.291531540596886
0.1538613995437661 0.7659574468085106 0.32 4.325542660621843
0.15801955542651744 0.7659574468085106 0.33 4.361202059751143
0.16211490929528985 0.7659574468085106 0.34 4.398574162247766
0.1661451793942827 0.7659574468085106 0.35 4.437727172794242
0.17010806431109401 0.7659574468085106 0.36 4.478733241599678
0.1740012459867566 0.7659574468085106 0.37 4.521668628026449
0.1778223934212387 0.7659574468085106 0.38 4.566613860205717
0.18156916717302926 0.7659574468085106 0.39 4.61365388717596
0.18523922475677634 0.7659574468085106 0.4 4.6628782195647815
0.1888302270564175 0.7659574468085106 0.41 4.714381053774748
0.19233984587657543 0.7659574468085106 0.42 4.768261373847965
0.19576577276979243 0.7659574468085106 0.43 4.824623023739626
0.1991057292779706 0.7659574468085106 0.44 4.883574741779167
0.20235747873578297 0.7659574468085106 0.45 4.94523014745788
0.20551883978348826 0.7659574468085106 0.46 5.0097076692382805
0.20858770173442034 0.7659574468085106 0.47 5.077130400394785
0.21156204192990288 0.7659574468085106 0.48 5.147625868353169
0.21443994504177835 0.7659574468085106 0.49 5.221325708861001
0.21721962545107246 0.7659574468085106 0.5 5.29836517649991
0.2198994499270064 0.7659574468085106 0.51 5.378882609813402
0.22247796462128566 0.7659574468085106 0.52 5.463018635162481
0.2249539230629573 0.7659574468085106 0.53 5.550915246271392
0.22732631632473443 0.7659574468085106 0.54 5.642714674252323
0.22959440479982965 0.7659574468085106 0.55 5.738558043470464
0.2317577511215767 0.7659574468085106 0.56 5.838583800917977
0.23381625358705846 0.7659574468085106 0.57 5.942925912918151
0.23577017925328353 0.7659574468085106 0.58 6.051711831714903
0.23762019567500936 0.7659574468085106 0.59 6.165060245699065
0.23936740005187526 0.7659574468085106 0.6 6.283078641101113
0.2410133443664504 0.7659574468085106 0.61 6.405860719712289
0.2425600549544573 0.7659574468085106 0.62 6.533483735543138
0.24401004486516065 0.7659574468085106 0.63 6.666005832976441
0.2453663173795728 0.7659574468085106 0.64 6.80346348795788
0.24663235918793514 0.7659574468085106 0.65 6.945869169779676
0.24781212198628602 0.7659574468085106 0.66 7.093209352766286
0.248909991669154 0.7659574468085106 0.67 7.245443010861222
0.24993074484727787 0.7659574468085106 0.68 7.40250072247348
0.250879493086744 0.7659574468085106 0.69 7.564284496072316
0.2517616160049963 0.7659574468085106 0.7 7.730668398348865
0.2525826851029167 0.7659574468085106 0.71 7.901500027457998
0.2533483808858584 0.7659574468085106 0.72 8.076602826490738
0.2540644063574717 0.7659574468085106 0.73 8.255779180725241
0.25473640028294414 0.7659574468085106 0.74 8.438814192042754
0.2553698536841935 0.7659574468085106 0.75 8.625479979636015
0.25597003282147224 0.7659574468085106 0.76 8.815540323504022
0.25654191146149985 0.7659574468085106 0.77 9.008755449319695
0.2570901145855615 0.7659574468085106 0.78 9.20488675149207
0.25761887491953517 0.7659574468085106 0.79 9.403701265489701
0.25813200285796223 0.7659574468085106 0.8 9.60497572808613
0.25863286958676074 0.7659574468085106 0.81 9.808500101192323
0.2591244025446787 0.7659574468085106 0.82 10.014080477146743
0.2596090918522324 0.7659574468085106 0.83 10.221541325797196
0.26008900599130746 0.7659574468085106 0.84 10.430727083150265
0.2605658148445441 0.7659574468085106 0.85 10.64150311445062
0.26104081817556046 0.7659574468085106 0.86 10.853756110209938
0.2615149777236424 0.7659574468085106 0.87 11.067393991166242
0.26198895126301885 0.7659574468085106 0.88 11.282345408079236
0.2624631272030643 0.7659574468085106 0.89 11.49855892580707
0.2629376585516372 0.7659574468085106 0.9 11.716001979764565
0.2634124953032483 0.7659574468085106 0.91 11.934659688413703
0.2638874145261955 0.7659574468085106 0.92 12.154533599737736
0.2643620475921842 0.7659574468085106 0.93 12.375640444569031
0.2648359041000223 0.7659574468085106 0.94 12.598010967600809
0.26530839206509715 0.7659574468085106 0.95 12.821688911504019
0.2657788338523195 0.7659574468085106 0.96 13.046730244818626
0.2662464725221237 0.7659574468085106 0.97 13.273203210726955
0.2667104341582593 0.7659574468085106 0.98 13.501192786241232
0.2671698721820774 0.7659574468085106 0.99 13.730786799405312
0.0 0.7801418439716312 0.0 3.9125624468809397
0.0050552752607520715 0.7801418439716312 0.01 3.9130048304011376
0.010108835563374014 0.7801418439716312 0.02 3.914332621051825
0.015158964724206107 0.7801418439716312 0.03 3.9165477410727156
0.020203944108919184 0.7801418439716312 0.04 3.9196534006774018
0.025242051408057794 0.7801418439716312 0.05 3.923654107851519
0.03027155941394731 0.7801418439716312 0.06 3.928555682049751
0.035290734799320676 0.7801418439716312 0.07 3.934365271958026
0.040297836898591524 0.7801418439716312 0.08 3.9410913773082306
0.045291116492837354 0.7801418439716312 0.09 3.9487438748297867
0.05026881459946564 0.7801418439716312 0.1 3.9573340484885944
0.055229161268412055 0.7801418439716312 0.11 3.966874624057765
0.0601703743869268 0.7801418439716312 0.12 3.977379808142421
0.06509065849481055 0.7801418439716312 0.13 3.98886533187126
0.06998820361383316 0.7801418439716312 0.14 4.0013484992827415
0.07486118409442097 0.7801418439716312 0.15 4.014848240639465
0.07970775748398856 0.7801418439716312 0.16 4.029385170817881
0.08452606342232451 0.7801418439716312 0.17 4.04498165291573
0.08931422257013447 0.7801418439716312 0.18 4.06166186725941
0.09407033557722674 0.7801418439716312 0.19 4.079451886054055
0.09879248210041006 0.7801418439716312 0.2 4.098379753700321
0.103478719879492 0.7801418439716312 0.21 4.118475573093558
0.10812708388374623 0.7801418439716312 0.22 4.139771597981154
0.11273558554293868 0.7801418439716312 0.23 4.162302331468395
0.11730221207724713 0.7801418439716312 0.24 4.186104630879283
0.1218249259457866 0.7801418439716312 0.25 4.2112178189064275
0.12630166443365426 0.7801418439716312 0.26 4.237683801132251
0.13073033940165962 0.7801418439716312 0.27 4.265547189840316
0.1351088372278268 0.7801418439716312 0.28 4.294855433859404
0.13943501896997285 0.7801418439716312 0.29 4.325658954320415
0.14370672078781235 0.7801418439716312 0.3 4.358011285748286
0.147921754664078 0.7801418439716312 0.31 4.3919692219966855
0.15207790947319186 0.7801418439716312 0.32 4.427592966093512
0.1561729524476248 0.7801418439716312 0.33 4.464946283077144
0.16020463110485797 0.7801418439716312 0.34 4.504096654220292
0.16417067569871832 0.7801418439716312 0.35 4.545115431040532
0.16806880227217266 0.7801418439716312 0.36 4.588077986720592
0.17189671639234064 0.7801418439716312 0.37 4.63306386229205
0.17565211766157432 0.7801418439716312 0.38 4.680156904059049
0.17933270510374186 0.7801418439716312 0.39 4.729445388207436
0.18293618353562838 0.7801418439716312 0.4 4.781022127589235
0.18646027104062485 0.7801418439716312 0.41 4.834984554767338
0.1899027076705146 0.7801418439716312 0.42 4.891434774251536
0.19326126550596198 0.7801418439716312 0.43 4.950479575698681
0.1965337602103915 0.7801418439716312 0.44 5.012230398483835
0.19971806420973326 0.7801418439716312 0.45 5.076803236729042
0.20281212163036602 0.7801418439716312 0.46 5.144318472138875
0.2058139647696 0.7801418439716312 0.47 5.214900638055712
0.2087217344656952 0.7801418439716312 0.48 5.288677984321637
0.21153369806850805 0.7801418439716312 0.49 5.365782148889894
0.21424827478757114 0.7801418439716312 0.5 5.446347424321105
0.21686405961463134 0.7801418439716312 0.51 5.530510045504616
0.21937985031008092 0.7801418439716312 0.52 5.618407247660205
0.2217946759572994 0.7801418439716312 0.53 5.71017614346533
0.2241078269064837 0.7801418439716312 0.54 5.805952398023402
0.2263188856463096 0.7801418439716312 0.55 5.905868691959095
0.22842775798207585 0.7801418439716312 0.56 6.0100529692171305
0.23043470372642885 0.7801418439716312 0.57 6.11862647455765
0.23234036592664822 0.7801418439716312 0.58 6.231701596676938
0.23414579747689998 0.7801418439716312 0.59 6.349379546087429
0.23585248380336002 0.7801418439716312 0.6 6.471747912472825
0.23746236019424635 0.7801418439716312 0.61 6.598878163055069
0.2389778222842676 0.7801418439716312 0.62 6.7308231612992735
0.24040172823435776 0.7801418439716312 0.63 6.867614801686573
0.24173739127677044 0.7801418439716312 0.64 7.009261870435746
0.24298856155484094 0.7801418439716312 0.65 7.155748250975484
0.24415939656841604 0.7801418439716312 0.66 7.307031595280938
0.2452544200451074 0.7801418439716312 0.67 7.463042575302055
0.2462784696592698 0.7801418439716312 0.68 7.623684811983499
0.24723663467987697 0.7801418439716312 0.69 7.788835552204998
0.24813418528675352 0.7801418439716312 0.7 7.958347127522269
0.24897649588475834 0.7801418439716312 0.71 8.13204918541415
0.24976896520549297 0.7801418439716312 0.72 8.309751637291455
0.25051693625594273 0.7801418439716312 0.73 8.491248222562609
0.25122561922068753 0.7801418439716312 0.74 8.676320549048071
0.2519000202365375 0.7801418439716312 0.75 8.864742441327792
0.25254487855689817 0.7801418439716312 0.76 9.056284413015828
0.25316461404829566 0.7801418439716312 0.77 9.250718078096483
0.25376328628507155 0.7801418439716312 0.78 9.447820329219176
0.254344565790667 0.7801418439716312 0.79 9.647377135828853
0.2549117172933391 0.7801418439716312 0.8 9.849186848173265
0.255467594270941 0.7801418439716312 0.81 10.053062931053601
0.2560146435973157 0.7801418439716312 0.82 10.258836089365564
0.25655491878423203 0.7801418439716312 0.83 10.466355783109409
0.25709010014451367 0.7801418439716312 0.84 10.675491159619563
0.2576215201634957 0.7801418439716312 0.85 10.886131454254638
0.25815019243480286 0.7801418439716312 0.86 11.098185927070206
0.25867684266496904 0.7801418439716312 0.87 11.311583412289613
0.25920194044511824 0.7801418439716312 0.88 11.52627156105498
0.25972573070708244 0.7801418439716312 0.89 11.742215856696438
0.26024826399793516 0.7801418439716312 0.9 11.959398477533705
0.26076942490732635 0.7801418439716312 0.91 12.177817076187512
0.26128895815313624 0.7801418439716312 0.92 12.397483537961273
0.2618064919613277 0.7801418439716312 0.93 12.618422775619813
0.2623215584548485 0.7801418439716312 0.94 12.840671615553871
0.2628336107785189 0.7801418439716312 0.95 13.064277833278
0.2633420366075731 0.7801418439716312 0.96 13.289299408048134
0.2638461642153855 0.7801418439716312 0.97 13.51580442685921
0.26434523731376025 0.7801418439716312 0.98 13.743874191217452
0.264838514840436 0.7801418439716312 0.99 13.973593384430432
0.0 0.7943262411347518 0.0 3.9953691825872393
0.00500260718075137 0.7943262411347518 0.01 3.9958317712787728
0.010003476544385197 0.7943262411347518 0.02 3.9972202141831383
0.015000869055759274 0.7943262411347518 0.03 3.9995365438723645
0.019993043244489923 0.7943262411347518 0.04 4.002784154771105
0.024978253989309106 0.7943262411347518 0.05 4.006967813431234
0.029954751304952072 0.7943262411347518 0.06 4.012093672942114
0.034920779132563376 0.7943262411347518 0.07 4.018169291560887
0.039874574135081116 0.7943262411347518 0.08 4.025203655570359
0.04481436449884668 0.7943262411347518 0.09 4.033207206517499
0.04973836874327196 0.7943262411347518 0.1 4.042191872893532
0.05464479454110067 0.7943262411347518 0.11 4.052171106300905
0.05953183755140894 0.7943262411347518 0.12 4.063159922314607
0.06439768026891042 0.7943262411347518 0.13 4.075174946086467
0.06924049089292596 0.7943262411347518 0.14 4.088234462888433
0.07405842222120863 0.7943262411347518 0.15 4.1023584736423775
0.07884961057283935 0.7943262411347518 0.16 4.117568755720633
0.08361217474772223 0.7943262411347518 0.17 4.133888929009489
0.08834421502912614 0.7943262411347518 0.18 4.151344527495063
0.09304381223833516 0.7943262411347518 0.19 4.1699630764597195
0.09770902685121152 0.7943262411347518 0.2 4.1897741754451845
0.10233789818873082 0.7943262411347518 0.21 4.2108095870617515
0.10692844369458754 0.7943262411347518 0.22 4.233103331773832
0.11147865831588431 0.7943262411347518 0.23 4.256691788684022
0.11598651400513102 0.7943262411347518 0.24 4.281613802314542
0.12044995936364349 0.7943262411347518 0.25 4.307910795387412
0.12486691945114754 0.7943262411347518 0.26 4.33562688739977
0.12923529578779375 0.7943262411347518 0.27 4.364809018848931
0.13355296658107488 0.7943262411347518 0.28 4.395507080663299
0.13781778721160962 0.7943262411347518 0.29 4.427774048447825
0.14202759101939177 0.7943262411347518 0.3 4.461666120770611
0.14618019043464958 0.7943262411347518 0.31 4.49724286068128
0.15027337850601608 0.7943262411347518 0.32 4.534567339202749
0.1543049308822991 0.7943262411347518 0.33 4.573706279394172
0.15827260831317214 0.7943262411347518 0.34 4.61473019906016
0.16217415974057597 0.7943262411347518 0.35 4.657713549785406
0.16600732605884558 0.7943262411347518 0.36 4.702734849525847
0.16976984463353925 0.7943262411347518 0.37 4.7498768051357585
0.1734594546701421 0.7943262411347518 0.38 4.799226420888368
0.1770739035410495 0.7943262411347518 0.39 4.850875087690951
0.1806109541754674 0.7943262411347518 0.4 4.904918647390631
0.1840683936332317 0.7943262411347518 0.41 4.961457424954497
0.18744404298033307 0.7943262411347518 0.42 5.0205962205899315
0.19073576859096542 0.7943262411347518 0.43 5.082444252346274
0.1939414949952047 0.7943262411347518 0.44 5.14711503864381
0.19705921938731355 0.7943262411347518 0.45 5.214726208693903
0.20008702775102843 0.7943262411347518 0.46 5.28539923514497
0.20302311364193618 0.7943262411347518 0.47 5.359259023690351
0.20586579708915412 0.7943262411347518 0.48 5.436433480747716
0.20861354731069984 0.7943262411347518 0.49 5.517052848021309
0.2112650062548033 0.7943262411347518 0.5 5.601248942741846
0.21381901408424048 0.7943262411347518 0.51 5.6891542220141575
0.21627463616972034 0.7943262411347518 0.52 5.780900668450443
0.21863119126660802 0.7943262411347518 0.53 5.876618485509597
0.22088828041731817 0.7943262411347518 0.54 5.976434595500178
0.2230458159801866 0.7943262411347518 0.55 6.080470939213919
0.22510405002599068 0.7943262411347518 0.56 6.188842584548488
0.2270636011815036 0.7943262411347518 0.57 6.301655661911524
0.22892547884485773 0.7943262411347518 0.58 6.419005156685161
0.23069110356314707 0.7943262411347518 0.59 6.54097260333115
0.23236232226503797 0.7943262411347518 0.6 6.667623741280116
0.23394141700354473 0.7943262411347518 0.61 6.799006208403162
0.23543110590374655 0.7943262411347518 0.62 6.9351473624336855
0.23683453514795202 0.7943262411347518 0.63 7.076052332369141
0.23815526107482304 0.7943262411347518 0.64 7.221702409033024
0.23939722182741144 0.7943262411347518 0.65 7.372053884508444
0.24056469845082137 0.7943262411347518 0.66 7.527037442392249
0.2416622658802834 0.7943262411347518 0.67 7.686558184404837
0.24269473484896645 0.7943262411347518 0.68 7.850496353085687
0.24366708632554504 0.7943262411347518 0.69 8.01870877657753
0.24458440060620268 0.7943262411347518 0.7 8.191031022243445
0.24545178358344313 0.7943262411347518 0.71 8.367280204064686
0.2462742929425278 0.7943262411347518 0.72 8.547258348747743
0.24705686706974453 0.7943262411347518 0.73 8.730756191060873
0.24780425928537977 0.7943262411347518 0.74 8.9175572438635
0.248520979655676 0.7943262411347518 0.75 9.107441975086305
0.24921124613403328 0.7943262411347518 0.76 9.300191923420245
0.24987894618117337 0.7943262411347518 0.77 9.495593596556143
0.25052760938462026 0.7943262411347518 0.78 9.693442018102658
0.25116039099415427 0.7943262411347518 0.79 9.893543819158657
0.25178006576187656 0.7943262411347518 0.8 10.095719804402215
0.2523890310595912 0.7943262411347518 0.81 10.299806956849228
0.2529893179544693 0.7943262411347518 0.82 10.50565987753963
0.253582608763844 0.7943262411347518 0.83 10.713151683624142
0.25417025956265565 0.7943262411347518 0.84 10.922174409887212
0.254753326168363 0.7943262411347518 0.85 11.132638973694272
0.2553325922489572 0.7943262411347518 0.86 11.344474772298733
0.2559085983676234 0.7943262411347518 0.87 11.557628984928304
0.2564816709668012 0.7943262411347518 0.88 11.772065651406864
0.2570519504904156 0.7943262411347518 0.89 11.98776459504965
0.25761941802436256 0.7943262411347518 0.9 12.204720251992496
0.2581839199998027 0.7943262411347518 0.91 12.422940462345569
0.25874519063445267 0.7943262411347518 0.92 12.642445272511857
0.2593028718877211 0.7943262411347518 0.93 12.863265792843453
0.2598565307622397 0.7943262411347518 0.94 13.085443152445485
0.26040567378934704 0.7943262411347518 0.95 13.309027594902869
0.2609497584754973 0.7943262411347518 0.96 13.534077767302497
0.26148819904995557 0.7943262411347518 0.97 13.76066051440629
0.2620203506912705 0.7943262411347518 0.98 13.988852928224903
0.2625455764574593 0.7943262411347518 0.99 14.218735596200453
0.0 0.8085106382978723 0.0 4.082015825768484
0.004949221762971804 0.8085106382978723 0.01 4.082499799501557
0.009896682961668271 0.8085106382978723 0.02 4.083952436235932
0.014840621826530724 0.8085106382978723 0.03 4.086375884716219
0.019779274178690374 0.8085106382978723 0.04 4.089773733328391
0.024710872228500876 0.8085106382978723 0.05 4.094151020842662
0.029633643378068255 0.8085106382978723 0.06 4.099514251494364
0.0345458090293336 0.8085106382978723 0.07 4.105871414461793
0.03944558339953098 0.8085106382978723 0.08 4.113232007791767
0.04433117234610027 0.8085106382978723 0.09 4.121607066849129
0.049200772203582176 0.8085106382978723 0.1 4.131009197358892
0.05405256863508451 0.8085106382978723 0.11 4.141452613186629
0.05888473550222708 0.8085106382978723 0.12 4.152953178864801
0.06369543375689167 0.8085106382978723 0.13 4.165528457091353
0.06848281036010978 0.8085106382978723 0.14 4.179197761210037
0.07324499723308792 0.8085106382978723 0.15 4.193982212870872
0.07798011024695668 0.8085106382978723 0.16 4.2099048049621155
0.08268624825906028 0.8085106382978723 0.17 4.226990469899121
0.08736149220376979 0.8085106382978723 0.18 4.245266153463824
0.09200390424901793 0.8085106382978723 0.19 4.264760894175512
0.0966115270291259 0.8085106382978723 0.2 4.285505908392507
0.10118238296857962 0.8085106382978723 0.21 4.3075346810815445
0.10571447371174544 0.8085106382978723 0.22 4.3308830623304475
0.11020577967653188 0.8085106382978723 0.23 4.355589369555631
0.11465425975267829 0.8085106382978723 0.24 4.381694495290997
0.1190578511686927 0.8085106382978723 0.25 4.409242020337615
0.12341446955346594 0.8085106382978723 0.26 4.438278332054449
0.1277220092236226 0.8085106382978723 0.27 4.468852747336258
0.1319783437313221 0.8085106382978723 0.28 4.501017639712171
0.13618132671188937 0.8085106382978723 0.29 4.534828569804294
0.14032879307486998 0.8085106382978723 0.3 4.570344418213425
0.14441856058904037 0.8085106382978723 0.31 4.607627519528045
0.14844843191667026 0.8085106382978723 0.32 4.6467437959136415
0.1524161971589807 0.8085106382978723 0.33 4.687762888337322
0.15631963698158777 0.8085106382978723 0.34 4.730758283028962
0.1601565263958184 0.8085106382978723 0.35 4.775807430255164
0.1639246392792359 0.8085106382978723 0.36 4.822991851863493
0.1676217537239634 0.8085106382978723 0.37 4.872397233472704
0.17124565831188562 0.8085106382978723 0.38 4.924113496176221
0.1747941594180984 0.8085106382978723 0.39 4.978234841969678
0.17826508965021068 0.8085106382978723 0.4 5.034859766047001
0.18165631753628064 0.8085106382978723 0.41 5.094091027919012
0.18496575857200098 0.8085106382978723 0.42 5.156035572311898
0.18819138773344296 0.8085106382978723 0.43 5.2208043896636935
0.1913312533692628 0.8085106382978723 0.44 5.288512315019662
0.1943834937730896 0.8085106382978723 0.45 5.359277685507389
0.19734635325298674 0.8085106382978723 0.46 5.433222022305068
0.2002182023725203 0.8085106382978723 0.47 5.510469465739009
0.20299755858639634 0.8085106382978723 0.48 5.5911461571159435
0.20568310888192826 0.8085106382978723 0.49 5.67537945950548
0.20827373394338636 0.8085106382978723 0.5 5.763297022602899
0.21076853363280568 0.8085106382978723 0.51 5.855025678446921
0.2131668534587649 0.8085106382978723 0.52 5.950690158791372
0.21546831158600088 0.8085106382978723 0.53 6.05041162935776
0.2176728258060578 0.8085106382978723 0.54 6.154306042350198
0.2197806397455332 0.8085106382978723 0.55 6.2624823167464605
0.22179234744705512 0.8085106382978723 0.56 6.375040365710109
0.22370891532133638 0.8085106382978723 0.57 6.492069002315878
0.22553170035630218 0.8085106382978723 0.58 6.613643767931279
0.22726246339255074 0.8085106382978723 0.59 6.7398247416852985
0.22890337625372453 0.8085106382978723 0.6 6.8706544033678165
0.23045702157181322 0.8085106382978723 0.61 7.006155634658256
0.23192638428482823 0.8085106382978723 0.62 7.146329953337066
0.23331483401939498 0.8085106382978723 0.63 7.2911560803293
0.23462609790458758 0.8085106382978723 0.64 7.440588938501623
0.23586422378576435 0.8085106382978723 0.65 7.594559173833351
0.23703353429367913 0.8085106382978723 0.66 7.752973273382708
0.23813857274927183 0.8085106382978723 0.67 7.915714329951782
0.23918404239052274 0.8085106382978723 0.68 8.08264347251082
0.2401747408598999 0.8085106382978723 0.69 8.253601945501568
0.24111549222994966 0.8085106382978723 0.7 8.428413782821771
0.24201107903686936 0.8085106382978723 0.71 8.6068889867493
0.2428661768135147 0.8085106382978723 0.72 8.788827091798394
0.24368529345500758 0.8085106382978723 0.73 8.97402097186305
0.2444727154317519 0.8085106382978723 0.74 9.162260737815046
0.24523246241922972 0.8085106382978723 0.75 9.3533375728755
0.2459682513857325 0.8085106382978723 0.76 9.547047364245932
0.24668347062533882 0.8085106382978723 0.77 9.743194009605928
0.24738116368985083 0.8085106382978723 0.78 9.941592303913833
0.24806402270496133 0.8085106382978723 0.79 10.142070342272017
0.24873439018367444 0.8085106382978723 0.8 10.344471405315456
0.24939426818369032 0.8085106382978723 0.81 10.548655322496579
0.25004533350395913 0.8085106382978723 0.82 10.754499333265457
0.2506889575645022 0.8085106382978723 0.83 10.961898485697045
0.25132622964857537 0.8085106382978723 0.84 11.170765625948638
0.2519579822835715 0.8085106382978723 0.85 11.381031040471802
0.2525848176820712 0.8085106382978723 0.86 11.592641816183916
0.2532071343263286 0.8085106382978723 0.87 11.80556098368375
0.25382515295385905 0.8085106382978723 0.88 12.019766505014829
0.2544389413646696 0.8085106382978723 0.89 12.23525016242935
0.2550484376216086 0.8085106382978723 0.9 12.452016398234107
0.2556534713419128 0.8085106382978723 0.91 12.670081149503027
0.25625378287985384 0.8085106382978723 0.92 12.889470715652301
0.25684904027397054 0.8085106382978723 0.93 13.110220692361427
0.2574388538736604 0.8085106382978723 0.94 13.33237500298586
0.2580227885610302 0.8085106382978723 0.95 13.555985059813263
0.2586003734397128 0.8085106382978723 0.96 13.781109093480573
0.2591711072060488 0.8085106382978723 0.97 14.007811869708972
0.25973444911734855 0.8085106382978723 0.98 14.236165944513846
0.26028986277375005 0.8085106382978723 0.99 14.466247141245999
0.0 0.8226950354609929 0.0 4.172732299764288
0.004895120378885376 0.8226950354609929 0.01 4.173238905210238
0.009788457645833101 0.8226950354609929 0.02 4.174759477736747
0.014678227502350337 0.8226950354609929 0.03 4.177296288082823
0.019562643278573166 0.8226950354609929 0.04 4.1808531283048005
0.024439914752237838 0.8226950354609929 0.05 4.1854353229266135
0.02930824697317419 0.8226950354609929 0.06 4.191049744704907
0.034165839095700215 0.8226950354609929 0.07 4.1977048349119706
0.03901088322136281 0.8226950354609929 0.08 4.205410628230574
0.04384156325449075 0.8226950354609929 0.09 4.214178782388339
0.048656053774114444 0.8226950354609929 0.1 4.224022612500449
0.053452518925580006 0.8226950354609929 0.11 4.234957130285668
0.05822911133641971 0.8226950354609929 0.12 4.246999088177302
0.0629839710608322 0.8226950354609929 0.13 4.260167028514681
0.06771522455919866 0.8226950354609929 0.14 4.27448133778993
0.07242098371847108 0.8226950354609929 0.15 4.289964306161933
0.0770993449219107 0.8226950354609929 0.16 4.3066401922101285
0.08174838817608175 0.8226950354609929 0.17 4.324535293128751
0.08636617630643421 0.8226950354609929 0.18 4.343678020289063
0.09095075423223109 0.8226950354609929 0.19 4.364098980330545
0.09550014833507417 0.8226950354609929 0.2 4.385831061707904
0.10001236593659148 0.8226950354609929 0.21 4.408909526667662
0.1044853949026476 0.8226950354609929 0.22 4.433372108610403
0.10891720339481509 0.8226950354609929 0.23 4.459259114645262
0.1133057397930483 0.8226950354609929 0.24 4.4866135330404635
0.11764893281398706 0.8226950354609929 0.25 4.515481145388457
0.12194469185763215 0.8226950354609929 0.26 4.545910642778787
0.1261909076139907 0.8226950354609929 0.27 4.577953745534769
0.13038545296934248 0.8226950354609929 0.28 4.611665325574092
0.13452618425406537 0.8226950354609929 0.29 4.647103530418184
0.13861094288165868 0.8226950354609929 0.3 4.684329907416021
0.14263755743111545 0.8226950354609929 0.31 4.723409526645983
0.1466038462332745 0.8226950354609929 0.32 4.764411100395392
0.15050762052570632 0.8226950354609929 0.33 4.807407096833117
0.1543466882507209 0.8226950354609929 0.34 4.852473844739235
0.15811885857224592 0.8226950354609929 0.35 4.8996916259150565
0.16182194719834692 0.8226950354609929 0.36 4.949144750914017
0.16545378259996457 0.8226950354609929 0.37 5.000921613115971
0.169012213221035 0.8226950354609929 0.38 5.0551147153490446
0.1724951157797676 0.8226950354609929 0.39 5.111820662282076
0.17590040476288357 0.8226950354609929 0.4 5.171140110800101
0.17922604321387428 0.8226950354609929 0.41 5.233177669513403
0.18247005475576436 0.8226950354609929 0.42 5.298041746530702
0.1856305378839856 0.8226950354609929 0.43 5.365844279388803
0.1887056802029797 0.8226950354609929 0.44 5.436700474616542
0.19169377581899688 0.8226950354609929 0.45 5.510728359921229
0.19459324366945815 0.8226950354609929 0.46 5.588048266045823
0.19740264749653832 0.8226950354609929 0.47 5.668782181782816
0.20012071736253345 0.8226950354609929 0.48 5.753052970253926
0.2027463725286076 0.8226950354609929 0.49 5.840983436010585
0.2052787454668594 0.8226950354609929 0.5 5.932695232726414
0.2077172066800157 0.8226950354609929 0.51 6.028307604342644
0.21006138988945744 0.8226950354609929 0.52 6.1279359572541185
0.21231121703384706 0.8226950354609929 0.53 6.231690267065203
0.21446692239311685 0.8226950354609929 0.54 6.339673331223301
0.21652907502258664 0.8226950354609929 0.55 6.451978888484281
0.21849859857044268 0.8226950354609929 0.56 6.568689636851804
0.2203767874542117 0.8226950354609929 0.57 6.689875193956194
0.2221653183153767 0.8226950354609929 0.58 6.815590056412637
0.2238662556648756 0.8226950354609929 0.59 6.945871626985073
0.22548205069398983 0.8226950354609929 0.6 7.080738389017556
0.22701553236002828 0.8226950354609929 0.61 7.2201883156642985
0.22846989008326607 0.8226950354609929 0.62 7.364197604790347
0.22984864769840277 0.8226950354609929 0.63 7.512719828419244
0.23115562868953046 0.8226950354609929 0.64 7.66568557668295
0.23239491317338606 0.8226950354609929 0.65 7.82300266042201
0.23357078756047955 0.8226950354609929 0.66 7.98455691353022
0.23468768826789085 0.8226950354609929 0.67 8.150213607677658
0.23575014124828272 0.8226950354609929 0.68 8.319819459553749
0.2367626993892043 0.8226950354609929 0.69 8.493205177413223
0.23772987999858367 0.8226950354609929 0.7 8.670188462140137
0.23865610459883146 0.8226950354609929 0.71 8.85057735187979
0.23954564311054072 0.8226950354609929 0.72 9.034173780388953
0.24040256422098957 0.8226950354609929 0.73 9.220777210110525
0.24123069333937636 0.8226950354609929 0.74 9.410188201725026
0.24203357907888964 0.8226950354609929 0.75 9.602211792127887
0.2428144687154664 0.8226950354609929 0.76 9.796660571261652
0.24357629260701094 0.8226950354609929 0.77 9.993357372007656
0.24432165713917164 0.8226950354609929 0.78 10.192137514708609
0.24505284543296535 0.8226950354609929 0.79 10.392850575246971
0.24577182480830223 0.8226950354609929 0.8 10.59536167153759
0.24648025985530225 0.8226950354609929 0.81 10.799552285523049
0.24717952991149433 0.8226950354609929 0.82 11.005320655501071
0.24787074976468143 0.8226950354609929 0.83 11.212581786366787
0.2485547924817052 0.8226950354609929 0.84 11.4212671331713
0.2492323133817696 0.8226950354609929 0.85 11.631324017018771
0.24990377431706212 0.8226950354609929 0.86 11.842714832080905
0.25056946757166937 0.8226950354609929 0.87 12.055416099891401
0.2512295388383587 0.8226950354609929 0.88 12.269417422280679
0.2518840088670309 0.8226950354609929 0.89 12.484720378708353
0.2525327934970898 0.8226950354609929 0.9 12.701337407686255
0.253175721884516 0.8226950354609929 0.91 12.919290706125782
0.25381255281017767 0.8226950354609929 0.92 13.138611175418548
0.25444298901040197 0.8226950354609929 0.93 13.35933743908805
0.2550666894995858 0.8226950354609929 0.94 13.581514954771583
0.2556832798552349 0.8226950354609929 0.95 13.805195243795492
0.2562923604043943 0.8226950354609929 0.96 14.030435265583781
0.2568935111628145 0.8226950354609929 0.97 14.257297085799026
0.2574862874126034 0.8226950354609929 0.98 14.485848560057546
0.2580702478136303 0.8226950354609929 0.99 14.71616035522078
0.0 0.8368794326241135 0.0 4.267762435333505
0.0048403067838494835 0.8368794326241135 0.01 4.26829298658841
0.009678808208418736 0.8368794326241135 0.02 4.269885439059483
0.014513697753396502 0.8368794326241135 0.03 4.272542191198643
0.019343166578820938 0.8368794326241135 0.04 4.276267248171376
0.02416540237142988 0.8368794326241135 0.05 4.281066233470488
0.02897858819849597 0.8368794326241135 0.06 4.28694640525846
0.03378090137215743 0.8368794326241135 0.07 4.293916677395803
0.038570512327095366 0.8368794326241135 0.08 4.301987645301023
0.0433455835156006 0.8368794326241135 0.09 4.311171616545044
0.04810426832333293 0.8368794326241135 0.1 4.321482646423234
0.05284471001071885 0.8368794326241135 0.11 4.332936578443898
0.057565040685064385 0.8368794326241135 0.12 4.345551089836242
0.06226338030929672 0.8368794326241135 0.13 4.3593457421491095
0.066937835753963 0.8368794326241135 0.14 4.374342037028931
0.0715864999008588 0.8368794326241135 0.15 4.390563477157199
0.07620745080654083 0.8368794326241135 0.16 4.408035632499753
0.08079875093648696 0.8368794326241135 0.17 4.426786211825875
0.0853584464822769 0.8368794326241135 0.18 4.4468451394478485
0.0898845667741545 0.8368794326241135 0.19 4.468244637286947
0.09437512380567202 0.8368794326241135 0.2 4.491019312048653
0.09882811188757255 0.8368794326241135 0.21 4.515206247436936
0.10324150745137464 0.8368794326241135 0.22 4.540845101168359
0.10761326902502152 0.8368794326241135 0.23 4.567978206537825
0.1119413374078272 0.8368794326241135 0.24 4.596650678015177
0.11622363607309395 0.8368794326241135 0.25 4.626910520425454
0.1204580718308166 0.8368794326241135 0.26 4.6588087410567915
0.12464253579075854 0.8368794326241135 0.27 4.692399463553049
0.12877490466392227 0.8368794326241135 0.28 4.727740042762781
0.1328530424512228 0.8368794326241135 0.29 4.764891178954989
0.13687480257071624 0.8368794326241135 0.3 4.803917029711571
0.1408380304799384 0.8368794326241135 0.31 4.8448853174419595
0.14474056685724138 0.8368794326241135 0.32 4.887867429911948
0.14858025140904124 0.8368794326241135 0.33 4.932938510872467
0.15235492737983258 0.8368794326241135 0.34 4.980177537012124
0.15606244684204965 0.8368794326241135 0.35 5.029667377172006
0.15970067685211772 0.8368794326241135 0.36 5.081494828741304
0.16326750656202937 0.8368794326241135 0.37 5.135750625432448
0.1667608553766039 0.8368794326241135 0.38 5.1925294098815336
0.17017868224795937 0.8368794326241135 0.39 5.2519296635421355
0.17351899619815173 0.8368794326241135 0.4 5.3140535852843485
0.1767798680271705 0.8368794326241135 0.41 5.379006916939975
0.17995944412143072 0.8368794326241135 0.42 5.4468986541604
0.18305596015456213 0.8368794326241135 0.43 5.517840769366182
0.18606775793397776 0.8368794326241135 0.44 5.591947738566498
0.1889933028433528 0.8368794326241135 0.45 5.669336015586962
0.1918312029178435 0.8368794326241135 0.46 5.750123375630475
0.19458022927177682 0.8368794326241135 0.47 5.834428127978768
0.19723933772273763 0.8368794326241135 0.48 5.922368187335345
0.19980769137882717 0.8368794326241135 0.49 6.014059995463533
0.20228468386277662 0.8368794326241135 0.5 6.109617288231259
0.2046699627482795 0.8368794326241135 0.51 6.209149707554555
0.20696345267119098 0.8368794326241135 0.52 6.312761263891882
0.209165377467149 0.8368794326241135 0.53 6.420548662263463
0.2112762805732678 0.8368794326241135 0.54 6.532599513881987
0.2132970428355711 0.8368794326241135 0.55 6.6489904654691365
0.21522889678512463 0.8368794326241135 0.56 6.769785289507369
0.21707343640475954 0.8368794326241135 0.57 6.895032989946867
0.2188326214163076 0.8368794326241135 0.58 7.024765988497267
0.2205087751836537 0.8368794326241135 0.59 7.158998465775581
0.22210457546344867 0.8368794326241135 0.6 7.2977249377954925
0.22362303745181375 0.8368794326241135 0.61 7.440919150065198
0.22506748885398725 0.8368794326241135 0.62 7.588533368828339
0.22644153705744494 0.8368794326241135 0.63 7.740498139451154
0.22774902887893994 0.8368794326241135 0.64 7.896722566574369
0.22899400376276408 0.8368794326241135 0.65 8.057095149265198
0.23018064169928973 0.8368794326241135 0.66 8.221485178010289
0.23131320746682704 0.8368794326241135 0.67 8.3897446712563
0.2323959930485467 0.8368794326241135 0.68 8.561710799278606
0.233433260204273 0.8368794326241135 0.69 8.737208715723504
0.23442918518166436 0.8368794326241135 0.7 8.916054693921772
0.23538780741362272 0.8368794326241135 0.71 9.098059449455167
0.23631298379942461 0.8368794326241135 0.72 9.283031522624489
0.23720834981832534 0.8368794326241135 0.73 9.470780595868105
0.23807728831849873 0.8368794326241135 0.74 9.661120630741259
0.23892290639692684 0.8368794326241135 0.75 9.853872725589921
0.23974802037267165 0.8368794326241135 0.76 10.048867616668478
0.2405551484911631 0.8368794326241135 0.77 10.245947769607671
0.24134651070014115 0.8368794326241135 0.78 10.444969032788642
0.24212403462195486 0.8368794326241135 0.79 10.645801847262574
0.2428893667141756 0.8368794326241135 0.8 10.848332027904624
0.24364388755640906 0.8368794326241135 0.81 11.052461146469517
0.24438873021193094 0.8368794326241135 0.82 11.258106558951589
0.24512480067746056 0.8368794326241135 0.83 11.46520112689454
0.24585279953314992 0.8368794326241135 0.84 11.673692685854906
0.24657324402784092 0.8368794326241135 0.85 11.88354331430885
0.2472864899642564 0.8368794326241135 0.86 12.094728454092147
0.24799275287940473 0.8368794326241135 0.87 12.30723592932183
0.2486921281355373 0.8368794326241135 0.88 12.521064905749911
0.24938460964570022 0.8368794326241135 0.89 12.736224826858045
0.2500701070489112 0.8368794326241135 0.9 12.952734357548216
0.25074846122438665 0.8368794326241135 0.91 13.170620361185165
0.25141945809152444 0.8368794326241135 0.92 13.389916931334517
0.25208284067968717 0.8368794326241135 0.93 13.61066449641
0.2527383194754661 0.8368794326241135 0.94 13.832909013242014
0.2533855810522319 0.8368794326241135 0.95 14.05670126596396
0.25402429496761064 0.8368794326241135 0.96 14.282096288860883
0.2546541182280859 0.8368794326241135 0.97 14.509153010391543
0.2552746938315225 0.8368794326241135 0.98 14.737934546287763
0.2558856685183654 0.8368794326241135 0.99 14.968506264402501
0.0 0.851063829787234 0.0 4.367364281404801
0.0047847874942386175 0.851063829787234 0.01 4.367920159555403
0.009567747797590304 0.851063829787234 0.02 4.369588637061958
0.01434705259143124 0.851063829787234 0.03 4.372372245486861
0.019120871304790524 0.851063829787234 0.04 4.376275212098538
0.023887369996090622 0.851063829787234 0.05 4.381303471876485
0.028644710244581668 0.851063829787234 0.06 4.387464684358161
0.03339104805503939 0.851063829787234 0.07 4.3947682553581195
0.03812453277986656 0.851063829787234 0.08 4.403225363538057
0.042843306062449016 0.851063829787234 0.09 4.412848992005849
0.04754550080741593 0.851063829787234 0.1 4.423653964777119
0.052229240182364724 0.851063829787234 0.11 4.435656988372127
0.056892636658104796 0.851063829787234 0.12 4.448876698394092
0.061533791093812115 0.851063829787234 0.13 4.463333711265292
0.0661507918755008 0.851063829787234 0.14 4.479050681070824
0.07074171411705014 0.851063829787234 0.15 4.496052361521734
0.07530461893388828 0.851063829787234 0.16 4.514365673078446
0.07983755280166349 0.851063829787234 0.17 4.534019775137759
0.08433854701343466 0.851063829787234 0.18 4.555046143222446
0.08880561725072088 0.851063829787234 0.19 4.577478651064197
0.09323676328608803 0.851063829787234 0.2 4.601353657381176
0.09762996883765965 0.851063829787234 0.21 4.6267100970465425
0.10198320159763347 0.851063829787234 0.22 4.653589576348686
0.10629441346031443 0.851063829787234 0.23 4.68203647186856
0.11056154097953527 0.851063829787234 0.24 4.712098032267452
0.11478250608626568 0.851063829787234 0.25 4.743824482354751
0.11895521710377048 0.851063829787234 0.26 4.77726912835865
0.1230775701004857 0.851063829787234 0.27 4.812488463223753
0.12714745062484406 0.851063829787234 0.28 4.849542270513998
0.13116273587391017 0.851063829787234 0.29 4.888493724957948
0.13512129734647033 0.851063829787234 0.3 4.92940948778743
0.13902100404560191 0.851063829787234 0.31 4.972359793880613
0.14285972629178736 0.851063829787234 0.32 5.017418527939226
0.14663534021771196 0.851063829787234 0.33 5.064663285982835
0.1503457330208346 0.851063829787234 0.34 5.114175417820827
0.15398880905105533 0.851063829787234 0.35 5.1660400456763895
0.15756249681549603 0.851063829787234 0.36 5.220346053264985
0.16106475698532974 0.851063829787234 0.37 5.2771860387380976
0.16449359148588952 0.851063829787234 0.38 5.336656224273915
0.16784705360484112 0.851063829787234 0.39 5.398856323432718
0.17112326011254647 0.851063829787234 0.4 5.463889297913037
0.1743204030361409 0.851063829787234 0.41 5.53186114982363
0.17743676452030324 0.851063829787234 0.42 5.602880520305919
0.1804707321298486 0.851063829787234 0.43 5.677058255777136
0.18342081570583982 0.851063829787234 0.44 5.754506857940118
0.18628566552450498 0.851063829787234 0.45 5.835339819508391
0.18906409165845517 0.851063829787234 0.46 5.919670835319815
0.19175508437694017 0.851063829787234 0.47 6.007612880045537
0.19435783534747217 0.851063829787234 0.48 6.099277146132598
0.1968717593193952 0.851063829787234 0.49 6.194771838877477
0.19929651587444777 0.851063829787234 0.5 6.294200830258413
0.2016320307332256 0.851063829787234 0.51 6.397662178814613
0.20387851600278908 0.851063829787234 0.52 6.505246530194214
0.20603648865646337 0.851063829787234 0.53 6.617035421251504
0.20810678645391156 0.851063829787234 0.54 6.733099519932497
0.2100905804459804 0.851063829787234 0.55 6.853496843357387
0.21198938318457394 0.851063829787234 0.56 6.978271006316864
0.21380505177469 0.851063829787234 0.57 7.107449561645861
0.2155397849758062 0.851063829787234 0.58 7.241042501548549
0.21719611369762126 0.851063829787234 0.59 7.379040993388288
0.21877688443198537 0.851063829787234 0.6 7.521416424439557
0.22028523542948902 0.851063829787234 0.61 7.668119825799395
0.22172456573807456 0.851063829787234 0.62 7.819081736629819
0.22309849757623273 0.851063829787234 0.63 7.974212554533491
0.2244108328678915 0.851063829787234 0.64 8.133403398113014
0.22566550510673067 0.851063829787234 0.65 8.296527483627811
0.22686652800574025 0.851063829787234 0.66 8.463441991345118
0.2280179425950906 0.851063829787234 0.67 8.633990370811873
0.2291237645391593 0.851063829787234 0.68 8.808005009936513
0.23018793343432453 0.851063829787234 0.69 8.985310173088283
0.2312142657282969 0.851063829787234 0.7 9.165725099800623
0.23220641267493214 0.851063829787234 0.71 9.349067149730683
0.23316782443558418 0.851063829787234 0.72 9.53515488103372
0.2341017210791672 0.851063829787234 0.73 9.723810958493274
0.2350110708612406 0.851063829787234 0.74 9.914864802559421
0.23589857579972773 0.851063829787234 0.75 10.10815490986675
0.23676666424420156 0.851063829787234 0.76 10.30353079733555
0.23761748987202339 0.851063829787234 0.77 10.500854543968583
0.23845293635133008 0.851063829787234 0.78 10.700001925016968
0.23927462678850595 0.851063829787234 0.79 10.900863151162861
0.240083937023213 0.851063829787234 0.8 11.103343239829758
0.2408820118384416 0.851063829787234 0.81 11.307362056282242
0.24166978320196206 0.851063829787234 0.82 11.512854069067789
0.24244798973894094 0.851063829787234 0.83 11.719767867660645
0.24321719673948158 0.851063829787234 0.84 11.928065490541943
0.2439778161165343 0.851063829787234 0.85 12.13772161021864
0.244730125844646 0.851063829787234 0.86 12.348722618065134
0.24547428851620315 0.851063829787234 0.87 12.56106564750165
0.2462103687500812 0.851063829787234 0.88 12.774757568908075
0.2469383492706687 0.851063829787234 0.89 12.989813984692988
0.24765814554553636 0.851063829787234 0.9 13.206258248069547
0.24836961892577222 0.851063829787234 0.91 13.424120524740184
0.24907258827338133 0.851063829787234 0.92 13.643436913190861
0.24976684008990388 0.851063829787234 0.93 13.864248636369872
0.25045213717424064 0.851063829787234 0.94 14.086601315953574
0.2511282258380577 0.851063829787234 0.95 14.31054434015861
0.251794841694441 0.851063829787234 0.96 14.536130337324568
0.25245171362176555 0.851063829787234 0.97 14.763414815850608
0.2530985640635496 0.851063829787234 0.98 14.99245620682346
0.25373511996832404 0.851063829787234 0.99 15.223314631375757
0.0 0.8652482269503546 0.0 4.471810247826984
0.004728572208140754 0.8652482269503546 0.01 4.472392899240683
0.009455295941067376 0.8652482269503546 0.02 4.47414174254882
0.014178321637913284 0.8652482269503546 0.03 4.477059447371474
0.018895797570358572 0.8652482269503546 0.04 4.481150471321374
0.02360586876884355 0.8652482269503546 0.05 4.486421072280338
0.028306675960856256 0.8652482269503546 0.06 4.492879325678738
0.0329963545257666 0.8652482269503546 0.07 4.500535146735113
0.03767303347110996 0.8652482269503546 0.08 4.509400317660636
0.04233483443543431 0.8652482269503546 0.09 4.519488519901844
0.046979870723791256 0.8652482269503546 0.1 4.530815371376562
0.0516062463822718 0.8652482269503546 0.11 4.543398468764017
0.056212055318884145 0.8652482269503546 0.12 4.5572574348580535
0.06079538047915037 0.8652482269503546 0.13 4.572413970958526
0.0653542930860795 0.8652482269503546 0.14 4.588891914241722
0.06988685195438474 0.8652482269503546 0.15 4.6067173001802635
0.07439110289195609 0.8652482269503546 0.16 4.625918429781372
0.07886507820159804 0.8652482269503546 0.17 4.646525941626474
0.08330679629878271 0.8652482269503546 0.18 4.66857288849581
0.0877142614627528 0.8652482269503546 0.19 4.692094818361292
0.09208546374111676 0.8652482269503546 0.2 4.717129859388139
0.09641837902966457 0.8652482269503546 0.21 4.743718808594376
0.10071096935333224 0.8652482269503546 0.22 4.771905223546306
0.10496118337568262 0.8652482269503546 0.23 4.801735516502381
0.10916695716886643 0.8652482269503546 0.24 4.833259050116804
0.11332621527950021 0.8652482269503546 0.25 4.866528233643208
0.1174368721285909 0.8652482269503546 0.26 4.901598618452749
0.12149683379012875 0.8652482269503546 0.27 4.938528991201713
0.12550400019511104 0.8652482269503546 0.28 4.9773814628725725
0.1294562678137427 0.8652482269503546 0.29 5.018221551421029
0.13335153287152707 0.8652482269503546 0.3 5.061118255479861
0.13718769516344573 0.8652482269503546 0.31 5.1061441157932475
0.14096266252848538 0.8652482269503546 0.32 5.153375261018823
0.14467435605710427 0.8652482269503546 0.33 5.202891433443172
0.14832071610304895 0.8652482269503546 0.34 5.254775989851271
0.15189970917668766 0.8652482269503546 0.35 5.3091158718209135
0.15540933579109864 0.8652482269503546 0.36 5.366001539436719
0.1588476391920904 0.8652482269503546 0.37 5.425526871084062
0.16221271598476128 0.8652482269503546 0.38 5.4877889570192195
0.16550272621538853 0.8652482269503546 0.39 5.552887949497723
0.16871590650025428 0.8652482269503546 0.4 5.6209267173799535
0.17185058339770892 0.8652482269503546 0.41 5.69201049021468
0.17490518827068882 0.8652482269503546 0.42 5.766246396508059
0.17787827337122245 0.8652482269503546 0.43 5.843742903007316
0.1807685290965629 0.8652482269503546 0.44 5.924609144506153
0.1835748023038235 0.8652482269503546 0.45 6.008954135576088
0.18629611551463562 0.8652482269503546 0.46 6.096885857057164
0.18893168677223263 0.8652482269503546 0.47 6.188510212670632
0.19148094983569103 0.8652482269503546 0.48 6.283929854583919
0.1939435743112996 0.8652482269503546 0.49 6.3832428812955095
0.19631948523397333 0.8652482269503546 0.5 6.486541416757766
0.19860888152041462 0.8652482269503546 0.51 6.593910086620855
0.2008122526361421 0.8652482269503546 0.52 6.705424415101513
0.20293039274691688 0.8652482269503546 0.53 6.821149174740613
0.20496441158061748 0.8652482269503546 0.54 6.941136730128019
0.2069157412078029 0.8652482269503546 0.55 7.065425425628787
0.20878613798003645 0.8652482269503546 0.56 7.1940380746672
0.21057767893533946 0.8652482269503546 0.57 7.32698061451691
0.2122927521156548 0.8652482269503546 0.58 7.464240993523195
0.21393404042650524 0.8652482269503546 0.59 7.605788357493953
0.2155044989097956 0.8652482269503546 0.6 7.7515725972695755
0.21700732558484512 0.8652482269503546 0.61 7.901524309913712
0.21844592632212864 0.8652482269503546 0.62 8.055555211669008
0.21982387452785426 0.8652482269503546 0.63 8.21355902224488
0.22114486671309183 0.8652482269503546 0.64 8.375412817963648
0.22241267526422825 0.8652482269503546 0.65 8.540978827924866
0.22363109990786692 0.8652482269503546 0.66 8.710106623848827
0.22480391944789105 0.8652482269503546 0.67 8.882635633160293
0.22593484533744568 0.8652482269503546 0.68 9.058397887962863
0.22702747853812727 0.8652482269503546 0.69 9.237220911075228
0.2280852709159588 0.8652482269503546 0.7 9.418930635762633
0.22911149215815352 0.8652482269503546 0.71 9.603354257636108
0.2301092028810649 0.8652482269503546 0.72 9.790322925738034
0.23108123427450455 0.8652482269503546 0.73 9.979674193289934
0.23203017431107667 0.8652482269503546 0.74 10.171254165924196
0.23295836026782774 0.8652482269503546 0.75 10.364919304403225
0.2338678770744826 0.8652482269503546 0.76 10.560537858421728
0.2347605608302111 0.8652482269503546 0.77 10.757990926353921
0.2356380067180181 0.8652482269503546 0.78 10.957173151945902
0.23650158049412326 0.8652482269503546 0.79 11.157993081803943
0.23735243272585882 0.8652482269503546 0.8 11.360373217278227
0.238191514990715 0.8652482269503546 0.81 11.564249800554148
0.23901959731769665 0.8652482269503546 0.82 11.769572377941484
0.23983728623814093 0.8652482269503546 0.83 11.976303184086992
0.24064504291186106 0.8652482269503546 0.84 12.18441638921341
0.24144320089239096 0.8652482269503546 0.85 12.39389724861728
0.242231983189695 0.8652482269503546 0.86 12.604741189750493
0.24301151837633214 0.8652482269503546 0.87 12.81695286767037
0.2437818555584364 0.8652482269503546 0.88 13.030545215130006
0.2445429780974414 0.8652482269503546 0.89 13.245538509124328
0.24529481602141714 0.8652482269503546 0.9 13.461959471572786
0.24603725710508306 0.8652482269503546 0.91 13.67984041832157
0.2467701566288959 0.8652482269503546 0.92 13.899218467557397
0.24749334584611068 0.8652482269503546 0.93 14.120134816643949
0.2482066392001882 0.8652482269503546 0.94 14.342634094624398
0.2489098403324776 0.8652482269503546 0.95 14.566763797542963
0.24960274691491652 0.8652482269503546 0.96 14.792573814011126
0.25028515410572555 0.8652482269503546 0.97 15.02011607659977
0.2509568557627491 0.8652482269503546 0.98 15.249444457872357
0.2516176509431149 0.8652482269503546 0.99 15.480614007814344
0.0 0.8794326241134751 0.0 4.581387025630109
0.004671674271208878 0.8794326241134751 0.01 4.581997958539743
0.009341479479326774 0.8794326241134751 0.02 4.5838316937724155
0.014007545527518374 0.8794326241134751 0.03 4.5868910433309695
0.01866800025624521 0.8794326241134751 0.04 4.591180702252867
0.0233209684240204 0.8794326241134751 0.05 4.596707261139078
0.02796457070297199 0.8794326241134751 0.06 4.603479223707878
0.032596922694669545 0.8794326241134751 0.07 4.611507029356143
0.037216133971805766 0.8794326241134751 0.08 4.620803080795971
0.04182030715235052 0.8794326241134751 0.09 4.63138177665976
0.046407537012896856 0.8794326241134751 0.1 4.643259549147688
0.050975909649117045 0.8794326241134751 0.11 4.656454906640507
0.055523501691608454 0.8794326241134751 0.12 4.670988481310623
0.06004837958718267 0.8794326241134751 0.13 4.686883081587511
0.06454859895615704 0.8794326241134751 0.14 4.704163749453161
0.06902220403769005 0.8794326241134751 0.15 4.722857822460183
0.07346722723761205 0.8794326241134751 0.16 4.742995000202757
0.07788168879312295 0.8794326241134751 0.17 4.764607415182199
0.08226359657293779 0.8794326241134751 0.18 4.787729707611247
0.08661094603154916 0.8794326241134751 0.19 4.812399103912308
0.09092172033998103 0.8794326241134751 0.2 4.838655498380098
0.09519389071802004 0.8794326241134751 0.21 4.866541537381819
0.09942541699481819 0.8794326241134751 0.22 4.896102705432173
0.10361424842878317 0.8794326241134751 0.23 4.92738741220697
0.10775832482160864 0.8794326241134751 0.24 4.960447079319936
0.1118555779625647 0.8794326241134751 0.25 4.995336225683839
0.11590393344679349 0.8794326241134751 0.26 5.03211254964187
0.11990131291163048 0.8794326241134751 0.27 5.0708370061066885
0.12384563674109977 0.8794326241134751 0.28 5.111573876388609
0.12773482729240124 0.8794326241134751 0.29 5.154390828036349
0.13156681270424772 0.8794326241134751 0.3 5.199358961397277
0.13533953134470644 0.8794326241134751 0.31 5.246552839580373
0.13905093696597734 0.8794326241134751 0.32 5.2960504973950835
0.14269900463540297 0.8794326241134751 0.33 5.347933424308369
0.14628173750527088 0.8794326241134751 0.34 5.40228651642081
0.14979717434985093 0.8794326241134751 0.35 5.459198001482739
0.15324339885382332 0.8794326241134751 0.36 5.518759263117085
0.1566185482759555 0.8794326241134751 0.37 5.581064734840696
0.15992082499649463 0.8794326241134751 0.38 5.646211602703092
0.16314850819790916 0.8794326241134751 0.39 5.714299512501598
0.16629996693899812 0.8794326241134751 0.4 5.78543018153227
0.16937367436298298 0.8794326241134751 0.41 5.85970692458313
0.17236822301930407 0.8794326241134751 0.42 5.937234084216076
0.1752823412279595 0.8794326241134751 0.43 6.0181163568862015
0.17811491036739738 0.8794326241134751 0.44 6.102458007653977
0.1808649829127963 0.8794326241134751 0.45 6.19036196796097
0.18353180098714852 0.8794326241134751 0.46 6.281928813572513
0.18611481511836916 0.8794326241134751 0.47 6.377255623139014
0.1886137028167099 0.8794326241134751 0.48 6.476434722440984
0.1910283865104179 0.8794326241134751 0.49 6.579552324649649
0.1933590502991336 0.8794326241134751 0.5 6.686687083426005
0.19560615491438696 0.8794326241134751 0.51 6.7979085829229415
0.19777045022201284 0.8794326241134751 0.52 6.913275796450921
0.19985298456401682 0.8794326241134751 0.53 7.032835553739775
0.20185511023790872 0.8794326241134751 0.54 7.156621063978369
0.20377848443844093 0.8794326241134751 0.55 7.28465054880146
0.205625065071961 0.8794326241134751 0.56 7.416926043578
0.20739710097235453 0.8794326241134751 0.57 7.55343242795981
0.20909711622882246 0.8794326241134751 0.58 7.6941367449139
0.21072788855075175 0.8794326241134751 0.59 7.838987862531809
0.21229242185210095 0.8794326241134751 0.6 7.987916523207342
0.2137939135090307 0.8794326241134751 0.61 8.140835811330883
0.21523571702144229 0.8794326241134751 0.62 8.297642053220995
0.2166213010596104 0.8794326241134751 0.63 8.458216143343984
0.21795420608716765 0.8794326241134751 0.64 8.622425269754848
0.21923799989658138 0.8794326241134751 0.65 8.790124991163305
0.22047623345894102 0.8794326241134751 0.66 8.961161599801724
0.22167239847289308 0.8794326241134751 0.67 9.135374689650515
0.22282988789259292 0.8794326241134751 0.68 9.312599840330018
0.2239519605382368 0.8794326241134751 0.69 9.492671323276994
0.22504171065697717 0.8794326241134751 0.7 9.675424739196405
0.22610204303016151 0.8794326241134751 0.71 9.860699503598656
0.22713565393875185 0.8794326241134751 0.72 10.048341109473862
0.2281450180234256 0.8794326241134751 0.73 10.23820311161102
0.22913238082924076 0.8794326241134751 0.74 10.430148794169686
0.23009975661991666 0.8794326241134751 0.75 10.624052500473358
0.2310489308938157 0.8794326241134751 0.76 10.81980062016897
0.23198146693008512 0.8794326241134751 0.77 11.01729224336061
0.23289871564439243 0.8794326241134751 0.78 11.216439502749001
0.23380182802460134 0.8794326241134751 0.79 11.417167633683437
0.23469176944761763 0.8794326241134751 0.8 11.619414787597028
0.23556933523165258 0.8794326241134751 0.81 11.823131637593812
0.23643516685388766 0.8794326241134751 0.82 12.028280815452868
0.23728976834512042 0.8794326241134751 0.83 12.23483621830419
0.23813352245795802 0.8794326241134751 0.84 12.44278222079677
0.23896670628968406 0.8794326241134751 0.85 12.652112825020469
0.23978950611677377 0.8794326241134751 0.86 12.86283077662524
0.2406020312665367 0.8794326241134751 0.87 13.07494667146939
0.24140432691070193 0.8794326241134751 0.88 13.288478073033223
0.24219638571372767 0.8794326241134751 0.89 13.503448657145464
0.2429781583084039 0.8794326241134751 0.9 13.719887397106442
0.24374956260093744 0.8794326241134751 0.91 13.937827799417521
0.24451049192980054 0.8794326241134751 0.92 14.157307197897614
0.24526082211695566 0.8794326241134751 0.93 14.378366112136302
0.24600041745848553 0.8794326241134751 0.94 14.60104767490384
0.24672913570208274 0.8794326241134751 0.95 14.82539713265713
0.2474468320548231 0.8794326241134751 0.96 15.05146142334189
0.24815336214045774 0.8794326241134751 0.97 15.27928885061653
0.24884858357114373 0.8794326241134751 0.98 15.508928906465004
0.24953235965447007 0.8794326241134751 0.99 15.740431812001749
0.0 0.8936170212765957 0.0 4.696395219729847
0.004614111187839215 0.8936170212765957 0.01 4.697035998721238
0.009226333589341565 0.8936170212765957 0.02 4.698959320791786
0.013834777447371507 0.8936170212765957 0.03 4.702168143681004
0.018437551068947983 0.8936170212765957 0.04 4.706667405406243
0.02303275987192002 0.8936170212765957 0.05 4.712464036861134
0.027618505449349663 0.8936170212765957 0.06 4.719566979510467
0.03219288465828905 0.8936170212765957 0.07 4.727987208038518
0.03675398873948879 0.8936170212765957 0.08 4.737737758081299
0.04129990247583909 0.8936170212765957 0.09 4.7488337588686775
0.04582870339732114 0.8936170212765957 0.1 4.7612924708488675
0.05033846104198298 0.8936170212765957 0.11 4.775133328092286
0.05482723628227041 0.8936170212765957 0.12 4.790377985538201
0.059293080728298884 0.8936170212765957 0.13 4.807050370842829
0.06373403622003945 0.8936170212765957 0.14 4.825176740751506
0.06814813442262371 0.8936170212765957 0.15 4.844785741718933
0.07253339654020019 0.8936170212765957 0.16 4.865908474531186
0.07688783316498457 0.8936170212765957 0.17 4.888578562683191
0.08120944428235165 0.8936170212765957 0.18 4.912832223882578
0.0854962194521027 0.8936170212765957 0.19 4.93870834436889
0.08974613819103497 0.8936170212765957 0.2 4.9662485552605835
0.09395717058359056 0.8936170212765957 0.21 4.995497310156763
0.09812727815003981 0.8936170212765957 0.22 5.026501963069135
0.10225441500581967 0.8936170212765957 0.23 5.059312845448871
0.10633652934792036 0.8936170212765957 0.24 5.093983340964172
0.11037156530871872 0.8936170212765957 0.25 5.130569956312274
0.11435746522027071 0.8936170212765957 0.26 5.1691323861488065
0.11829217233711282 0.8936170212765957 0.27 5.209733569739087
0.12217363406746162 0.8936170212765957 0.28 5.2524397367144875
0.12599980576803804 0.8936170212765957 0.29 5.297320438703295
0.1297686551600182 0.8936170212765957 0.3 5.344448563205681
0.1334781674251001 0.8936170212765957 0.31 5.393900325638486
0.13712635104225818 0.8936170212765957 0.32 5.445755234904581
0.14071124430829246 0.8936170212765957 0.33 5.500096036458
0.1442309233767517 0.8936170212765957 0.34 5.557008566382541
0.14768350983172218 0.8936170212765957 0.35 5.616581670068992
0.15106718070473377 0.8936170212765957 0.36 5.678906953746158
0.1543801787254277 0.8936170212765957 0.37 5.744078538779715
0.15762082379056933 0.8936170212765957 0.38 5.812192735163592
0.16078752548543124 0.8936170212765957 0.39 5.883347639963749
0.16387879664833138 0.8936170212765957 0.4 5.95764265218552
0.1668932679354309 0.8936170212765957 0.41 6.035177896153508
0.16982970330514296 0.8936170212765957 0.42 6.116053546300373
0.17268701629910568 0.8936170212765957 0.43 6.200369047394802
0.17546428694207933 0.8936170212765957 0.44 6.2882222263491405
0.17816077902768498 0.8936170212765957 0.45 6.379708294144391
0.1807759574891134 0.8936170212765957 0.46 6.474918740090049
0.18330950548830988 0.8936170212765957 0.47 6.573940124744643
0.185761340785317 0.8936170212765957 0.48 6.67685278317406
0.18813163088510745 0.8936170212765957 0.49 6.783729456056878
0.1904208063983039 0.8936170212765957 0.5 6.894633872956361
0.19262957201018868 0.8936170212765957 0.51 7.00961931892257
0.19475891442708765 0.8936170212765957 0.52 7.12872722272436
0.1968101066758844 0.8936170212765957 0.53 7.251985811330116
0.19878470816794525 0.8936170212765957 0.54 7.379408880842165
0.20068456002141527 0.8936170212765957 0.55 7.510994737304006
0.2025117752522408 0.8936170212765957 0.56 7.646725362137469
0.20426872361047851 0.8936170212765957 0.57 7.786565854598444
0.2059580110336625 0.8936170212765957 0.58 7.930464198313858
0.20758245391979066 0.8936170212765957 0.59 8.078351389335207
0.20914504866075653 0.8936170212765957 0.6 8.230141950476973
0.21064893711624555 0.8936170212765957 0.61 8.385734840788208
0.2120973689255454 0.8936170212765957 0.62 8.545014751055966
0.2134936617296422 0.8936170212765957 0.63 8.707853757689913
0.21484116049649546 0.8936170212765957 0.64 8.874113289308026
0.2161431971941753 0.8936170212765957 0.65 9.043646344530433
0.21740305203169788 0.8936170212765957 0.66 9.216299887452674
0.2186239173976344 0.8936170212765957 0.67 9.391917339205229
0.21980886546461856 0.8936170212765957 0.68 9.570341081790462
0.2209608202253707 0.8936170212765957 0.69 9.751414892654878
0.22208253448744653 0.8936170212765957 0.7 9.934986235875531
0.22317657210806957 0.8936170212765957 0.71 10.12090834681336
0.22424529550990865 0.8936170212765957 0.72 10.309042060975422
0.2252908583051597 0.8936170212765957 0.73 10.499257352857752
0.22631520267441851 0.8936170212765957 0.74 10.691434566008203
0.2273200610108305 0.8936170212765957 0.75 10.885465329902313
0.22830696124821573 0.8936170212765957 0.76 11.081253171886292
0.22927723524217197 0.8936170212765957 0.77 11.278713842903679
0.2302320295639691 0.8936170212765957 0.78 11.477775383415626
0.23117231808657485 0.8936170212765957 0.79 11.67837796131659
0.23209891578824815 0.8936170212765957 0.8 11.880473516399114
0.23301249325872087 0.8936170212765957 0.81 12.084025246883106
0.2339135914647664 0.8936170212765957 0.82 12.289006972532174
0.23480263640405954 0.8936170212765957 0.83 12.495402406945242
0.23567995334933303 0.8936170212765957 0.84 12.703204368603167
0.23654578045319255 0.8936170212765957 0.85 12.912413956751925
0.23740028154352197 0.8936170212765957 0.86 13.123039714716251
0.23824355799372535 0.8936170212765957 0.87 13.335096799489337
0.2390756595964241 0.8936170212765957 0.88 13.548606173049777
0.23989659440592398 0.8936170212765957 0.89 13.763593827709167
0.2407063375432407 0.8936170212765957 0.9 13.980090055079112
0.24150483897988873 0.8936170212765957 0.91 14.198128765841087
0.2422920303324573 0.8936170212765957 0.92 14.417746865568748
0.24306783070991086 0.8936170212765957 0.93 14.638983690411324
0.2438321516623208 0.8936170212765957 0.94 14.86188050525444
0.244584901280078 0.8936170212765957 0.95 15.086480066487315
0.24532598749095905 0.8936170212765957 0.96 15.312826251270046
0.24605532054290036 0.8936170212765957 0.97 15.540963762297165
0.24677281459525843 0.8936170212765957 0.98 15.770937925678231
0.24747838978579412 0.8936170212765957 0.99 16.002794413879165
0.0 0.9078014184397163 0.0 4.817148617995999
0.004555905175948653 0.9078014184397163 0.01 4.817820855968898
0.009109902895467396 0.9078014184397163 0.02 4.819838604251476
0.013660084806506403 0.9078014184397163 0.03 4.823204968473943
0.018204540772571047 0.9078014184397163 0.04 4.827925133106385
0.022741357997861405 0.9078014184397163 0.05 4.834006373967956
0.02726862017344237 0.9078014184397163 0.06 4.841458075796669
0.03178440665193518 0.9078014184397163 0.07 4.850291754803516
0.036286791659218956 0.9078014184397163 0.08 4.860521086023811
0.040773843551221566 0.9078014184397163 0.09 4.872161935624477
0.045243624125968974 0.9078014184397163 0.1 4.885232397836027
0.04969418800024391 0.9078014184397163 0.11 4.899752836658323
0.054123582063627995 0.9078014184397163 0.12 4.915745931850172
0.05852984502087361 0.9078014184397163 0.13 4.933236729380181
0.0629110070382806 0.9078014184397163 0.14 4.952252695733689
0.06726508950816776 0.9078014184397163 0.15 4.972823776051961
0.07159010494965999 0.9078014184397163 0.16 4.9949824555371585
0.0758840570646233 0.9078014184397163 0.17 5.018763823721102
0.0801449409703692 0.9078014184397163 0.18 5.044205640977081
0.08437074363233459 0.9078014184397163 0.19 5.071348406633578
0.0885594445240204 0.9078014184397163 0.2 5.1002354277018
0.09270901654133878 0.9078014184397163 0.21 5.130912887418322
0.09681742720649669 0.9078014184397163 0.22 5.163429911996442
0.10088264019204604 0.9078014184397163 0.23 5.197838634639441
0.10490261720782218 0.9078014184397163 0.24 5.23419425458275
0.10887532028885341 0.9078014184397163 0.25 5.272555089529891
0.1127987145312978 0.9078014184397163 0.26 5.312982618880824
0.11667077132218899 0.9078014184397163 0.27 5.355541515236754
0.12048947211628841 0.9078014184397163 0.28 5.400299660792217
0.12425281281029943 0.9078014184397163 0.29 5.447328145301554
0.12795880876933036 0.9078014184397163 0.3 5.496701241526729
0.13160550048018366 0.9078014184397163 0.31 5.548496360410699
0.13519096046378018 0.9078014184397163 0.32 5.602793932213367
0.138713299926085 0.9078014184397163 0.33 5.6596773411018235
0.1421706774334965 0.9078014184397163 0.34 5.719232717175196
0.14556130788921431 0.9078014184397163 0.35 5.781548729721104
0.14888347258326776 0.9078014184397163 0.36 5.846716311359541
0.15213553020631848 0.9078014184397163 0.37 5.914828316811224
0.15531592882896825 0.9078014184397163 0.38 5.985979108785387
0.15842321882378418 0.9078014184397163 0.39 6.060264063727431
0.16145606667856963 0.9078014184397163 0.4 6.137778990609448
0.16441326961420383 0.9078014184397163 0.41 6.2186194568271675
0.16729377087758404 0.9078014184397163 0.42 6.302880016735776
0.17009667553347896 0.9078014184397163 0.43 6.390653340235898
0.17282126652395682 0.9078014184397163 0.44 6.482029241578765
0.17546702070628376 0.9078014184397163 0.45 6.577093611907106
0.17803362451856444 0.9078014184397163 0.46 6.675927263256881
0.18052098886343942 0.9078014184397163 0.47 6.778604696514429
0.18292926274067098 0.9078014184397163 0.48 6.885192811584845
0.18525884511404134 0.9078014184397163 0.49 6.995749583861484
0.1875103944625045 0.9078014184397163 0.5 7.110322737439509
0.18968483545128467 0.9078014184397163 0.51 7.228948451607934
0.1917833621728858 0.9078014184397163 0.52 7.351650142403363
0.1938074374464817 0.9078014184397163 0.53 7.478437365587588
0.19575878774608263 0.9078014184397163 0.54 7.609304889570422
0.19763939343987316 0.9078014184397163 0.55 7.744231987099399
0.19945147417336084 0.9078014184397163 0.56 7.88318199177612
0.20119746940875247 0.9078014184397163 0.57 8.026102159607806
0.20288001433461958 0.9078014184397163 0.58 8.172923866717516
0.2045019115710389 0.9078014184397163 0.59 8.323563162270233
0.20606609930157138 0.9078014184397163 0.6 8.477921681161728
0.20757561664809956 0.9078014184397163 0.61 8.635887904982544
0.20903356725237413 0.9078014184397163 0.62 8.797338743315471
0.21044308212656804 0.9078014184397163 0.63 8.962141391760001
0.21180728287283518 0.9078014184397163 0.64 9.130155409647013
0.21312924634794886 0.9078014184397163 0.65 9.301234950077536
0.21441197176351734 0.9078014184397163 0.66 9.475231068680726
0.21565835107241738 0.9078014184397163 0.67 9.651994035803705
0.21687114331385282 0.9078014184397163 0.68 9.831375579404888
0.2180529533825747 0.9078014184397163 0.69 10.013230992791176
0.2192062154748166 0.9078014184397163 0.7 10.197421051228694
0.22033318125640572 0.9078014184397163 0.71 10.383813693690767
0.22143591260957968 0.9078014184397163 0.72 10.572285439606947
0.2225162786607385 0.9078014184397163 0.73 10.762722523774537
0.22357595666840252 0.9078014184397163 0.74 10.955021745516174
0.2246164362686059 0.9078014184397163 0.75 11.149091039315996
0.22563902652909706 0.9078014184397163 0.76 11.344849783384769
0.22664486525057914 0.9078014184397163 0.77 11.542228869630227
0.22763492996721077 0.9078014184397163 0.78 11.741170563337144
0.22861005013555616 0.9078014184397163 0.79 11.941628183420493
0.22957092004968233 0.9078014184397163 0.8 12.143565635181043
0.23051811208057038 0.9078014184397163 0.81 12.34695682676416
0.23145208990078342 0.9078014184397163 0.82 12.551784998809367
0.23237322141712424 0.9078014184397163 0.83 12.758041994360193
0.23328179119455378 0.9078014184397163 0.84 12.965727492993084
0.23417801220787154 0.9078014184397163 0.85 13.174848230006724
0.23506203680583015 0.9078014184397163 0.86 13.385417218230046
0.23593396681281384 0.9078014184397163 0.87 13.597452986940723
0.23679386272723713 0.9078014184397163 0.88 13.810978849502101
0.23764175200285734 0.9078014184397163 0.89 14.026022208792316
0.2384776364205516 0.9078014184397163 0.9 14.242613907267097
0.23930149857428817 0.9078014184397163 0.91 14.460787626596236
0.24011330750630933 0.9078014184397163 0.92 14.680579340289217
0.24091302353370336 0.9078014184397163 0.93 14.902026821558966
0.24170060231414245 0.9078014184397163 0.94 15.125169207606783
0.2424759981978767 0.9078014184397163 0.95 15.350046621168906
0.24323916691419586 0.9078014184397163 0.96 15.57669984960328
0.24399006761460418 0.9078014184397163 0.97 15.805170084731282
0.24472866429790374 0.9078014184397163 0.98 16.035498726148635
0.2454549269973845 0.9078014184397163 0.99 16.267727203528814
0.0 0.9219858156028369 0.0 4.943973009797436
0.00449708376096724 0.9219858156028369 0.01 4.944678356764722
0.00899224265837106 0.9219858156028369 0.02 4.946795481546262
0.013483551021681502 0.9219858156028369 0.03 4.950327638184283
0.017969081574406565 0.9219858156028369 0.04 4.9552802583556845
0.022446904651446605 0.9219858156028369 0.05 4.961660963602933
0.026915087441001982 0.9219858156028369 0.06 4.96947958253529
0.0313716932599678 0.9219858156028369 0.07 4.978748172794241
0.03581478087221728 0.9219858156028369 0.08 4.9894810477127365
0.04024240385957839 0.9219858156028369 0.09 5.001694807621243
0.04465261005673629 0.9219858156028369 0.1 5.015408375530433
0.049043441061245786 0.9219858156028369 0.11 5.030643037176145
0.053412931832140215 0.9219858156028369 0.12 5.047422485032103
0.05775911039108471 0.9219858156028369 0.13 5.0657728660808665
0.06207999764133395 0.9219858156028369 0.14 5.085722833047347
0.06637360732290021 0.9219858156028369 0.15 5.107303598459408
0.07063794612116922 0.9219858156028369 0.16 5.13054899133367
0.07487101395230403 0.9219858156028369 0.17 5.155495515471037
0.07907080444658342 0.9219858156028369 0.18 5.182182408945321
0.08323530565677205 0.9219858156028369 0.19 5.210651703639979
0.08736250101892486 0.9219858156028369 0.2 5.24094828386578
0.09145037059700398 0.9219858156028369 0.21 5.273119942706337
0.09549689264388637 0.9219858156028369 0.22 5.307217434712078
0.09950004551722726 0.9219858156028369 0.23 5.343294522947468
0.10345780998665109 0.9219858156028369 0.24 5.3814080186767885
0.10736817197807506 0.9219858156028369 0.25 5.421617810909947
0.11122912579721854 0.9219858156028369 0.26 5.46398688339622
0.11503867787873495 0.9219858156028369 0.27 5.508581315996166
0.1187948507690336 0.9219858156028369 0.28 5.555470298755417
0.12249568973062998 0.9219858156028369 0.29 5.604725935934202
0.12613926526577474 0.9219858156028369 0.3 5.656423468044808
0.12972368236293205 0.9219858156028369 0.31 5.710640898946285
0.13324708630481102 0.9219858156028369 0.32 5.767458979775798
0.1367076708542755 0.9219858156028369 0.33 5.826961002454783
0.14010368705222156 0.9219858156028369 0.34 5.88923256524296
0.1434334528894965 0.9219858156028369 0.35 5.954361281572574
0.14669536386463405 0.9219858156028369 0.36 6.022436425362714
0.1498879044182219 0.9219858156028369 0.37 6.093548506287942
0.15300966021420903 0.9219858156028369 0.38 6.1677887685612065
0.15605933120864277 0.9219858156028369 0.39 6.245248607548397
0.1590357454131071 0.9219858156028369 0.4 6.326018899509562
0.16193787322164427 0.9219858156028369 0.41 6.410189241196802
0.16476484212427545 0.9219858156028369 0.42 6.49784709817484
0.16751595158169436 0.9219858156028369 0.43 6.589076863340662
0.1701906877836319 0.9219858156028369 0.44 6.683958830402514
0.17278873795823124 0.9219858156028369 0.45 6.782568091157076
0.17531000384943005 0.9219858156028369 0.46 6.884973369824423
0.17775461392939318 0.9219858156028369 0.47 6.9912358129802
0.18012293387610473 0.9219858156028369 0.48 7.101407758916928
0.18241557482016113 0.9219858156028369 0.49 7.215531515848726
0.18463339886050634 0.9219858156028369 0.5 7.333638183430064
0.18677752136321565 0.9219858156028369 0.51 7.455746556787551
0.18884930960720883 0.9219858156028369 0.52 7.5818621551846945
0.1908503774119814 0.9219858156028369 0.53 7.711976419373945
0.19278257549484878 0.9219858156028369 0.54 7.846066120661302
0.19464797743746917 0.9219858156028369 0.55 7.98409302188781
0.19644886130675904 0.9219858156028369 0.56 8.12600382426228
0.19818768715073362 0.9219858156028369 0.57 8.271730425470576
0.19986707077599647 0.9219858156028369 0.58 8.42119050308911
0.2014897543894965 0.9219858156028369 0.59 8.574288424267365
0.20305857484462447 0.9219858156028369 0.6 8.730916468282176
0.2045764303547418 0.9219858156028369 0.61 8.890956334154685
0.20604624661747603 0.9219858156028369 0.62 9.054280891950437
0.20747094331993204 0.9219858156028369 0.63 9.220756125015441
0.20885340197016591 0.9219858156028369 0.64 9.39024320176783
0.2101964359225799 0.9219858156028369 0.65 9.562600610714032
0.21150276334208556 0.9219858156028369 0.66 9.737686291332597
0.2127749836961835 0.9219858156028369 0.67 9.91535969616786
0.2140155581856819 0.9219858156028369 0.68 10.095483725755187
0.21522679434033004 0.9219858156028369 0.69 10.277926486926644
0.21641083482655793 0.9219858156028369 0.7 10.462562835914602
0.2175696503513625 0.9219858156028369 0.71 10.649275679612144
0.21870503641076705 0.9219858156028369 0.72 10.837957020148584
0.2198186135236766 0.9219858156028369 0.73 11.028508739250805
0.22091183051818036 0.9219858156028369 0.74 11.22084312870902
0.22198597039394052 0.9219858156028369 0.75 11.414883181493746
0.22304215827054744 0.9219858156028369 0.76 11.610562664247865
0.22408137093964065 0.9219858156028369 0.77 11.807825996334254
0.2251044475679389 0.9219858156028369 0.78 12.00662796297707
0.2261121011380905 0.9219858156028369 0.79 12.206933291091529
0.2271049302643942 0.9219858156028369 0.8 12.408716115931526
0.22808343107465595 0.9219858156028369 0.81 12.611959365187884
0.22904800890122393 0.9219858156028369 0.82 12.816654085269839
0.22999898957831194 0.9219858156028369 0.83 13.022798731665638
0.23093663018908706 0.9219858156028369 0.84 13.230398442605077
0.2318611291486865 0.9219858156028369 0.85 13.439464312368575
0.23277263554632555 0.9219858156028369 0.86 13.65001267779364
0.2336712577006955 0.9219858156028369 0.87 13.86206442893527
0.23455707090796596 0.9219858156028369 0.88 14.075644352527647
0.23543012438193864 0.9219858156028369 0.89 14.290780514834005
0.23629044740237384 0.9219858156028369 0.9 14.507503688597202
0.23713805469753715 0.9219858156028369 0.91 14.72584682750838
0.2379729510973532 0.9219858156028369 0.92 14.94584459014079
0.23879513549726952 0.9219858156028369 0.93 15.167532914530874
0.2396046041770651 0.9219858156028369 0.94 15.3909486437213
0.24040135351974903 0.9219858156028369 0.95 15.616129202077689
0.24118538217540625 0.9219858156028369 0.96 15.843112321834218
0.24195669270729303 0.9219858156028369 0.97 16.07193581993606
0.24271529276680676 0.9219858156028369 0.98 16.30263742369245
0.2434611958525433 0.9219858156028369 0.99 16.535254642175946
0.0 0.9361702127659575 0.0 5.077204456992253
0.004437680401027333 0.9361702127659575 0.01 5.077944585357571
0.008873420026006381 0.9361702127659575 0.02 5.0801661033171035
0.013305277395273447 0.9361702127659575 0.03 5.083872411876661
0.017731309631251906 0.9361702127659575 0.04 5.0890691872730445
0.022149571782940823 0.9361702127659575 0.05 5.09576439277904
0.026558116178939013 0.9361702127659575 0.06 5.103968295130884
0.030954991819077515 0.9361702127659575 0.07 5.113693485518295
0.03533824381551455 0.9361702127659575 0.08 5.12495490494575
0.03970591289448932 0.9361702127659575 0.09 5.137769873885607
0.04405603497138939 0.9361702127659575 0.1 5.152158125891637
0.04838664081185823 0.9361702127659575 0.11 5.168141845077227
0.052695755793887765 0.9361702127659575 0.12 5.1857457069905815
0.056981399786711864 0.9361702127659575 0.13 5.204996922521142
0.06124158716325454 0.9361702127659575 0.14 5.225925284470928
0.06547432696561796 0.9361702127659575 0.15 5.248563216105982
0.06967762324453321 0.9361702127659575 0.16 5.272945821006819
0.07384947559493674 0.9361702127659575 0.17 5.299110933516447
0.07798787991327123 0.9361702127659575 0.18 5.3270991687182825
0.08209082940403359 0.9361702127659575 0.19 5.3569539707957485
0.08615631586372592 0.9361702127659575 0.2 5.388721658658552
0.09018233127726379 0.9361702127659575 0.21 5.422451466903895
0.09416686975833738 0.9361702127659575 0.22 5.458195580755176
0.09810792987357964 0.9361702127659575 0.23 5.49600916256213
0.10200351738905206 0.9361702127659575 0.24 5.535950367637546
0.10585164845731138 0.9361702127659575 0.25 5.578080349191139
0.10965035337090037 0.9361702127659575 0.26 5.622463240376274
0.11339768095670193 0.9361702127659575 0.27 5.6691661082153635
0.11709170311467555 0.9361702127659575 0.28 5.718258929680758
0.12073052061290249 0.9361702127659575 0.29 5.769814476448263
0.12431226920927166 0.9361702127659575 0.3 5.823908204388342
0.1278351265819945 0.9361702127659575 0.31 5.880618096481013
0.13129732002225356 0.9361702127659575 0.32 5.940024462258926
0.1346971349165198 0.9361702127659575 0.33 6.002209687960234
0.1380329240343228 0.9361702127659575 0.34 6.067257931486425
0.14130311762480335 0.9361702127659575 0.35 6.135254756073893
0.14450623430486215 0.9361702127659575 0.36 6.2062866969744315
0.1476408927019261 0.9361702127659575 0.37 6.28044075562891
0.15070582378564576 0.9361702127659575 0.38 6.357803816707722
0.15369988379153388 0.9361702127659575 0.39 6.43846198446384
0.1566220676041709 0.9361702127659575 0.4 6.522499836313821
0.15947152242400445 0.9361702127659575 0.41 6.609999593862175
0.16224756150088873 0.9361702127659575 0.42 6.701040213906823
0.16494967766721144 0.9361702127659575 0.43 6.795696405461905
0.16757755635940683 0.9361702127659575 0.44 6.894037582339515
0.17013108776975347 0.9361702127659575 0.45 6.996126765258828
0.17261037773218854 0.9361702127659575 0.46 7.10201945198058
0.17501575691487212 0.9361702127659575 0.47 7.211762478852277
0.17734778787549638 0.9361702127659575 0.48 7.3253929018921
0.1796072695361431 0.9361702127659575 0.49 7.442936929888134
0.18179523865630853 0.9361702127659575 0.5 7.564408945598029
0.18391296792870768 0.9361702127659575 0.51 7.68981065358415
0.18596196039764512 0.9361702127659575 0.52 7.819130393828769
0.18794393999805273 0.9361702127659575 0.53 7.952342659169524
0.1898608381390613 0.9361702127659575 0.54 8.089407850955707
0.1917147763994224 0.9361702127659575 0.55 8.230272301437195
0.19350804555961665 0.9361702127659575 0.56 8.374868583022062
0.19524308135438595 0.9361702127659575 0.57 8.523116114243317
0.19692243748228813 0.9361702127659575 0.58 8.674922060289049
0.19854875653928986 0.9361702127659575 0.59 8.83018251343641
0.20012473964843797 0.9361702127659575 0.6 8.988783925899556
0.2016531156188591 0.9361702127659575 0.61 9.150604756239446
0.2031366104890235 0.9361702127659575 0.62 9.315517280621672
0.2045779182816672 0.9361702127659575 0.63 9.483389513287223
0.20597967372902642 0.9361702127659575 0.64 9.6540871766243
0.20734442761923808 0.9361702127659575 0.65 9.827475660766117
0.20867462527847372 0.9361702127659575 0.66 10.003421915473917
0.2099725885516214 0.9361702127659575 0.67 10.181796222625396
0.21124050148346324 0.9361702127659575 0.68 10.362473805807909
0.21248039974812635 0.9361702127659575 0.69 10.545336243123467
0.21369416373508868 0.9361702127659575 0.7 10.7302726596679
0.21488351507987336 0.9361702127659575 0.71 10.917180686714541
0.2160500163344607 0.9361702127659575 0.72 11.105967184427321
0.2171950734059349 0.9361702127659575 0.73 11.296548733642872
0.21831994035205118 0.9361702127659575 0.74 11.488851909489677
0.21942572610625075 0.9361702127659575 0.75 11.682813355245596
0.22051340271063205 0.9361702127659575 0.76 11.878379678633923
0.22158381465595292 0.9361702127659575 0.77 12.075507195159611
0.2226376889610649 0.9361702127659575 0.78 12.274161544011307
0.22367564566580841 0.9361702127659575 0.79 12.474317201756058
0.224698208455779 0.9361702127659575 0.8 12.67595691798936
0.22570581518379726 0.9361702127659575 0.81 12.879071095274986
0.22669882809814748 0.9361702127659575 0.82 13.083657133434937
0.22767754362825718 0.9361702127659575 0.83 13.289718755930137
0.22864220161772522 0.9361702127659575 0.84 13.497265333377085
0.2295929939261812 0.9361702127659575 0.85 13.70631121694448
0.23053007235058953 0.9361702127659575 0.86 13.916875091941337
0.23145355583970553 0.9361702127659575 0.87 14.128979359823386
0.23236353699449205 0.9361702127659575 0.88 14.342649554941868
0.23326008786230762 0.9361702127659575 0.89 14.557913800712244
0.23414326504421853 0.9361702127659575 0.9 14.774802308470894
0.23501311414354212 0.9361702127659575 0.91 14.99334692108092
0.23586967358928926 0.9361702127659575 0.92 15.213580702437605
0.23671297787279494 0.9361702127659575 0.93 15.4355375731632
0.23754306023755412 0.9361702127659575 0.94 15.659251992239861
0.23835995486336448 0.9361702127659575 0.95 15.884758683851047
0.23916369858587477 0.9361702127659575 0.96 16.112092408353785
0.23995433219186127 0.9361702127659575 0.97 16.341287776059012
0.24073190132442343 0.9361702127659575 0.98 16.57237910299589
0.24149645704502276 0.9361702127659575 0.99 16.805400305786822
0.0 0.9503546099290779 0.0 5.217186913873565
0.0043777351307703145 0.9503546099290779 0.01 5.217963499369966
0.008753515321123777 0.9503546099290779 0.02 5.220294436473041
0.013125385046324566 0.9503546099290779 0.03 5.224183269126299
0.01749138762359045 0.9503546099290779 0.04 5.229635911364724
0.0218495646600246 0.9503546099290779 0.05 5.236660658240869
0.0261979555330428 0.9503546099290779 0.06 5.245268201179396
0.030534596915047806 0.9503546099290779 0.07 5.255471647415228
0.034857522354418156 0.9503546099290779 0.08 5.2672865434201865
0.03916476192572141 0.9503546099290779 0.09 5.280730902073529
0.04345434196293378 0.9503546099290779 0.1 5.295825233294612
0.0477242848904056 0.9503546099290779 0.11 5.312592577810388
0.051972609167644075 0.9503546099290779 0.12 5.331058543617036
0.05619732936550209 0.9503546099290779 0.13 5.351251344591024
0.06039645639233578 0.9503546099290779 0.14 5.373201840722487
0.06456799789104602 0.9503546099290779 0.15 5.396943579176755
0.0687099588290496 0.9503546099290779 0.16 5.42251283540225
0.07282034230611518 0.9503546099290779 0.17 5.44994865318433
0.07689715060633728 0.9503546099290779 0.18 5.479292882518953
0.08093838652185964 0.9503546099290779 0.19 5.510590214082327
0.08494205498131834 0.9503546099290779 0.2 5.54388820839974
0.08890616501348186 0.9503546099290779 0.21 5.579237318269103
0.09282873205951536 0.9503546099290779 0.22 5.616690904937406
0.0967077807612474 0.9503546099290779 0.23 5.656305234456968
0.10054134823718862 0.9503546099290779 0.24 5.698139456513007
0.10432748749529752 0.9503546099290779 0.25 5.742255606306232
0.10806427187564042 0.9503546099290779 0.26 5.788718527033538
0.11174979976184704 0.9503546099290779 0.27 5.837595804074265
0.11538219997190877 0.9503546099290779 0.28 5.88895766242537
0.11895963779573525 0.9503546099290779 0.29 5.9428768313861084
0.12248032171510274 0.9503546099290779 0.3 5.99942837149102
0.12594251083270175 0.9503546099290779 0.31 6.058689458743022
0.12934452303149693 0.9503546099290779 0.32 6.12073912072747
0.13268474387222132 0.9503546099290779 0.33 6.185657919353027
0.13596163622428578 0.9503546099290779 0.34 6.253527574878825
0.13917375060734538 0.9503546099290779 0.35 6.32443052620027
0.14231973619894056 0.9503546099290779 0.36 6.39844942291627
0.14539835243827784 0.9503546099290779 0.37 6.4756665455048275
0.1484084811264062 0.9503546099290779 0.38 6.556163151130752
0.15134913888910176 0.9503546099290779 0.39 6.640018744235158
0.15421948983197592 0.9503546099290779 0.4 6.727310273084795
0.1570188581765368 0.9503546099290779 0.41 6.8181112560961905
0.1597467406259555 0.9503546099290779 0.42 6.912490844691539
0.1624028181671238 0.9503546099290779 0.43 7.010512833085824
0.1649869669794886 0.9503546099290779 0.44 7.112234629159001
0.16749926808726717 0.9503546099290779 0.45 7.217706204893491
0.1699400153708402 0.9503546099290779 0.46 7.326969048915371
0.1723097215408532 0.9503546099290779 0.47 7.44005514792183
0.174609121685633 0.9503546099290779 0.48 7.55698602727933
0.1768391740277754 0.9503546099290779 0.49 7.677771883868042
0.17900105757207646 0.9503546099290779 0.5 7.802410845923495
0.18109616639777532 0.9503546099290779 0.51 7.930888394642787
0.18312610043995237 0.9503546099290779 0.52 8.063176980637373
0.18509265271788822 0.9503546099290779 0.53 8.199235864516801
0.18699779309606784 0.9503546099290779 0.54 8.339011205059364
0.18884364880089152 0.9503546099290779 0.55 8.482436410579114
0.1906324820533792 0.9503546099290779 0.56 8.62943275966459
0.19236666530830565 0.9503546099290779 0.57 8.77991028672712
0.19404865470037885 0.9503546099290779 0.58 8.93376891671561
0.19568096238295493 0.9503546099290779 0.59 9.090899822393673
0.19726612849592123 0.9503546099290779 0.6 9.251186967662544
0.19880669351171332 0.9503546099290779 0.61 9.414508792365607
0.20030517168328188 0.9503546099290779 0.62 9.580739988207627
0.20176402625526094 0.9503546099290779 0.63 9.749753312457683
0.20318564700544922 0.9503546099290779 0.64 9.921421386081185
0.20457233056699994 0.9503546099290779 0.65 10.095618425629258
0.20592626384963128 0.9503546099290779 0.66 10.272221863447418
0.20724951074058193 0.9503546099290779 0.67 10.451113818012121
0.208544002134275 0.9503546099290779 0.68 10.63218238460491
0.20981152921775925 0.9503546099290779 0.69 10.815322725777403
0.2110537398362683 0.9503546099290779 0.7 11.000437950162434
0.21227213768077668 0.9503546099290779 0.71 11.1874397768443
0.2134680839797747 0.9503546099290779 0.72 11.376248990186651
0.21464280134217226 0.9503546099290779 0.73 11.566795696236069
0.21579737938002258 0.9503546099290779 0.74 11.759019396989329
0.21693278174331249 0.9503546099290779 0.75 11.952868902116633
0.21804985421353662 0.9503546099290779 0.76 12.148302100025239
0.2191493335305567 0.9503546099290779 0.77 12.345285610938959
0.2202318566599218 0.9503546099290779 0.78 12.543794344683034
0.22129797024620074 0.9503546099290779 0.79 12.743810984890656
0.2223481400372358 0.9503546099290779 0.8 12.945325419824112
0.223382760102072 0.9503546099290779 0.81 13.148334138183403
0.22440216170222735 0.9503546099290779 0.82 13.35283960609229
0.22540662170929746 0.9503546099290779 0.83 13.55884963922863
0.22639637049074407 0.9503546099290779 0.84 13.766376781954413
0.22737159921200792 0.9503546099290779 0.85 13.975437703127158
0.22833246652359396 0.9503546099290779 0.86 14.186052616474608
0.22927910462059925 0.9503546099290779 0.87 14.398244731556822
0.23021162467562548 0.9503546099290779 0.88 14.61203973991429
0.23113012165742164 0.9503546099290779 0.89 14.827465339664059
0.23203467855649887 0.9503546099290779 0.9 15.04455080064463
0.23292537004457928 0.9503546099290779 0.91 15.263326571363205
0.2338022656000213 0.9503546099290779 0.92 15.483823928121959
0.23466543213338606 0.9503546099290779 0.93 15.706074666190357
0.2355149361493965 0.9503546099290779 0.94 15.93011083234336
0.2363508454822409 0.9503546099290779 0.95 16.155964497698395
0.23717323064012574 0.9503546099290779 0.96 16.383667569625448
0.2379821657974465 0.9503546099290779 0.97 16.6132516408649
0.2387777294459422 0.9503546099290779 0.98 16.844747877467196
0.2395600048557796 0.9503546099290779 0.99 17.078186927250428
0.0 0.9645390070921985 0.0 5.364269089436585
0.004317295205386254 0.9645390070921985 0.01 5.36508378746472
0.0086326233284948 0.9645390070921985 0.02 5.367529107556787
0.012944016838954304 0.9645390070921985 0.03 5.371608729677176
0.017249507322303133 0.9645390070921985 0.04 5.3773287937779815
0.02154712506837348 0.9645390070921985 0.05 5.384697909692148
0.025834898696644907 0.9645390070921985 0.06 5.393727170818683
0.030110854831569868 0.9645390070921985 0.07 5.404430171432817
0.034373017841390754 0.9645390070921985 0.08 5.416823027417882
0.03861940965514346 0.9645390070921985 0.09 5.430924400010942
0.04284804967245424 0.9645390070921985 0.1 5.446755522425639
0.04705695478383473 0.9645390070921985 0.11 5.464340228502424
0.05124413951686813 0.9645390070921985 0.12 5.483704983459434
0.05540761632976267 0.9645390070921985 0.13 5.504878915419292
0.05954539607083326 0.9645390070921985 0.14 5.527893847462775
0.0636554886259581 0.9645390070921985 0.15 5.552784329249732
0.06773590378023592 0.9645390070921985 0.16 5.579587666735738
0.07178465231523852 0.9645390070921985 0.17 5.60834394957064
0.07579974737252106 0.9645390070921985 0.18 5.6390960741673375
0.0797792059618107 0.9645390070921985 0.19 5.671889782375964
0.0837210516574629 0.9645390070921985 0.2 5.706773569772119
0.08762331564322223 0.9645390070921985 0.21 5.74379887168374
0.09148404061300475 0.9645390070921985 0.22 5.783019884598669
0.09530128343330038 0.9645390070921985 0.23 5.824493612029295
0.09907311886481701 0.9645390070921985 0.24 5.868279808012673
0.10279764370267276 0.9645390070921985 0.25 5.914440911864687
0.10647298145724655 0.9645390070921985 0.26 5.9630419584246175
0.11009728761065045 0.9645390070921985 0.27 6.01415045988091
0.11366875548136268 0.9645390070921985 0.28 6.067836254931647
0.11718562272471199 0.9645390070921985 0.29 6.124171320833042
0.12064617849083513 0.9645390070921985 0.3 6.183229543671058
0.12404877125357473 0.9645390070921985 0.31 6.245086442051982
0.12739181731220386 0.9645390070921985 0.32 6.309818839478455
0.13067380995434236 0.9645390070921985 0.33 6.377504480802128
0.13389332925121367 0.9645390070921985 0.34 6.448221588522083
0.13704905243538426 0.9645390070921985 0.35 6.522048355352751
0.14013976478782117 0.9645390070921985 0.36 6.599062370309256
0.14316437093222198 0.9645390070921985 0.37 6.679339976920954
0.14612190640480982 0.9645390070921985 0.38 6.762955563696235
0.14901154933311922 0.9645390070921985 0.39 6.849980789096119
0.1518326320223814 0.9645390070921985 0.4 6.940483745683341
0.15458465221201242 0.9645390070921985 0.41 7.034528071002011
0.15726728372958002 0.9645390070921985 0.42 7.1321720160235005
0.15988038623890763 0.9645390070921985 0.43 7.233467485470657
0.1624240137527907 0.9645390070921985 0.44 7.338459068098909
0.16489842156534193 0.9645390070921985 0.45 7.447183078587659
0.16730407125258476 0.9645390070921985 0.46 7.559666636273777
0.16964163340252728 0.9645390070921985 0.47 7.675926808631509
0.17191198776067423 0.9645390070921985 0.48 7.795969849719313
0.1741162205252587 0.9645390070921985 0.49 7.919790564585354
0.17625561859165417 0.9645390070921985 0.5 8.047371830231292
0.17833166062983066 0.9645390070921985 0.51 8.178684301663374
0.18034600498067255 0.9645390070921985 0.52 8.313686327602388
0.18230047446963982 0.9645390070921985 0.53 8.45232409480882
0.18419703835445606 0.9645390070921985 0.54 8.594532012792786
0.18603779174450488 0.9645390070921985 0.55 8.740233341818211
0.18782493293548666 0.9645390070921985 0.56 8.8893410579662
0.1895607391991389 0.9645390070921985 0.57 9.041758938941296
0.1912475416347385 0.9645390070921985 0.58 9.197382845115499
0.19288769973047612 0.9645390070921985 0.59 9.356102161818558
0.1944835762899663 0.9645390070921985 0.6 9.517801362213318
0.19603751335510908 0.9645390070921985 0.61 9.682361645386438
0.1975518097004355 0.9645390070921985 0.62 9.849662602119228
0.19902870039290946 0.9645390070921985 0.63 10.019583861046177
0.20047033880980647 0.9645390070921985 0.64 10.192006670594974
0.20187878139448157 0.9645390070921985 0.65 10.366815376816056
0.20325597531203382 0.9645390070921985 0.66 10.543898763649542
0.2046037490539051 0.9645390070921985 0.67 10.723151229567039
0.2059238059347685 0.9645390070921985 0.68 10.904473782699025
0.20721772033776642 0.9645390070921985 0.69 11.087774844333142
0.2084869364901009 0.9645390070921985 0.7 11.272970858430318
0.20973276949999728 0.9645390070921985 0.71 11.459986711314205
0.21095640835107854 0.9645390070921985 0.72 11.648755971418181
0.21215892053490018 0.9645390070921985 0.73 11.839220963255704
0.2133412580007591 0.9645390070921985 0.74 12.031332692989197
0.2145042641135936 0.9645390070921985 0.75 12.225050644904702
0.2156486813314691 0.9645390070921985 0.76 12.420342469026954
0.21677515934205996 0.9645390070921985 0.77 12.617183580063582
0.21788426342818473 0.9645390070921985 0.78 12.815556687241166
0.21897648286651203 0.9645390070921985 0.79 13.015451273237044
0.22005223919524936 0.9645390070921985 0.8 13.216863038945336
0.22111189421956 0.9645390070921985 0.81 13.419793328818377
0.22215575765114245 0.9645390070921985 0.82 13.624248549765845
0.22318409430585298 0.9645390070921985 0.83 13.830239594515776
0.22419713080500464 0.9645390070921985 0.84 14.037781278629536
0.22519506174637488 0.9645390070921985 0.85 14.246891798542565
0.22617805532687357 0.9645390070921985 0.86 14.45759221649435
0.2271462584124704 0.9645390070921985 0.87 14.669905976791005
0.22809980106157254 0.9645390070921985 0.88 14.883858456647314
0.22903880051666253 0.9645390070921985 0.89 15.099476553781896
0.2299633646850156 0.9645390070921985 0.9 15.316788312102767
0.2308735951344089 0.9645390070921985 0.91 15.53582258602893
0.2317695896326902 0.9645390070921985 0.92 15.756608743425932
0.23265144426207923 0.9645390070921985 0.93 15.979176406655633
0.23351925514049793 0.9645390070921985 0.94 16.203555230814374
0.23437311978229836 0.9645390070921985 0.95 16.42977471797489
0.23521313812962766 0.9645390070921985 0.96 16.6578640661519
0.23603941328767442 0.9645390070921985 0.97 16.88785205117658
0.23685205195563808 0.9645390070921985 0.98 17.119766945371715
0.2376511648108085 0.9645390070921985 0.99 17.35363643834202
0.0 0.9787234042553191 0.0 5.51880045128544
0.004256415719771705 0.9787234042553191 0.01 5.5196548679615915
0.008510854531113516 0.9787234042553191 0.02 5.522219385897078
0.012761339231585688 0.9787234042553191 0.03 5.526497810567917
0.017005892044298823 0.9787234042553191 0.04 5.5324964901146245
0.021242534364850414 0.9787234042553191 0.05 5.540224323727515
0.025469286549624808 0.9787234042553191 0.06 5.549692773208437
0.029684167760060925 0.9787234042553191 0.07 5.560915877423269
0.033885195877785844 0.9787234042553191 0.08 5.573910269456253
0.0380703875068801 0.9787234042553191 0.09 5.5886951959308195
0.04223775807954646 0.9787234042553191 0.1 5.605292538243854
0.04638532208343996 0.9787234042553191 0.11 5.623726834994644
0.05051109342972894 0.9787234042553191 0.12 5.644025304975439
0.054613085981456026 0.9787234042553191 0.13 5.6662178701246395
0.05868931425886167 0.9787234042553191 0.14 5.69033717845649
0.06273779431477643 0.9787234042553191 0.15 5.716418630962749
0.0667565451285584 0.9787234042553191 0.16 5.744500353222605
0.070743589567073 0.9787234042553191 0.17 5.77462328886926
0.07469695643677976 0.9787234042553191 0.18 5.806831137273132
0.07861468235616939 0.9787234042553191 0.19 5.841170375300126
0.08249481412300694 0.9787234042553191 0.2 5.877690241086844
0.08633541144348965 0.9787234042553191 0.21 5.916442708210399
0.09013455007301957 0.9787234042553191 0.22 5.957482444662165
0.09389032540176465 0.9787234042553191 0.23 6.000866753816607
0.09760085651841077 0.9787234042553191 0.24 6.046655494234326
0.10126429078461463 0.9787234042553191 0.25 6.094910974849947
0.10487880895014194 0.9787234042553191 0.26 6.145697821896958
0.10844263083606674 0.9787234042553191 0.27 6.19908281360415
0.1119540216081866 0.9787234042553191 0.28 6.255134678569893
0.11541129865642062 0.9787234042553191 0.29 6.313923853579562
0.11881283908732929 0.9787234042553191 0.3 6.37552219660633
0.12215708782595881 0.9787234042553191 0.31 6.440002650827963
0.1254425663094051 0.9787234042553191 0.32 6.507438855767772
0.12866788173810945 0.9787234042553191 0.33 6.577904702106423
0.13183173683108584 0.9787234042553191 0.34 6.651473827429031
0.13493294000934 0.9787234042553191 0.35 6.7282190510688205
0.1379704159051313 0.9787234042553191 0.36 6.808211747596129
0.1409432160674672 0.9787234042553191 0.37 6.891521160029619
0.14385052970343928 0.9787234042553191 0.38 6.978213655891088
0.1466916942643423 0.9787234042553191 0.39 7.068351931509241
0.14946620565367008 0.9787234042553191 0.4 7.161994172732867
0.15217372780522306 0.9787234042553191 0.41 7.2591931831341405
0.15481410135390208 0.9787234042553191 0.42 7.359995493955422
0.15738735110204832 0.9787234042553191 0.43 7.464440473299103
0.15989369197325207 0.9787234042553191 0.44 7.572559455175712
0.1623335331455158 0.9787234042553191 0.45 7.684374911838171
0.16470748006819944 0.9787234042553191 0.46 7.799899695160744
0.16701633409747754 0.9787234042553191 0.47 7.919136374103227
0.16926108952750624 0.9787234042553191 0.48 8.042076695921176
0.1714429278583527 0.9787234042553191 0.49 8.168701197660958
0.1735632092168694 0.9787234042553191 0.5 8.298978992304033
0.17562346093857492 0.9787234042553191 0.51 8.432867749866565
0.17762536341560425 0.9787234042553191 0.52 8.570313888587247
0.17957073342140886 0.9787234042553191 0.53 8.711252984388274
0.1814615052219248 0.9787234042553191 0.54 8.855610399233116
0.18329970987631247 0.9787234042553191 0.55 9.003302120532798
0.18508745320761916 0.9787234042553191 0.56 9.154235795263462
0.18682689297933316 0.9787234042553191 0.57 9.308311934499336
0.18852021584607742 0.9787234042553191 0.58 9.465425256942252
0.19016961465061988 0.9787234042553191 0.59 9.625466134488738
0.1917772666157647 0.9787234042553191 0.6 9.788322099200085
0.19334531293088514 0.9787234042553191 0.61 9.953879369416596
0.19487584016223017 0.9787234042553191 0.62 10.122024353290913
0.1963708638297174 0.9787234042553191 0.63 10.292645090522965
0.1978323143955535 0.9787234042553191 0.64 10.465632597439106
0.19926202581051694 0.9787234042553191 0.65 10.640882086148817
0.20066172666573953 0.9787234042553191 0.66 10.81829403513695
0.20203303390930663 0.9787234042553191 0.67 10.997775095548095
0.20337744900861213 0.9787234042553191 0.68 11.179238824498192
0.2046963563777547 0.9787234042553191 0.69 11.362606243195051
0.2059910238415743 0.9787234042553191 0.7 11.54780622358581
0.20726260487811743 0.9787234042553191 0.71 11.734775712041742
0.20851214236395132 0.9787234042553191 0.72 11.923459802606114
0.20974057354515022 0.9787234042553191 0.73 12.11381167497926
0.21094873596308072 0.9787234042553191 0.74 12.305792414369536
0.21213737408155953 0.9787234042553191 0.75 12.499370731063413
0.21330714638299908 0.9787234042553191 0.76 12.694522597777702
0.21445863272759272 0.9787234042553191 0.77 12.891230822248449
0.21559234179703118 0.9787234042553191 0.78 13.08948457151921
0.2167087184722642 0.9787234042553191 0.79 13.28927886303106
0.21780815102217763 0.9787234042553191 0.8 13.490614036018052
0.2188909780048228 0.9787234042553191 0.81 13.69349521511376
0.219957494806684 0.9787234042553191 0.82 13.897931776292081
0.22100795976513965 0.9787234042553191 0.83 14.103936823724013
0.2220425998375552 0.9787234042553191 0.84 14.311526684524715
0.22306161579508685 0.9787234042553191 0.85 14.520720427003912
0.22406518693208716 0.9787234042553191 0.86 14.73153940672781
0.2250534752918916 0.9787234042553191 0.87 14.944006843623093
0.22602662941850787 0.9787234042553191 0.88 15.158147432304027
0.22698478764905572 0.9787234042553191 0.89 15.37398698710665
0.2279280809676713 0.9787234042553191 0.9 15.591552122473137
0.22885663544436996 0.9787234042553191 0.91 15.810869968840267
0.2297705742850001 0.9787234042553191 0.92 16.03196792367703
0.23067001951978006 0.9787234042553191 0.93 16.254873436951865
0.23155509335882715 0.9787234042553191 0.94 16.479613829985528
0.23242591924256298 0.9787234042553191 0.95 16.706216146511938
0.23328262261467547 0.9787234042553191 0.96 16.934707034588993
0.23412533144381528 0.9787234042553191 0.97 17.165112658007473
0.23495417647426592 0.9787234042553191 0.98 17.397458642444274
0.23576929152856288 0.9787234042553191 0.99 17.63177001067408
0.0 0.9929078014184397 0.0 5.681126286075176
0.004195160169685609 0.9929078014184397 0.01 5.682021943865512
0.008388336229120223 0.9929078014184397 0.02 5.684710222203363
0.012577543946550512 0.9929078014184397 0.03 5.689195037507478
0.01676079886224936 0.9929078014184397 0.04 5.695482921556274
0.020936116212598256 0.9929078014184397 0.05 5.703583027853154
0.025101510899589324 0.9929078014184397 0.06 5.713507140633272
0.029254997522003858 0.9929078014184397 0.07 5.725269685824203
0.033394590459925606 0.9929078014184397 0.08 5.7388877522618325
0.03751830417203868 0.9929078014184397 0.09 5.754381072676814
0.041624153434847114 0.9929078014184397 0.1 5.771772072146041
0.045710153741491885 0.9929078014184397 0.11 5.791085891847172
0.04977432203930802 0.9929078014184397 0.12 5.812350364623004
0.05381467743540941 0.9929078014184397 0.13 5.835596050498384
0.05782924218961108 0.9929078014184397 0.14 5.8608562417816685
0.06181604291587991 0.9929078014184397 0.15 5.888166968382811
0.06577311203034018 0.9929078014184397 0.16 5.917566997959348
0.06969848947384936 0.9929078014184397 0.17 5.949097829015803
0.07359022473637411 0.9929078014184397 0.18 5.982803675313818
0.07744637921281668 0.9929078014184397 0.19 6.018731439457753
0.08126502891974216 0.9929078014184397 0.2 6.05693067347648
0.08504426760367177 0.9929078014184397 0.21 6.097453523845473
0.08878221027112641 0.9929078014184397 0.22 6.140354658226811
0.09247699717023251 0.9929078014184397 0.23 6.185691170915871
0.09612679825192977 0.9929078014184397 0.24 6.233522463796926
0.09972981813679953 0.9929078014184397 0.25 6.283910099339219
0.10328430160981747 0.9929078014184397 0.26 6.336917622005849
0.10678853965961228 0.9929078014184397 0.27 6.392610344405515
0.11024087607338123 0.9929078014184397 0.28 6.451055094301374
0.11363971458847874 0.9929078014184397 0.29 6.512319918826289
0.11698352659184344 0.9929078014184397 0.3 6.576473742303263
0.12027085934484014 0.9929078014184397 0.31 6.643585974450177
0.12350034469521405 0.9929078014184397 0.32 6.713726066282625
0.12667070821952842 0.9929078014184397 0.33 6.78696301176705
0.1297807787189001 0.9929078014184397 0.34 6.863364794234352
0.13282949796614757 0.9929078014184397 0.35 6.942997777993309
0.13581593057921623 0.9929078014184397 0.36 7.025926046942078
0.1387392738664138 0.9929078014184397 0.37 7.1122106941499
0.1415988674640034 0.9929078014184397 0.38 7.201909068338466
0.14439420255860422 0.9929078014184397 0.39 7.295073985822873
0.14712493046257566 0.9929078014184397 0.4 7.39175291913391
0.14979087029165242 0.9929078014184397 0.41 7.491987176182692
0.1523920154769604 0.9929078014184397 0.42 7.59581108687909
0.15492853883912555 0.9929078014184397 0.43 7.703251216520397
0.157400795955167 0.9929078014184397 0.44 7.814325627589086
0.15980932656359567 0.9929078014184397 0.45 7.929043213369568
0.16215485378325206 0.9929078014184397 0.46 8.047403127578274
0.1644382809628526 0.9929078014184397 0.47 8.169394334270969
0.16666068603642997 0.9929078014184397 0.48 8.294995300915504
0.1688233133279148 0.9929078014184397 0.49 8.424173855149954
0.1709275628290478 0.9929078014184397 0.5 8.556887221813193
0.17297497706028728 0.9929078014184397 0.51 8.693082251880888
0.17496722571402704 0.9929078014184397 0.52 8.832695848725109
0.17690608836496988 0.9929078014184397 0.53 8.97565559022934
0.17879343560951105 0.9929078014184397 0.54 9.121880538002081
0.18063120906084998 0.9929078014184397 0.55 9.27128221751873
0.1824214006719714 0.9929078014184397 0.56 9.42376574623317
0.1841660318823808 0.9929078014184397 0.57 9.579231080890672
0.18586713308730365 0.9929078014184397 0.58 9.737574350580726
0.18752672390491185 0.9929078014184397 0.59 9.898689239308464
0.1891467946753591 0.9929078014184397 0.6 10.06246838063231
0.1907292895645124 0.9929078014184397 0.61 10.228804727625194
0.1922760915692104 0.9929078014184397 0.62 10.39759286401537
0.1937890096428499 0.9929078014184397 0.63 10.568730225756468
0.1952697680688641 0.9929078014184397 0.64 10.742118207901127
0.19671999813248506 0.9929078014184397 0.65 10.917663136753465
0.19814123206015763 0.9929078014184397 0.66 11.095277093834511
0.1995348991318915 0.9929078014184397 0.67 11.274878583962115
0.20090232381647857 0.9929078014184397 0.68 11.456393045520086
0.20224472573739188 0.9929078014184397 0.69 11.63975320615306
0.2035632212507576 0.9929078014184397 0.7 11.824899291223582
0.20485882639922182 0.9929078014184397 0.71 12.011779095994688
0.20613246100231433 0.9929078014184397 0.72 12.20034793485484
0.20738495364817544 0.9929078014184397 0.73 12.390568482589783
0.20861704736341877 0.9929078014184397 0.74 12.58241052357297
0.20982940575590908 0.9929078014184397 0.75 12.77585062484624
0.2110226194460228 0.9929078014184397 0.76 12.970871748696164
0.21219721262460606 0.9929078014184397 0.77 13.167462819548339
0.21335364960012765 0.9929078014184397 0.78 13.36561825878649
0.21449234122041616 0.9929078014184397 0.79 13.56533749980108
0.21561365107606054 0.9929078014184397 0.8 13.766624494165427
0.21671790141277003 0.9929078014184397 0.81 13.96948721836861
0.21780537869927116 0.9929078014184397 0.82 14.173937188948232
0.21887633881104537 0.9929078014184397 0.83 14.379988992779298
0.21993101180605268 0.9929078014184397 0.84 14.587659837739887
0.22096960627914766 0.9929078014184397 0.85 14.796969127953961
0.22199231329130853 0.9929078014184397 0.86 15.00793806681583
0.22299930987859018 0.9929078014184397 0.87 15.22058928997316
0.22399076215051808 0.9929078014184397 0.88 15.434946529857918
0.22496682799401266 0.9929078014184397 0.89 15.651034312486887
0.22592765940110265 0.9929078014184397 0.9 15.86887768689569
0.2268734044425415 0.9929078014184397 0.91 16.088501986942223
0.22780420891025172 0.9929078014184397 0.92 16.309932624971935
0.22872021765305692 0.9929078014184397 0.93 16.533194916473647
0.22962157563052116 0.9929078014184397 0.94 16.758313934637957
0.23050842870903343 0.9929078014184397 0.95 16.985314393655578
0.23138092422339196 0.9929078014184397 0.96 17.21422055955023
0.23223921132557732 0.9929078014184397 0.97 17.445056187404333
0.23308344109378717 0.9929078014184397 0.98 17.677844491048806
0.23391376674456432 0.9929078014184397 0.99 17.912608095060143
0.0 1.0070921985815602 0.0 5.851581769680177
0.004133600910947437 1.0070921985815602 0.01 5.852520067501659
0.008265213453130646 1.0070921985815602 0.02 5.855336296729718
0.012392849327395124 1.0070921985815602 0.03 5.860034465558997
0.01651452039034699 1.0070921985815602 0.04 5.866621257150497
0.020628238773834087 1.0070921985815602 0.05 5.875106033683197
0.0247320170545993 1.0070921985815602 0.06 5.885500841798273
0.02882386849170914 1.0070921985815602 0.07 5.897820418961183
0.032901807349537786 1.0070921985815602 0.08 5.912082200452493
0.03696384932513003 1.0070921985815602 0.09 5.928306326356563
0.04100801209930044 1.0070921985815602 0.1 5.946515647956086
0.045032316031859865 1.0070921985815602 0.11 5.966735732740625
0.0490347850222719 1.0070921985815602 0.12 5.988994867132557
0.053013447558201796 1.0070921985815602 0.13 6.0133240558545715
0.05696633797538753 1.0070921985815602 0.14 6.039757016738887
0.06089149795329978 1.0070921985815602 0.15 6.06833016960669
0.06478697827227531 1.0070921985815602 0.16 6.0990826176191675
0.06865084085841215 1.0070921985815602 0.17 6.13205611937304
0.07248116114359275 1.0070921985815602 0.18 6.167295049733489
0.07627603076806558 1.0070921985815602 0.19 6.204846347262008
0.08003356065335343 1.0070921985815602 0.2 6.244759445826958
0.08375188447278463 1.0070921985815602 0.21 6.28708618778368
0.08742916254600923 1.0070921985815602 0.22 6.331880715889205
0.09106358618147171 1.0070921985815602 0.23 6.379199341009788
0.09465338248919056 1.0070921985815602 0.24 6.429100382342572
0.09819681968080753 1.0070921985815602 0.25 6.4816439769705365
0.10169221286975888 1.0070921985815602 0.26 6.536891855331806
0.10513793037689806 1.0070921985815602 0.27 6.594907079300095
0.10853240053866517 1.0070921985815602 0.28 6.655753739636659
0.11187411900358822 1.0070921985815602 0.29 6.719496609909325
0.11516165649148716 1.0070921985815602 0.3 6.7862007542082905
0.11839366697315626 1.0070921985815602 0.31 6.85593108677556
0.12156889621251137 1.0070921985815602 0.32 6.928751882279512
0.12468619059326476 1.0070921985815602 0.33 7.004726236565187
0.1277445061307487 1.0070921985815602 0.34 7.083915479007886
0.13074291754759132 1.0070921985815602 0.35 7.1663785390457075
0.133680627267352 1.0070921985815602 0.36 7.2521712713834985
0.13655697415760545 1.0070921985815602 0.37 7.341345746296541
0.13937144183107172 1.0070921985815602 0.38 7.433949513759677
0.14212366629331555 1.0070921985815602 0.39 7.530024852521641
0.14481344270999813 1.0070921985815602 0.4 7.629608017631936
0.14744073105565456 1.0070921985815602 0.41 7.732728502370983
0.1500056604044214 1.0070921985815602 0.42 7.8394083325488
0.15250853162771233 1.0070921985815602 0.43 7.949661413087318
0.1549498182825798 1.0070921985815602 0.44 8.063492947807571
0.1573301655011416 1.0070921985815602 0.45 8.180898953992168
0.15965038673346582 1.0070921985815602 0.46 8.301865892679489
0.1619114582464759 1.0070921985815602 0.47 8.426370434356057
0.16411451134505528 1.0070921985815602 0.48 8.55437937698805
0.16626082235059084 1.0070921985815602 0.49 8.685849729772576
0.16835180044801415 1.0070921985815602 0.5 8.820728971213073
0.1703889735873216 1.0070921985815602 0.51 8.958955484698482
0.17237397269983956 1.0070921985815602 0.52 9.100459168468047
0.17430851455246701 1.0070921985815602 0.53 9.245162210648546
0.17619438361730894 1.0070921985815602 0.54 9.392980013628204
0.17803341337028974 1.0070921985815602 0.55 9.543822246364847
0.17982746745159028 1.0070921985815602 0.56 9.697593998309003
0.1815784211204837 1.0070921985815602 0.57 9.854197004910823
0.1832881434162902 1.0070921985815602 0.58 10.013530912538354
0.18495848040223226 1.0070921985815602 0.59 10.17549454965058
0.18659123981349113 1.0070921985815602 0.6 10.339987172243402
0.18818817737119176 1.0070921985815602 0.61 10.506909653431132
0.18975098495163317 1.0070921985815602 0.62 10.67616559073705
0.1912812807282121 1.0070921985815602 0.63 10.847662308992382
0.19278060133391417 1.0070921985815602 0.64 11.021311741607736
0.1942503960250975 1.0070921985815602 0.65 11.197031178442248
0.1956920227715848 1.0070921985815602 0.66 11.37474387354107
0.19710674614928464 1.0070921985815602 0.67 11.554379511090042
0.19849573687582278 1.0070921985815602 0.68 11.735874532251888
0.19986007280385204 1.0070921985815602 0.69 11.919172329322778
0.20120074117143572 1.0070921985815602 0.7 12.104223316670314
0.2025186419035136 1.0070921985815602 0.71 12.290984890110519
0.20381459176063782 1.0070921985815602 0.72 12.479421287885916
0.20508932913985445 1.0070921985815602 0.73 12.669503367223598
0.20634351934683648 1.0070921985815602 0.74 12.861208310591326
0.20757776017428917 1.0070921985815602 0.75 13.054519275619562
0.2087925876413598 1.0070921985815602 0.76 13.24942500190411
0.20998848176876445 1.0070921985815602 0.77 13.445919386933726
0.21116587228266462 1.0070921985815602 0.78 13.64400104243028
0.21232514416126197 1.0070921985815602 0.79 13.843672840895849
0.21346664295344414 1.0070921985815602 0.8 14.044941461171032
0.2145906798168377 1.0070921985815602 0.81 14.247816940289573
0.21569753623540588 1.0070921985815602 0.82 14.452312237891569
0.2167874683897524 1.0070921985815602 0.83 14.658442818250641
0.2178607111643596 1.0070921985815602 0.84 14.866226253876707
0.21891748178375242 1.0070921985815602 0.85 15.07568185388552
0.21995798307844852 1.0070921985815602 0.86 15.286830319306379
0.22098240638633218 1.0070921985815602 0.87 15.49969342694681
0.221990934100747 1.0070921985815602 0.88 15.714293742694727
0.22298374187987918 1.0070921985815602 0.89 15.930654364669632
0.2239610005346707 1.0070921985815602 0.9 16.14879869620953
0.2249228776150589 1.0070921985815602 0.91 16.368750248234473
0.22586953871494075 1.0070921985815602 0.92 16.590532470332946
0.22680114851731958 1.0070921985815602 0.93 16.814168609640856
0.22771787160111764 1.0070921985815602 0.94 17.039681596442307
0.22861987303080372 1.0070921985815602 0.95 17.267093955327038
0.22950731874802924 1.0070921985815602 0.96 17.496427740889484
0.23038037578287504 1.0070921985815602 0.97 17.727704497065506
0.23123921225683347 1.0070921985815602 0.98 17.96094524614492
0.23208399750082986 1.0070921985815602 0.99 18.196170458832647
0.0 1.0212765957446808 0.0 6.030484990998104
0.00407181948474044 1.0212765957446808 0.01 6.031467159491534
0.008141649607410116 1.0212765957446808 0.02 6.034415023496967
0.012207501284920185 1.0212765957446808 0.03 6.039332658889245
0.01626738601011419 1.0212765957446808 0.04 6.046226859714485
0.020319316184749945 1.0212765957446808 0.05 6.055107139412278
0.024361305506891837 1.0212765957446808 0.06 6.065985732133089
0.02839136943143829 1.0212765957446808 0.07 6.078877593795814
0.03240752572293762 1.0212765957446808 0.08 6.093800402419465
0.03640779512065528 1.0212765957446808 0.09 6.110774557049041
0.04039020213625982 1.0212765957446808 0.1 6.1298231746051135
0.044352776005444676 1.0212765957446808 0.11 6.1509720837457635
0.04829355181561227 1.0212765957446808 0.12 6.174249814702874
0.0522105718324376 1.0212765957446808 0.13 6.199687583936497
0.056101887048993895 1.0212765957446808 0.14 6.227319272256362
0.05996555898183 1.0212765957446808 0.15 6.257181394890817
0.0637996617390438 1.0212765957446808 0.16 6.289313061788692
0.06760228438564056 1.0212765957446808 0.17 6.323755926283698
0.07137153363160183 1.0212765957446808 0.18 6.360554120046573
0.07510553686803942 1.0212765957446808 0.19 6.399754172019941
0.07880244557554966 1.0212765957446808 0.2 6.441404908938731
0.08246043912806246 1.0212765957446808 0.21 6.485557334761274
0.08607772901276478 1.0212765957446808 0.22 6.532264486288602
0.08965256348427608 1.0212765957446808 0.23 6.581581262022778
0.09318323266591169 1.0212765957446808 0.24 6.633564221431371
0.09666807410721698 1.0212765957446808 0.25 6.688271351506055
0.1001054787979842 1.0212765957446808 0.26 6.745761797897373
0.1034938976322702 1.0212765957446808 0.27 6.806095557815906
0.10683184830454286 1.0212765957446808 0.28 6.869333132361724
0.11011792260839959 1.0212765957446808 0.29 6.935535136328734
0.11335079409444293 1.0212765957446808 0.3 7.004761864131391
0.11652922602748399 1.0212765957446808 0.31 7.077072811378816
0.11965207956632774 1.0212765957446808 0.32 7.152526152550326
0.12271832206950024 1.0212765957446808 0.33 7.231178176568655
0.12572703541111874 1.0212765957446808 0.34 7.313082683414943
0.12867742416972558 1.0212765957446808 0.35 7.398290346714627
0.13156882353327606 1.0212765957446808 0.36 7.4868480490324485
0.13440070674488347 1.0212765957446808 0.37 7.57879819861849
0.13717269189750786 1.0212765957446808 0.38 7.674178038481358
0.13988454787356971 1.0212765957446808 0.39 7.773018960760766
0.14253619921994007 1.0212765957446808 0.4 7.875345841209318
0.14512772974685886 1.0212765957446808 0.41 7.981176410542596
0.14765938464978207 1.0212765957446808 0.42 8.090520680502813
0.15013157096903243 1.0212765957446808 0.43 8.203380443451215
0.1525448562306362 1.0212765957446808 0.44 8.319748864281685
0.15489996514856771 1.0212765957446808 0.45 8.43961018280142
0.15719777431591242 1.0212765957446808 0.46 8.562939543069335
0.15943930486724486 1.0212765957446808 0.47 8.689702963663098
0.16162571315618285 1.0212765957446808 0.48 8.819857459327636
0.16375827955659783 1.0212765957446808 0.49 8.953351320174525
0.16583839556043123 1.0212765957446808 0.5 9.090124549675666
0.167867549406777 1.0212765957446808 0.51 9.230109457259319
0.1698473105305552 1.0212765957446808 0.52 9.373231395833402
0.17177931316230838 1.0212765957446808 0.53 9.519409629242439
0.1736652394410827 1.0212765957446808 0.54 9.668558309780117
0.17550680241630634 1.0212765957446808 0.55 9.820587541924398
0.1773057293131309 1.0212765957446808 0.56 9.975404505470019
0.17906374541822684 1.0212765957446808 0.57 10.132914609475693
0.18078255891050773 1.0212765957446808 0.58 10.29302264804806
0.18246384691713688 1.0212765957446808 0.59 10.455633929816697
0.18410924302144815 1.0212765957446808 0.6 10.620655355026729
0.1857203263904039 1.0212765957446808 0.61 10.787996417213517
0.1872986126276378 1.0212765957446808 0.62 10.957570110284992
0.18884554639862056 1.0212765957446808 0.63 11.12929372610812
0.19036249581826045 1.0212765957446808 0.64 11.303089532295973
0.191850748542004 1.0212765957446808 0.65 11.47888532440261
0.1933115094607093 1.0212765957446808 0.66 11.656614850939523
0.19474589986664778 1.0212765957446808 0.67 11.836218113524117
0.19615495793533716 1.0212765957446808 0.68 12.017641547675087
0.19753964035332286 1.0212765957446808 0.69 12.200838092425109
0.19890082491544636 1.0212765957446808 0.7 12.385767158921007
0.20023931391596372 1.0212765957446808 0.71 12.572394509481537
0.20155583816327874 1.0212765957446808 0.72 12.760692059427894
0.20285106145958043 1.0212765957446808 0.73 12.950637614111423
0.20412558539847997 1.0212765957446808 0.74 13.142214553594142
0.20537995435077086 1.0212765957446808 0.75 13.335411476719745
0.20661466052384578 1.0212765957446808 0.76 13.530221815665499
0.20783014899722166 1.0212765957446808 0.77 13.726643431077184
0.20902682265255956 1.0212765957446808 0.78 13.924678196864052
0.21020504693225064 1.0212765957446808 0.79 14.124331582573461
0.2113651543741568 1.0212765957446808 0.8 14.325612240232429
0.2125074488828108 1.0212765957446808 0.81 14.528531601470766
0.21363220970916286 1.0212765957446808 0.82 14.733103489653779
0.21473969511986768 1.0212765957446808 0.83 14.939343750931144
0.21583014574590886 1.0212765957446808 0.84 15.147269907198064
0.21690378760741547 1.0212765957446808 0.85 15.356900833197674
0.21796083481671683 1.0212765957446808 0.86 15.568256459409113
0.21900149196723134 1.0212765957446808 0.87 15.781357501665395
0.22002595621874751 1.0212765957446808 0.88 15.996225218052581
0.22103441909296193 1.0212765957446808 0.89 16.212881193159557
0.22202706799497315 1.0212765957446808 0.9 16.431347149439034
0.22300408747849004 1.0212765957446808 0.91 16.65164478507119
0.22396566027268955 1.0212765957446808 0.92 16.873795637604697
0.22491196808947947 1.0212765957446808 0.93 17.09782097242676
0.22584319223010135 1.0212765957446808 0.94 17.323741694971986
0.22675951400883657 1.0212765957446808 0.95 17.551578285637536
0.2276611150103144 1.0212765957446808 0.96 17.781350756451214
0.22854817719416257 1.0212765957446808 0.97 18.01307862886249
0.22942088282186773 1.0212765957446808 0.98 18.246780938122495
0.2302794144860951 1.0212765957446808 0.99 18.48247622105809
0.0 1.0354609929078014 0.0 6.21812913612821
0.004009906702096087 1.0354609929078014 0.01 6.219156188359648
0.008017826630225077 1.0354609929078014 0.02 6.222238716596861
0.012021773516059667 1.0354609929078014 0.03 6.22738083504862
0.016019762121756844 1.0354609929078014 0.04 6.2345893994541655
0.02000980880338132 1.0354609929078014 0.05 6.243874004906063
0.023989932132361197 1.0354609929078014 0.06 6.255246982451294
0.027958153594971634 1.0354609929078014 0.07 6.2687233939279965
0.03191249838996802 1.0354609929078014 0.08 6.284321024593281
0.03585099634519619 1.0354609929078014 0.09 6.302060372788791
0.039771682974452716 1.0354609929078014 0.1 6.321964635831346
0.04367260069636627 1.0354609929078014 0.11 6.344059691178733
0.04755180023779324 1.0354609929078014 0.12 6.368374071710285
0.051407342244485385 1.0354609929078014 0.13 6.394938933886803
0.05523729912257384 1.0354609929078014 0.14 6.423788017280655
0.059039757134266756 1.0354609929078014 0.15 6.45495759392241
0.06281281877156981 1.0354609929078014 0.16 6.488486405639563
0.06655460543150975 1.0354609929078014 0.17 6.524415587430087
0.07026326041550614 1.0354609929078014 0.18 6.5627885747917745
0.07393695227488582 1.0354609929078014 0.19 6.603650992680683
0.07757387852240814 1.0354609929078014 0.2 6.64705052372834
0.08117226972737399 1.0354609929078014 0.21 6.6930367532043995
0.08473039400874537 1.0354609929078014 0.22 6.7416609881153775
0.08824656193583334 1.0354609929078014 0.23 6.792976047900882
0.0917191318415689 1.0354609929078014 0.24 6.847036024075895
0.09514651554520727 1.0354609929078014 0.25 6.903896006514737
0.09852718447434426 1.0354609929078014 0.26 6.963611774091045
0.10185967616558574 1.0354609929078014 0.27 7.0262394478552315
0.10514260111173102 1.0354609929078014 0.28 7.0918351054181406
0.10837464991093103 1.0354609929078014 0.29 7.160454355762858
0.11155460065783486 1.0354609929078014 0.3 7.232151874644335
0.11468132650174663 1.0354609929078014 0.31 7.306980901604951
0.11775380327903508 1.0354609929078014 0.32 7.384992700928895
0.12077111710988475 1.0354609929078014 0.33 7.466235990166776
0.12373247183141951 1.0354609929078014 0.34 7.550756341455526
0.12663719612312319 1.0354609929078014 0.35 7.638595562437493
0.12948475016373054 1.0354609929078014 0.36 7.729791065538621
0.13227473164757753 1.0354609929078014 0.37 7.824375235992236
0.13500688097862829 1.0354609929078014 0.38 7.9223748108706475
0.1376810854569155 1.0354609929078014 0.39 8.023810282952343
0.1402973822747163 1.0354609929078014 0.4 8.128695344569376
0.14285596014909302 1.0354609929078014 0.41 8.237036387564821
0.14535715943509667 1.0354609929078014 0.42 8.348832075918162
0.1478014705901832 1.0354609929078014 0.43 8.46407300737825
0.1501895308947755 1.0354609929078014 0.44 8.58274147953025
0.1525221193750972 1.0354609929078014 0.45 8.704811374134055
0.15480014992483548 1.0354609929078014 0.46 8.830248170873336
0.1570246626735432 1.0354609929078014 0.47 8.959009098627574
0.1591968137060874 1.0354609929078014 0.48 9.091043428375881
0.16131786329197914 1.0354609929078014 0.49 9.226292907491011
0.16338916283558488 1.0354609929078014 0.5 9.364692330403843
0.1654121408020303 1.0354609929078014 0.51 9.506170236003193
0.16738828790949073 1.0354609929078014 0.52 9.650649717591262
0.16931914190321054 1.0354609929078014 0.53 9.798049327133574
0.1712062722369965 1.0354609929078014 0.54 9.948284052340798
0.17305126498604487 1.0354609929078014 0.55 10.10126634269951
0.17485570829940564 1.0354609929078014 0.56 10.256907159252783
0.176621178672397 1.0354609929078014 0.57 10.415117022772167
0.17834922828230138 1.0354609929078014 0.58 10.575807035762468
0.18004137358492464 1.0354609929078014 0.59 10.738889855670807
0.18169908531996615 1.0354609929078014 0.6 10.904280599336255
0.18332378002128216 1.0354609929078014 0.61 11.071897662061934
0.1849168130776095 1.0354609929078014 0.62 11.241663438394307
0.18647947334172923 1.0354609929078014 0.63 11.413504935622841
0.1880129792429444 1.0354609929078014 0.64 11.587354274999083
0.1895184763236553 1.0354609929078014 0.65 11.763149079142174
0.19099703609081034 1.0354609929078014 0.66 11.94083274759128
0.192449656052849 1.0354609929078014 0.67 12.120354625211514
0.19387726079902048 1.0354609929078014 0.68 12.30167007048128
0.1952807039709248 1.0354609929078014 0.69 12.484740432462662
0.19666077097523366 1.0354609929078014 0.7 12.66953294645739
0.19801818229006302 1.0354609929078014 0.71 12.856020559113608
0.19935359722566667 1.0354609929078014 0.72 13.044181693963028
0.2006676180100846 1.0354609929078014 0.73 13.233999968343923
0.20196079408311948 1.0354609929078014 0.74 13.425463872228514
0.20323362649524238 1.0354609929078014 0.75 13.618566418881368
0.2044865723221579 1.0354609929078014 0.76 13.81330477645336
0.20572004901926863 1.0354609929078014 0.77 14.009679888749414
0.20693443865335082 1.0354609929078014 0.78 14.207696092470814
0.2081300919608982 1.0354609929078014 0.79 14.40736073729143
0.2093073321944337 1.0354609929078014 0.8 14.60868381410048
0.21046645872693748 1.0354609929078014 0.81 14.81167759601207
0.211607750394339 1.0354609929078014 0.82 15.016356295776353
0.2127314685636884 1.0354609929078014 0.83 15.22273574245788
0.2138378599197471 1.0354609929078014 0.84 15.430833079756487
0.21492715897067843 1.0354609929078014 0.85 15.640666487385216
0.21599959027553883 1.0354609929078014 0.86 15.85225492673597
0.21705537040156545 1.0354609929078014 0.87 16.0656179113667
0.21809470962181482 1.0354609929078014 0.88 16.280775302491104
0.21911781336529396 1.0354609929078014 0.89 16.497747129410808
0.22012488343467948 1.0354609929078014 0.9 16.716553434356584
0.22111611900643496 1.0354609929078014 0.91 16.937214141188115
0.22209171742985137 1.0354609929078014 0.92 17.159748947071623
0.2230518748412494 1.0354609929078014 0.93 17.384177236209467
0.22399678660959335 1.0354609929078014 0.94 17.61051801459974
0.2249266476287489 1.0354609929078014 0.95 17.838789864863468
0.22584165247042384 1.0354609929078014 0.96 18.069010920269474
0.22674199540881612 1.0354609929078014 0.97 18.301198857481992
0.2276278702957985 1.0354609929078014 0.98 18.535370912734443
0.22849947051413214 1.0354609929078014 0.99 18.77154388557954
0.0 1.049645390070922 0.0 6.414773779198396
0.003947962501162613 1.049645390070922 0.01 6.415846458893253
0.007893944696679558 1.049645390070922 0.02 6.419065871014228
0.01183596702871988 1.049645390070922 0.03 6.424436133527471
0.015772051455344955 1.049645390070922 0.04 6.431964105894333
0.019700222259234863 1.049645390070922 0.05 6.44165938308467
0.023618506917517917 1.049645390070922 0.06 6.4535342867772805
0.02752493705351524 1.049645390070922 0.07 6.467603853210519
0.031417549491370066 1.049645390070922 0.08 6.483885817128731
0.03529438743490353 1.049645390070922 0.09 6.502400591063742
0.039153501792426854 1.049645390070922 0.1 6.523171239036138
0.04299295266938839 1.049645390070922 0.11 6.546223443676075
0.04681081105121097 1.049645390070922 0.12 6.571585465520272
0.05060516069858137 1.049645390070922 0.13 6.599288093177648
0.05437410027764028 1.049645390070922 0.14 6.629364582829255
0.058115745747206855 1.049645390070922 0.15 6.661850585406854
0.061828233024605404 1.049645390070922 0.16 6.696784059651638
0.06550972095081836 1.049645390070922 0.17 6.734205169097118
0.06915839457428534 1.049645390070922 0.18 6.774156160903118
0.07277246877059189 1.049645390070922 0.19 6.8166812243867945
0.07635019221289951 1.049645390070922 0.2 6.861826326970452
0.07988985170392704 1.049645390070922 0.21 6.909639025344888
0.08338977687658455 1.049645390070922 0.22 6.960168249529805
0.08684834526422502 1.049645390070922 0.23 7.0134640577265275
0.09026398773507172 1.049645390070922 0.24 7.069577359973547
0.0936351942774596 1.049645390070922 0.25 7.128559608879581
0.09696052011308257 1.049645390070922 0.26 7.190462456112826
0.1002385921048267 1.049645390070922 0.27 7.255337373821852
0.10346811541376229 1.049645390070922 0.28 7.323235240812761
0.10664788034672071 1.049645390070922 0.29 7.394205894096448
0.10977676932139772 1.049645390070922 0.3 7.468297647411104
0.11285376386097608 1.049645390070922 0.31 7.545556779433999
0.11587795151540625 1.049645390070922 0.32 7.6260269956049775
0.11884853259054896 1.049645390070922 0.33 7.709748869003153
0.12176482655297599 1.049645390070922 0.34 7.79675926711526
0.12462627796564335 1.049645390070922 0.35 7.887090772912274
0.12743246179997572 1.049645390070922 0.36 7.98077111018334
0.13018308796321804 1.049645390070922 0.37 8.077822584601764
0.1328780048797427 1.049645390070922 0.38 8.178261553108475
0.13551720196750275 1.049645390070922 0.39 8.282097935398943
0.13810081086222262 1.049645390070922 0.4 8.389334781795688
0.14062910525900993 1.049645390070922 0.41 8.499967911960127
0.14310249926478005 1.049645390070922 0.42 8.613985638559592
0.14552154418708088 1.049645390070922 0.43 8.73136858884321
0.14788692372117096 1.049645390070922 0.44 8.852089635516109
0.1501994475407733 1.049645390070922 0.45 8.976113945805324
0.1524600433434354 1.049645390070922 0.46 9.10339915468557
0.15466974744823617 1.049645390070922 0.47 9.23389566480316
0.1568296940911126 1.049645390070922 0.48 9.36754707163702
0.1589411036050191 1.049645390070922 0.49 9.504290708508472
0.1610052697099472 1.049645390070922 0.5 9.644058301941179
0.1630235461666027 1.049645390070922 0.51 9.786776724132055
0.1649973330671676 1.049645390070922 0.52 9.932368825944138
0.16692806304515218 1.049645390070922 0.53 10.080754331160842
0.16881718768384835 1.049645390070922 0.54 10.231850770850503
0.1706661643890709 1.049645390070922 0.55 10.385574435746278
0.17247644396886846 1.049645390070922 0.56 10.541841324448116
0.17424945913060705 1.049645390070922 0.57 10.700568066178075
0.17598661406894495 1.049645390070922 0.58 10.861672798363413
0.17768927527426914 1.049645390070922 0.59 11.025075981930973
0.17935876365030418 1.049645390070922 0.6 11.190701139749827
0.18099634798436226 1.049645390070922 0.61 11.35847550715888
0.1826032397743895 1.049645390070922 0.62 11.528330586752272
0.18418058938092494 1.049645390070922 0.63 11.700202602906016
0.18572948344013343 1.049645390070922 0.64 11.874032854808844
0.18725094345068136 1.049645390070922 0.65 12.049767969405545
0.1887459254260207 1.049645390070922 0.66 12.227360058422166
0.19021532049367604 1.049645390070922 0.67 12.406766785303459
0.191659956312739 1.049645390070922 0.68 12.587951349864378
0.19308059918226997 1.049645390070922 0.69 12.770882399088196
0.1944779567114175 1.049645390070922 0.7 12.955533873693598
0.19585268093077876 1.049645390070922 0.71 13.141884799968933
0.19720537173081215 1.049645390070922 0.72 13.32991903657184
0.19853658052329184 1.049645390070922 0.73 13.51962498565734
0.199846814032671 1.049645390070922 0.74 13.710995277210818
0.2011365381361297 1.049645390070922 0.75 13.904026434756023
0.20240618168212698 1.049645390070922 0.76 14.09871852992549
0.2036561402285267 1.049645390070922 0.77 14.295074832570696
0.20488677965217753 1.049645390070922 0.78 14.493101462235947
0.20609843959149599 1.049645390070922 0.79 14.692807046022537
0.20729143669250813 1.049645390070922 0.8 14.894202387083435
0.2084660676367011 1.049645390070922 0.81 15.097300147255064
0.20962261193633439 1.049645390070922 0.82 15.30211454660149
0.21076133448829634 1.049645390070922 0.83 15.508661082108892
0.21188248788357208 1.049645390070922 0.84 15.716956267087768
0.21298631447297808 1.049645390070922 0.85 15.927017392449278
0.2140730481939024 1.049645390070922 0.86 16.138862310512323
0.21514291616556924 1.049645390070922 0.87 16.352509241636653
0.21619614006258261 1.049645390070922 0.88 16.567976603662807
0.21723293727839665 1.049645390070922 0.89 16.7852828638471
0.21825352189152283 1.049645390070922 0.9 17.0044464127735
0.21925810544845287 1.049645390070922 0.91 17.22548545949667
0.22024689757706864 1.049645390070922 0.92 17.44841794714045
0.2212201064453461 1.049645390070922 0.93 17.67326148794266
0.2221779390788731 1.049645390070922 0.94 17.900033316858295
0.22312060155065977 1.049645390070922 0.95 18.12875026275969
0.22404829905484913 1.049645390070922 0.96 18.359428736492852
0.22496123587320854 1.049645390070922 0.97 18.592084735426457
0.2258596152184523 1.049645390070922 0.98 18.826733868222007
0.22674363912728543 1.049645390070922 0.99 19.06339137203282
0.0 1.0638297872340425 0.0 6.62063572077761
0.003886095454126176 1.0638297872340425 0.01 6.621754449985331
0.0077702212193760944 1.0638297872340425 0.02 6.625111998975343
0.011650408609781221 1.0638297872340425 0.03 6.630712449885419
0.015524690966238723 1.0638297872340425 0.04 6.638562599649154
0.01939110472259956 1.0638297872340425 0.05 6.648671949817648
0.023247690535085696 1.0638297872340425 0.06 6.661052691798688
0.027092494496318512 1.0638297872340425 0.07 6.675719687036289
0.030923569455381637 1.0638297872340425 0.08 6.692690441484087
0.03473897646546201 1.0638297872340425 0.09 6.711985073584723
0.038536786380728126 1.0638297872340425 0.1 6.733626274809071
0.04231508162405908 1.0638297872340425 0.11 6.757639261687276
0.04607195814710394 1.0638297872340425 0.12 6.7840517181157365
0.049805527604076714 1.0638297872340425 0.13 6.812893726518135
0.05351391975983469 1.0638297872340425 0.14 6.844197686417407
0.05719528515237005 1.0638297872340425 0.15 6.8779982187207915
0.06084779802835054 1.0638297872340425 0.16 6.914332054003761
0.06446965956892593 1.0638297872340425 0.17 6.953237902917465
0.06805910142062928 1.0638297872340425 0.18 6.9947563068237395
0.07161438954361359 1.0638297872340425 0.19 7.038929466664757
0.07513382838549967 1.0638297872340425 0.2 7.085801048161
0.07861576538494203 1.0638297872340425 0.21 7.135415961423646
0.08205859580349197 1.0638297872340425 0.22 7.187820113219271
0.08546076787773653 1.0638297872340425 0.23 7.243060130350895
0.08882078827626375 1.0638297872340425 0.24 7.301183052884411
0.09213722783726441 1.0638297872340425 0.25 7.362235996353317
0.09540872755241718 1.0638297872340425 0.26 7.4262657826368725
0.0986340047521966 1.0638297872340425 0.27 7.4933185397717486
0.10181185943534059 1.0638297872340425 0.28 7.563439271811064
0.1049411806729501 1.0638297872340425 0.29 7.636671400686776
0.10802095300410697 1.0638297872340425 0.3 7.713056283140788
0.11105026272732817 1.0638297872340425 0.31 7.792632706854952
0.11402830397900994 1.0638297872340425 0.32 7.875436371230998
0.11695438447811107 1.0638297872340425 0.33 7.961499359617827
0.1198279308075727 1.0638297872340425 0.34 8.050849610959544
0.12264849309457981 1.0638297872340425 0.35 8.143510400283493
0.12541574894840765 1.0638297872340425 0.36 8.239499838547282
0.12812950651478996 1.0638297872340425 0.37 8.338830403365469
0.13078970651082925 1.0638297872340425 0.38 8.441508512866871
0.13339642311543964 1.0638297872340425 0.39 8.547534155255628
0.1359498636062658 1.0638297872340425 0.4 8.656900586649796
0.1384503666566731 1.0638297872340425 0.41 8.76959410916995
0.14089839923484246 1.0638297872340425 0.42 8.885593940089636
0.14329455207902048 1.0638297872340425 0.43 9.004872181317229
0.14563953376121244 1.0638297872340425 0.44 9.12739389610111
0.14793416339009863 1.0638297872340425 0.45 9.253117297270213
0.1501793620438069 1.0638297872340425 0.46 9.381994048268377
0.15237614306448308 1.0638297872340425 0.47 9.513969674593042
0.15452560137928828 1.0638297872340425 0.48 9.648984080170708
0.15662890204589816 1.0638297872340425 0.49 9.786972159452121
0.15868726824294035 1.0638297872340425 0.5 9.927864493040868
0.1607019689422498 1.0638297872340425 0.51 10.071588111839407
0.16267430650601614 1.0638297872340425 0.52 10.21806731259444
0.16460560445015612 1.0638297872340425 0.53 10.367224506139214
0.166497195602524 1.0638297872340425 0.54 10.518981079053834
0.1683504108658345 1.0638297872340425 0.55 10.673258249401721
0.17016656876814035 1.0638297872340425 0.56 10.829977898070949
0.17194696595179035 1.0638297872340425 0.57 10.989063358759243
0.17369286871715992 1.0638297872340425 0.58 11.150440151637879
0.17540550570044663 1.0638297872340425 0.59 11.31403664826913
0.17708606172881158 1.0638297872340425 0.6 11.479784658086972
0.17873567286196762 1.0638297872340425 0.61 11.647619929621158
0.18035542259807513 1.0638297872340425 0.62 11.817482562532332
0.18194633919530118 1.0638297872340425 0.63 11.989317329195824
0.1835093940382045 1.0638297872340425 0.64 12.163073907054585
0.18504550096091404 1.0638297872340425 0.65 12.338707025129679
0.18655551642788126 1.0638297872340425 0.66 12.516176529743493
0.1880402404646182 1.0638297872340425 0.67 12.695447376040327
0.18950041822887786 1.0638297872340425 0.68 12.876489552747543
0.19093674211254022 1.0638297872340425 0.69 13.059277948367408
0.19234985426862206 1.0638297872340425 0.7 13.243792167230449
0.19374034946336757 1.0638297872340425 0.71 13.430016303927308
0.19510877816148858 1.0638297872340425 0.72 13.617938684369971
0.1964556497608433 1.0638297872340425 0.73 13.807551581421478
0.19778143590274588 1.0638297872340425 0.74 13.998850912438717
0.19908657379328856 1.0638297872340425 0.75 14.191835925509496
0.20037146948103207 1.0638297872340425 0.76 14.38650888041701
0.20163650104487205 1.0638297872340425 0.77 14.582874729750674
0.20288202165521982 1.0638297872340425 0.78 14.780940804762837
0.20410836247866337 1.0638297872340425 0.79 14.98071651000041
0.2053158354042106 1.0638297872340425 0.8 15.18221302996558
0.2065047355748756 1.0638297872340425 0.81 15.38544305054304
0.20767534371447688 1.0638297872340425 0.82 15.59042049728664
0.20882792824390395 1.0638297872340425 0.83 15.79716029220817
0.20996274718560506 1.0638297872340425 0.84 16.00567813019405
0.21108004985817477 1.0638297872340425 0.85 16.215990275817852
0.21218007836637964 1.0638297872340425 0.86 16.428113380868165
0.21326306889322683 1.0638297872340425 0.87 16.642064322763108
0.21432925280401718 1.0638297872340425 0.88 16.857860063528115
0.2153788575720953 1.0638297872340425 0.89 17.07551752904251
0.21641210753851783 1.0638297872340425 0.9 17.295053507846426
0.2174292245173835 1.0638297872340425 0.91 17.516484568832443
0.21843042825936013 1.0638297872340425 0.92 17.73982699697072
0.21941593678609067 1.0638297872340425 0.93 17.96509674613026
0.22038596660719487 1.0638297872340425 0.94 18.192309408147487
0.22134073283146408 1.0638297872340425 0.95 18.421480197245113
0.222280449181988 1.0638297872340425 0.96 18.652623949142985
0.22320532792255168 1.0638297872340425 0.97 18.885755134549356
0.22411557968383528 1.0638297872340425 0.98 19.120887889891915
0.2250114133146395 1.0638297872340425 0.99 19.358036044801334
0.0 1.0780141843971631 0.0 6.8358796910209225
0.0038244218965855542 1.0780141843971631 0.01 6.837044520224983
0.007646889092419025 1.0780141843971631 0.02 6.840540342907294
0.011465448154162807 1.0780141843971631 0.03 6.846371161416853
0.01527814820476953 1.0780141843971631 0.04 6.8545436367109644
0.019083042255309882 1.0780141843971631 0.05 6.865067073644897
0.022878188601204892 1.0780141843971631 0.06 6.8779533998824
0.026661652304305332 1.0780141843971631 0.07 6.893217137908472
0.030431506782292155 1.0780141843971631 0.08 6.910875369450428
0.034185835526559294 1.0780141843971631 0.09 6.930947691583324
0.037922733969851845 1.0780141843971631 0.1 6.953456163478732
0.04164031152424262 1.0780141843971631 0.11 6.978425242806781
0.04533669380980157 1.0780141843971631 0.12 7.005881710523555
0.0490100250934738 1.0780141843971631 0.13 7.035854582712528
0.05265847095654431 1.0780141843971631 0.14 7.06837500806135
0.056280221207851755 1.0780141843971631 0.15 7.103476149399808
0.059873493057907734 1.0780141843971631 0.16 7.1411930477065235
0.06343653456675306 1.0780141843971631 0.17 7.181562466930122
0.06696762837555853 1.0780141843971631 0.18 7.22462271793008
0.07046509572800727 1.0780141843971631 0.19 7.270413459952992
0.07392730078329304 1.0780141843971631 0.2 7.318975478088042
0.07735265521726219 1.0780141843971631 0.21 7.370350435308919
0.08073962310179307 1.0780141843971631 0.22 7.424580597982428
0.08408672604559914 1.0780141843971631 0.23 7.4817085339831255
0.08739254857137282 1.0780141843971631 0.24 7.5417767829920415
0.09065574369494 1.0780141843971631 0.25 7.604827499097655
0.09387503866259272 1.0780141843971631 0.26 7.670902066362445
0.09704924079174884 1.0780141843971631 0.27 7.74004068882136
0.10017724334881206 1.0780141843971631 0.28 7.8122819572370235
0.10325803138723601 1.0780141843971631 0.29 7.887662395801451
0.10629068745698539 1.0780141843971631 0.3 7.966215993106779
0.10927439708657675 1.0780141843971631 0.31 8.047973722713138
0.11220845392845827 1.0780141843971631 0.32 8.1329630599221
0.11509226445239258 1.0780141843971631 0.33 8.221207502245818
0.11792535206451092 1.0780141843971631 0.34 8.312726102380733
0.12070736052876814 1.0780141843971631 0.35 8.407533023242143
0.12343805656862909 1.0780141843971631 0.36 8.505637125427663
0.12611733153270782 1.0780141843971631 0.37 8.607041597951712
0.12874520201879142 1.0780141843971631 0.38 8.711743643224642
0.13132180936545973 1.0780141843971631 0.39 8.819734227111086
0.13384741794244945 1.0780141843971631 0.4 8.930997904020595
0.13632241219388752 1.0780141843971631 0.41 9.045512726123732
0.1387472924185148 1.0780141843971631 0.42 9.163250244040443
0.14112266930397194 1.0780141843971631 0.43 9.284175604177024
0.1434492572626118 1.0780141843971631 0.44 9.408247745905394
0.14572786665485565 1.0780141843971631 0.45 9.535419698458075
0.14795939501513433 1.0780141843971631 0.46 9.665638975001215
0.1501448174274574 1.0780141843971631 0.47 9.798848058104754
0.15228517622235413 1.0780141843971631 0.48 9.934984968056206
0.1543815701866765 1.0780141843971631 0.49 10.07398390282175
0.1564351434908101 1.0780141843971631 0.5 10.215775936176623
0.15844707454265766 1.0780141843971631 0.51 10.360289758843615
0.1604185649758728 1.0780141843971631 0.52 10.507452446256174
0.16235082896991004 1.0780141843971631 0.53 10.657190236061197
0.16424508308264746 1.0780141843971631 0.54 10.80942929865057
0.16610253675478878 1.0780141843971631 0.55 10.964096484688934
0.16792438361848733 1.0780141843971631 0.56 11.12112003495837
0.16971179371249967 1.0780141843971631 0.57 11.280430239731048
0.17146590667787007 1.0780141843971631 0.58 11.441960036707322
0.17318782597487822 1.0780141843971631 0.59 11.605645539284055
0.17487861413476602 1.0780141843971631 0.6 11.77142648913898
0.17653928903292365 1.0780141843971631 0.61 11.939246629601769
0.17817082114647245 1.0780141843971631 0.62 12.109053998679668
0.17977413174081966 1.0780141843971631 0.63 12.280801142593242
0.1813500919134476 1.0780141843971631 0.64 12.454445252675537
0.18289952241282753 1.0780141843971631 0.65 12.629948229936245
0.18442319414311487 1.0780141843971631 0.66 12.807276682821728
0.18592182926113993 1.0780141843971631 0.67 12.986401864678156
0.1873961027723453 1.0780141843971631 0.68 13.167299557937346
0.18884664453419606 1.0780141843971631 0.69 13.349949912399369
0.19027404157938363 1.0780141843971631 0.7 13.534337245123343
0.1916788406782307 1.0780141843971631 0.71 13.720449809129208
0.1930615510647233 1.0780141843971631 0.72 13.908279538086852
0.19442264726027048 1.0780141843971631 0.73 14.097821773455783
0.19576257193560204 1.0780141843971631 0.74 14.28907498025726
0.19708173876002594 1.0780141843971631 0.75 14.482040456970523
0.19838053519487597 1.0780141843971631 0.76 14.676722044464976
0.1996593251951668 1.0780141843971631 0.77 14.873125838299462
0.20091845179087306 1.0780141843971631 0.78 15.071259908043915
0.20215823952485582 1.0780141843971631 0.79 15.27113402680448
0.20337899673083978 1.0780141843971631 0.8 15.472759413486987
0.2045810176396353 1.0780141843971631 0.81 15.676148489866918
0.2057645843062414 1.0780141843971631 0.82 15.881314654070716
0.20692996835452201 1.0780141843971631 0.83 16.088272071621933
0.20807743253926628 1.0780141843971631 0.84 16.297035484855336
0.20920723212860273 1.0780141843971631 0.85 16.507620041108847
0.21031961611129343 1.0780141843971631 0.86 16.720041139925844
0.21141482823641575 1.0780141843971631 0.87 16.934314299072778
0.21249310789340306 1.0780141843971631 0.88 17.15045503911791
0.21355469084209155 1.0780141843971631 0.89 17.36847878604845
0.21459980980301263 1.0780141843971631 0.9 17.5884007912881
0.21562869491879944 1.0780141843971631 0.91 17.81023606834149
0.21664157409731577 1.0780141843971631 0.92 18.033999345290397
0.21763867324780026 1.0780141843971631 0.93 18.259705032202895
0.21862021642007562 1.0780141843971631 0.94 18.487367202663105
0.2195864258565256 1.0780141843971631 0.95 18.71699958863168
0.2205375219652771 1.0780141843971631 0.96 18.9486155880047
0.22147372322114192 1.0780141843971631 0.97 19.18222828451317
0.22239524598563767 1.0780141843971631 0.98 19.417850482229717
0.22330230433336368 1.0780141843971631 0.99 19.655494740189607
0.0 1.0921985815602837 0.0 7.0606094470481615
0.0037630646348301706 1.0921985815602837 0.01 7.061820011225978
0.007524194090511188 1.0921985815602837 0.02 7.065452996784264
0.011281454724820483 1.0921985815602837 0.03 7.071512278990771
0.01503291599084797 1.0921985815602837 0.04 7.080004303889128
0.01877665203829658 1.0921985815602837 0.05 7.090938068905025
0.022510743378965237 1.0921985815602837 0.06 7.104325095233326
0.026233278637640512 1.0921985815602837 0.07 7.12017939142277
0.029942356409257274 1.0921985815602837 0.08 7.1385174075653905
0.033636087242884194 1.0921985815602837 0.09 7.15935797928928
0.037312595772531404 1.0921985815602837 0.1 7.18272226065667
0.04097002301420532 1.0921985815602837 0.11 7.208633644893794
0.044606528847440784 1.0921985815602837 0.12 7.2371176718787344
0.048220294698657185 1.0921985815602837 0.13 7.268201921074887
0.05180952644171452 1.0921985815602837 0.14 7.301915888672932
0.05537245752937995 1.0921985815602837 0.15 7.338290847527859
0.05890735236680563 1.0921985815602837 0.16 7.377359688511593
0.06241250993500308 1.0921985815602837 0.17 7.419156741933148
0.0658862676685896 1.0921985815602837 0.18 7.463717577740248
0.0693270055880937 1.0921985815602837 0.19 7.511078783241641
0.0727331506814761 1.0921985815602837 0.2 7.561277717394513
0.0761031815237773 1.0921985815602837 0.21 7.614352240893939
0.07943563311747381 1.0921985815602837 0.22 7.670340421546883
0.0827291019281297 1.0921985815602837 0.23 7.7292802149290205
0.08598225108140437 1.0921985815602837 0.24 7.791209120855905
0.08919381568006875 1.0921985815602837 0.25 7.856163816506859
0.09236260818727753 1.0921985815602837 0.26 7.924179768279299
0.09548752381692116 1.0921985815602837 0.27 7.995290824429358
0.09856754585686324 1.0921985815602837 0.28 8.069528792351727
0.10160175084619133 1.0921985815602837 0.29 8.146923004407247
0.10458931351577741 1.0921985815602837 0.3 8.227499877707377
0.1075295113948907 1.0921985815602837 0.31 8.31128247403809
0.11042172898109216 1.0921985815602837 0.32 8.398290066982566
0.11326546136598932 1.0921985815602837 0.33 8.488537724313776
0.11606031720992825 1.0921985815602837 0.34 8.582035914237586
0.1188060209598118 1.0921985815602837 0.35 8.678790144807111
0.12150241421156543 1.0921985815602837 0.36 8.778800645937801
0.1241494561278771 1.0921985815602837 0.37 8.882062103603937
0.12674722283730605 1.0921985815602837 0.38 8.988563455273379
0.12929590575807437 1.0921985815602837 0.39 9.098287755076313
0.13179580881198474 1.0921985815602837 0.4 9.211212116071675
0.13424734452067602 1.0921985815602837 0.41 9.327307735252274
0.1366510290009036 1.0921985815602837 0.42 9.446540005499273
0.1390074759074426 1.0921985815602837 0.43 9.568868716093307
0.14131738939829347 1.0921985815602837 0.44 9.694248341390077
0.14358155622652788 1.0921985815602837 0.45 9.822628414465434
0.1458008370861271 1.0921985815602837 0.46 9.953953980284274
0.14797615736203057 1.0921985815602837 0.47 10.088166120296314
0.1501084974491204 1.0921985815602837 0.48 10.225202538416541
0.15219888281694838 1.0921985815602837 0.49 10.364998196292285
0.1542483739997928 1.0921985815602837 0.5 10.507485984560342
0.15625805669108556 1.0921985815602837 0.51 10.652597415688723
0.15822903211157752 1.0921985815602837 0.52 10.800263323838697
0.16016240780862134 1.0921985815602837 0.53 10.95041455712778
0.16205928902411246 1.0921985815602837 0.54 11.102982648566902
0.16392077074754824 1.0921985815602837 0.55 11.257900452975417
0.1657479305462861 1.0921985815602837 0.56 11.41510273870936
0.16754182223888606 1.0921985815602837 0.57 11.574526724944892
0.16930347045268476 1.0921985815602837 0.58 11.736112557150106
0.1710338660816291 1.0921985815602837 0.59 11.899803715549059
0.1727339626375538 1.0921985815602837 0.6 12.065547353494939
0.1744046734691285 1.0921985815602837 0.61 12.233294564507792
0.17604686980449022 1.0921985815602837 0.62 12.403000578727196
0.1776613795606127 1.0921985815602837 0.63 12.574624891041003
0.17924898685227872 1.0921985815602837 0.64 12.748131324491341
0.18081043212607867 1.0921985815602837 0.65 12.923488033704073
0.1823464128410427 1.0921985815602837 0.66 13.100667453877696
0.18385758461647034 1.0921985815602837 0.67 13.279646201384674
0.18534456276798503 1.0921985815602837 0.68 13.460404932428498
0.1868079241558736 1.0921985815602837 0.69 13.642928166281436
0.18824820927443764 1.0921985815602837 0.7 13.82720407950287
0.18966592451567568 1.0921985815602837 0.71 14.01322427743211
0.1910615445473604 1.0921985815602837 0.72 14.20098354882099
0.19243551475184956 1.0921985815602837 0.73 14.390479609083444
0.1937882536784707 1.0921985815602837 0.74 14.581712837183916
0.19512015546890854 1.0921985815602837 0.75 14.774686010674651
0.1964315922219059 1.0921985815602837 0.76 14.96940404278721
0.19772291626857907 1.0921985815602837 0.77 15.16587372511334
0.19899446233623688 1.0921985815602837 0.78 15.364103478750671
0.20024654958333998 1.0921985815602837 0.79 15.564103116355499
0.20147948349247932 1.0921985815602837 0.8 15.765883617145418
0.20269355761314878 1.0921985815602837 0.81 15.969456916349696
0.20388905514890254 1.0921985815602837 0.82 16.17483571033998
0.205066250387382 1.0921985815602837 0.83 16.382033278205096
0.20622540997358974 1.0921985815602837 0.84 16.591063320343405
0.2073667940300777 1.0921985815602837 0.85 16.80193981420544
0.20849065712816545 1.0921985815602837 0.86 17.014676887303057
0.20959724911758806 1.0921985815602837 0.87 17.229288707108356
0.21068681582144583 1.0921985815602837 0.88 17.445789387562716
0.21175959960535828 1.0921985815602837 0.89 17.664192911585566
0.2128158398300882 1.0921985815602837 0.9 17.884513068893646
0.21385577319646437 1.0921985815602837 0.91 18.106763408486724
0.2148796339931326 1.0921985815602837 0.92 18.33095720483471
0.21588765425537407 1.0921985815602837 0.93 18.557107437139692
0.2168800638451631 1.0921985815602837 0.94 18.785226780673447
0.2178570904596708 1.0921985815602837 0.95 19.01532760964419
0.2188189595760229 1.0921985815602837 0.96 19.247422010900884
0.21976589433728397 1.0921985815602837 0.97 19.481521808235723
0.2206981153750008 1.0921985815602837 0.98 19.71763859874325
0.2216158406247163 1.0921985815602837 0.99 19.955783791775687
0.0 1.1063829787234043 0.0 7.29485988516839
0.003702151215532493 1.1063829787234043 0.01 7.296115369751984
0.007402391393297079 1.1063829787234043 0.02 7.29988305808567
0.011098811301763139 1.1063829787234043 0.03 7.306166649175828
0.014789505342863612 1.1063829787234043 0.04 7.314972292181467
0.0184725734211246 1.1063829787234043 0.05 7.3263085623713025
0.022146122875363394 1.1063829787234043 0.06 7.3401864270040145
0.025808270493349536 1.1063829787234043 0.07 7.35661920061667
0.02945714462928781 1.1063829787234043 0.08 7.375622489150177
0.03309088744345263 1.1063829787234043 0.09 7.39721412214401
0.036707657282317126 1.1063829787234043 0.1 7.421414072216481
0.04030563121661188 1.1063829787234043 0.11 7.448244360851515
0.04388300775321306 1.1063829787234043 0.12 7.477728949521307
0.047438009735234515 1.1063829787234043 0.13 7.509893615034602
0.050968887442406824 1.1063829787234043 0.14 7.5447658080458435
0.054473921901414354 1.1063829787234043 0.15 7.582374493600661
0.057951428412808106 1.1063829787234043 0.16 7.622749972636164
0.061399760297213106 1.1063829787234043 0.17 7.665923683506782
0.06481731286001466 1.1063829787234043 0.18 7.711927982545421
0.0682025275676093 1.1063829787234043 0.19 7.760795903178856
0.07155389642430802 1.1063829787234043 0.2 7.812560892960271
0.0748699665312986 1.1063829787234043 0.21 7.867256528574617
0.07814934480301683 1.1063829787234043 0.22 7.924916209051901
0.0813907028086362 1.1063829787234043 0.23 7.985572827946191
0.08459278169832152 1.1063829787234043 0.24 8.049258425810638
0.08775439716556378 1.1063829787234043 0.25 8.11600382492697
0.09087444438838506 1.1063829787234043 0.26 8.185838248955037
0.09395190288428651 1.1063829787234043 0.27 8.258788930842522
0.0969858412050798 1.1063829787234043 0.28 8.334880713278212
0.09997542139127086 1.1063829787234043 0.29 8.414135646652387
0.1029199030991825 1.1063829787234043 0.3 8.496572590378742
0.10581864731000327 1.1063829787234043 0.31 8.58220682411786
0.10867111952722272 1.1063829787234043 0.32 8.671049676176887
0.11147689236932667 1.1063829787234043 0.33 8.763108176849416
0.11423564746750085 1.1063829787234043 0.34 8.858384744842002
0.11694717658442387 1.1063829787234043 0.35 8.95687691504785
0.11961138187979795 1.1063829787234043 0.36 9.058577115803102
0.1222282752608439 1.1063829787234043 0.37 9.163472503401634
0.12479797677339081 1.1063829787234043 0.38 9.271544860734904
0.12732071200672296 1.1063829787234043 0.39 9.382770566124858
0.12979680850905925 1.1063829787234043 0.4 9.497120636741117
0.1322266912326057 1.1063829787234043 0.41 9.614560849550296
0.1346108770518173 1.1063829787234043 0.42 9.7350519408001
0.13694996842324067 1.1063829787234043 0.43 9.858549882911761
0.13924464627766478 1.1063829787234043 0.44 9.985006235617572
0.14149566225657845 1.1063829787234043 0.45 10.114368565985037
0.14370383042179924 1.1063829787234043 0.46 10.24658093005425
0.14587001858151238 1.1063829787234043 0.47 10.381584406879485
0.14799513938356973 1.1063829787234043 0.48 10.519317674420135
0.15008014133135952 1.1063829787234043 0.49 10.659717615469326
0.15212599987509345 1.1063829787234043 0.5 10.802719941219106
0.15413370872602475 1.1063829787234043 0.51 10.948259819614295
0.15610427152744993 1.1063829787234043 0.52 11.096272496185367
0.15803869400492085 1.1063829787234043 0.53 11.246693895145729
0.15993797669617013 1.1063829787234043 0.54 11.39946119007378
0.16180310834374864 1.1063829787234043 0.55 11.55451333442651
0.16363506001073402 1.1063829787234043 0.56 11.711791543870385
0.1654347799590735 1.1063829787234043 0.57 11.871239724026314
0.16720318930887448 1.1063829787234043 0.58 12.032804839075958
0.16894117847800386 1.1063829787234043 0.59 12.196437218399737
0.17064960438401455 1.1063829787234043 0.6 12.362090800123093
0.17232928837553985 1.1063829787234043 0.61 12.5297233120159
0.17398101484799433 1.1063829787234043 0.62 12.69929639159392
0.17560553048902122 1.1063829787234043 0.63 12.87077564844756
0.17720354409285552 1.1063829787234043 0.64 13.044130672712324
0.1787757268773506 1.1063829787234043 0.65 13.219334994505916
0.18032271323698454 1.1063829787234043 0.66 13.396365999453934
0.18184510186389177 1.1063829787234043 0.67 13.575204805933685
0.18334345717150796 1.1063829787234043 0.68 13.75583610967738
0.18481831095779444 1.1063829787234043 0.69 13.93824800145091
0.1862701642499493 1.1063829787234043 0.7 14.122431763239055
0.18769948927608887 1.1063829787234043 0.71 14.30838164828934
0.18910673151578697 1.1063829787234043 0.72 14.496094649855008
0.1904923117858476 1.1063829787234043 0.73 14.685570263231469
0.191856628324064 1.1063829787234043 0.74 14.876810245121217
0.19320005883840619 1.1063829787234043 0.75 15.069818374023576
0.1945229624945026 1.1063829787234043 0.76 15.264600214860245
0.19582568181994944 1.1063829787234043 0.77 15.461162890480672
0.19710854450679774 1.1063829787234043 0.78 15.65951486253015
0.1983718650996684 1.1063829787234043 0.79 15.859665723452075
0.19961594655941062 1.1063829787234043 0.8 16.06162600121284
0.20084108169617101 1.1063829787234043 0.81 16.26540697788878
0.20204755446831502 1.1063829787234043 0.82 16.471020522989342
0.20323564114638074 1.1063829787234043 0.83 16.67847894207009
0.20440561134380517 1.1063829787234043 0.84 16.88779484086648
0.20555772891717874 1.1063829787234043 0.85 17.09898100508296
0.20669225274106326 1.1063829787234043 0.86 17.312050295647904
0.2078094373632423 1.1063829787234043 0.87 17.527015559135712
0.20890953354741923 1.1063829787234043 0.88 17.74388955287964
0.209992788710817 1.1063829787234043 0.89 17.962684884223975
0.21105944726499254 1.1063829787234043 0.9 18.183413963205417
0.21210975086791264 1.1063829787234043 0.91 18.406088967973876
0.2131439385957406 1.1063829787234043 0.92 18.630721822163036
0.21416224704259193 1.1063829787234043 0.93 18.857324183414224
0.21516491035559335 1.1063829787234043 0.94 19.085907442376993
0.21615216021281225 1.1063829787234043 0.95 19.31648273142709
0.21712422574968804 1.1063829787234043 0.96 19.549060942642814
0.21808133343867014 1.1063829787234043 0.97 19.78365275471579
0.21902370691953238 1.1063829787234043 0.98 20.02026866976838
0.2199515668155294 1.1063829787234043 0.99 20.258919054157154
0.0 1.1205673758865249 0.0 7.538590850643106
0.0036418117756004463 1.1205673758865249 0.01 7.539889971356662
0.0072817412718161915 1.1205673758865249 0.02 7.543788493211782
0.010917908278782678 1.1205673758865249 0.03 7.5502898897013875
0.01454843674567711 1.1205673758865249 0.04 7.559399931163195
0.018171456910137197 1.1205673758865249 0.05 7.571126656287222
0.02178510748706042 1.1205673758865249 0.06 7.585480331852746
0.02538753793592182 1.1205673758865249 0.07 7.60247340017139
0.028976910824906815 1.1205673758865249 0.08 7.6221204137867105
0.03255140430939468 1.1205673758865249 0.09 7.644437956745106
0.03610921474109091 1.1205673758865249 0.1 7.6694445517495655
0.039648559422689286 1.1205673758865249 0.11 7.69716055241616
0.04316767952119419 1.1205673758865249 0.12 7.72760801980411
0.04666484315089776 1.1205673758865249 0.13 7.76081058237466
0.050138348634316474 1.1205673758865249 0.14 7.796793278590264
0.053586527946724895 1.1205673758865249 0.15 7.835582381292908
0.05700775034585557 1.1205673758865249 0.16 7.877205203280164
0.06040042618484476 1.1205673758865249 0.17 7.9216898834418
0.06376301090146452 1.1205673758865249 0.18 7.9690651531517105
0.06709400917177827 1.1205673758865249 0.19 8.01936008277191
0.07039197921030046 1.1205673758865249 0.2 8.072603808520556
0.07365553719298353 1.1205673758865249 0.21 8.128825240205293
0.07688336177205675 1.1205673758865249 0.22 8.188052750912401
0.08007419864492066 1.1205673758865249 0.23 8.250313850178841
0.08322686513244823 1.1205673758865249 0.24 8.315634842658007
0.08634025471373988 1.1205673758865249 0.25 8.384040475124237
0.08941334145846501 1.1205673758865249 0.26 8.455553575067984
0.09244518429019982 1.1205673758865249 0.27 8.530194685046347
0.0954349310092782 1.1205673758865249 0.28 8.607981697447247
0.09838182199822153 1.1205673758865249 0.29 8.688929495132777
0.10128519353002738 1.1205673758865249 0.3 8.773049603944859
0.10414448059831881 1.1205673758865249 0.31 8.860349863557712
0.10695921918836968 1.1205673758865249 0.32 8.95083412368646
0.10972904791279173 1.1205673758865249 0.33 9.044501972626236
0.11245370894035009 1.1205673758865249 0.34 9.141348505352038
0.11513304815528214 1.1205673758865249 0.35 9.241364138178572
0.11776701449798038 1.1205673758865249 0.36 9.344534476223323
0.1203556584494476 1.1205673758865249 0.37 9.45084023964968
0.1228991296410817 1.1205673758865249 0.38 9.560257253276136
0.12539767358898873 1.1205673758865249 0.39 9.672756503062894
0.1278516275718787 1.1205673758865249 0.4 9.788304261536684
0.13026141569300476 1.1205673758865249 0.41 9.906862282441287
0.13262754318616193 1.1205673758865249 0.42 10.028388063263021
0.13495059004544652 1.1205673758865249 0.43 10.152835172402975
0.1372312040757583 1.1205673758865249 0.44 10.280153635993003
0.1394700934756245 1.1205673758865249 0.45 10.410290377680319
0.14166801907480064 1.1205673758865249 0.46 10.543189703268599
0.14382578635673812 1.1205673758865249 0.47 10.678793820825133
0.145944237398953 1.1205673758865249 0.48 10.817043385973285
0.1480242428629524 1.1205673758865249 0.49 10.957878061559125
0.15006669415996798 1.1205673758865249 0.5 11.10123708070909
0.1520724959103786 1.1205673758865249 0.51 11.247059802376928
0.154042558801262 1.1205673758865249 0.52 11.395286249183957
0.15597779293224107 1.1205673758865249 0.53 11.545857618119802
0.1578791017236402 1.1205673758865249 0.54 11.698716755705567
0.15974737644176673 1.1205673758865249 0.55 11.85380859075524
0.16158349138006753 1.1205673758865249 0.56 12.01108051903512
0.16338829971550756 1.1205673758865249 0.57 12.170482735909774
0.16516263004490217 1.1205673758865249 0.58 12.331968514298698
0.16690728358935816 1.1205673758865249 0.59 12.495494426965976
0.1686230320434952 1.1205673758865249 0.6 12.661020513283713
0.17031061603389894 1.1205673758865249 0.61 12.828510392012362
0.1719707441436623 1.1205673758865249 0.62 12.997931322517095
0.1736040924529004 1.1205673758865249 0.63 13.169254217770126
0.1752113045407714 1.1205673758865249 0.64 13.342453613157275
0.17679299189242367 1.1205673758865249 0.65 13.517507595546816
0.17834973465350107 1.1205673758865249 0.66 13.694397697405186
0.17988208267541717 1.1205673758865249 0.67 13.873108760931093
0.18139055679682328 1.1205673758865249 0.68 14.0536287771647
0.182875650309853 1.1205673758865249 0.69 14.235948704898115
0.18433783056275305 1.1205673758865249 0.7 14.420062274118491
0.18577754065523425 1.1205673758865249 0.71 14.605965778360773
0.1871952011872858 1.1205673758865249 0.72 14.79365786003081
0.18859121202630905 1.1205673758865249 0.73 14.983139292474485
0.1899659540624469 1.1205673758865249 0.74 15.174412762118594
0.1913197909264089 1.1205673758865249 0.75 15.36748265362494
0.19265307064808163 1.1205673758865249 0.76 15.562354840654114
0.1939661272385473 1.1205673758865249 0.77 15.759036484405113
0.19525928218163818 1.1205673758865249 0.78 15.957535841766479
0.1965328458246221 1.1205673758865249 0.79 16.157862084559454
0.19778711866083107 1.1205673758865249 0.8 16.36002513100797
0.199022392499536 1.1205673758865249 0.81 16.564035490313284
0.2002389515208917 1.1205673758865249 0.82 16.769904120922888
0.2014370732160025 1.1205673758865249 0.83 16.977642302816953
0.20261702921377117 1.1205673758865249 0.84 17.18726152394681
0.20377908599778422 1.1205673758865249 0.85 17.398773380754765
0.20492350551775593 1.1205673758865249 0.86 17.612189492532124
0.20605054570077963 1.1205673758865249 0.87 17.82752142927585
0.20716046086906656 1.1205673758865249 0.88 18.044780652470994
0.2082535020705341 1.1205673758865249 0.89 18.263978468278268
0.20932991732941383 1.1205673758865249 0.9 18.48512599245672
0.210389951824394 1.1205673758865249 0.91 18.708234126269357
0.2114338480011773 1.1205673758865249 0.92 18.933313542702585
0.21246184562677872 1.1205673758865249 0.93 19.160374682220226
0.2134741817918721 1.1205673758865249 0.94 19.38942775741702
0.21447109086760313 1.1205673758865249 0.95 19.620482765881324
0.2154528044215194 1.1205673758865249 0.96 19.853549510860805
0.2164195510969678 1.1205673758865249 0.97 20.088637629354142
0.21737155645472198 1.1205673758865249 0.98 20.325756628268863
0.21830904279767716 1.1205673758865249 0.99 20.564915925158807
0.0 1.1347517730496453 0.0 7.791683323578276
0.003582176530020108 1.1347517730496453 0.01 7.793024323702527
0.007162504054265408 1.1347517730496453 0.02 7.797048393150976
0.010739135887549382 1.1347517730496453 0.03 7.803758732698228
0.014310230004364825 1.1347517730496453 0.04 7.813160655463735
0.01787395141481794 1.1347517730496453 0.05 7.825261554428762
0.021428474595268844 1.1347517730496453 0.06 7.840070856635566
0.024971985990942726 1.1347517730496453 0.07 7.857599963685277
0.02850268660687984 1.1347517730496453 0.08 7.877862178111824
0.03201879470243174 1.1347517730496453 0.09 7.900872615141555
0.03551854860310287 1.1347517730496453 0.1 7.926648099277725
0.03900020964176871 1.1347517730496453 0.11 7.9552070451306305
0.04246206523911109 1.1347517730496453 0.12 7.986569321937981
0.04590243213071818 1.1347517730496453 0.13 8.020756101190571
0.0493196597454503 1.1347517730496453 0.14 8.05778968682756
0.05271213373588984 1.1347517730496453 0.15 8.097693327708415
0.05607827965846323 1.1347517730496453 0.16 8.140491011985105
0.059416566795966984 1.1347517730496453 0.17 8.186207243386953
0.06272551211083836 1.1347517730496453 0.18 8.234866799534108
0.06600368431197783 1.1347517730496453 0.19 8.286494472783959
0.06924970801250117 1.1347517730496453 0.2 8.341114794398255
0.07246226794956608 1.1347517730496453 0.21 8.398751743289461
0.07564011323157221 1.1347517730496453 0.22 8.459428440965835
0.07878206157126581 1.1347517730496453 0.23 8.523166834909583
0.08188700345724788 1.1347517730496453 0.24 8.58998737310169
0.08495390621055016 1.1347517730496453 0.25 8.659908672945091
0.08798181786694154 1.1347517730496453 0.26 8.732947188525776
0.0909698708217314 1.1347517730496453 0.27 8.80911688054531
0.09391728516904094 1.1347517730496453 0.28 8.88842889402696
0.09682337166667665 1.1347517730496453 0.29 8.970891249074326
0.09968753425561623 1.1347517730496453 0.3 9.05650855063825
0.10250927206543986 1.1347517730496453 0.31 9.145281723297588
0.10528818084001008 1.1347517730496453 0.32 9.237207777257813
0.10802395372354175 1.1347517730496453 0.33 9.332279611678384
0.11071638135485341 1.1347517730496453 0.34 9.430485861245781
0.1133653512288093 1.1347517730496453 0.35 9.531810791284293
0.11597084629563191 1.1347517730496453 0.36 9.636234246155055
0.11853294278401133 1.1347517730496453 0.37 9.743731654643241
0.12105180724929056 1.1347517730496453 0.38 9.85427409502347
0.12352769286568877 1.1347517730496453 0.39 9.967828421085853
0.1259609349981061 1.1347517730496453 0.4 10.084357449113023
0.12835194610723344 1.1347517730496453 0.41 10.203820204115866
0.1307012100565327 1.1347517730496453 0.42 10.326172222314577
0.1330092759054385 1.1347517730496453 0.43 10.45136590514839
0.1352767512842865 1.1347517730496453 0.44 10.579350918877275
0.13750429545617907 1.1347517730496453 0.45 10.710074632564249
0.13969261217767798 1.1347517730496453 0.46 10.843482586147408
0.1418424424718119 1.1347517730496453 0.47 10.97951897975163
0.1439545574270221 1.1347517730496453 0.48 11.11812717480477
0.14602975113108863 1.1347517730496453 0.49 11.259250197455225
0.14806883384160302 1.1347517730496453 0.5 11.402831234992266
0.15007262548489067 1.1347517730496453 0.51 11.548814116386456
0.15204194956302056 1.1347517730496453 0.52 11.697143768809738
0.15397762753462393 1.1347517730496453 0.53 11.847766642965237
0.15588047372060512 1.1347517730496453 0.54 12.00063110115922
0.1577512907712367 1.1347517730496453 0.55 12.155687763204192
0.15959086571591402 1.1347517730496453 0.56 12.312889806589533
0.16139996660289255 1.1347517730496453 0.57 12.472193218628412
0.16317933972394838 1.1347517730496453 0.58 12.633556999456488
0.16492970740699522 1.1347517730496453 0.59 12.796943315996035
0.16665176635033951 1.1347517730496453 0.6 12.962317607988398
0.16834618646421867 1.1347517730496453 0.61 13.129648648124899
0.17001361017962194 1.1347517730496453 0.62 13.2989085589931
0.17165465217899872 1.1347517730496453 0.63 13.4700727903214
0.17326989950234367 1.1347517730496453 0.64 13.643120060206844
0.17485991197937667 1.1347517730496453 0.65 13.818032264555173
0.176425222939817 1.1347517730496453 0.66 13.994794358941503
0.1779663401539814 1.1347517730496453 0.67 14.173394217295023
0.17948374695890673 1.1347517730496453 0.68 14.353822471611489
0.18097790352701207 1.1347517730496453 0.69 14.536072336902718
0.1824492482380755 1.1347517730496453 0.7 14.720139425302019
0.18389819911901392 1.1347517730496453 0.71 14.906021552961018
0.18532515531903465 1.1347517730496453 0.72 15.09371854318513
0.18673049859224042 1.1347517730496453 0.73 15.283232028824822
0.18811459476322426 1.1347517730496453 0.74 15.474565256660131
0.18947779515494384 1.1347517730496453 0.75 15.667722896168097
0.19082043796143225 1.1347517730496453 0.76 15.862710854770588
0.1921428495521032 1.1347517730496453 0.77 16.059536101188225
0.19344534569577634 1.1347517730496453 0.78 16.25820649849655
0.194728232697527 1.1347517730496453 0.79 16.458730647828073
0.19599180844192607 1.1347517730496453 0.8 16.661117743735247
0.19723636333987263 1.1347517730496453 0.81 16.865377441749697
0.19846218117774966 1.1347517730496453 0.82 17.071519738520863
0.1996695398691238 1.1347517730496453 0.83 17.27955486475217
0.20085871211104128 1.1347517730496453 0.84 17.489493190910164
0.20202996594826608 1.1347517730496453 0.85 17.70134514551061
0.20318356524915562 1.1347517730496453 0.86 17.91512114576213
0.20431977009871266 1.1347517730496453 0.87 18.13083154005076
0.20543883711386215 1.1347517730496453 0.88 18.34848656184283
0.20654101968741848 1.1347517730496453 0.89 18.568096294334612
0.20762656816643774 1.1347517730496453 0.9 18.789670645302728
0.20869572997189412 1.1347517730496453 0.91 19.013219331370223
0.20974874966525486 1.1347517730496453 0.92 19.23875187112301
0.21078586896859586 1.1347517730496453 0.93 19.466277586292282
0.2118073267435049 1.1347517730496453 0.94 19.69580561043925
0.21281335893401956 1.1347517730496453 0.95 19.927344904549663
0.21380419847807128 1.1347517730496453 0.96 20.160904279058645
0.21478007519056738 1.1347517730496453 0.97 20.39649242205131
0.2157412156183314 1.1347517730496453 0.98 20.634117933923932
0.21668784287855075 1.1347517730496453 0.99 20.873789366600178
0.0 1.1489361702127658 0.0 8.053938570096205
0.0035233729983202822 1.1489361702127658 0.01 8.055319237695977
0.007044934573780095 1.1489361702127658 0.02 8.059462204585953
0.010562875856766034 1.1489361702127658 0.03 8.066370355889322
0.014075393100664432 1.1489361702127658 0.04 8.07604847639436
0.01758069028444787 1.1489361702127658 0.05 8.088503214713766
0.021076981763818083 1.1489361702127658 0.06 8.103743032904141
0.024562494985919454 1.1489361702127658 0.07 8.121778141234564
0.02803547328153821 1.1489361702127658 0.08 8.142620417828038
0.031494178747411436 1.1489361702127658 0.09 8.166283312809618
0.034936895229390474 1.1489361702127658 0.1 8.192781736698802
0.03836193141562123 1.1489361702127658 0.11 8.222131932543315
0.04176762404592485 1.1489361702127658 0.12 8.254351331665093
0.04515234124132659 1.1489361702127658 0.13 8.289458392656716
0.04851448595419134 1.1489361702127658 0.14 8.327472423545865
0.051852499536051 1.1489361702127658 0.15 8.36841338709345
0.055164865416002656 1.1489361702127658 0.16 8.412301689459287
0.05845011287843718 1.1489361702127658 0.17 8.45915795260187
0.061706820923995986 1.1489361702127658 0.18 8.509002771104125
0.06493362219237821 1.1489361702127658 0.19 8.561856454491604
0.06812920692090296 1.1489361702127658 0.2 8.617738756305775
0.07129232690649927 1.1489361702127658 0.21 8.67666859182501
0.07442179943401124 1.1489361702127658 0.22 8.738663746568978
0.07751651112802711 1.1489361702127658 0.23 8.80374057828724
0.08057542168028445 1.1489361702127658 0.24 8.8719137156341
0.08359756740062696 1.1489361702127658 0.25 8.943195757106949
0.08658206453516326 1.1489361702127658 0.26 9.017596974413998
0.08952811229297003 1.1489361702127658 0.27 9.09512502474451
0.09243499552066689 1.1489361702127658 0.28 9.175784676869425
0.09530208696446132 1.1489361702127658 0.29 9.259577556185922
0.09812884906034779 1.1489361702127658 0.3 9.346501914072
0.10091483519695574 1.1489361702127658 0.31 9.436552426850376
0.10365969040028654 1.1489361702127658 0.32 9.529720029639703
0.1063631513973127 1.1489361702127658 0.33 9.625991789977999
0.10902504602426819 1.1489361702127658 0.34 9.72535082568684
0.11164529195643996 1.1489361702127658 0.35 9.827776270775205
0.11422389474875323 1.1489361702127658 0.36 9.933243292342933
0.11676094519015415 1.1489361702127658 0.37 10.041723160438861
0.11925661598903266 1.1489361702127658 0.38 10.153183371729948
0.12171115782175426 1.1489361702127658 0.39 10.267587826582348
0.12412489479081172 1.1489361702127658 0.4 10.384897057862624
0.12649821935214545 1.1489361702127658 0.41 10.50506850855974
0.12883158678419923 1.1489361702127658 0.42 10.628056853932137
0.13112550928045635 1.1489361702127658 0.43 10.753814362912285
0.1333805497560646 1.1489361702127658 0.44 10.882291292336479
0.1355973154635951 1.1489361702127658 0.45 11.013436306891544
0.13777645151606488 1.1489361702127658 0.46 11.147196916970888
0.13991863441446298 1.1489361702127658 0.47 11.28351992636002
0.142024565674063 1.1489361702127658 0.48 11.422351881536095
0.14409496563777138 1.1489361702127658 0.49 11.563639514564837
0.14613056755693515 1.1489361702127658 0.5 11.70733017194193
0.14813211200994023 1.1489361702127658 0.51 11.853372222372048
0.1501003417177588 1.1489361702127658 0.52 12.001715437257612
0.1520359968035228 1.1489361702127658 0.53 12.152311338593567
0.15393981053059963 1.1489361702127658 0.54 12.305113510006947
0.15581250554131074 1.1489361702127658 0.55 12.460077867745367
0.157654790606649 1.1489361702127658 0.56 12.617162889485083
0.1594673578859797 1.1489361702127658 0.57 12.77632979993586
0.161250880686261 1.1489361702127658 0.58 12.937542713135691
0.16300601170140902 1.1489361702127658 0.59 13.100768732278999
0.16473338170526394 1.1489361702127658 0.6 13.265978008713343
0.16643359866618512 1.1489361702127658 0.61 13.433143762366164
0.1681072472469955 1.1489361702127658 0.62 13.602242266414452
0.1697548886506412 1.1489361702127658 0.63 13.773252799502373
0.17137706077133255 1.1489361702127658 0.64 13.946157568940883
0.17297427860942957 1.1489361702127658 0.65 14.120941608664786
0.17454703490940965 1.1489361702127658 0.66 14.297592655702024
0.17609580098166772 1.1489361702127658 0.67 14.476101008873933
0.17762102767012683 1.1489361702127658 0.68 14.656459373469573
0.1791231464311489 1.1489361702127658 0.69 14.838662695306665
0.18060257049082273 1.1489361702127658 0.7 15.022707987585795
0.182059696052135 1.1489361702127658 0.71 15.208594153472934
0.18349490352509293 1.1489361702127658 0.72 15.396321807341659
0.1849085587576061 1.1489361702127658 0.73 15.585893097067336
0.18630101424700227 1.1489361702127658 0.74 15.777311529655018
0.18767261031548718 1.1489361702127658 0.75 15.97058180212883
0.1890236762360118 1.1489361702127658 0.76 16.16570963928343
0.1903545312971038 1.1489361702127658 0.77 16.362701639729707
0.19166548579849954 1.1489361702127658 0.78 16.561565131277465
0.19295684197111723 1.1489361702127658 0.79 16.76230803655341
0.19422889481739455 1.1489361702127658 0.8 16.964938749456408
0.19548193286946972 1.1489361702127658 0.81 17.169466022911333
0.196716238865005 1.1489361702127658 0.82 17.37589886807259
0.1979320903408836 1.1489361702127658 0.83 17.58424646512908
0.19912976014740472 1.1489361702127658 0.84 17.79451808550258
0.2003095168853051 1.1489361702127658 0.85 18.006723025328697
0.20147162527018975 1.1489361702127658 0.86 18.22087054974183
0.20261634642813492 1.1489361702127658 0.87 18.436969847650495
0.20374393812784 1.1489361702127658 0.88 18.65502999641003
0.20485465495446806 1.1489361702127658 0.89 18.875059935840422
0.20594874843060354 1.1489361702127658 0.9 19.09706845097619
0.2070264670898451 1.1489361702127658 0.91 19.321064162903358
0.20808805650822057 1.1489361702127658 0.92 19.547055527079348
0.2091337592987863 1.1489361702127658 0.93 19.775050838475234
0.21016381507428586 1.1489361702127658 0.94 20.005058242942887
0.21117846038178434 1.1489361702127658 0.95 20.23708575436404
0.21217792861348772 1.1489361702127658 0.96 20.471141277058365
0.21316244989626582 1.1489361702127658 0.97 20.707232633226766
0.21413225096073354 1.1489361702127658 0.98 20.94536759551645
0.2150875549958711 1.1489361702127658 0.99 21.185553923786344
0.0 1.1631205673758864 0.0 8.32508066595303
0.0034655231096318477 1.1631205673758864 0.01 8.326498372138198
0.006929276379347923 1.1631205673758864 0.02 8.330752337585636
0.010389492730895364 1.1631205673758864 0.03 8.337845095307639
0.013844410623451492 1.1631205673758864 0.04 8.347780841516746
0.01729227685733617 1.1631205673758864 0.05 8.36056539730085
0.020731349418890203 1.1631205673758864 0.06 8.37620615484449
0.024159900378888863 1.1631205673758864 0.07 8.394712008031929
0.027576218855627038 1.1631205673758864 0.08 8.416093267304873
0.030978614052367456 1.1631205673758864 0.09 8.440361558589828
0.034365418376895024 1.1631205673758864 0.1 8.467529706207136
0.03773499064883156 1.1631205673758864 0.11 8.49761159964245
0.041085719397706166 1.1631205673758864 0.12 8.530622044202113
0.044416026251997566 1.1631205673758864 0.13 8.566576595607785
0.04772436941594294 1.1631205673758864 0.14 8.60549137879764
0.0510092472274225 1.1631205673758864 0.15 8.647382891310585
0.054269201786185564 1.1631205673758864 0.16 8.692267791883717
0.05750282263745437 1.1631205673758864 0.17 8.740162675131762
0.060708750491548814 1.1631205673758864 0.18 8.791083833435723
0.06388568095527593 1.1631205673758864 0.19 8.845047007565793
0.06703236824644428 1.1631205673758864 0.2 8.90206712780536
0.07014762885771325 1.1631205673758864 0.21 8.962158047854361
0.07323034513186809 1.1631205673758864 0.22 9.025332274060416
0.07627946870613342 1.1631205673758864 0.23 9.091600693004818
0.07929402377940578 1.1631205673758864 0.24 9.160972300860534
0.08227311015352373 1.1631205673758864 0.25 9.233453938244073
0.0852159059972364 1.1631205673758864 0.26 9.309050034689497
0.08812167028057001 1.1631205673758864 0.27 9.387762367110698
0.09098974482786305 1.1631205673758864 0.28 9.469589836726984
0.09381955593841108 1.1631205673758864 0.29 9.554528269220878
0.0966106155281804 1.1631205673758864 0.3 9.642570242573976
0.09936252174957194 1.1631205673758864 0.31 9.733704947136845
0.10207495905335714 1.1631205673758864 0.32 9.82791808202458
0.10474769766484775 1.1631205673758864 0.33 9.925191791489047
0.1073805924554263 1.1631205673758864 0.34 10.0255046443841
0.10997358120156625 1.1631205673758864 0.35 10.12883165902361
0.11252668223500288 1.1631205673758864 0.36 10.23514437487305
0.11503999149991147 1.1631205673758864 0.37 10.34441097153663
0.11751367904490219 1.1631205673758864 0.38 10.456596434523856
0.11994798499064692 1.1631205673758864 0.39 10.571662766024723
0.12234321502421028 1.1631205673758864 0.4 10.689569238039077
0.12469973548218576 1.1631205673758864 0.41 10.810272684014258
0.1270179680929577 1.1631205673758864 0.42 10.933727824266121
0.1292983844552435 1.1631205673758864 0.43 11.059887619611004
0.13154150033452375 1.1631205673758864 0.44 11.188703646986951
0.1337478698614021 1.1631205673758864 0.45 11.320126490328883
0.1359180797157672 1.1631205673758864 0.46 11.454106139694192
0.13805274337782206 1.1631205673758864 0.47 11.590592391634637
0.14015249552328354 1.1631205673758864 0.48 11.72953524381863
0.14221798663277158 1.1631205673758864 0.49 11.87088527739011
0.14424987787806673 1.1631205673758864 0.5 12.0145940209538
0.1462488363382957 1.1631205673758864 0.51 12.16061429081195
0.14821553058931958 1.1631205673758864 0.52 12.308900502822935
0.1501506266991354 1.1631205673758864 0.53 12.459408952125505
0.15205478465176533 1.1631205673758864 0.54 12.612098057866088
0.15392865521196833 1.1631205673758864 0.55 12.76692857099188
0.15577287723335095 1.1631205673758864 0.56 12.923863744115101
0.1575880754046382 1.1631205673758864 0.57 13.082869463167256
0.15937485842023835 1.1631205673758864 0.58 13.24391434150915
0.16113381755539657 1.1631205673758864 0.59 13.406969777747754
0.16286552562091583 1.1631205673758864 0.6 13.572009979108062
0.16457053626817245 1.1631205673758864 0.61 13.73901195272137
0.16624938361205782 1.1631205673758864 0.62 13.907955467597814
0.16790258213827267 1.1631205673758864 0.63 14.078822990218459
0.16953062685972942 1.1631205673758864 0.64 14.251599596991763
0.17113399368708554 1.1631205673758864 0.65 14.426272866860684
0.17271313997953067 1.1631205673758864 0.66 14.602832757291031
0.17426850524267226 1.1631205673758864 0.67 14.781271466912814
0.17580051194232715 1.1631205673758864 0.68 14.961583287943954
0.1773095664054384 1.1631205673758864 0.69 15.143764451321847
0.17879605978143848 1.1631205673758864 0.7 15.32781296732534
0.18026036904021317 1.1631205673758864 0.71 15.513728464204242
0.1817028579850061 1.1631205673758864 0.72 15.701512027175486
0.1831238782621094 1.1631205673758864 0.73 15.891166039753093
0.18452377035076478 1.1631205673758864 0.74 16.082694029306552
0.18590286452019028 1.1631205673758864 0.75 16.276100518327706
0.18726148174249918 1.1631205673758864 0.76 16.471390882738092
0.18859993455256513 1.1631205673758864 0.77 16.6685712183301
0.18991852784842228 1.1631205673758864 0.78 16.86764821613471
0.191217559626984 1.1631205673758864 0.79 17.068629047425965
0.1924973216525172 1.1631205673758864 0.8 17.271521258715186
0.1937581000557468 1.1631205673758864 0.81 17.476332677105347
0.1950001758639773 1.1631205673758864 0.82 17.68307132600931
0.19622382546285796 1.1631205673758864 0.83 17.891745351256947
0.1974293209919008 1.1631205673758864 0.84 18.10236295740263
0.19861693067661437 1.1631205673758864 0.85 18.314932353946315
0.1997869191006936 1.1631205673758864 0.86 18.529461711104346
0.20093954742220782 1.1631205673758864 0.87 18.745959124691
0.20207507353825863 1.1631205673758864 0.88 18.964432589582476
0.20319375220247005 1.1631205673758864 0.89 19.18488998125431
0.20429583510036894 1.1631205673758864 0.9 19.407339044746685
0.20538157088708833 1.1631205673758864 0.91 19.63178739051477
0.20645120519201088 1.1631205673758864 0.92 19.858242496570497
0.20750498059479147 1.1631205673758864 0.93 20.08671171633492
0.20854313657692178 1.1631205673758864 0.94 20.317202291649714
0.20956590945227294 1.1631205673758864 0.95 20.549721370513662
0.21057353227987413 1.1631205673758864 0.96 20.784276029123646
0.21156623476127548 1.1631205673758864 0.97 21.020873297957678
0.2125442431236791 1.1631205673758864 0.98 21.259520191855053
0.21350777999154769 1.1631205673758864 0.99 21.500223743736562
0.0 1.177304964539007 0.0 8.604762535084875
0.003408740355241839 1.177304964539007 0.01 8.60621429248421
0.006815756048221866 1.177304964539007 0.02 8.610570284928373
0.010219325357470907 1.177304964539007 0.03 8.61783266519138
0.013617732454461197 1.177304964539007 0.04 8.628004994683641
0.017009270378139343 1.177304964539007 0.05 8.641092203627375
0.020392244042265775 1.177304964539007 0.06 8.657100535255504
0.02376497328498967 1.177304964539007 0.07 8.676037474054715
0.027125795968850307 1.177304964539007 0.08 8.697911658034466
0.03047307113772916 1.177304964539007 0.09 8.722732775095487
0.03380518223543472 1.177304964539007 0.1 8.750511443552385
0.03712054038817952 1.177304964539007 0.11 8.781259077045057
0.04041758775072625 1.177304964539007 0.12 8.814987734088303
0.0436948009130343 1.177304964539007 0.13 8.85170995266967
0.04695069436086347 1.177304964539007 0.14 8.89143857052526
0.05018382398055255 1.177304964539007 0.15 8.934186531795971
0.05339279059404263 1.177304964539007 0.16 8.979966681157753
0.05657624350670055 1.177304964539007 0.17 9.028791546598665
0.05973288404607838 1.177304964539007 0.18 9.080673112440056
0.06286146906588586 1.177304964539007 0.19 9.13562258441321
0.06596081438520009 1.177304964539007 0.2 9.193650148998513
0.06902979812939038 1.177304964539007 0.21 9.254764729472837
0.07206736393532909 1.177304964539007 0.22 9.318973741556498
0.0750725239808717 1.177304964539007 0.23 9.386282851734718
0.07804436179561068 1.177304964539007 0.24 9.456695741773103
0.08098203480906241 1.177304964539007 0.25 9.530213882990294
0.08388477659070628 1.177304964539007 0.26 9.60683632431291
0.0867518987378562 1.177304964539007 0.27 9.686559497967249
0.08958279236811924 1.177304964539007 0.28 9.769377046906632
0.09237692917651194 1.177304964539007 0.29 9.85527967790421
0.0951338620214691 1.177304964539007 0.3 9.944255044085224
0.09785322500975795 1.177304964539007 0.31 10.036287660336303
0.10053473305699001 1.177304964539007 0.32 10.131358854653762
0.10317818090876064 1.177304964539007 0.33 10.229446757890209
0.10578344161638499 1.177304964539007 0.34 10.330526333727002
0.10835046447111828 1.177304964539007 0.35 10.43456944991955
0.11087927241095231 1.177304964539007 0.36 10.54154499103717
0.11336995892447788 1.177304964539007 0.37 10.651419012024443
0.11582268448679267 1.177304964539007 0.38 10.764154930930635
0.11823767257131201 1.177304964539007 0.39 10.879713758373398
0.1206152052906474 1.177304964539007 0.4 10.998054360299086
0.12295561872662886 1.177304964539007 0.41 11.119133749888526
0.12525929801546137 1.177304964539007 0.42 11.242907403743235
0.1275266722576348 1.177304964539007 0.43 11.369329597002727
0.12975820932526938 1.177304964539007 0.44 11.49835375147506
0.13195441063803431 1.177304964539007 0.45 11.629932790943217
0.1341158059793397 1.177304964539007 0.46 11.764019497346139
0.13624294841852752 1.177304964539007 0.47 11.900566862093026
0.13833640940179526 1.177304964539007 0.48 12.03952842667806
0.14039677406675777 1.177304964539007 0.49 12.180858607439454
0.14242463682871767 1.177304964539007 0.5 12.324512999745952
0.1444205972784632 1.177304964539007 0.51 12.470448657553765
0.14638525642259567 1.177304964539007 0.52 12.618624345031886
0.1483192132886546 1.177304964539007 0.53 12.769000757717244
0.15022306190920245 1.177304964539007 0.54 12.921540711359794
0.1520973886901852 1.177304964539007 0.55 13.076209297504425
0.15394277016194313 1.177304964539007 0.56 13.232974005486692
0.15575977110445174 1.177304964539007 0.57 13.391804811205375
0.1575489430320522 1.177304964539007 0.58 13.552674233722644
0.15931082301904234 1.177304964539007 0.59 13.715557361097057
0.16104593284247729 1.177304964539007 0.6 13.880431847485166
0.16275477841649136 1.177304964539007 0.61 14.047277883742064
0.16443784948969228 1.177304964539007 0.62 14.216078144139482
0.1660956195768769 1.177304964539007 0.63 14.38681771184724
0.16772854609491497 1.177304964539007 0.64 14.5594839860935
0.16933707067351575 1.177304964539007 0.65 14.73406657384255
0.1709216196122241 1.177304964539007 0.66 14.91055716882756
0.1724826044561113 1.177304964539007 0.67 15.08894942071863
0.17402042266444454 1.177304964539007 0.68 15.269238797047507
0.17553545834821752 1.177304964539007 0.69 15.451422440403023
0.17702808305469314 1.177304964539007 0.7 15.635499023194624
0.17849865657944783 1.177304964539007 0.71 15.821468602053473
0.17994752778796347 1.177304964539007 0.72 16.009332473848865
0.18137503543204936 1.177304964539007 0.73 16.19909303490373
0.18278150894763037 1.177304964539007 0.74 16.390753644939934
0.18416726922327686 1.177304964539007 0.75 16.584318496939925
0.18553262933020667 1.177304964539007 0.76 16.77979249401799
0.18687789520705628 1.177304964539007 0.77 16.977181134071426
0.18820336629396825 1.177304964539007 0.78 17.176490402879345
0.1895093361122229 1.177304964539007 0.79 17.377726676123654
0.1907960927873443 1.177304964539007 0.8 17.580896630593703
0.19206391951452997 1.177304964539007 0.81 17.786007164750675
0.19331309496659027 1.177304964539007 0.82 17.99306532865333
0.19454389364556834 1.177304964539007 0.83 18.20207826312178
0.19575658617997735 1.177304964539007 0.84 18.413053147919303
0.19695143956996952 1.177304964539007 0.85 18.625997158696908
0.19812871738403362 1.177304964539007 0.86 18.840917432229432
0.19928867991034158 1.177304964539007 0.87 19.057821039575575
0.2004315842667128 1.177304964539007 0.88 19.276714966642064
0.20155768447332562 1.177304964539007 0.89 19.49760610160018
0.20266723149184304 1.177304964539007 0.9 19.720501228685414
0.20376047323535115 1.177304964539007 0.91 19.9454070277598
0.2048376545528501 1.177304964539007 0.92 20.17233007912777
0.20589901719199746 1.177304964539007 0.93 20.401276873086914
0.2069447997434222 1.177304964539007 0.94 20.632253823751327
0.20797523756993247 1.177304964539007 0.95 20.865267286664235
0.20899056272284455 1.177304964539007 0.96 21.100323579914985
0.20999100384797692 1.177304964539007 0.97 21.337429008396935
0.21097678608167483 1.177304964539007 0.98 21.576589891268537
0.2119481309391564 1.177304964539007 0.99 21.817812592285282
0.0 1.1914893617021276 0.0 8.892575327345401
0.0033531271695837373 1.1914893617021276 0.01 8.894057865970227
0.006704577961624169 1.1914893617021276 0.02 8.898506069256019
0.010052679085267883 1.1914893617021276 0.03 8.905921691377936
0.013395763431421357 1.1914893617021276 0.04 8.916307629047292
0.01673217318420478 1.1914893617021276 0.05 8.92966788124365
0.020060262956200916 1.1914893617021276 0.06 8.946007492891948
0.02337840295388905 1.1914893617021276 0.07 8.9653324826374
0.02668498217834065 1.1914893617021276 0.08 8.987649754885624
0.029978411664612556 1.1914893617021276 0.09 9.012966996346458
0.03325712776136771 1.1914893617021276 0.1 9.041292557378064
0.036519595449982276 1.1914893617021276 0.11 9.072635318557477
0.03976431169959562 1.1914893617021276 0.12 9.107004543147967
0.04298980885233386 1.1914893617021276 0.13 9.14440971596727
0.046194658029125306 1.1914893617021276 0.14 9.184860369747161
0.0493774725437478 1.1914893617021276 0.15 9.228365899993893
0.052536911309229974 1.1914893617021276 0.16 9.27493536965938
0.055671682217024065 1.1914893617021276 0.17 9.324577305249017
0.05878054546617891 1.1914893617021276 0.18 9.377299486126882
0.06186231681605313 1.1914893617021276 0.19 9.433108729155103
0.06491587073288074 1.1914893617021276 0.2 9.492010671062506
0.06794014339781061 1.1914893617021276 0.21 9.554009551132824
0.0709341355413282 1.1914893617021276 0.22 9.619107997129554
0.07389691506707745 1.1914893617021276 0.23 9.687306817581781
0.07682761942691824 1.1914893617021276 0.24 9.758604803725643
0.07972545770877108 1.1914893617021276 0.25 9.832998544498682
0.08258971239887834 1.1914893617021276 0.26 9.910482258166725
0.08541974078233554 1.1914893617021276 0.27 9.991047643979144
0.08821497594792839 1.1914893617021276 0.28 10.074683757277004
0.09097492736707667 1.1914893617021276 0.29 10.161376911281543
0.09369918102199834 1.1914893617021276 0.3 10.251110608400872
0.09638739906370361 1.1914893617021276 0.31 10.343865503607867
0.09903931898769432 1.1914893617021276 0.32 10.439619401867418
0.10165475232268063 1.1914893617021276 0.33 10.53834729107046
0.10423358283621148 1.1914893617021276 0.34 10.640021411212148
0.10677576426969478 1.1914893617021276 0.35 10.744611359852517
0.1092813176238259 1.1914893617021276 0.36 10.852084233181309
0.11175032802449841 1.1914893617021276 0.37 10.962404801131141
0.11418294120681625 1.1914893617021276 0.38 11.075535714325781
0.11657935966242731 1.1914893617021276 0.39 11.19143773985878
0.11893983850145466 1.1914893617021276 0.4 11.31007002227453
0.12126468108559563 1.1914893617021276 0.41 11.431390365492692
0.1235542344918087 1.1914893617021276 0.42 11.55535553109131
0.12580888486881595 1.1914893617021276 0.43 11.681921547877756
0.12802905274836332 1.1914893617021276 0.44 11.811044027618012
0.13021518837238893 1.1914893617021276 0.45 11.942678481677598
0.132367767094504 1.1914893617021276 0.46 12.076780633443128
0.13448728491009376 1.1914893617021276 0.47 12.213306721645846
0.1365742541644638 1.1914893617021276 0.48 12.352213790016895
0.1386291994818708 1.1914893617021276 0.49 12.493459959260303
0.14065265395254126 1.1914893617021276 0.5 12.63700467769243
0.14264515560653782 1.1914893617021276 0.51 12.782808947701785
0.1446072441967104 1.1914893617021276 0.52 12.930835525699358
0.14653945830542622 1.1914893617021276 0.53 13.081049093941111
0.14844233278346386 1.1914893617021276 0.54 13.233416403136722
0.1503163965214706 1.1914893617021276 0.55 13.387906385645643
0.15216217055056958 1.1914893617021276 0.56 13.544490239266564
0.15398016646137017 1.1914893617021276 0.57 13.703141482529777
0.15577088512762047 1.1914893617021276 0.58 13.863835982605694
0.15753481571662714 1.1914893617021276 0.59 14.02655195741408
0.15927243496533816 1.1914893617021276 0.6 14.191269953900623
0.1609842066994999 1.1914893617021276 0.61 14.357972804582264
0.1626705815712791 1.1914893617021276 0.62 14.526645564751286
0.1643319969905782 1.1914893617021276 0.63 14.697275432737092
0.16596887722467965 1.1914893617021276 0.64 14.869851655754276
0.16758163364153966 1.1914893617021276 0.65 15.04436542380463
0.1691706650722703 1.1914893617021276 0.66 15.220809754153574
0.1707363582708594 1.1914893617021276 0.67 15.399179368566486
0.17227908844831996 1.1914893617021276 0.68 15.579470565776973
0.17379921986252533 1.1914893617021276 0.69 15.761681091074253
0.17529710644528645 1.1914893617021276 0.7 15.945810004992856
0.1767730924499114 1.1914893617021276 0.71 16.131857552940346
0.17822751310580365 1.1914893617021276 0.72 16.31982503715193
0.17966069526677242 1.1914893617021276 0.73 16.50971469248983
0.18107295804296764 1.1914893617021276 0.74 16.70152956716101
0.18246461340713147 1.1914893617021276 0.75 16.895273409420643
0.18383596676838887 1.1914893617021276 0.76 17.09095056099232
0.18518731750758055 1.1914893617021276 0.77 17.288565857909248
0.18651895947019967 1.1914893617021276 0.78 17.488124539206808
0.18783118141395982 1.1914893617021276 0.79 17.68963216381179
0.18912426740951255 1.1914893617021276 0.8 17.893094535778886
0.19039849719357066 1.1914893617021276 0.81 18.09851763795798
0.19165414647480697 1.1914893617021276 0.82 18.305907574027405
0.1928914871938578 1.1914893617021276 0.83 18.51527051869555
0.19411078773886403 1.1914893617021276 0.84 18.726612675893236
0.19531231311941272 1.1914893617021276 0.85 18.939940244535936
0.19649632510116286 1.1914893617021276 0.86 19.155259391566478
0.19766308230450372 1.1914893617021276 0.87 19.37257623179768
0.19881284027062282 1.1914893617021276 0.88 19.591896814073788
0.1999458514981711 1.1914893617021276 0.89 19.813227113306425
0.2010623654541813 1.1914893617021276 0.9 20.03657302784466
0.20216262856251277 1.1914893617021276 0.91 20.26194038170402
0.20324688417325407 1.1914893617021276 0.92 20.489334931135627
0.20431537251594692 1.1914893617021276 0.93 20.718762375115002
0.20536833063977658 1.1914893617021276 0.94 20.950228369257683
0.2064059923430093 1.1914893617021276 0.95 21.18373854282605
0.2074285880938135 1.1914893617021276 0.96 21.419298518506654
0.20843634494455823 1.1914893617021276 0.97 21.656913934631277
0.20942948643990392 1.1914893617021276 0.98 21.896590469870002
0.21040823252036361 1.1914893617021276 0.99 22.138333870138524
0.0 1.2056737588652482 0.0 9.188060632988645
0.0032987727116901913 1.2056737588652482 0.01 9.189570488924875
0.006595919886814736 1.2056737588652482 0.02 9.19410050863708
0.009889819185594239 1.2056737588652482 0.03 9.201652039880551
0.013178854667108813 1.2056737588652482 0.04 9.212227302367612
0.016461420001575827 1.2056737588652482 0.05 9.225829348106153
0.01973592169716693 1.2056737588652482 0.06 9.242462006035222
0.02300078234465204 1.2056737588652482 0.07 9.262129811258362
0.02625444388193312 1.2056737588652482 0.08 9.284837919143
0.029495370878886748 1.2056737588652482 0.09 9.310592004721709
0.03272205384107279 1.2056737588652482 0.1 9.339398147909005
0.03593301252872271 1.2056737588652482 0.11 9.371262705174697
0.039126799284979266 1.2056737588652482 0.12 9.406192168485079
0.04230200236473959 1.2056737588652482 0.13 9.44419301247953
0.04545724925269079 1.2056737588652482 0.14 9.485271531017089
0.048591209956212585 1.2056737588652482 0.15 9.529433664430304
0.05170260025570817 1.2056737588652482 0.16 9.576684819088108
0.05479018489214159 1.2056737588652482 0.17 9.627029681005775
0.057852780668608134 1.2056737588652482 0.18 9.680472025507136
0.06088925943991224 1.2056737588652482 0.19 9.737014525217758
0.06389855096194598 1.2056737588652482 0.2 9.796658558795295
0.06687964557049778 1.2056737588652482 0.21 9.859404023054896
0.06983159665760338 1.2056737588652482 0.22 9.92524915131046
0.07275352291263314 1.2056737588652482 0.23 9.99419034088286
0.07564461029519938 1.2056737588652482 0.24 10.066221992782781
0.07850411370723034 1.2056737588652482 0.25 10.141336366692466
0.0813313583335479 1.2056737588652482 0.26 10.219523454181378
0.08412574062211987 1.2056737588652482 0.27 10.30077087312823
0.0868867288786913 1.2056737588652482 0.28 10.385063786060652
0.08961386345492386 1.2056737588652482 0.29 10.472384844803884
0.09230675651394603 1.2056737588652482 0.3 10.56271416355468
0.0949650913631965 1.2056737588652482 0.31 10.656029322030502
0.09758862135129412 1.2056737588652482 0.32 10.752305399763994
0.10017716833207203 1.2056737588652482 0.33 10.851515042184516
0.10273062070710796 1.2056737588652482 0.34 10.953628558312486
0.10524893106450163 1.2056737588652482 0.35 11.05861404946368
0.10773211343958998 1.2056737588652482 0.36 11.16643756754431
0.11018024022992311 1.2056737588652482 0.37 11.277063300920592
0.11259343880278683 1.2056737588652482 0.38 11.390453785284912
0.11497188783920044 1.2056737588652482 0.39 11.506570136326193
0.11731581346243178 1.2056737588652482 0.4 11.625372300579386
0.11962548520224857 1.2056737588652482 0.41 11.746819320440217
0.12190121184810174 1.2056737588652482 0.42 11.870869609037468
0.12414333724484099 1.2056737588652482 0.43 11.997481230529122
0.12635223608387267 1.2056737588652482 0.44 12.126612181340905
0.1285283097410367 1.2056737588652482 0.45 12.258220667880854
0.13067198220877124 1.2056737588652482 0.46 12.392265376573564
0.1327836961667035 1.2056737588652482 0.47 12.528705732225125
0.1348639092294816 1.2056737588652482 0.48 12.667502141195836
0.13691309040550284 1.2056737588652482 0.49 12.808616216245722
0.138931716794113 1.2056737588652482 0.5 12.952010980457429
0.14092027054284567 1.2056737588652482 0.51 13.097651048161843
0.14287923608002007 1.2056737588652482 0.52 13.245502781370847
0.14480909763226707 1.2056737588652482 0.53 13.395534420736503
0.14671033703100617 1.2056737588652482 0.54 13.547716190573134
0.14858343180611705 1.2056737588652482 0.55 13.70202037808896
0.1504288535612129 1.2056737588652482 0.56 13.858421387279522
0.15224706662014953 1.2056737588652482 0.57 14.016895768474779
0.15403852693135728 1.2056737588652482 0.58 14.177422224812744
0.15580368121377677 1.2056737588652482 0.59 14.339981597209613
0.15754296632579598 1.2056737588652482 0.6 14.504556829672675
0.15925680883733065 1.2056737588652482 0.61 14.67113291692495
0.16094562478422947 1.2056737588652482 0.62 14.839696836426842
0.16260981958336812 1.2056737588652482 0.63 15.01023746701376
0.16424978808730753 1.2056737588652482 0.64 15.182745496294665
0.16586591475773474 1.2056737588652482 0.65 15.357213318944593
0.16745857393716104 1.2056737588652482 0.66 15.533634928054022
0.16902813020003188 1.2056737588652482 0.67 15.712005801485267
0.17057493876536842 1.2056737588652482 0.68 15.892322785119163
0.17209934595417878 1.2056737588652482 0.69 16.074583974791576
0.17360168967718065 1.2056737588652482 0.7 16.258788598420164
0.17508229993864158 1.2056737588652482 0.71 16.444936899905304
0.176541499345197 1.2056737588652482 0.72 16.633030025951648
0.1779796036092186 1.2056737588652482 0.73 16.82306991695166
0.17939692203761334 1.2056737588652482 0.74 17.015059202952962
0.18079375799948086 1.2056737588652482 0.75 17.209001105369428
0.1821704093662649 1.2056737588652482 0.76 17.40489934516656
0.18352716892031956 1.2056737588652482 0.77 17.602758057920507
0.18486432472820796 1.2056737588652482 0.78 17.802581716166294
0.18618216047697445 1.2056737588652482 0.79 18.00437505916608
0.18748095577195686 1.2056737588652482 0.8 18.20814303023685
0.1887609863957735 1.2056737588652482 0.81 18.41389072163501
0.1900225245293983 1.2056737588652482 0.82 18.6216233267992
0.19126583893580748 1.2056737588652482 0.83 18.8313460998792
0.19249119510839532 1.2056737588652482 0.84 19.043064322179895
0.1936988553859706 1.2056737588652482 0.85 19.25678327524902
0.1948890790369969 1.2056737588652482 0.86 19.472508220188885
0.196062122315527 1.2056737588652482 0.87 19.69024438282526
0.19721823849179188 1.2056737588652482 0.88 19.909996944271477
0.19835767786032593 1.2056737588652482 0.89 20.13177103644124
0.19948068772881294 1.2056737588652482 0.9 20.35557174199776
0.20058751238990938 1.2056737588652482 0.91 20.58140409840733
0.20167839307941218 1.2056737588652482 0.92 20.809273105530483
0.20275356792311228 1.2056737588652482 0.93 21.039183736378398
0.20381327187439854 1.2056737588652482 0.94 21.271140950707817
0.20485773664520346 1.2056737588652482 0.95 21.505149711005096
0.20588719063156222 1.2056737588652482 0.96 21.74121500066981
0.20690185883554466 1.2056737588652482 0.97 21.979341844096375
0.2079019627841842 1.2056737588652482 0.98 22.219535328580225
0.20888772044616347 1.2056737588652482 0.99 22.46180062794254
0.0 1.2198581560283688 0.0 9.49072474902064
0.003245751188842209 1.2198581560283688 0.01 9.492258360047714
0.006489929647400374 1.2198581560283688 0.02 9.49685951040556
0.00973096591540351 1.2198581560283688 0.03 9.504529144228924
0.012967297074800337 1.2198581560283688 0.04 9.515268809617227
0.016197370026094168 1.2198581560283688 0.05 9.529080620526885
0.019419644770057858 1.2198581560283688 0.06 9.545967203788848
0.022632597695162786 1.2198581560283688 0.07 9.56593163156082
0.02583472486990087 1.2198581560283688 0.08 9.588977339608604
0.029024545337622814 1.2198581560283688 0.09 9.615108032011388
0.032200604409801915 1.2198581560283688 0.1 9.644327572966725
0.03536147695159856 1.2198581560283688 0.11 9.676639866553955
0.038505770651578966 1.2198581560283688 0.12 9.712048725375388
0.04163212926485248 1.2198581560283688 0.13 9.750557729321674
0.04473923581678302 1.2198581560283688 0.14 9.792170075689903
0.04782581575155066 1.2198581560283688 0.15 9.83688842227858
0.05089064000776781 1.2198581560283688 0.16 9.88471472506491
0.05393252800061844 1.2198581560283688 0.17 9.935650072428917
0.05695035048793683 1.2198581560283688 0.18 9.98969451798393
0.059943032295635724 1.2198581560283688 0.19 10.046846914263886
0.06290955487623456 1.2198581560283688 0.2 10.107104749681053
0.06584895867308863 1.2198581560283688 0.21 10.170463991276987
0.0687603452620726 1.2198581560283688 0.22 10.236918935935634
0.07164287924264255 1.2198581560283688 0.23 10.306462072694657
0.07449578985064859 1.2198581560283688 0.24 10.37908395884385
0.07731837226650219 1.2198581560283688 0.25 10.454773112464776
0.08010998859465207 1.2198581560283688 0.26 10.533515923870707
0.08287006849291606 1.2198581560283688 0.27 10.615296588299847
0.08559810943415393 1.2198581560283688 0.28 10.700097061876352
0.08829367658671196 1.2198581560283688 0.29 10.787897042639372
0.0909564023056145 1.2198581560283688 0.3 10.878673977911284
0.09358598523146366 1.2198581560283688 0.31 10.972403098973718
0.09618218900033404 1.2198581560283688 0.32 11.069057483427466
0.09874484057401113 1.2198581560283688 0.33 11.168608145115426
0.10127382820596759 1.2198581560283688 0.34 11.271024150981884
0.10376909906507555 1.2198581560283688 0.35 11.376272763574052
0.10623065654412236 1.2198581560283688 0.36 11.484319607515065
0.1086585572862103 1.2198581560283688 0.37 11.595128857600203
0.11105290796612836 1.2198581560283688 0.38 11.708663445838159
0.11341386186802384 1.2198581560283688 0.39 11.824885284256359
0.11574161530287934 1.2198581560283688 0.4 11.943755500104276
0.11803640391200597 1.2198581560283688 0.41 12.065234679660335
0.12029849890240096 1.2198581560283688 0.42 12.189283116936469
0.12252820326032636 1.2198581560283688 0.43 12.315861063351614
0.12472584798787978 1.2198581560283688 0.44 12.444928974546917
0.12689178840408974 1.2198581560283688 0.45 12.576447750844789
0.12902640055075387 1.2198581560283688 0.46 12.710378967712568
0.13113007773730473 1.2198581560283688 0.47 12.846685093312988
0.1332032272559039 1.2198581560283688 0.48 12.985329690319562
0.1352462672926599 1.2198581560283688 0.49 13.126277599687171
0.13725962405571332 1.2198581560283688 0.5 13.269495104532725
0.1392437291358826 1.2198581560283688 0.51 13.414950072728107
0.1411990171107827 1.2198581560283688 0.52 13.56261207722021
0.14312592339777794 1.2198581560283688 0.53 13.712452493681939
0.14502488235733013 1.2198581560283688 0.54 13.864444575386031
0.14689632564363098 1.2198581560283688 0.55 14.018563505695385
0.1487406807958688 1.2198581560283688 0.56 14.174786428895489
0.15055837006062536 1.2198581560283688 0.57 14.333092460348269
0.1523498094324473 1.2198581560283688 0.58 14.493462677365875
0.15411540789851963 1.2198581560283688 0.59 14.655880092228134
0.15585556687098992 1.2198581560283688 0.6 14.820329609082052
0.15757067978969858 1.2198581560283688 0.61 14.986797966519562
0.15926113187754018 1.2198581560283688 0.62 15.155273667678935
0.16092730002999045 1.2198581560283688 0.63 15.325746899831305
0.16256955282127397 1.2198581560283688 0.64 15.49820944525127
0.16418825060880762 1.2198581560283688 0.65 15.67265458537371
0.1657837457199131 1.2198581560283688 0.66 15.849076999854832
0.1673563827040411 1.2198581560283688 0.67 16.027472662380912
0.16890649863588886 1.2198581560283688 0.68 16.207838734755896
0.17043442345605642 1.2198581560283688 0.69 16.390173460661927
0.17194048033599918 1.2198581560283688 0.7 16.574476060576114
0.17342498605695175 1.2198581560283688 0.71 16.760746628881094
0.17488825139267786 1.2198581560283688 0.72 16.948986034284978
0.1763305814875882 1.2198581560283688 0.73 17.13919582445328
0.1777522762233161 1.2198581560283688 0.74 17.331378135563742
0.17915363056775 1.2198581560283688 0.75 17.525535607420036
0.18053493490165773 1.2198581560283688 0.76 17.721671304635887
0.18189647531976064 1.2198581560283688 0.77 17.91978864415244
0.18323853390317868 1.2198581560283688 0.78 18.11989132941869
0.18456138896188093 1.2198581560283688 0.79 18.321983291300658
0.18586531524630714 1.2198581560283688 0.8 18.526068635741762
0.18715058412793234 1.2198581560283688 0.81 18.73215159813136
0.18841746374946136 1.2198581560283688 0.82 18.9402365042019
0.18966621914552903 1.2198581560283688 0.83 19.150327737275028
0.19089711233566836 1.2198581560283688 0.84 19.362429711529046
0.19211040239116392 1.2198581560283688 0.85 19.576546851011134
0.19330634547800085 1.2198581560283688 0.86 19.79268357401504
0.19448519487831895 1.2198581560283688 0.87 20.010844282413604
0.195647200992617 1.2198581560283688 0.88 20.231033355573953
0.196792611325281 1.2198581560283688 0.89 20.45325514841697
0.19792167045584144 1.2198581560283688 0.9 20.677513993213392
0.19903461999834057 1.2198581560283688 0.91 20.903814204708155
0.2001316985511718 1.2198581560283688 0.92 21.1321600881594
0.20121314163929083 1.2198581560283688 0.93 21.362555949965426
0.20227918165085967 1.2198581560283688 0.94 21.59500611050862
0.2033300477699854 1.2198581560283688 0.95 21.82951491891763
0.20436596590692624 1.2198581560283688 0.96 22.066086769500156
0.2053871586268001 1.2198581560283688 0.97 22.304726119661847
0.20639384507782113 1.2198581560283688 0.98 22.545437509120536
0.20738624091902413 1.2198581560283688 0.99 22.7882255804505
0.0 1.2340425531914894 0.0 9.800054021632743
0.003194120816255861 1.2340425531914894 0.01 9.801607823341042
0.006386723067469898 1.2340425531914894 0.02 9.806269415321536
0.009576291495381993 1.2340425531914894 0.03 9.814039350943434
0.012761317454581634 1.2340425531914894 0.04 9.82491852864269
0.01594030221687103 1.2340425531914894 0.05 9.838908156332213
0.019111760272347192 1.2340425531914894 0.06 9.856009701996465
0.02227422262479971 1.2340425531914894 0.07 9.876224830862427
0.025426240077927088 1.2340425531914894 0.08 9.899555329679607
0.02856638650751374 1.2340425531914894 0.09 9.926003018794713
0.03169326211318104 1.2340425531914894 0.1 9.955569652821188
0.03480549664147677 1.2340425531914894 0.11 9.988256810926194
0.03790175257062135 1.2340425531914894 0.12 10.024065777643823
0.04098072824435737 1.2340425531914894 0.13 10.062997415841746
0.04404116094138593 1.2340425531914894 0.14 10.105052032953312
0.047081829864062674 1.2340425531914894 0.15 10.150229242256293
0.050101559028415885 1.2340425531914894 0.16 10.198527820919251
0.053099220035682404 1.2340425531914894 0.17 10.249945566732137
0.05607373470387656 1.2340425531914894 0.18 10.304479155611084
0.059024077536815205 1.2340425531914894 0.19 10.362124002004055
0.06194927800686054 1.2340425531914894 0.2 10.422874124515337
0.06484842262716013 1.2340425531914894 0.21 10.486722019114335
0.06772065678958668 1.2340425531914894 0.22 10.553658542186499
0.07056518634443253 1.2340425531914894 0.23 10.623672805917135
0.07338127889982994 1.2340425531914894 0.24 10.696752088183109
0.07616826482026356 1.2340425531914894 0.25 10.772881759158288
0.07892553790623182 1.2340425531914894 0.26 10.85204522659395
0.08165255574003995 1.2340425531914894 0.27 10.934223901558099
0.08434883968663386 1.2340425531914894 0.28 11.019397186065964
0.08701397454248215 1.2340425531914894 0.29 11.107542483736541
0.08964760783023192 1.2340425531914894 0.3 11.198635234213189
0.09224944874188133 1.2340425531914894 0.31 11.292648971662084
0.09481926673839605 1.2340425531914894 0.32 11.389555407219492
0.09735688981908434 1.2340425531914894 0.33 11.489324534764435
0.09986220247921357 1.2340425531914894 0.34 11.591924758930054
0.10233514337855419 1.2340425531914894 0.35 11.697323043976738
0.10477570274997174 1.2340425531914894 0.36 11.805485081270746
0.10718391957856979 1.2340425531914894 0.37 11.916375473332366
0.10955987858723977 1.2340425531914894 0.38 12.029957931596165
0.11190370706606345 1.2340425531914894 0.39 12.146195484976632
0.11421557158482414 1.2340425531914894 0.4 12.265050696101774
0.11649567462891303 1.2340425531914894 0.41 12.386485881907914
0.11874425119852193 1.2340425531914894 0.42 12.510463335318136
0.12096156541043472 1.2340425531914894 0.43 12.636945544689567
0.12314790713940607 1.2340425531914894 0.44 12.765895407955563
0.12530358873460967 1.2340425531914894 0.45 12.897276438375398
0.12742894184243628 1.2340425531914894 0.46 13.031052959291058
0.1295243143641014 1.2340425531914894 0.47 13.167190285433072
0.13159006757235317 1.2340425531914894 0.48 13.305654888707473
0.1336265734072592 1.2340425531914894 0.49 13.446414546793077
0.13563421196665965 1.2340425531914894 0.5 13.589438473283419
0.13761336920315315 1.2340425531914894 0.51 13.734697428386266
0.13956443483416273 1.2340425531914894 0.52 13.882163809811155
0.14148780046900558 1.2340425531914894 0.53 14.031811723577524
0.14338385795202827 1.2340425531914894 0.54 14.183617035063115
0.1452529979183946 1.2340425531914894 0.55 14.337557400760325
0.147095608555531 1.2340425531914894 0.56 14.493612281621369
0.1489120745613239 1.2340425531914894 0.57 14.651762938998589
0.1507027762876618 1.2340425531914894 0.58 14.811992414474718
0.15246808905650372 1.2340425531914894 0.59 14.974285494993845
0.15420838263440798 1.2340425531914894 0.6 15.138628664830389
0.15592402085065327 1.2340425531914894 0.61 15.305010046010093
0.1576153613436156 1.2340425531914894 0.62 15.473419328843972
0.15928275541995845 1.2340425531914894 0.63 15.643847694242815
0.160926548011525 1.2340425531914894 0.64 15.816287729428025
0.16254707771482885 1.2340425531914894 0.65 15.990733338688784
0.16414467689945395 1.2340425531914894 0.66 16.16717965061303
0.1657196718712096 1.2340425531914894 0.67 16.34562292338091
0.16727238307850717 1.2340425531914894 0.68 16.526060449275274
0.16880312534976888 1.2340425531914894 0.69 16.708490459782606
0.17031220815201495 1.2340425531914894 0.7 16.892912032291907
0.171799935861255 1.2340425531914894 0.71 17.079324999401567
0.17326660803659538 1.2340425531914894 0.72 17.267729861687492
0.17471251969118917 1.2340425531914894 0.73 17.458127704640642
0.1761379615542493 1.2340425531914894 0.74 17.65052012035741
0.17754322031918135 1.2340425531914894 0.75 17.844909134487427
0.178928578874111 1.2340425531914894 0.76 18.041297138782806
0.1802943165119822 1.2340425531914894 0.77 18.239686829487734
0.18164070911818644 1.2340425531914894 0.78 18.440081151718395
0.18296802933438258 1.2340425531914894 0.79 18.64248324990427
0.18427654669794266 1.2340425531914894 0.8 18.846896424258773
0.18556652775731097 1.2340425531914894 0.81 19.053324093120665
0.18683823616330267 1.2340425531914894 0.82 19.26176976110024
0.18809193273805258 1.2340425531914894 0.83 19.472236992652185
0.18932787552211 1.2340425531914894 0.84 19.684729390971604
0.1905463198020214 1.2340425531914894 0.85 19.899250581749914
0.1917475181198348 1.2340425531914894 0.86 20.115804201527325
0.19293172026658906 1.2340425531914894 0.87 20.334393890258006
0.19409917326174916 1.2340425531914894 0.88 20.555023287729576
0.19525012132081684 1.2340425531914894 0.89 20.777696033422707
0.19638480581289924 1.2340425531914894 0.9 21.00241576948852
0.19750346521046763 1.2340425531914894 0.91 21.22918614642155
0.19860633503291997 1.2340425531914894 0.92 21.45801083113016
0.19969364778572943 1.2340425531914894 0.93 21.688893517063402
0.20076563289672683 1.2340425531914894 0.94 21.92183793609402
0.20182251665085038 1.2340425531914894 0.95 22.15684787189503
0.20286452212444833 1.2340425531914894 0.96 22.39392717459239
0.203891869119937 1.2340425531914894 0.97 22.63307977653108
0.20490477410160146 1.2340425531914894 0.98 22.87430970898853
0.20590345013252787 1.2340425531914894 0.99 23.117621119841715
0.0 1.24822695035461 0.0 10.11553022025874
0.003143923448515798 1.24822695035461 0.01 10.11710073644353
0.006286383258742699 1.24822695035461 0.02 10.121812348581784
0.00942591910129518 1.24822695035461 0.03 10.129665240910434
0.01256107726121744 1.24822695035461 0.04 10.140659698731445
0.01569041393646354 1.24822695035461 0.05 10.154796076065281
0.018812498525230516 1.24822695035461 0.06 10.172074750765548
0.02192591689724336 1.24822695035461 0.07 10.192496067637679
0.025029274643180607 1.24822695035461 0.08 10.216060270131216
0.028121200295258934 1.24822695035461 0.09 10.242767421362414
0.031200348510684768 1.24822695035461 0.1 10.272617315353845
0.034265403208210435 1.24822695035461 0.11 10.305609379537039
0.037315080646482354 1.24822695035461 0.12 10.341742569706886
0.04034813243130641 1.24822695035461 0.13 10.381015258742956
0.04336334843722598 1.24822695035461 0.14 10.42342512063009
0.046359559627494884 1.24822695035461 0.15 10.468969011318672
0.04933564075475292 1.24822695035461 0.16 10.517642848277871
0.05229051292386612 1.24822695035461 0.17 10.569441490501895
0.05522314599702107 1.24822695035461 0.18 10.624358621008488
0.05813256082069672 1.24822695035461 0.19 10.682386633826427
0.06101783125369413 1.24822695035461 0.2 10.743516527565228
0.06387808597565242 1.24822695035461 0.21 10.807737807613295
0.06671251005567307 1.24822695035461 0.22 10.875038399115716
0.06952034626238711 1.24822695035461 0.23 10.945404572584975
0.07230089609761729 1.24822695035461 0.24 11.018820884158403
0.07505352053870142 1.24822695035461 0.25 11.095270132088691
0.07777764047656993 1.24822695035461 0.26 11.174733331057492
0.08047273684023683 1.24822695035461 0.27 11.257189705512433
0.08313835040177552 1.24822695035461 0.28 11.342616702990991
0.08577408125988471 1.24822695035461 0.29 11.43099002803971
0.08837958800430563 1.24822695035461 0.3 11.522283696997274
0.09095458656782007 1.24822695035461 0.31 11.616470113508317
0.09349884877711989 1.24822695035461 0.32 11.713520164216122
0.09601220061801448 1.24822695035461 0.33 11.8134033337437
0.09849452023479859 1.24822695035461 0.34 11.916087837644806
0.1009457356875748 1.24822695035461 0.35 12.021540771622856
0.10336582249439162 1.24822695035461 0.36 12.129728275078024
0.10575480098855533 1.24822695035461 0.37 12.240615706612875
0.1081127335230778 1.24822695035461 0.38 12.354167829057834
0.11043972155644123 1.24822695035461 0.39 12.470349001255936
0.11273590265422807 1.24822695035461 0.4 12.589123373857449
0.11500144744169577 1.24822695035461 0.41 12.710455086242552
0.11723655654146908 1.24822695035461 0.42 12.83430846179049
0.1194414575295785 1.24822695035461 0.43 12.96064819873243
0.12161640194094583 1.24822695035461 0.44 13.089439554030507
0.12376166235303408 1.24822695035461 0.45 13.220648517918764
0.12587752957354964 1.24822695035461 0.46 13.354241976979923
0.12796430995489166 1.24822695035461 0.47 13.490187863910137
0.1300223228545109 1.24822695035461 0.48 13.628455292448772
0.13205189825658958 1.24822695035461 0.49 13.769014676307316
0.13405337456696523 1.24822695035461 0.5 13.911837831231724
0.13602709658989168 1.24822695035461 0.51 14.056898059610877
0.13797341369080365 1.24822695035461 0.52 14.204170217567427
0.13989267814734768 1.24822695035461 0.53 14.353630764491237
0.1417852436868526 1.24822695035461 0.54 14.505257795486626
0.14365146420615307 1.24822695035461 0.55 14.659031057369852
0.14549169266760306 1.24822695035461 0.56 14.8149319490209
0.1473062801627143 1.24822695035461 0.57 14.972943507166827
0.14909557513317429 1.24822695035461 0.58 15.13305037883741
0.1508599227387267 1.24822695035461 0.59 15.295238781648997
0.1525996643588243 1.24822695035461 0.6 15.459496453491793
0.15431513721593434 1.24822695035461 0.61 15.62581259292754
0.15600667410720742 1.24822695035461 0.62 15.79417779180178
0.15767460323161328 1.24822695035461 0.63 15.964583961481939
0.1593192480992533 1.24822695035461 0.64 16.137024254222226
0.16094092751086767 1.24822695035461 0.65 16.311492980921198
0.16253995559543255 1.24822695035461 0.66 16.48798552660913
0.16411664189438288 1.24822695035461 0.67 16.666498264931988
0.16567129148254514 1.24822695035461 0.68 16.847028472654326
0.16720420511602657 1.24822695035461 0.69 17.029574245247026
0.16871567939827126 1.24822695035461 0.7 17.214134414511467
0.17020600695712615 1.24822695035461 0.71 17.40070846894323
0.17167547662576596 1.24822695035461 0.72 17.589296477621303
0.17312437362218994 1.24822695035461 0.73 17.779899018110825
0.17455297972218178 1.24822695035461 0.74 17.97251710891104
0.17596157342204022 1.24822695035461 0.75 18.167152146765932
0.17735043008783352 1.24822695035461 0.76 18.363805849134373
0.17871982208902198 1.24822695035461 0.77 18.562480201957833
0.18007001891479515 1.24822695035461 0.78 18.763177412819076
0.1814012872721396 1.24822695035461 0.79 18.965899869500298
0.18271389116532188 1.24822695035461 0.8 19.170650103856516
0.18400809195675336 1.24822695035461 0.81 19.37743076090211
0.18528414841002985 1.24822695035461 0.82 19.586244572869166
0.1865423167157621 1.24822695035461 0.83 19.797094338061118
0.18778285050141658 1.24822695035461 0.84 20.009982904221214
0.18900600082670757 1.24822695035461 0.85 20.224913156083836
0.19021201616592265 1.24822695035461 0.86 20.44188800682222
0.19140114237886321 1.24822695035461 0.87 20.660910393050816
0.19257362267208306 1.24822695035461 0.88 20.881983273044447
0.19372969755223468 1.24822695035461 0.89 21.10510962780957
0.1948696047729712 1.24822695035461 0.9 21.330292464719825
0.195993579277067 1.24822695035461 0.91 21.55753482337823
0.1971018531354852 1.24822695035461 0.92 21.786839783348118
0.19819465548427606 1.24822695035461 0.93 22.018210473573248
0.19927221246095772 1.24822695035461 0.94 22.251650083133175
0.20033474714098698 1.24822695035461 0.95 22.487161873202737
0.20138247947570234 1.24822695035461 0.96 22.724749189906124
0.20241562623177153 1.24822695035461 0.97 22.964415478051134
0.20343440093314902 1.24822695035461 0.98 23.20616429550708
0.20443901380531063 1.24822695035461 0.99 23.449999328264745
0.0 1.2624113475177305 0.0 10.436644958961024
0.003095184859134472 1.2624113475177305 0.01 10.438228881038052
0.006188961201508486 1.2624113475177305 0.02 10.442980597158819
0.009279923789682398 1.2624113475177305 0.03 10.4508999511808
0.01236667393911404 1.2624113475177305 0.04 10.461986663596997
0.015447822780039047 1.2624113475177305 0.05 10.476240302871835
0.018521994501275757 1.2624113475177305 0.06 10.493660245818647
0.021587829568986337 1.2624113475177305 0.07 10.514245627491793
0.02464398791258613 1.2624113475177305 0.08 10.537995281277185
0.027689152069151082 1.2624113475177305 0.09 10.564907669893605
0.03072203027644722 1.2624113475177305 0.1 10.594980808323783
0.03374135950370656 1.2624113475177305 0.11 10.628212179668196
0.03674590840800132 1.2624113475177305 0.12 10.664598645134385
0.03973448020274237 1.2624113475177305 0.13 10.704136349556952
0.0427059154238374 1.2624113475177305 0.14 10.746820623838826
0.045659094577825236 1.2624113475177305 0.15 10.792645885912231
0.04859294065534629 1.2624113475177305 0.16 10.841605541907281
0.05150642149267117 1.2624113475177305 0.17 10.89369188924184
0.05439855196342333 1.2624113475177305 0.18 10.948896023454637
0.05726839598239981 1.2624113475177305 0.19 11.007207750644273
0.06011506830380792 1.2624113475177305 0.2 11.068615507275226
0.06293773609639311 1.2624113475177305 0.21 11.133106289242992
0.06573562027926491 1.2624113475177305 0.22 11.200665591870461
0.06850799660337155 1.2624113475177305 0.23 11.271277362505437
0.0712541964657594 1.2624113475177305 0.24 11.34492396712418
0.073973607445437 1.2624113475177305 0.25 11.421586172364082
0.07666567355322366 1.2624113475177305 0.26 11.501243143893657
0.07932989518982406 1.2624113475177305 0.27 11.583872462155783
0.08196582881138056 1.2624113475177305 0.28 11.66945015571654
0.08457308630337795 1.2624113475177305 0.29 11.75795075274758
0.08715133406925411 1.2624113475177305 0.3 11.849347350310605
0.08970029184275827 1.2624113475177305 0.31 11.943611701110955
0.09221973123744207 1.2624113475177305 0.32 12.040714316875729
0.09470947404986398 1.2624113475177305 0.33 12.140624587297776
0.09716939033678529 1.2624113475177305 0.34 12.243310913082311
0.09959939628938477 1.2624113475177305 0.35 12.348740851421137
0.10199945193018832 1.2624113475177305 0.36 12.456881271946852
0.10436955866048694 1.2624113475177305 0.37 12.567698521016272
0.1067097566875577 1.2624113475177305 0.38 12.68115859201297
0.10902012236157878 1.2624113475177305 0.39 12.797227299340854
0.11130076545316259 1.2624113475177305 0.4 12.915870453562635
0.11355182640131718 1.2624113475177305 0.41 13.03705403534723
0.11577347356116595 1.2624113475177305 0.42 13.160744365859514
0.11796590047955186 1.2624113475177305 0.43 13.286908271297982
0.12012932322425102 1.2624113475177305 0.44 13.415513239568643
0.12226397779058405 1.2624113475177305 0.45 13.54652756720283
0.12437011760662182 1.2624113475177305 0.46 13.679920494857436
0.1264480111549651 1.2624113475177305 0.47 13.815662330074968
0.12849793972649404 1.2624113475177305 0.48 13.95372455615961
0.13052019531811007 1.2624113475177305 0.49 14.094079926373267
0.13251507868349602 1.2624113475177305 0.5 14.236702542920895
0.13448289754280293 1.2624113475177305 0.51 14.381567920496943
0.1364239649547283 1.2624113475177305 0.52 14.52865303434036
0.1383385978510673 1.2624113475177305 0.53 14.67793635314721
0.14022711573206975 1.2624113475177305 0.54 14.829397857267637
0.14208983951846696 1.2624113475177305 0.55 14.98301904287975
0.1439270905541903 1.2624113475177305 0.56 15.138782912997065
0.14573918975208353 1.2624113475177305 0.57 15.296673956338314
0.1475264568741873 1.2624113475177305 0.58 15.456678115084893
0.14928920993635983 1.2624113475177305 0.59 15.618782742810286
0.15102776472729618 1.2624113475177305 0.6 15.782976553710679
0.15274243443032046 1.2624113475177305 0.61 15.94924956455805
0.15443352933770627 1.2624113475177305 0.62 16.117593030470758
0.15610135664568883 1.2624113475177305 0.63 16.287999375917217
0.15774622031981295 1.2624113475177305 0.64 16.46046212206586
0.15936842101990958 1.2624113475177305 0.65 16.63497581169245
0.16096825607463983 1.2624113475177305 0.66 16.81153593276022
0.16254601949640038 1.2624113475177305 0.67 16.9901388416596
0.16410200202786623 1.2624113475177305 0.68 17.170781687053317
0.16563649121209395 1.2624113475177305 0.69 17.35346233520258
0.16714977147925456 1.2624113475177305 0.7 17.538179297480195
0.16864212424348476 1.2624113475177305 0.71 17.724931660760635
0.1701138280045424 1.2624113475177305 0.72 17.913719021198066
0.17156515844934572 1.2624113475177305 0.73 18.10454142189194
0.172996388549673 1.2624113475177305 0.74 18.29739929475737
0.17440778865265186 1.2624113475177305 0.75 18.492293406907926
0.17579962656174955 1.2624113475177305 0.76 18.68922481169209
0.17717216760610924 1.2624113475177305 0.77 18.88819480455251
0.17852567469734273 1.2624113475177305 0.78 19.08920488366059
0.17986040837281478 1.2624113475177305 0.79 19.29225671534017
0.18117662682521432 1.2624113475177305 0.8 19.497352104172755
0.18247458591846 1.2624113475177305 0.81 19.704492967658002
0.18375453919075102 1.2624113475177305 0.82 19.91368131516793
0.1850167378450983 1.2624113475177305 0.83 20.124919231060133
0.18626143072859602 1.2624113475177305 0.84 20.33820886163562
0.18748886430167788 1.2624113475177305 0.85 20.55355240564397
0.1886992825982957 1.2624113475177305 0.86 20.770952108116404
0.1898929271787548 1.2624113475177305 0.87 20.99041025714118
0.19107003707632378 1.2624113475177305 0.88 21.211929183333666
0.1922308487392218 1.2624113475177305 0.89 21.435511261648724
0.19337559596901324 1.2624113475177305 0.9 21.661158915308327
0.19450450985703532 1.2624113475177305 0.91 21.88887462148336
0.1956178187196514 1.2624113475177305 0.92 22.11866091854921
0.19671574803381894 1.2624113475177305 0.93 22.35052041457494
0.19779852037334647 1.2624113475177305 0.94 22.584455796951016
0.19886635534715613 1.2624113475177305 0.95 22.82046984284329
0.19991946953984707 1.2624113475177305 0.96 23.058565430386473
0.2009580764551198 1.2624113475177305 0.97 23.298745550466847
0.20198238646233688 1.2624113475177305 0.98 23.541013319005522
0.20299260674647726 1.2624113475177305 0.99 23.785371989655154
0.0 1.2765957446808511 0.0 10.762912350755402
0.00304791559300447 1.2765957446808511 0.01 10.764506602457713
0.006094477467343577 1.2765957446808511 0.02 10.769289205062819
0.009138335126150931 1.2765957446808511 0.03 10.777259696076097
0.01217814450843811 1.2765957446808511 0.04 10.788417288059893
0.01521257118752629 1.2765957446808511 0.05 10.802760844027965
0.018240293545636634 1.2765957446808511 0.06 10.820288843440807
0.021260005915899115 1.2765957446808511 0.07 10.840999339386642
0.02427042168245348 1.2765957446808511 0.08 10.864889907567488
0.027270276328587913 1.2765957446808511 0.09 10.891957587872358
0.030258330422055245 1.2765957446808511 0.1 10.92219881945182
0.033233372525766136 1.2765957446808511 0.11 10.955609370391686
0.03619422202133264 1.2765957446808511 0.12 10.992184263081814
0.03913973183190224 1.2765957446808511 0.13 11.031917696634318
0.04206879103007142 1.2765957446808511 0.14 11.074802967697362
0.04498032731586955 1.2765957446808511 0.15 11.120832391179032
0.04787330934949677 1.2765957446808511 0.16 11.169997222348453
0.05074674892291462 1.2765957446808511 0.17 11.222287581982323
0.0535997029545246 1.2765957446808511 0.18 11.277692386132944
0.056431275291391504 1.2765957446808511 0.19 11.336199282105362
0.0592406183038898 1.2765957446808511 0.2 11.397794592252472
0.06202693425859823 1.2765957446808511 0.21 11.462463267099531
0.06478947645661565 1.2765957446808511 0.22 11.53018884917708
0.06752755012586587 1.2765957446808511 0.23 11.60095344889546
0.0702405130581072 1.2765957446808511 0.24 11.674737733558105
0.07292777598364228 1.2765957446808511 0.25 11.751520930431136
0.07558880267906921 1.2765957446808511 0.26 11.831280844648175
0.07822310980682304 1.2765957446808511 0.27 11.913993892300283
0.0808302664876222 1.2765957446808511 0.28 11.99963514902393
0.08340989361060884 1.2765957446808511 0.29 12.08817841395508
0.08596166288920533 1.2765957446808511 0.3 12.179596288642102
0.08848529567341559 1.2765957446808511 0.31 12.273860270370136
0.09098056153316197 1.2765957446808511 0.32 12.37094085884471
0.09344727662941747 1.2765957446808511 0.33 12.470807675133987
0.09588530189301347 1.2765957446808511 0.34 12.57342959138467
0.09829454103316754 1.2765957446808511 0.35 12.678774869653628
0.10067493839924949 1.2765957446808511 0.36 12.786811308125115
0.10302647672155288 1.2765957446808511 0.37 12.897506392630957
0.10534917475688074 1.2765957446808511 0.38 13.010827451535606
0.10764308486587125 1.2765957446808511 0.39 13.126741811823758
0.10990829054825124 1.2765957446808511 0.4 13.245216954397218
0.11214490396245096 1.2765957446808511 0.41 13.366220666432952
0.1143530634541895 1.2765957446808511 0.42 13.489721188942733
0.11653293111758792 1.2765957446808511 0.43 13.615687357705752
0.11868469041075899 1.2765957446808511 0.44 13.744088735864546
0.12080854384498309 1.2765957446808511 0.45 13.87489573683975
0.12290471076526475 1.2765957446808511 0.46 14.00807973619211
0.12497342523649355 1.2765957446808511 0.47 14.143613171540167
0.12701493404767716 1.2765957446808511 0.48 14.281469629684626
0.12902949484354512 1.2765957446808511 0.49 14.42162392045786
0.1310173743905221 1.2765957446808511 0.5 14.564052136988032
0.13297884698148205 1.2765957446808511 0.51 14.708731702316642
0.13491419298105714 1.2765957446808511 0.52 14.85564140258421
0.13682369751174514 1.2765957446808511 0.53 15.004761407051404
0.1387076492782894 1.2765957446808511 0.54 15.156073275576293
0.14056633952663336 1.2765957446808511 0.55 15.309559954195304
0.14240006113200993 1.2765957446808511 0.56 15.465205759639094
0.14420910780938884 1.2765957446808511 0.57 15.62299635373806
0.1459937734387895 1.2765957446808511 0.58 15.782918708690463
0.14775435149692823 1.2765957446808511 0.59 15.944961064283124
0.14949113458611177 1.2765957446808511 0.6 16.109112878193905
0.1512044140513623 1.2765957446808511 0.61 16.275364770433164
0.15289447967604192 1.2765957446808511 0.62 16.44370846310329
0.15456161944696573 1.2765957446808511 0.63 16.614136716486776
0.1562061193793302 1.2765957446808511 0.64 16.78664326262104
0.15782826339332942 1.2765957446808511 0.65 16.961222737205095
0.15942833323337324 1.2765957446808511 0.66 17.137870610922064
0.16100660842247977 1.2765957446808511 0.67 17.316583120947293
0.16256336624458717 1.2765957446808511 0.68 17.497357203424798
0.16409888174785447 1.2765957446808511 0.69 17.680190427681048
0.16561342776342802 1.2765957446808511 0.7 17.86508093270174
0.1671072749341073 1.2765957446808511 0.71 18.05202736646787
0.16858069174855464 1.2765957446808511 0.72 18.24102882854867
0.17003394457701818 1.2765957446808511 0.73 18.432084816339692
0.17146729770546043 1.2765957446808511 0.74 18.625195175194253
0.17288101336546663 1.2765957446808511 0.75 18.82036005264831
0.17427535175776848 1.2765957446808511 0.76 19.017579856891608
0.17565057106812923 1.2765957446808511 0.77 19.216855219488963
0.1770069274744146 1.2765957446808511 0.78 19.418186962382258
0.17834467514433452 1.2765957446808511 0.79 19.621576069099525
0.1796640662237186 1.2765957446808511 0.8 19.82702366004919
0.18096535081538306 1.2765957446808511 0.81 20.03453097176508
0.18224877694919217 1.2765957446808511 0.82 20.244099339872854
0.183514590543698 1.2765957446808511 0.83 20.455730185617945
0.18476303536052116 1.2765957446808511 0.84 20.669425005639635
0.18599435295216774 1.2765957446808511 0.85 20.88518536479202
0.18720878260442536 1.2765957446808511 0.86 21.103012891723097
0.1884065612745195 1.2765957446808511 0.87 21.322909276920647
0.18958792352597753 1.2765957446808511 0.88 21.54487627298968
0.19075310146147778 1.2765957446808511 0.89 21.768915696854034
0.1919023246545993 1.2765957446808511 0.9 21.995029433655414
0.19303582008146683 1.2765957446808511 0.91 22.2232194421046
0.19415381205336452 1.2765957446808511 0.92 22.453487761018028
0.19525652215080536 1.2765957446808511 0.93 22.68583651690418
0.19634416916003788 1.2765957446808511 0.94 22.920267932347414
0.19741696901243294 1.2765957446808511 0.95 23.15678433505655
0.19847513472703576 1.2765957446808511 0.96 23.395388167479627
0.19951887635698878 1.2765957446808511 0.97 23.63608199678525
0.20054840093954132 1.2765957446808511 0.98 23.87886852523932
0.20156391244998192 1.2765957446808511 0.99 24.123750600860806
0.0 1.2907801418439715 0.0 11.093879324038822
0.0030021122790166413 1.2907801418439715 0.01 11.095481109275633
0.006002924857241428 1.2907801418439715 0.02 11.100286222469647
0.009001141174516305 1.2907801418439715 0.03 11.108293932082844
0.01199547094265616 1.2907801418439715 0.04 11.119503004962594
0.014984633257963124 1.2907801418439715 0.05 11.133911685939267
0.017967359685299496 1.2907801418439715 0.06 11.151517669578473
0.020942397303598446 1.2907801418439715 0.07 11.172318064794158
0.02390851170233561 1.2907801418439715 0.08 11.196309352864459
0.02686448991796023 1.2907801418439715 0.09 11.223487339600792
0.029809143298632164 1.2907801418439715 0.1 11.253847102612644
0.0327413102850926 1.2907801418439715 0.11 11.28738293463606
0.035659859094994556 1.2907801418439715 0.12 11.3240882839746
0.03856369029727793 1.2907801418439715 0.13 11.363955693355974
0.0414517392629858 1.2907801418439715 0.14 11.406976738393542
0.044322978478440855 1.2907801418439715 0.15 11.453141967035714
0.047176419706671024 1.2907801418439715 0.16 11.502440841351417
0.05001111598292824 1.2907801418439715 0.17 11.554861683080764
0.05282616343045062 1.2907801418439715 0.18 11.610391624356367
0.05562070288331566 1.2907801418439715 0.19 11.669016564905206
0.058393921303755376 1.2907801418439715 0.2 11.730721137126018
0.06114505298269817 1.2907801418439715 0.21 11.795488680219083
0.06387338051359963 1.2907801418439715 0.22 11.863301224492615
0.0665782355312709 1.2907801418439715 0.23 11.93413948684894
0.06925899920949519 1.2907801418439715 0.24 12.007982878246194
0.07191510251346629 1.2907801418439715 0.25 12.084809523741798
0.07454602620530895 1.2907801418439715 0.26 12.164596295589353
0.07715130060387468 1.2907801418439715 0.27 12.247318859518398
0.07973050510254642 1.2907801418439715 0.28 12.332951734158513
0.08228326745146392 1.2907801418439715 0.29 12.421468363351789
0.0848092628135301 1.2907801418439715 0.3 12.512841200790984
0.0873082126062738 1.2907801418439715 0.31 12.607041806177406
0.0897798831437749 1.2907801418439715 0.32 12.704040951984089
0.09222408409577112 1.2907801418439715 0.33 12.803808739522278
0.09464066678253225 1.2907801418439715 0.34 12.906314722996568
0.09702952232612924 1.2907801418439715 0.35 13.011528039979822
0.09939057967992161 1.2907801418439715 0.36 13.119417546660472
0.10172380355914389 1.2907801418439715 0.37 13.229951956097748
0.104029192295743 1.2907801418439715 0.38 13.34309997774045
0.10630677564095936 1.2907801418439715 0.39 13.458830456390988
0.10855661253876192 1.2907801418439715 0.4 13.577112508845516
0.11077878889229194 1.2907801418439715 0.41 13.697915656568872
0.11297341534476486 1.2907801418439715 0.42 13.821209952767585
0.1151406250945811 1.2907801418439715 0.43 13.94696610243125
0.11728057176278309 1.2907801418439715 0.44 14.075155574050473
0.11939342732917568 1.2907801418439715 0.45 14.205750701876632
0.12147938015122847 1.2907801418439715 0.46 14.33872477781203
0.1235386330777411 1.2907801418439715 0.47 14.474052132209687
0.12557140166706107 1.2907801418439715 0.48 14.61170820305812
0.12757791251734488 1.2907801418439715 0.49 14.75166959324703
0.12955840171418848 1.2907801418439715 0.5 14.893914115803726
0.13151311339900276 1.2907801418439715 0.51 15.038420827147442
0.13344229845901204 1.2907801418439715 0.52 15.185170048706647
0.1353462133387964 1.2907801418439715 0.53 15.334143377208859
0.13722511897102893 1.2907801418439715 0.54 15.485323684243067
0.13907927982269197 1.2907801418439715 0.55 15.638695105800826
0.14090896305209027 1.2907801418439715 0.56 15.794243022544679
0.1427144377708691 1.2907801418439715 0.57 15.951954031654811
0.144495974404218 1.2907801418439715 0.58 16.111815911213373
0.14625384414224007 1.2907801418439715 0.59 16.273817578034045
0.14798831847474184 1.2907801418439715 0.6 16.437949039933933
0.14969966880138993 1.2907801418439715 0.61 16.60420134346303
0.1513881661095754 1.2907801418439715 0.62 16.772566517987453
0.1530540807118291 1.2907801418439715 0.63 16.9430375171209
0.15469768203512957 1.2907801418439715 0.64 17.115608158390266
0.15631923845481188 1.2907801418439715 0.65 17.290273061955922
0.15791901716597198 1.2907801418439715 0.66 17.46702758919267
0.15949728408558034 1.2907801418439715 0.67 17.645867781902144
0.16105430377970997 1.2907801418439715 0.68 17.826790302706353
0.16259033941000708 1.2907801418439715 0.69 18.009792377280515
0.16410565269458527 1.2907801418439715 0.7 18.194871738901178
0.16560050387893996 1.2907801418439715 0.71 18.38202657574608
0.16707515171326798 1.2907801418439715 0.72 18.571255481260422
0.16852985343280946 1.2907801418439715 0.73 18.762557407904797
0.16996486473866296 1.2907801418439715 0.74 18.95593162446612
0.17138043977691483 1.2907801418439715 0.75 19.15137767707388
0.17277683111429123 1.2907801418439715 0.76 19.348895354027835
0.1741542897095945 1.2907801418439715 0.77 19.54848465434996
0.17551306487942087 1.2907801418439715 0.78 19.750145760181756
0.17685340425833274 1.2907801418439715 0.79 19.953879012807768
0.17817555375297403 1.2907801418439715 0.8 20.159684892268487
0.1794797574905503 1.2907801418439715 0.81 20.367564000342167
0.1807662577617689 1.2907801418439715 0.82 20.577517046770268
0.18203529495899545 1.2907801418439715 0.83 20.789544838470153
0.1832871075101295 1.2907801418439715 0.84 21.003648271550368
0.18452193180918594 1.2907801418439715 0.85 21.219828325845185
0.18574000214421274 1.2907801418439715 0.86 21.438086061774545
0.18694155062355858 1.2907801418439715 0.87 21.658422619253997
0.1881268071013014 1.2907801418439715 0.88 21.880839218429298
0.18929599910274877 1.2907801418439715 0.89 22.10533716198897
0.1904493517507177 1.2907801418439715 0.9 22.331917838855517
0.19158708769352004 1.2907801418439715 0.91 22.56058272900464
0.19270942703507526 1.2907801418439715 0.92 22.79133340927736
0.19381658726797563 1.2907801418439715 0.93 23.024171559954027
0.19490878320986327 1.2907801418439715 0.94 23.25909897196537
0.19598622694348017 1.2907801418439715 0.95 23.496117554613836
0.19704912776081104 1.2907801418439715 0.96 23.73522934366184
0.19809769211122288 1.2907801418439715 0.97 23.97643650976509
0.19913212355409737 1.2907801418439715 0.98 24.21974136708599
0.20015262271536943 1.2907801418439715 0.99 24.465146382182027
0.0 1.304964539007092 0.0 11.429133301743201
0.0029577592699571 1.304964539007092 0.01 11.43074013519235
0.005914271689146772 1.304964539007092 0.02 11.435560316006551
0.00886829344715593 1.304964539007092 0.03 11.443592882221372
0.011818586803743057 1.304964539007092 0.04 11.454836219461813
0.014763923097493086 1.304964539007092 0.05 11.469288044526943
0.01770308572251738 1.304964539007092 0.06 11.4869453828839
0.02063487306220813 1.304964539007092 0.07 11.50780454049193
0.0235581013686286 1.304964539007092 0.08 11.531861070677277
0.02647160757604155 1.304964539007092 0.09 11.559109736563475
0.02937425203644394 1.304964539007092 0.1 11.589544470058199
0.03226492116484446 1.304964539007092 0.11 11.62315832822008
0.03514252998162907 1.304964539007092 0.12 11.659943448041012
0.0380060245391749 1.304964539007092 0.13 11.699891000709316
0.040854384219704096 1.304964539007092 0.14 11.742991146508498
0.04368662389138364 1.304964539007092 0.15 11.789232991531799
0.04650179590985079 1.304964539007092 0.16 11.838604547406682
0.049298991952680844 1.304964539007092 0.17 11.891092695230315
0.05207734467483479 1.304964539007092 0.18 11.946683154909136
0.05483602917390921 1.304964539007092 0.19 12.005360461041072
0.05757426425511387 1.304964539007092 0.2 12.067107946369985
0.060291313486994305 1.304964539007092 0.21 12.13190773382479
0.06298648604054774 1.304964539007092 0.22 12.199740737970776
0.06565913730602549 1.304964539007092 0.23 12.270586676596183
0.06830866928373079 1.304964539007092 0.24 12.344424092961178
0.07093453074704477 1.304964539007092 0.25 12.421230389128123
0.07353621717839233 1.304964539007092 0.26 12.500981870509674
0.07611327048109251 1.304964539007092 0.27 12.58365380161697
0.07866527847220618 1.304964539007092 0.28 12.66922047285417
0.08119187416447526 1.304964539007092 0.29 12.757655277796946
0.08369273484708749 1.304964539007092 0.3 12.848930800425705
0.08616758097755645 1.304964539007092 0.31 12.943018911467584
0.08861617489920068 1.304964539007092 0.32 13.039890872781912
0.09103831940013213 1.304964539007092 0.33 13.139517448688604
0.09343385613150065 1.304964539007092 0.34 13.241869022914804
0.09580266390387422 1.304964539007092 0.35 13.346915719765688
0.09814465688167551 1.304964539007092 0.36 13.454627528014711
0.10045978269584414 1.304964539007092 0.37 13.564974426054457
0.10274802049570911 1.304964539007092 0.38 13.677926506669904
0.1050093789601296 1.304964539007092 0.39 13.793454100035285
0.107243894288461 1.304964539007092 0.4 13.911527893320857
0.10945162818982831 1.304964539007092 0.41 14.032119045719039
0.11163266588955656 1.304964539007092 0.42 14.155199297419097
0.1137871141691611 1.304964539007092 0.43 14.28074107148467
0.11591509945516637 1.304964539007092 0.44 14.408717567624466
0.11801676597048967 1.304964539007092 0.45 14.539102846965022
0.12009227395994623 1.304964539007092 0.46 14.671871907195685
0.12214179799989576 1.304964539007092 0.47 14.807000747541647
0.12416552539962261 1.304964539007092 0.48 14.944466423322941
0.12616365470101226 1.304964539007092 0.49 15.084247089817316
0.12813639428005177 1.304964539007092 0.5 15.226322035600857
0.1300839610531785 1.304964539007092 0.51 15.370671705392464
0.13200657928890205 1.304964539007092 0.52 15.517277712804109
0.13390447952401793 1.304964539007092 0.53 15.666122843431816
0.13577789758258907 1.304964539007092 0.54 15.817191048788152
0.1376270736941094 1.304964539007092 0.55 15.970467431810658
0.13945225170703854 1.304964539007092 0.56 16.12593822457545
0.14125367839231587 1.304964539007092 0.57 16.283590759082234
0.14303160283129213 1.304964539007092 0.58 16.4434134319059
0.14478627588198226 1.304964539007092 0.59 16.605395663547814
0.14651794971686752 1.304964539007092 0.6 16.76952785340932
0.14822687742612348 1.304964539007092 0.61 16.935801331115325
0.14991331267861846 1.304964539007092 0.62 17.104208305237687
0.15157750943505838 1.304964539007092 0.63 17.274741809989884
0.1532197217060551 1.304964539007092 0.64 17.44739565083104
0.1548402033492915 1.304964539007092 0.65 17.62216434960971
0.15643920789959892 1.304964539007092 0.66 17.79904308998161
0.1580169884268504 1.304964539007092 0.67 17.978027663616903
0.15957379741621183 1.304964539007092 0.68 18.159114417830367
0.16110988666645043 1.304964539007092 0.69 18.342300205044463
0.1626255072020775 1.304964539007092 0.7 18.527582334520474
0.16412090919572303 1.304964539007092 0.71 18.714958526696154
0.16559634189768943 1.304964539007092 0.72 18.904426870388328
0.1670520535699856 1.304964539007092 0.73 19.095985783082497
0.16848829142258254 1.304964539007092 0.74 19.289633974474864
0.16990530155035033 1.304964539007092 0.75 19.48537041330874
0.171303328869114 1.304964539007092 0.76 19.68319429759142
0.17268261704994467 1.304964539007092 0.77 19.88310502815766
0.17404340845100877 1.304964539007092 0.78 20.08510218553109
0.1753859440466904 1.304964539007092 0.79 20.28918550997365
0.17671046335371357 1.304964539007092 0.8 20.49535488463609
0.17801720435458807 1.304964539007092 0.81 20.703610321606927
0.1793064034185474 1.304964539007092 0.82 20.91395195071174
0.18057829522034893 1.304964539007092 0.83 21.126380010883793
0.18183311265774632 1.304964539007092 0.84 21.340894843837027
0.18307108676786243 1.304964539007092 0.85 21.55749688991798
0.18429244664343783 1.304964539007092 0.86 21.776186685846493
0.18549741934946756 1.304964539007092 0.87 21.996964864168305
0.1866862298410075 1.304964539007092 0.88 22.21983215418308
0.18785910088262267 1.304964539007092 0.89 22.444789384186546
0.18901625297033425 1.304964539007092 0.9 22.67183748477504
0.1901579042563406 1.304964539007092 0.91 22.900977493098598
0.19128427047715468 1.304964539007092 0.92 23.132210557861086
0.19239556488560347 1.304964539007092 0.93 23.365537944911058
0.19349199818678928 1.304964539007092 0.94 23.600961043349013
0.1945737784785683 1.304964539007092 0.95 23.838481371965855
0.19564111119637093 1.304964539007092 0.96 24.07810058600262
0.19669419906261293 1.304964539007092 0.97 24.319820484118743
0.19773324204064097 1.304964539007092 0.98 24.56364301552942
0.19875843729316858 1.304964539007092 0.99 24.809570287270105
0.0 1.3191489361702127 0.0 11.768307201735928
0.002914830473595502 1.3191489361702127 0.01 11.76991692334109
0.0058284654630758334 1.3191489361702127 0.02 11.77474570437879
0.008739712409707903 1.3191489361702127 0.03 11.782792390983323
0.011647384594143115 1.3191489361702127 0.04 11.794055051534551
0.014550304027600396 1.3191489361702127 0.05 11.808530964140282
0.017447304308708295 1.3191489361702127 0.06 11.82621659952694
0.020337233434350864 1.3191489361702127 0.07 11.84710759977461
0.023218956552709037 1.3191489361702127 0.08 11.87119875343213
0.02609135864652443 1.3191489361702127 0.09 11.898483967655723
0.028953347134460298 1.3191489361702127 0.1 11.928956238108428
0.031803854378336806 1.3191489361702127 0.11 11.962607617425371
0.03464184008389218 1.3191489361702127 0.12 11.999429183174353
0.03746629358286837 1.3191489361702127 0.13 12.039411006192452
0.04027623598413422 1.3191489361702127 0.14 12.082542120381333
0.04307072218201836 1.3191489361702127 0.15 12.128810494901971
0.04584884271031077 1.3191489361702127 0.16 12.178203009807152
0.048609725430895485 1.3191489361702127 0.17 12.230705436156459
0.051352537046906774 1.3191489361702127 0.18 12.286302421518126
0.054076484431066614 1.3191489361702127 0.19 12.344977481808101
0.056780815760974754 1.3191489361702127 0.2 12.406713000333388
0.05946482145471022 1.3191489361702127 0.21 12.471490234689153
0.062127834901268546 1.3191489361702127 0.22 12.539289332209153
0.06476923298225144 1.3191489361702127 0.23 12.610089354428904
0.06738843638307157 1.3191489361702127 0.24 12.683868310873168
0.06998490969368816 1.3191489361702127 0.25 12.760603202395112
0.07255816130118702 1.3191489361702127 0.26 12.84027007401755
0.07510774307843668 1.3191489361702127 0.27 12.92284407711889
0.07763324987499293 1.3191489361702127 0.28 13.00829954067342
0.08013431881888222 1.3191489361702127 0.29 13.096610050933535
0.08261062843944393 1.3191489361702127 0.3 13.187748538921504
0.08506189762324463 1.3191489361702127 0.31 13.281687374928739
0.08748788441710129 1.3191489361702127 0.32 13.378398468959126
0.08988838469311401 1.3191489361702127 0.33 13.477853376117213
0.09226323069231147 1.3191489361702127 0.34 13.580023405676787
0.09461228946388779 1.3191489361702127 0.35 13.6848797326592
0.09693546121820139 1.3191489361702127 0.36 13.79239351052956
0.0992326776114967 1.3191489361702127 0.37 13.902535983761096
0.10150389998065174 1.3191489361702127 0.38 14.015278598928463
0.10374911754577872 1.3191489361702127 0.39 14.13059311308496
0.1059683455981965 1.3191489361702127 0.4 14.248451698170426
0.10816162369020033 1.3191489361702127 0.41 14.36882704035959
0.11032901384207747 1.3191489361702127 0.42 14.491692433344712
0.1124705987808977 1.3191489361702127 0.43 14.617021864583704
0.11458648022377858 1.3191489361702127 0.44 14.744790093796778
0.11667677721695915 1.3191489361702127 0.45 14.874972723096134
0.11874162454062631 1.3191489361702127 0.46 15.007546258229697
0.12078117118770414 1.3191489361702127 0.47 15.142488160598354
0.12279557892280063 1.3191489361702127 0.48 15.27977688994879
0.12478502092649824 1.3191489361702127 0.49 15.419391937633854
0.1267496805282836 1.3191489361702127 0.5 15.561313850555925
0.12868975002994745 1.3191489361702127 0.51 15.70552424603315
0.1306054296197672 1.3191489361702127 0.52 15.852005817979771
0.13249692637714452 1.3191489361702127 0.53 16.00074233474602
0.13436445336549596 1.3191489361702127 0.54 16.151718629239067
0.13620822881049066 1.3191489361702127 0.55 16.304920581952867
0.13802847536045257 1.3191489361702127 0.56 16.460335097462785
0.139825419424013 1.3191489361702127 0.57 16.617950075239005
0.1415992905806588 1.3191489361702127 0.58 16.777754375399333
0.1433503210586169 1.3191489361702127 0.59 16.93973778023222
0.1450787452745444 1.3191489361702127 0.6 17.103890952253263
0.1467847994298513 1.3191489361702127 0.61 17.270205389431645
0.1484687211572893 1.3191489361702127 0.62 17.438673378477766
0.15013074921289135 1.3191489361702127 0.63 17.609287946727033
0.15177112320728894 1.3191489361702127 0.64 17.782042813402327
0.15339008337159304 1.3191489361702127 0.65 17.956932340773925
0.15498787035271325 1.3191489361702127 0.66 18.133951485825918
0.15656472503354402 1.3191489361702127 0.67 18.313095752931993
0.15812088837403346 1.3191489361702127 0.68 18.494361147935802
0.1596566012689069 1.3191489361702127 0.69 18.677744134121284
0.1611721044190616 1.3191489361702127 0.7 18.86324159030315
0.16266763821342128 1.3191489361702127 0.71 19.05085077135885
0.16414344261874883 1.3191489361702127 0.72 19.240569271395128
0.1655997570750247 1.3191489361702127 0.73 19.43239498975451
0.1670368203950031 1.3191489361702127 0.74 19.626326099868656
0.1684548706661157 1.3191489361702127 0.75 19.82236102110372
0.16985414515380054 1.3191489361702127 0.76 20.02049839356303
0.17123488020532773 1.3191489361702127 0.77 20.220737055843927
0.17259731115380858 1.3191489361702127 0.78 20.42307602562877
0.17394167222178133 1.3191489361702127 0.79 20.627514483083303
0.17526819642447072 1.3191489361702127 0.8 20.83405175689234
0.17657711547295804 1.3191489361702127 0.81 21.04268731274703
0.17786865967694973 1.3191489361702127 0.82 21.253420744245542
0.17914305784807705 1.3191489361702127 0.83 21.466251765886124
0.1804005372038822 1.3191489361702127 0.84 21.68118020802711
0.18164132327272578 1.3191489361702127 0.85 21.89820601367873
0.18286563980064816 1.3191489361702127 0.86 22.117329236807215
0.18407370866007172 1.3191489361702127 0.87 22.338550042111127
0.1852657497614454 1.3191489361702127 0.88 22.561868705941315
0.18644198096772732 1.3191489361702127 0.89 22.787285618328927
0.18760261801262254 1.3191489361702127 0.9 23.014801285840075
0.18874787442264027 1.3191489361702127 0.91 23.24441633518266
0.18987796144336264 1.3191489361702127 0.92 23.476131517412014
0.19099308797033868 1.3191489361702127 0.93 23.7099477125753
0.19209346048446166 1.3191489361702127 0.94 23.945865934771394
0.19317928299236353 1.3191489361702127 0.95 24.18388733743557
0.1942507569714309 1.3191489361702127 0.96 24.424013218888174
0.19530808131977243 1.3191489361702127 0.97 24.666245028006838
0.19635145231084242 1.3191489361702127 0.98 24.91058437003726
0.19738106355253557 1.3191489361702127 0.99 25.15703301253242
0.0 1.3333333333333333 0.0 12.111081929776242
0.0028732912497842094 1.3333333333333333 0.01 12.112692704919574
0.005745436654079313 1.3333333333333333 0.02 12.11752459469379
0.008615293167316832 1.3333333333333333 0.03 12.125576290234724
0.011481723331860417 1.3333333333333333 0.04 12.136845604043929
0.014343598042212314 1.3333333333333333 0.05 12.151329461022696
0.017199799273444644 1.3333333333333333 0.06 12.169023886359465
0.020049222761897474 1.3333333333333333 0.07 12.18992399056999
0.0228907806260807 1.3333333333333333 0.08 12.214023952239366
0.025723403915800587 1.3333333333333333 0.09 12.241316998941844
0.028546045077432757 1.3333333333333333 0.1 12.271795387060278
0.031357680323417236 1.3333333333333333 0.11 12.30545038116852
0.034157311894083046 1.3333333333333333 0.12 12.342272233798859
0.03694397020034369 1.3333333333333333 0.13 12.382250166280626
0.03971671583567494 1.3333333333333333 0.14 12.425372351710779
0.04247464144684358 1.3333333333333333 0.15 12.471625900652207
0.045216873452806346 1.3333333333333333 0.16 12.520996850611967
0.04794257360245294 1.3333333333333333 0.17 12.573470159953525
0.05065094036228907 1.3333333333333333 0.18 12.629029707146364
0.053341210126531174 1.3333333333333333 0.19 12.687658295981926
0.05601265824314578 1.3333333333333333 0.2 12.749337667395249
0.058664599850594815 1.3333333333333333 0.21 12.81404851848334
0.061296390521824645 1.3333333333333333 0.22 12.881770529059894
0.06390742671332841 1.3333333333333333 0.23 12.952482396114785
0.06649714601899277 1.3333333333333333 0.24 13.026161876323577
0.06906502723026098 1.3333333333333333 0.25 13.102785836599137
0.07161059020579179 1.3333333333333333 0.26 13.182330312600069
0.07413339555574593 1.3333333333333333 0.27 13.264770574906972
0.07663304414766572 1.3333333333333333 0.28 13.350081202420046
0.0791091764424155 1.3333333333333333 0.29 13.438236162471929
0.0815614716706058 1.3333333333333333 0.3 13.529208896895508
0.08398964686102044 1.3333333333333333 0.31 13.62297241330429
0.08639345573433789 1.3333333333333333 0.32 13.719499380578634
0.08877268747589717 1.3333333333333333 0.33 13.8187622276822
0.09112716540290511 1.3333333333333333 0.34 13.920733244613587
0.09345674554143353 1.3333333333333333 0.35 14.025384684481162
0.09576131512937763 1.3333333333333333 0.36 14.132688865525642
0.09804079106151092 1.3333333333333333 0.37 14.242618271972658
0.10029511829267165 1.3333333333333333 0.38 14.355145652615409
0.10252426821466777 1.3333333333333333 0.39 14.470244116097627
0.10472823702215862 1.3333333333333333 0.4 14.58788722185748
0.1069070440816682 1.3333333333333333 0.41 14.70804906586737
0.10906073031718298 1.3333333333333333 0.42 14.830704360324276
0.11118935662434354 1.3333333333333333 0.43 14.955828506645586
0.11329300232433603 1.3333333333333333 0.44 15.083397661149322
0.1153717636672101 1.3333333333333333 0.45 15.213388792939742
0.11742575239256417 1.3333333333333333 0.46 15.34577973375352
0.1194550943547434 1.3333333333333333 0.47 15.480549219484862
0.1214599282177376 1.3333333333333333 0.48 15.617676923381353
0.1234404042239403 1.3333333333333333 0.49 15.757143480929917
0.12539668303961388 1.3333333333333333 0.5 15.898930506566709
0.1273289346782386 1.3333333333333333 0.51 16.043020602557274
0.129237337502379 1.3333333333333333 0.52 16.189397360331217
0.1311220773032218 1.3333333333333333 0.53 16.338045354749703
0.13298334645621754 1.3333333333333333 0.54 16.48895013180111
0.1348213431502312 1.3333333333333333 0.55 16.64209819033189
0.13663627068737338 1.3333333333333333 0.56 16.797476958352107
0.1384283368495619 1.3333333333333333 0.57 16.955074764627174
0.14019775332781845 1.3333333333333333 0.58 17.114880806188324
0.14194473520998424 1.3333333333333333 0.59 17.2768851124034
0.1436695005220125 1.3333333333333333 0.6 17.44107850632299
0.14537226981816845 1.3333333333333333 0.61 17.607452563934725
0.14705326581566983 1.3333333333333333 0.62 17.775999571883606
0.14871271306862807 1.3333333333333333 0.63 17.94671248436565
0.15035083767709598 1.3333333333333333 0.64 18.11958487966875
0.15196786702668372 1.3333333333333333 0.65 18.29461091692381
0.15356402955482365 1.3333333333333333 0.66 18.47178529349303
0.1551395545396981 1.3333333333333333 0.67 18.65110320345712
0.15669467190838962 1.3333333333333333 0.68 18.832560297556014
0.15822961206121214 1.3333333333333333 0.69 19.016152644869216
0.15974460570916657 1.3333333333333333 0.7 19.201876696555374
0.16123988372225811 1.3333333333333333 0.71 19.389729251811445
0.16271567698645023 1.3333333333333333 0.72 19.579707426234474
0.16417221626736236 1.3333333333333333 0.73 19.771808622720975
0.16560973207937835 1.3333333333333333 0.74 19.966030504935276
0.1670284545589265 1.3333333333333333 0.75 20.162370973384746
0.16842861334090328 1.3333333333333333 0.76 20.360828144117015
0.16981043743768745 1.3333333333333333 0.77 20.56140032996524
0.17117415512025957 1.3333333333333333 0.78 20.76408602427462
0.17251999380113914 1.3333333333333333 0.79 20.96888388701622
0.1738481799190266 1.3333333333333333 0.8 21.175792733170876
0.17515893882530623 1.3333333333333333 0.81 21.384811523216236
0.17645249467238908 1.3333333333333333 0.82 21.595939355606976
0.17772907030429003 1.3333333333333333 0.83 21.809175461048916
0.17898888714962466 1.3333333333333333 0.84 22.024519198427576
0.18023216511745965 1.3333333333333333 0.85 22.241970052198976
0.1814591224962754 1.3333333333333333 0.86 22.46152763109916
0.18266997585643938 1.3333333333333333 0.87 22.68319166799925
0.18386493995657302 1.3333333333333333 0.88 22.906962020739726
0.18504422765411188 1.3333333333333333 0.89 23.132838673800453
0.18620804982027253 1.3333333333333333 0.9 23.36082174068598
0.18735661525973574 1.3333333333333333 0.91 23.590911466882712
0.18849013063527428 1.3333333333333333 0.92 23.823108233265103
0.18960880039736352 1.3333333333333333 0.93 24.057412559876028
0.19071282671879206 1.3333333333333333 0.94 24.293825110012293
0.19180240943460347 1.3333333333333333 0.95 24.532346694466973
0.19287774598687887 1.3333333333333333 0.96 24.772978275988816
0.19393903137464494 1.3333333333333333 0.97 25.01572097382309
0.19498645810845036 1.3333333333333333 0.98 25.260576068388378
0.19602021616966592 1.3333333333333333 0.99 25.50754500601446
0.0 1.3475177304964538 0.0 12.457186687104334
0.002833100268618037 1.3475177304964538 0.01 12.458796995348715
0.0056651024242141464 1.3475177304964538 0.02 12.463627444000728
0.008494911021499468 1.3475177304964538 0.03 12.471676603625715
0.01132143593852507 1.3475177304964538 0.04 12.482942087906155
0.014143595008031827 1.3475177304964538 0.05 12.497420547944271
0.01696031661245117 1.3475177304964538 0.06 12.515107664598819
0.01977054223049684 1.3475177304964538 0.07 12.535998139193792
0.022573228923346362 1.3475177304964538 0.08 12.560085683012554
0.025367351748504584 1.3475177304964538 0.09 12.587363006066324
0.028151906089622803 1.3475177304964538 0.1 12.617821805655327
0.030925909890706076 1.3475177304964538 0.11 12.651452755355889
0.033688405783440026 1.3475177304964538 0.12 12.68824549507572
0.03643846309677627 1.3475177304964538 0.13 12.728188622823032
0.03917517973829317 1.3475177304964538 0.14 12.771269688924647
0.04189768393750837 1.3475177304964538 0.15 12.817475193355724
0.044605135842031865 1.3475177304964538 0.16 12.86679058683335
0.04729672895812163 1.3475177304964538 0.17 12.919200276387242
0.049971691428379636 1.3475177304964538 0.18 12.974687635930444
0.05262928714031826 1.3475177304964538 0.19 13.033235022364172
0.05526881666047026 1.3475177304964538 0.2 13.09482379779835
0.05788961799079781 1.3475177304964538 0.21 13.159434357993087
0.060491067144484115 1.3475177304964538 0.22 13.227046167585877
0.06307257854074014 1.3475177304964538 0.23 13.297637802029007
0.06563360521918982 1.3475177304964538 0.24 13.371186996368312
0.06817363887623867 1.3475177304964538 0.25 13.447670700751399
0.07069220972741647 1.3475177304964538 0.26 13.527065142444913
0.07318888620127247 1.3475177304964538 0.27 13.609345894019489
0.07566327447189142 1.3475177304964538 0.28 13.694487947259447
0.07811501783878128 1.3475177304964538 0.29 13.782465792158538
0.08054379596377705 1.3475177304964538 0.3 13.873253500428044
0.08294932397629878 1.3475177304964538 0.31 13.966824812668602
0.0853313514591315 1.3475177304964538 0.32 14.063153228365358
0.08768966132759005 1.3475177304964538 0.33 14.162212097856791
0.09002406861588048 1.3475177304964538 0.34 14.263974715284066
0.09233441918463692 1.3475177304964538 0.35 14.368414411597731
0.09462058836417356 1.3475177304964538 0.36 14.475504646586048
0.0968824795475708 1.3475177304964538 0.37 14.585219099042124
0.09912002274777726 1.3475177304964538 0.38 14.697531754132529
0.10133317313261918 1.3475177304964538 0.39 14.812416987050042
0.1035219095506052 1.3475177304964538 0.4 14.929849642224685
0.10568623306018719 1.3475177304964538 0.41 15.049805107288439
0.10782616547371703 1.3475177304964538 0.42 15.172259381236508
0.10994174792675855 1.3475177304964538 0.43 15.297189136199618
0.11203303948203648 1.3475177304964538 0.44 15.424571772427992
0.11410011577641008 1.3475177304964538 0.45 15.554385466120006
0.11614306771751433 1.3475177304964538 0.46 15.686609209988204
0.11816200023633532 1.3475177304964538 0.47 15.821222846331828
0.12015703109984048 1.3475177304964538 0.48 15.95820709274992
0.12212828978754157 1.3475177304964538 0.49 16.097543560475653
0.12407591643370261 1.3475177304964538 0.5 16.239214765687482
0.12600006083711893 1.3475177304964538 0.51 16.383204133899653
0.12790088153809262 1.3475177304964538 0.52 16.529495997964055
0.12977854496247182 1.3475177304964538 0.53 16.678075589983944
0.13163322463100957 1.3475177304964538 0.54 16.828929027713848
0.1334651004324436 1.3475177304964538 0.55 16.98204329585039
0.13527435795701473 1.3475177304964538 0.56 17.137406222938377
0.13706118788805463 1.3475177304964538 0.57 17.295006454284692
0.13882578544766497 1.3475177304964538 0.58 17.454833421603574
0.14056834989304948 1.3475177304964538 0.59 17.616877309913296
0.14228908405959081 1.3475177304964538 0.6 17.78112902227263
0.14398819394671003 1.3475177304964538 0.61 17.947580142922508
0.14566588834241018 1.3475177304964538 0.62 18.116222899405674
0.14732237848292218 1.3475177304964538 0.63 18.287050124094286
0.14895787774325275 1.3475177304964538 0.64 18.460055215704173
0.1505726013554898 1.3475177304964538 0.65 18.635232101114276
0.15216676615106722 1.3475177304964538 0.66 18.812575197981698
0.15374059032378737 1.3475177304964538 0.67 18.992079378509693
0.15529429321154495 1.3475177304964538 0.68 19.17373993446138
0.1568280950925749 1.3475177304964538 0.69 19.357552544059544
0.15834221699543616 1.3475177304964538 0.7 19.543513240598898
0.15983688051980108 1.3475177304964538 0.71 19.73161838315305
0.16131230766648602 1.3475177304964538 0.72 19.92186462944741
0.1627687206752339 1.3475177304964538 0.73 20.114248910976944
0.16420634186912655 1.3475177304964538 0.74 20.308768410383134
0.16562539350439417 1.3475177304964538 0.75 20.505420541156184
0.16702609762509232 1.3475177304964538 0.76 20.704202929578283
0.16840867592188632 1.3475177304964538 0.77 20.905113398901776
0.16977334959467763 1.3475177304964538 0.78 21.108149955653996
0.1711203392187886 1.3475177304964538 0.79 21.313310777981783
0.17244986461457898 1.3475177304964538 0.8 21.520594205926113
0.1737621447205621 1.3475177304964538 0.81 21.729998733481867
0.17505739747000035 1.3475177304964538 0.82 21.94152300233206
0.17633583967122674 1.3475177304964538 0.83 22.155165797088475
0.17759768689195088 1.3475177304964538 0.84 22.370926041876135
0.1788431533474558 1.3475177304964538 0.85 22.58880279819396
0.18007245179350134 1.3475177304964538 0.86 22.808795263760548
0.18128579342338247 1.3475177304964538 0.87 23.0309027724027
0.18248338777021106 1.3475177304964538 0.88 23.255124794638412
0.18366544261393022 1.3475177304964538 0.89 23.481460939002663
0.18483216389358226 1.3475177304964538 0.9 23.709910953909866
0.18598375562491318 1.3475177304964538 0.91 23.940474729959142
0.18712041982323532 1.3475177304964538 0.92 24.173152302630875
0.18824235643178655 1.3475177304964538 0.93 24.407943855242955
0.1893497632554149 1.3475177304964538 0.94 24.644849722140698
0.1904428358996686 1.3475177304964538 0.95 24.88387039203093
0.19152176771501722 1.3475177304964538 0.96 25.125006511463017
0.19258674974612913 1.3475177304964538 0.97 25.368258888410217
0.19363797068612015 1.3475177304964538 0.98 25.613628495907523
0.1946756168352315 1.3475177304964538 0.99 25.86111647582498
0.0 1.3617021276595744 0.0 12.806397500755947
0.0027942112499252467 1.3617021276595744 0.01 12.808006115829782
0.0055873700949506935 1.3617021276595744 0.02 12.812831454977529
0.008378426662293605 1.3617021276595744 0.03 12.82087199935452
0.011166336131274882 1.3617021276595744 0.04 12.832125215558955
0.013950061229105111 1.3617021276595744 0.05 12.846587552722479
0.01672857469042096 1.3617021276595744 0.06 12.8642544387675
0.0195008616686444 1.3617021276595744 0.07 12.885120276061597
0.022265922087388576 1.3617021276595744 0.08 12.909178436798214
0.02502277292030555 1.3617021276595744 0.09 12.936421258524238
0.027770450388009873 1.3617021276595744 0.1 12.96684004028185
0.030508012061093805 1.3617021276595744 0.11 13.000425039809288
0.03323453885852821 1.3617021276595744 0.12 13.037165472399886
0.03594913693135289 1.3617021276595744 0.13 13.077049511899675
0.038650939422062505 1.3617021276595744 0.14 13.120064294414373
0.04133910809071439 1.3617021276595744 0.15 13.166195925313591
0.0440128347997399 1.3617021276595744 0.16 13.21542948997338
0.046671342850128826 1.3617021276595744 0.17 13.267749068812881
0.04931388816278982 1.3617021276595744 0.18 13.323137757029802
0.05193976029993434 1.3617021276595744 0.19 13.381577689419718
0.05454828332252929 1.3617021276595744 0.2 13.443050070587308
0.05713881648116911 1.3617021276595744 0.21 13.507535210761509
0.05971075473897469 1.3617021276595744 0.22 13.57501256738056
0.06226352912674662 1.3617021276595744 0.23 13.645460792408985
0.06479660693172555 1.3617021276595744 0.24 13.718857785396727
0.06730949172302497 1.3617021276595744 0.25 13.795180752054371
0.06980172321810169 1.3617021276595744 0.26 13.874406268078065
0.072272876996034 1.3617021276595744 0.27 13.956510347846837
0.07472256406468622 1.3617021276595744 0.28 14.041468517522688
0.07715043029014564 1.3617021276595744 0.29 14.129255891965508
0.07955615569783223 1.3617021276595744 0.3 14.21984725483738
0.08193945365571968 1.3617021276595744 0.31 14.31321714117935
0.0843000699509334 1.3617021276595744 0.32 14.409339921691698
0.08663778177160791 1.3617021276595744 0.33 14.508189887923882
0.08895239660644086 1.3617021276595744 0.34 14.60974133753097
0.09124375107458083 1.3617021276595744 0.35 14.713968658778883
0.09351170969865476 1.3617021276595744 0.36 14.820846413467512
0.09575616363372985 1.3617021276595744 0.37 14.930349417445788
0.0979770293644776 1.3617021276595744 0.38 15.042452818018873
0.1001742473828469 1.3617021276595744 0.39 15.157132167454439
0.10234778085754681 1.3617021276595744 0.4 15.274363491999557
0.1044976143060881 1.3617021276595744 0.41 15.394123355843954
0.10662375227961465 1.3617021276595744 0.42 15.516388919461253
0.10872621806926511 1.3617021276595744 0.43 15.6411379920248
0.11080505244227494 1.3617021276595744 0.44 15.768349077551695
0.11286031241501489 1.3617021276595744 0.45 15.898001414525037
0.11489207006878595 1.3617021276595744 0.46 16.030075008933498
0.116900411413428 1.3617021276595744 0.47 16.16455066067581
0.11888543530272037 1.3617021276595744 0.48 16.301409983380385
0.12084725240432762 1.3617021276595744 0.49 16.440635417834944
0.12278598422660483 1.3617021276595744 0.5 16.582210239155717
0.12470176220290412 1.3617021276595744 0.51 16.726118558109555
0.12659472683391773 1.3617021276595744 0.52 16.872345316865392
0.12846502688777564 1.3617021276595744 0.53 17.020876279527876
0.13031281865615552 1.3617021276595744 0.54 17.17169801806189
0.13213826526532943 1.3617021276595744 0.55 17.324797893918955
0.1339415360396442 1.3617021276595744 0.56 17.480164035954893
0.13572280591500863 1.3617021276595744 0.57 17.637785315117814
0.1374822548993934 1.3617021276595744 0.58 17.797651316461216
0.13922006757745817 1.3617021276595744 0.59 17.959752308948197
0.1409364326559326 1.3617021276595744 0.6 18.12407921359314
0.14263154254656174 1.3617021276595744 0.61 18.290623570403593
0.14430559298325676 1.3617021276595744 0.62 18.459377504604294
0.1459587826703266 1.3617021276595744 0.63 18.630333692549762
0.14759131295859307 1.3617021276595744 0.64 18.803485327743665
0.14920338754622012 1.3617021276595744 0.65 18.97882608737564
0.15079521220184727 1.3617021276595744 0.66 19.156350099598995
0.15236699450703825 1.3617021276595744 0.67 19.336051911931253
0.1539189436157641 1.3617021276595744 0.68 19.517926460993746
0.15545127002877665 1.3617021276595744 0.69 19.701969043789855
0.15696418538098728 1.3617021276595744 0.7 19.88817529067541
0.15845790223997067 1.3617021276595744 0.71 20.07654114019466
0.15993263391424853 1.3617021276595744 0.72 20.267062815841186
0.16138859427032226 1.3617021276595744 0.73 20.459736804745297
0.16282599755683086 1.3617021276595744 0.74 20.654559838460766
0.16424505823572402 1.3617021276595744 0.75 20.85152887566101
0.16564599081927014 1.3617021276595744 0.76 21.050641086844568
0.16702900971265702 1.3617021276595744 0.77 21.25189384093059
0.16839432906174806 1.3617021276595744 0.78 21.45528469369019
0.1697421626057693 1.3617021276595744 0.79 21.66081137792062
0.17107272353500688 1.3617021276595744 0.8 21.86847179520472
0.17238622435303425 1.3617021276595744 0.81 22.07826400925207
0.17368287674402466 1.3617021276595744 0.82 22.290186240564417
0.17496289144483027 1.3617021276595744 0.83 22.50423686239878
0.17622647812216377 1.3617021276595744 0.84 22.720414397841765
0.17747384525487853 1.3617021276595744 0.85 22.93871751790134
0.17870520002156406 1.3617021276595744 0.86 23.159145040470086
0.1799207481935822 1.3617021276595744 0.87 23.381695930041573
0.18112069403365794 1.3617021276595744 0.88 23.606369298066774
0.18230524019992916 1.3617021276595744 0.89 23.833164403895115
0.18347458765597102 1.3617021276595744 0.9 24.06208065608696
0.18462893558629231 1.3617021276595744 0.91 24.293117614151086
0.18576848131762727 1.3617021276595744 0.92 24.52627499054711
0.18689342024595212 1.3617021276595744 0.93 24.761552652896473
0.18800394576903562 1.3617021276595744 0.94 24.9989506263783
0.18910024922441263 1.3617021276595744 0.95 25.238469096267675
0.19018251983274534 1.3617021276595744 0.96 25.480108410554493
0.19125094464626263 1.3617021276595744 0.97 25.723869082655686
0.19230570850196635 1.3617021276595744 0.98 25.96975179423645
0.1933469939795785 1.3617021276595744 0.99 26.21775739808236
0.0 1.375886524822695 0.0 13.158534412560485
0.0027565745300811633 1.375886524822695 0.01 13.160140376456246
0.00551214027300588 1.375886524822695 0.02 13.164957741306923
0.008265690837424384 1.375886524822695 0.03 13.172984926491486
0.011016224611696837 1.375886524822695 0.04 13.184219297210285
0.013762747123973443 1.375886524822695 0.05 13.198657164082963
0.01650427336671954 1.375886524822695 0.06 13.216293782693395
0.019239830074013243 1.375886524822695 0.07 13.237123353450317
0.02196845794020055 1.375886524822695 0.08 13.261139021971418
0.02468921376872096 1.375886524822695 0.09 13.288332880341091
0.02740117254024266 1.375886524822695 0.1 13.318695969610737
0.030103429389685268 1.375886524822695 0.11 13.352218283900795
0.03279510148209019 1.375886524822695 0.12 13.388888776583224
0.035475329777980805 1.375886524822695 0.13 13.428695368901472
0.038143280679393134 1.375886524822695 0.14 13.47162496149691
0.04079814754852062 1.375886524822695 0.15 13.517663449256597
0.043439152091805724 1.375886524822695 0.16 13.566795739832973
0.04606554560313854 1.375886524822695 0.17 13.61900577621886
0.048676610060859986 1.375886524822695 0.18 13.674276563682392
0.051271659074400754 1.375886524822695 0.19 13.73259020128337
0.05385003867746987 1.375886524822695 0.2 13.793927918173148
0.05641112796593569 1.375886524822695 0.21 13.858270114793013
0.05895433957987786 1.375886524822695 0.22 13.92559640896863
0.06147912003047765 1.375886524822695 0.23 13.995885686868741
0.06398494987377974 1.375886524822695 0.24 14.069116158673822
0.06647134373463356 1.375886524822695 0.25 14.145265418722353
0.06893785018531275 1.375886524822695 0.26 14.224310509845635
0.07138405148479114 1.375886524822695 0.27 14.306227991404583
0.07380956318528024 1.375886524822695 0.28 14.390994010683315
0.07621403361417765 1.375886524822695 0.29 14.478584377006444
0.07859714324032903 1.375886524822695 0.3 14.56897463797219
0.08095860393409487 1.375886524822695 0.31 14.662140157222375
0.08329815813173193 1.375886524822695 0.32 14.758056192994454
0.08561557791485566 1.375886524822695 0.33 14.856697976776406
0.08791066401617667 1.375886524822695 0.34 14.958040791344501
0.09018324476286581 1.375886524822695 0.35 15.062060047476596
0.09243317496908857 1.375886524822695 0.36 15.168731358597599
0.09466033478881011 1.375886524822695 0.37 15.278030612750436
0.09686462853997735 1.375886524822695 0.38 15.389934041229163
0.09904598351071868 1.375886524822695 0.39 15.504418283284613
0.10120434875753338 1.375886524822695 0.4 15.621460446416414
0.10333969390490086 1.375886524822695 0.41 15.741038161799377
0.10545200795513716 1.375886524822695 0.42 15.863129634428592
0.10754129811606603 1.375886524822695 0.43 15.987713687785407
0.10960758865399099 1.375886524822695 0.44 16.11476980266986
0.11165091977763078 1.375886524822695 0.45 16.244278150210853
0.11367134655853713 1.375886524822695 0.46 16.376219618912902
0.11566893789221537 1.375886524822695 0.47 16.5105758357958
0.11764377550341167 1.375886524822695 0.48 16.647329181717666
0.11959595299803653 1.375886524822695 0.49 16.786462801079473
0.12152557496362684 1.375886524822695 0.5 16.92796060610161
0.12343275611915037 1.375886524822695 0.51 17.071807276015043
0.12531762051466108 1.375886524822695 0.52 17.217988251444545
0.12718030078033862 1.375886524822695 0.53 17.366489724399724
0.12902093742396467 1.375886524822695 0.54 17.51729862429988
0.13083967817570163 1.375886524822695 0.55 17.67040260040302
0.13263667737822651 1.375886524822695 0.56 17.82579000113847
0.13441209542001886 1.375886524822695 0.57 17.98344985082903
0.13616609820985956 1.375886524822695 0.58 18.14337182415194
0.13789885668960988 1.375886524822695 0.59 18.30554621889913
0.13961054638276915 1.375886524822695 0.6 18.469963927435764
0.14130134697625255 1.375886524822695 0.61 18.636616407239394
0.1429714419323825 1.375886524822695 0.62 18.805495650995862
0.1446210181286823 1.375886524822695 0.63 18.976594156554558
0.14625026552279435 1.375886524822695 0.64 19.149904897107753
0.14785937684005823 1.375886524822695 0.65 19.32542129190061
0.14944854728132717 1.375886524822695 0.66 19.50313717776955
0.15101797424909785 1.375886524822695 0.67 19.683046781684894
0.15256785708975312 1.375886524822695 0.68 19.865144694556452
0.15409839685014767 1.375886524822695 0.69 20.04942584646174
0.15560979604713066 1.375886524822695 0.7 20.23588548337767
0.1571022584483148 1.375886524822695 0.71 20.42451914558686
0.15857598886314614 1.375886524822695 0.72 20.61532264775407
0.16003119294305476 1.375886524822695 0.73 20.80829206075611
0.16146807698991714 1.375886524822695 0.74 21.003423695249747
0.16288684777211512 1.375886524822695 0.75 21.20071408696386
0.16428771234760525 1.375886524822695 0.76 21.400159983684915
0.16567087789358845 1.375886524822695 0.77 21.60175833387325
0.16703655154255104 1.375886524822695 0.78 21.805506276814363
0.16838494022424774 1.375886524822695 0.79 22.011401134273427
0.16971625051371345 1.375886524822695 0.8 22.219440403497824
0.17103068848524527 1.375886524822695 0.81 22.42962175145954
0.17232845957194423 1.375886524822695 0.82 22.641943010329765
0.1736097684314282 1.375886524822695 0.83 22.856402173917914
0.17487481881731481 1.375886524822695 0.84 23.072997395077685
0.17612381345666592 1.375886524822695 0.85 23.291726983933223
0.17735695393337536 1.375886524822695 0.86 23.512589406837268
0.178574440577778 1.375886524822695 0.87 23.735583285898418
0.1797764723621634 1.375886524822695 0.88 23.960707399074487
0.18096324680243317 1.375886524822695 0.89 24.187960680684547
0.1821349598658893 1.375886524822695 0.9 24.41734222226046
0.18329180588494737 1.375886524822695 0.91 24.648851273712122
0.184433977476893 1.375886524822695 0.92 24.882487244696026
0.18556166546938455 1.375886524822695 0.93 25.118249706188603
0.18667505883175375 1.375886524822695 0.94 25.35613839217481
0.18777434461185344 1.375886524822695 0.95 25.596153201444313
0.1888597078781036 1.375886524822695 0.96 25.838294199517197
0.18993133166685472 1.375886524822695 0.97 26.082561620595563
0.19098939693445877 1.375886524822695 0.98 26.328955869637607
0.19203408251390905 1.375886524822695 0.99 26.577477524526092
0.0 1.3900709219858156 0.0 13.513457746141667
0.002720138425684487 1.3900709219858156 0.01 13.51506033977431
0.005439309569384927 1.3900709219858156 0.02 13.519867581060849
0.008156548410169885 1.3900709219858156 0.03 13.527877851445947
0.0108708944376392 1.3900709219858156 0.04 13.539088454316675
0.01358139387832057 1.3900709219858156 0.05 13.553495616545234
0.016287101887571435 1.3900709219858156 0.06 13.571094490862405
0.018987084695776996 1.3900709219858156 0.07 13.591879159193885
0.02168042169788635 1.3900709219858156 0.08 13.61584263716398
0.024366207475541756 1.3900709219858156 0.09 13.642976880123822
0.027043553741622508 1.3900709219858156 0.1 13.673272790817649
0.02971159119719503 1.3900709219858156 0.11 13.706720229200805
0.03236947129174891 1.3900709219858156 0.12 13.743308024492588
0.03501636787783474 1.3900709219858156 0.13 13.783023989979792
0.03765147875214488 1.3900709219858156 0.14 13.825854940795978
0.04027402707579101 1.3900709219858156 0.15 13.871786714967124
0.04288326266734738 1.3900709219858156 0.16 13.920804198010034
0.04547846316311439 1.3900709219858156 0.17 13.972891351347856
0.048058935040136724 1.3900709219858156 0.18 14.028031244698711
0.0506240144985587 1.3900709219858156 0.19 14.086206092556317
0.05317306820084271 1.3900709219858156 0.2 14.14739729491458
0.05570549386673612 1.3900709219858156 0.21 14.211585482188838
0.05822072072390862 1.3900709219858156 0.22 14.27875056430323
0.06071820981538534 1.3900709219858156 0.23 14.348871783824238
0.0631974541661148 1.3900709219858156 0.24 14.421927772929202
0.06565797881209051 1.3900709219858156 0.25 14.497896613962224
0.06809934069662349 1.3900709219858156 0.26 14.576755903226251
0.07052112843944039 1.3900709219858156 0.27 14.658482817587911
0.07292296198505129 1.3900709219858156 0.28 14.743054183500202
0.07530449213806106 1.3900709219858156 0.29 14.830446547845597
0.07766539999351887 1.3900709219858156 0.3 14.920636250113384
0.08000539627123106 1.3900709219858156 0.31 15.013599495312944
0.0823242205636721 1.3900709219858156 0.32 15.109312426938224
0.08462164050699572 1.3900709219858156 0.33 15.207751199488888
0.08689745088548405 1.3900709219858156 0.34 15.308892049827268
0.08915147267957044 1.3900709219858156 0.35 15.41271136678716
0.09138355206753651 1.3900709219858156 0.36 15.519185758471775
0.09359355939100437 1.3900709219858156 0.37 15.628292116648618
0.09578138809387125 1.3900709219858156 0.38 15.740007677758674
0.09794695364416994 1.3900709219858156 0.39 15.85431008002901
0.10009019244752114 1.3900709219858156 0.4 15.971177416342616
0.10221106076058453 1.3900709219858156 0.41 16.090588282472762
0.10430953361213255 1.3900709219858156 0.42 16.21252182040043
0.10638560373849136 1.3900709219858156 0.43 16.336957756553975
0.10843928053971848 1.3900709219858156 0.44 16.463876434760866
0.11047058906170551 1.3900709219858156 0.45 16.5932588438992
0.11247956900878248 1.3900709219858156 0.46 16.72508664024749
0.11446627379095475 1.3900709219858156 0.47 16.859342164497953
0.1164307696081205 1.3900709219858156 0.48 16.99600845376438
0.11837313457436484 1.3900709219858156 0.49 17.135069248528325
0.12029345788334128 1.3900709219858156 0.5 17.276508994933838
0.12219183901590681 1.3900709219858156 0.51 17.420312842644964
0.1240683869903547 1.3900709219858156 0.52 17.56646663858719
0.1259232196550108 1.3900709219858156 0.53 17.71495691693766
0.12775646302283913 1.3900709219858156 0.54 17.86577088565364
0.12956825064600233 1.3900709219858156 0.55 18.01889641020985
0.13135872303075352 1.3900709219858156 0.56 18.174321994445688
0.13312802708903537 1.3900709219858156 0.57 18.332036759473556
0.13487631562626204 1.3900709219858156 0.58 18.49203042066572
0.13660374686251922 1.3900709219858156 0.59 18.654293263312415
0.13831048398545653 1.3900709219858156 0.6 18.818816117212773
0.13999669473228682 1.3900709219858156 0.61 18.985590330664913
0.14166255099900138 1.3900709219858156 0.62 19.15460774410646
0.14330822847435984 1.3900709219858156 0.63 19.325860663791158
0.1449339062967343 1.3900709219858156 0.64 19.49934183573509
0.14653976673165245 1.3900709219858156 0.65 19.675044420225873
0.14812599486824185 1.3900709219858156 0.66 19.852961967091947
0.14969277833262973 1.3900709219858156 0.67 20.033088391973173
0.15124030701691513 1.3900709219858156 0.68 20.215417953690665
0.1527687728219999 1.3900709219858156 0.69 20.39994523291223
0.154278369413165 1.3900709219858156 0.7 20.586665112161118
0.15576929198693468 1.3900709219858156 0.71 20.77557275732033
0.15724173704882188 1.3900709219858156 0.72 20.966663600518196
0.1586959022001467 1.3900709219858156 0.73 21.15993332466859
0.16013198593427252 1.3900709219858156 0.74 21.355377849378527
0.161550187440823 1.3900709219858156 0.75 21.552993318424814
0.16295070641784498 1.3900709219858156 0.76 21.7527760886395
0.1643337428914237 1.3900709219858156 0.77 21.9547227201789
0.16569949704240985 1.3900709219858156 0.78 22.15882996812029
0.1670481690401222 1.3900709219858156 0.79 22.365094775286224
0.16837995888291815 1.3900709219858156 0.8 22.57351426619744
0.16969506624530675 1.3900709219858156 0.81 22.78408574212124
0.17099369033185186 1.3900709219858156 0.82 22.996806677036155
0.17227602973759762 1.3900709219858156 0.83 23.21167471447687
0.1735422823149898 1.3900709219858156 0.84 23.4286876651647
0.17479264504757333 1.3900709219858156 0.85 23.647843505249792
0.17602731392998525 1.3900709219858156 0.86 23.86914037520002
0.17724648385461378 1.3900709219858156 0.87 24.092576579145476
0.17845034850464428 1.3900709219858156 0.88 24.31815058466491
0.17963910025355595 1.3900709219858156 0.89 24.545861022910323
0.18081293007099775 1.3900709219858156 0.9 24.775706689004288
0.18197202743479535 1.3900709219858156 0.91 25.007686542694753
0.1831165802490958 1.3900709219858156 0.92 25.241799709184583
0.18424677476856083 1.3900709219858156 0.93 25.478045480080112
0.18536279552818508 1.3900709219858156 0.94 25.71642331449735
0.18646482527879643 1.3900709219858156 0.95 25.956932840234035
0.18755304492782648 1.3900709219858156 0.96 26.19957385504677
0.1886276334852386 1.3900709219858156 0.97 26.444346327992356
0.1896887680143047 1.3900709219858156 0.98 26.69125040084866
0.1907366235867553 1.3900709219858156 0.99 26.94028638968053
0.0 1.4042553191489362 0.0 13.87106382500754
0.0026848503830734236 1.4042553191489362 0.01 13.872662537459671
0.005368772890256902 1.4042553191489362 0.02 13.87745812918738
0.008050841775233613 1.4042553191489362 0.03 13.885448963937195
0.010730135539720605 1.4042553191489362 0.04 13.89663231669495
0.013405739029756497 1.4042553191489362 0.05 13.911004376902815
0.016076745498925085 1.4042553191489362 0.06 13.928560253042082
0.018742258627763003 1.4042553191489362 0.07 13.949293978815817
0.021401394488932364 1.4042553191489362 0.08 13.97319852101125
0.0240532834480051 1.4042553191489362 0.09 14.000265789305786
0.026697071990229738 1.4042553191489362 0.1 14.03048664812155
0.02933192446393857 1.4042553191489362 0.11 14.063850930907932
0.03195702473205811 1.4042553191489362 0.12 14.100347456915998
0.03457157772359834 1.4042553191489362 0.13 14.139964050802181
0.03717481087781391 1.4042553191489362 0.14 14.182687565239153
0.039765975474459626 1.4042553191489362 0.15 14.228503906744654
0.04234434784445521 1.4042553191489362 0.16 14.277398064871633
0.044909230456073236 1.4042553191489362 0.17 14.32935414494748
0.04745995287285902 1.4042553191489362 0.18 14.38435540440618
0.04999587258033151 1.4042553191489362 0.19 14.442384292825771
0.05251637567976447 1.4042553191489362 0.2 14.503422495594123
0.05502087744813993 1.4042553191489362 0.21 14.567450981240823
0.057508822764753297 1.4042553191489362 0.22 14.634450052226883
0.059979686405645105 1.4042553191489362 0.23 14.704399399139085
0.06243297320873812 1.4042553191489362 0.24 14.777278157836772
0.06486821811247892 1.4042553191489362 0.25 14.853064969606116
0.067284986073172 1.4042553191489362 0.26 14.931738043607885
0.06968287186587345 1.4042553191489362 0.27 15.013275221477956
0.07206149977522328 1.4042553191489362 0.28 15.097654043554067
0.07442052318323131 1.4042553191489362 0.29 15.184851816231491
0.07675962406153854 1.4042553191489362 0.3 15.274845679982253
0.07907851237635631 1.4042553191489362 0.31 15.367612677489019
0.08137692541460821 1.4042553191489362 0.32 15.463129821376832
0.08365462704031026 1.4042553191489362 0.33 15.561374160942886
0.08591140688993723 1.4042553191489362 0.34 15.662322847473535
0.08814707951641439 1.4042553191489362 0.35 15.765953197437495
0.09036148349023049 1.4042553191489362 0.36 15.872242753281071
0.09255448046707304 1.4042553191489362 0.37 15.981169341181712
0.09472595423027581 1.4042553191489362 0.38 16.092711125467456
0.0968758097166392 1.4042553191489362 0.39 16.206846659226095
0.0990039720330999 1.4042553191489362 0.4 16.323554930901423
0.1011103854719285 1.4042553191489362 0.41 16.44281540648018
0.10319501253082466 1.4042553191489362 0.42 16.564608067180348
0.10525783294422235 1.4042553191489362 0.43 16.68891344241848
0.10729884273103635 1.4042553191489362 0.44 16.815712638034906
0.10931805326384546 1.4042553191489362 0.45 16.944987359672766
0.11131549036326374 1.4042553191489362 0.46 17.076719931444092
0.11329119342114652 1.4042553191489362 0.47 17.21089330988882
0.11524521455517256 1.4042553191489362 0.48 17.3474910934253
0.1171776177970161 1.4042553191489362 0.49 17.486497527441813
0.11908847831536788 1.4042553191489362 0.5 17.62789750532874
0.12097788167519484 1.4042553191489362 0.51 17.771676565580954
0.1228459231330103 1.4042553191489362 0.52 17.917820885462117
0.124692706968851 1.4042553191489362 0.53 18.066317271334533
0.1265183458537324 1.4042553191489362 0.54 18.217153146226625
0.12832296025251702 1.4042553191489362 0.55 18.370316534776975
0.13010667786065758 1.4042553191489362 0.56 18.525796046046278
0.13186963307368804 1.4042553191489362 0.57 18.683580854498583
0.1336119664878026 1.4042553191489362 0.58 18.843660679548517
0.13533382443015438 1.4042553191489362 0.59 19.00602576393984
0.13703535851674237 1.4042553191489362 0.6 19.170666851397293
0.13871672523655304 1.4042553191489362 0.61 19.3375751637368
0.1403780855597617 1.4042553191489362 0.62 19.506742377838094
0.14201960456849497 1.4042553191489362 0.63 19.67816060267083
0.1436414511083112 1.4042553191489362 0.64 19.851822356650775
0.1452437974587442 1.4042553191489362 0.65 20.027720545543517
0.14682681902143 1.4042553191489362 0.66 20.205848441083
0.14839069402433017 1.4042553191489362 0.67 20.386199660476052
0.14993560324067218 1.4042553191489362 0.68 20.568768146938112
0.15146172972143804 1.4042553191489362 0.69 20.7535481513549
0.15296925854041105 1.4042553191489362 0.7 20.94053421512389
0.15445837655062702 1.4042553191489362 0.71 21.12972115428376
0.1559292721515971 1.4042553191489362 0.72 21.321104044907862
0.1573821350664284 1.4042553191489362 0.73 21.51467820981395
0.15881715612830175 1.4042553191489362 0.74 21.710439206562413
0.16023452707584593 1.4042553191489362 0.75 21.90838281670336
0.1616344403568784 1.4042553191489362 0.76 22.108505036262063
0.16301708894029318 1.4042553191489362 0.77 22.310802067376752
0.16438266613574368 1.4042553191489362 0.78 22.515270311047335
0.1657313654209148 1.4042553191489362 0.79 22.72190636092216
0.16706338027627232 1.4042553191489362 0.8 22.93070699803051
0.16837890402712938 1.4042553191489362 0.81 23.141669186388995
0.16967812969292198 1.4042553191489362 0.82 23.354790069400263
0.17096124984365396 1.4042553191489362 0.83 23.570066966949323
0.1722284564633046 1.4042553191489362 0.84 23.78749737315251
0.17347994082034698 1.4042553191489362 0.85 24.00707895462031
0.1747158933451835 1.4042553191489362 0.86 24.22880954919197
0.17593650351429313 1.4042553191489362 0.87 24.452687165106646
0.17714195974125418 1.4042553191489362 0.88 24.678709980475656
0.178332449274328 1.4042553191489362 0.89 24.906876343055043
0.17950815810058332 1.4042553191489362 0.9 25.137184770238008
0.18066927085636514 1.4042553191489362 0.91 25.369633949237674
0.181815970743936 1.4042553191489362 0.92 25.604222737425722
0.18294843945416422 1.4042553191489362 0.93 25.84095016278116
0.18406685709496523 1.4042553191489362 0.94 26.079815424452697
0.1851714021253243 1.4042553191489362 0.95 26.32081789340608
0.18626225129470772 1.4042553191489362 0.96 26.56395711313538
0.18733957958742053 1.4042553191489362 0.97 26.809232800490637
0.1884035601718863 1.4042553191489362 0.98 27.056644846557898
0.1894543643542379 1.4042553191489362 0.99 27.306193317697872
0.0 1.4184397163120568 0.0 14.231280451953603
0.002650657917478207 1.4184397163120568 0.01 14.232874949959577
0.0053004253076000965 1.4184397163120568 0.02 14.237657897935797
0.007948413645680531 1.4184397163120568 0.03 14.245627658665613
0.010593738401790894 1.4184397163120568 0.04 14.256781506422776
0.013235521011759462 1.4184397163120568 0.05 14.271115631446934
0.015872890816697682 1.4184397163120568 0.06 14.288625146352535
0.018504986960914162 1.4184397163120568 0.07 14.309304094499131
0.021130960238320496 1.4184397163120568 0.08 14.333145460494714
0.023749974877817458 1.4184397163120568 0.09 14.360141182936506
0.02636121025854626 1.4184397163120568 0.1 14.390282169561097
0.028963862546449712 1.4184397163120568 0.11 14.423558314900989
0.031557146244012284 1.4184397163120568 0.12 14.459958520711208
0.03414029564589229 1.4184397163120568 0.13 14.499470719180165
0.03671256619365811 1.4184397163120568 0.14 14.542081899159259
0.03927323572370382 1.4184397163120568 0.15 14.587778135500415
0.041821605603257254 1.4184397163120568 0.16 14.636544621565532
0.044357001750182166 1.4184397163120568 0.17 14.68836570500617
0.04687877553329051 1.4184397163120568 0.18 14.743224926795847
0.049386304550691144 1.4184397163120568 0.19 14.801105063554632
0.05187899328484698 1.4184397163120568 0.2 14.861988173041011
0.05435627363384687 1.4184397163120568 0.21 14.925855642743901
0.05681760531945896 1.4184397163120568 0.22 14.992688241406464
0.0592624761735159 1.4184397163120568 0.23 15.062466173263967
0.0616904023051237 1.4184397163120568 0.24 15.135169134738124
0.06410092815197685 1.4184397163120568 0.25 15.210776373343492
0.06649362642020154 1.4184397163120568 0.26 15.28926674837809
0.06886809791771048 1.4184397163120568 0.27 15.37061879306015
0.07122397128678806 1.4184397163120568 0.28 15.45481077772616
0.07356090264244784 1.4184397163120568 0.29 15.541820773596875
0.07587857512344147 1.4184397163120568 0.3 15.63162671669791
0.07817669836344265 1.4184397163120568 0.31 15.724206471422644
0.08045500789007066 1.4184397163120568 0.32 15.819537893310386
0.08271326445988755 1.4184397163120568 0.33 15.91759889052003
0.0849512533373809 1.4184397163120568 0.34 16.018367483596403
0.0871687835262616 1.4184397163120568 0.35 16.12182186302972
0.08936568696100977 1.4184397163120568 0.36 16.22794044426219
0.09154181766678035 1.4184397163120568 0.37 16.336701919694914
0.0936970508952205 1.4184397163120568 0.38 16.4480853074022
0.09583128224353965 1.4184397163120568 0.39 16.56206999625409
0.0979444267638674 1.4184397163120568 0.4 16.67863578716082
0.10003641806921895 1.4184397163120568 0.41 16.79776293029104
0.10210720744208625 1.4184397163120568 0.42 16.919432158090967
0.10415676295114455 1.4184397163120568 0.43 17.043624713980304
0.10618506858061542 1.4184397163120568 0.44 17.17032237677593
0.10819212337681096 1.4184397163120568 0.45 17.29950748075409
0.11017794061534522 1.4184397163120568 0.46 17.431162931460978
0.11214254699203006 1.4184397163120568 0.47 17.565272217386728
0.11408598183995416 1.4184397163120568 0.48 17.701819417644117
0.11600829637480768 1.4184397163120568 0.49 17.84078920579864
0.11790955296960365 1.4184397163120568 0.5 17.982166850154407
0.11978982445990582 1.4184397163120568 0.51 18.125938210691196
0.12164919348008252 1.4184397163120568 0.52 18.272089732921305
0.12348775183058719 1.4184397163120568 0.53 18.42060843899077
0.12530559987597512 1.4184397163120568 0.54 18.571481916344148
0.12710284597334603 1.4184397163120568 0.55 18.724698304196753
0.1288796059301606 1.4184397163120568 0.56 18.88024627820757
0.13063600249042182 1.4184397163120568 0.57 19.038115033667523
0.13237216484851044 1.4184397163120568 0.58 19.19829426737825
0.13408822818852906 1.4184397163120568 0.59 19.360774158770447
0.13578433324870215 1.4184397163120568 0.6 19.525545350277465
0.13746062590874644 1.4184397163120568 0.61 19.692598927426925
0.13911725679905748 1.4184397163120568 0.62 19.86192639881699
0.1407543809304679 1.4184397163120568 0.63 20.033519676154402
0.1423721573426379 1.4184397163120568 0.64 20.20737105471722
0.14397074877032873 1.4184397163120568 0.65 20.383473194256297
0.14555032132599424 1.4184397163120568 0.66 20.56181910057954
0.14711104419763696 1.4184397163120568 0.67 20.74240210791592
0.1486530893606835 1.4184397163120568 0.68 20.925215862212266
0.1501766313031242 1.4184397163120568 0.69 21.11025430538148
0.1516818467628504 1.4184397163120568 0.7 21.297511660614145
0.15316891447648667 1.4184397163120568 0.71 21.486982418769625
0.15463801493896753 1.4184397163120568 0.72 21.678661325883446
0.15608933017339388 1.4184397163120568 0.73 21.872543371755356
0.15752304351041393 1.4184397163120568 0.74 22.068623779672123
0.15893933937697538 1.4184397163120568 0.75 22.266897997157642
0.16033840309376887 1.4184397163120568 0.76 22.467361687798675
0.1617204206814566 1.4184397163120568 0.77 22.670010723984532
0.1630855786750258 1.4184397163120568 0.78 22.874841180617096
0.1644340639462497 1.4184397163120568 0.79 23.08184932967369
0.16576606353415588 1.4184397163120568 0.8 23.29103163553385
0.16708176448324158 1.4184397163120568 0.81 23.502384751030924
0.16838135368919455 1.4184397163120568 0.82 23.715905514188943
0.16966501775238 1.4184397163120568 0.83 23.93159094546766
0.17093294283846208 1.4184397163120568 0.84 24.149438245592982
0.17218531454658745 1.4184397163120568 0.85 24.369444793755264
0.17342231778451603 1.4184397163120568 0.86 24.591608146253755
0.17464413665094947 1.4184397163120568 0.87 24.815926035424546
0.17585095432473788 1.4184397163120568 0.88 25.042396368851506
0.17704295296083639 1.4184397163120568 0.89 25.271017228808667
0.17822031359286683 1.4184397163120568 0.9 25.50178687188843
0.17938321604212043 1.4184397163120568 0.91 25.734703728777443
0.18053183883278479 1.4184397163120568 0.92 25.969766404159103
0.18166635911314888 1.4184397163120568 0.93 26.20697367673159
0.18278695258262298 1.4184397163120568 0.94 26.44632449930919
0.18389379342434073 1.4184397163120568 0.95 26.687817998995737
0.1849870542429617 1.4184397163120568 0.96 26.931453477465237
0.1860669060075376 1.4184397163120568 0.97 27.177230411315936
0.187133517999208 1.4184397163120568 0.98 27.425148452494476
0.18818705776319158 1.4184397163120568 0.99 27.675207428877208
0.0 1.4326241134751774 0.0 14.59406239297675
0.0026175093557824387 1.4326241134751774 0.01 14.595652491792352
0.005234163537874372 1.4326241134751774 0.02 14.600422246338722
0.007849109253842343 1.4326241134751774 0.03 14.608370031986157
0.010461496963769452 1.4326241134751774 0.04 14.619493144643021
0.013070482731577154 1.4326241134751774 0.05 14.633787806256187
0.015675230046636936 1.4326241134751774 0.06 14.651249172546837
0.01827491160609176 1.4326241134751774 0.07 14.67187134309086
0.020868711048620682 1.4326241134751774 0.08 14.695647373785674
0.023455824630700835 1.4326241134751774 0.09 14.722569291834331
0.026035462836896492 1.4326241134751774 0.1 14.752628113295959
0.028606851916157527 1.4326241134751774 0.11 14.785813863329578
0.031169235336718122 1.4326241134751774 0.12 14.82211559918947
0.033721875152722694 1.4326241134751774 0.13 14.861521436118915
0.036264053276549905 1.4326241134751774 0.14 14.90401857610833
0.03879507265133458 1.4326241134751774 0.15 14.949593339677769
0.041314258319183915 1.4326241134751774 0.16 14.998231200614713
0.04382095838123717 1.4326241134751774 0.17 15.049916823731813
0.046314544846707065 1.4326241134751774 0.18 15.104634105566197
0.04879441436886457 1.4326241134751774 0.19 15.162366217962637
0.05125998886682268 1.4326241134751774 0.2 15.223095654445025
0.05371071603295451 1.4326241134751774 0.21 15.286804279195755
0.05614606972659709 1.4326241134751774 0.22 15.353473378479595
0.05856555025561199 1.4326241134751774 0.23 15.423083714282221
0.06096868454824486 1.4326241134751774 0.24 15.495615579888543
0.06335502621855324 1.4326241134751774 0.25 15.57104885708612
0.06572415552931478 1.4326241134751774 0.26 15.649363074707782
0.06807567925724183 1.4326241134751774 0.27 15.73053746809019
0.07040923046578697 1.4326241134751774 0.28 15.814551039094047
0.07272446819135223 1.4326241134751774 0.29 15.901382616318909
0.07502107704944959 1.4326241134751774 0.3 15.991010915013408
0.07729876676735238 1.4326241134751774 0.31 16.08341459635552
0.07955727165041354 1.4326241134751774 0.32 16.178572325619232
0.08179634998918374 1.4326241134751774 0.33 16.27646282885848
0.08401578341467006 1.4326241134751774 0.34 16.377064947705115
0.08621537620906783 1.4326241134751774 0.35 16.48035769190642
0.08839495457917824 1.4326241134751774 0.36 16.586320289269977
0.09055436589961359 1.4326241134751774 0.37 16.694932232694857
0.0926934779326376 1.4326241134751774 0.38 16.806173324011446
0.09481217803116572 1.4326241134751774 0.39 16.92002371439909
0.09691037233098085 1.4326241134751774 0.4 17.036463941229126
0.09898798493818739 1.4326241134751774 0.41 17.155474961089546
0.10104495711686111 1.4326241134751774 0.42 17.27703817901303
0.10308124648199389 1.4326241134751774 0.43 17.401135473752124
0.10509682620182653 1.4326241134751774 0.44 17.52774921916843
0.10709168421357777 1.4326241134751774 0.45 17.656862301698457
0.10906582245556874 1.4326241134751774 0.46 17.788458134067614
0.11101925611880553 1.4326241134751774 0.47 17.92252066527061
0.11295201292008271 1.4326241134751774 0.48 18.05903438704192
0.11486413239855557 1.4326241134751774 0.49 18.197984336952928
0.11675566523696514 1.4326241134751774 0.5 18.33935609840365
0.11862667260869186 1.4326241134751774 0.51 18.483135797669508
0.12047722555101216 1.4326241134751774 0.52 18.62931009831844
0.12230740436485384 1.4326241134751774 0.53 18.777866193242506
0.12411729804103473 1.4326241134751774 0.54 18.928791794562482
0.12590700371257596 1.4326241134751774 0.55 19.08207512170955
0.1276766261324738 1.4326241134751774 0.56 19.23770488798328
0.12942627717643776 1.4326241134751774 0.57 19.395670285789638
0.13115607536943832 1.4326241134751774 0.58 19.555960970913457
0.13286614543522837 1.4326241134751774 0.59 19.718567046038864
0.1345566178677666 1.4326241134751774 0.6 19.88347904376618
0.1362276285234388 1.4326241134751774 0.61 20.050687909354473
0.13787931823280045 1.4326241134751774 0.62 20.220184983445346
0.13951183243098866 1.4326241134751774 0.63 20.39196198488008
0.14112532080551166 1.4326241134751774 0.64 20.566010993839175
0.142719936960372 1.4326241134751774 0.65 20.742324435449667
0.14429583809544408 1.4326241134751774 0.66 20.920895064010285
0.14585318470055017 1.4326241134751774 0.67 21.101715947829533
0.14739214026279515 1.4326241134751774 0.68 21.284780454928114
0.148912870986715 1.4326241134751774 0.69 21.470082239568768
0.1504155455265243 1.4326241134751774 0.7 21.65761522965884
0.1519003347296553 1.4326241134751774 0.71 21.847373615101308
0.15336741139106963 1.4326241134751774 0.72 22.039351837090983
0.15481695001794457 1.4326241134751774 0.73 22.23354457832384
0.15624912660415374 1.4326241134751774 0.74 22.429946754144957
0.15766411841424943 1.4326241134751774 0.75 22.628553504583294
0.15906210377659213 1.4326241134751774 0.76 22.82936018724532
0.16044326188534397 1.4326241134751774 0.77 23.032362371023712
0.16180777261110807 1.4326241134751774 0.78 23.23755583056386
0.16315581632000664 1.4326241134751774 0.79 23.444936541432323
0.16448757370092906 1.4326241134751774 0.8 23.654500675953294
0.16580322560099434 1.4326241134751774 0.81 23.866244599592765
0.16710295286878926 1.4326241134751774 0.82 24.080164867912547
0.16838693620544154 1.4326241134751774 0.83 24.29625822397624
0.16965535602335635 1.4326241134751774 0.84 24.514521596157902
0.17090839231238428 1.4326241134751774 0.85 24.734952096324843
0.17214622451340655 1.4326241134751774 0.86 24.957547018304357
0.17336903139897908 1.4326241134751774 0.87 25.182303836646742
0.17457699096107418 1.4326241134751774 0.88 25.409220205583335
0.17577028030571287 1.4326241134751774 0.89 25.638293958151205
0.17694907555405454 1.4326241134751774 0.9 25.86952310552422
0.17811355175006544 1.4326241134751774 0.91 26.10290583643052
0.17926388277436164 1.4326241134751774 0.92 26.338440516690984
0.18040024126409054 1.4326241134751774 0.93 26.576125688837422
0.18152279853845832 1.4326241134751774 0.94 26.815960071846014
0.1826317245298434 1.4326241134751774 0.95 27.057942560926456
0.18372718772017663 1.4326241134751774 0.96 27.302072227384997
0.18480935508214155 1.4326241134751774 0.97 27.54834831862069
0.18587839202529777 1.4326241134751774 0.98 27.79677025815289
0.18693446234635785 1.4326241134751774 0.99 28.047337645840724
0.0 1.4468085106382977 0.0 14.95938704399942
0.0025853544030868866 1.4468085106382977 0.01 14.960972680483165
0.00516988706920188 1.4468085106382977 0.02 14.965729055725856
0.007752778027304895 1.4468085106382977 0.03 14.973654568366056
0.010333210828823715 1.4468085106382977 0.04 14.984746553585154
0.012910374285464116 1.4468085106382977 0.05 14.999001289329717
0.015483464179116056 1.4468085106382977 0.06 15.016414005048007
0.018051684934893578 1.4468085106382977 0.07 15.036978892983887
0.02061425124861831 1.4468085106382977 0.08 15.060689122092368
0.023170389660427296 1.4468085106382977 0.09 15.087536854606705
0.025719340066600215 1.4468085106382977 0.1 15.11751326531082
0.02826035716219516 1.4468085106382977 0.11 15.150608563556046
0.030792711807610913 1.4468085106382977 0.12 15.186812018077504
0.03331569231280715 1.4468085106382977 0.13 15.226111984637045
0.03582860563359172 1.4468085106382977 0.14 15.268495936489279
0.038330778475070375 1.4468085106382977 0.15 15.313950497672492
0.040821558298094925 1.4468085106382977 0.16 15.362461479105116
0.04330031422534505 1.4468085106382977 0.17 15.414013917426283
0.04576643784446595 1.4468085106382977 0.18 15.468592116508006
0.04821934390655986 1.4468085106382977 0.19 15.526179691499973
0.05065847091908763 1.4468085106382977 0.2 15.586759615292143
0.05308328163309655 1.4468085106382977 0.21 15.65031426722165
0.055493263425590904 1.4468085106382977 0.22 15.716825483772531
0.057887928578511855 1.4468085106382977 0.23 15.786274611079865
0.06026681445674145 1.4468085106382977 0.24 15.858642558910843
0.06262948358799682 1.4468085106382977 0.25 15.93390985592422
0.06497552364861636 1.4468085106382977 0.26 16.01205670573445
0.06730454735928404 1.4468085106382977 0.27 16.09306304359943
0.0696161922958067 1.4468085106382977 0.28 16.17690859325772
0.07191012062015391 1.4468085106382977 0.29 16.263572923632186
0.07418601873767926 1.4468085106382977 0.3 16.35303550495904
0.07644359688652103 1.4468085106382977 0.31 16.44527576402099
0.0786825886655426 1.4468085106382977 0.32 16.540273138108095
0.08090275050731675 1.4468085106382977 0.33 16.638007127349095
0.08310386110271645 1.4468085106382977 0.34 16.738457345080583
0.08528572078370293 1.4468085106382977 0.35 16.84160356592929
0.08744815087066918 1.4468085106382977 0.36 16.94742577137007
0.08959099299086486 1.4468085106382977 0.37 17.05590419242363
0.09171410837377482 1.4468085106382977 0.38 17.167019349366964
0.09381737712951269 1.4468085106382977 0.39 17.2807520881831
0.09590069751555771 1.4468085106382977 0.4 17.397083613674642
0.09796398519707845 1.4468085106382977 0.41 17.51599551909724
0.10000717250553971 1.4468085106382977 0.42 17.637469812265625
0.10203020769990953 1.4468085106382977 0.43 17.761488938108542
0.10403305423444054 1.4468085106382977 0.44 17.888035797654208
0.10601569003629191 1.4468085106382977 0.45 18.01709376355788
0.10797810679607488 1.4468085106382977 0.46 18.148646692223643
0.10992030927392332 1.4468085106382977 0.47 18.282678932622467
0.11184231462301374 1.4468085106382977 0.48 18.419175332021645
0.11374415173251777 1.4468085106382977 0.49 18.5581212387089
0.11562586059103855 1.4468085106382977 0.5 18.699502502000684
0.1174874916716739 1.4468085106382977 0.51 18.843305469691366
0.11932910533920169 1.4468085106382977 0.52 18.98951698322041
0.12115077127995781 1.4468085106382977 0.53 19.1381243707246
0.12295256795418132 1.4468085106382977 0.54 19.289115438320902
0.12473458207097524 1.4468085106382977 0.55 19.442478459774367
0.12649690808529732 1.4468085106382977 0.56 19.59820216487717
0.12823964771662702 1.4468085106382977 0.57 19.75627572673527
0.12996290948874997 1.4468085106382977 0.58 19.91668874817701
0.13166680828962493 1.4468085106382977 0.59 20.07943124760352
0.13335146495091205 1.4468085106382977 0.6 20.24449364437618
0.13501700584602846 1.4468085106382977 0.61 20.41186674402754
0.13666356250608394 1.4468085106382977 0.62 20.581541723409117
0.13829127125257754 1.4468085106382977 0.63 20.753510116013985
0.13990027284630163 1.4468085106382977 0.64 20.927763797526552
0.1414907121512543 1.4468085106382977 0.65 21.10429497183575
0.14306273781319714 1.4468085106382977 0.66 21.283096157488632
0.1446165019516753 1.4468085106382977 0.67 21.46416017480281
0.14615215986506563 1.4468085106382977 0.68 21.64748013362856
0.14766986974798807 1.4468085106382977 0.69 21.833049421820384
0.14916979242040482 1.4468085106382977 0.7 22.020861694481212
0.1506520910679246 1.4468085106382977 0.71 22.210910863986605
0.15211693099288623 1.4468085106382977 0.72 22.40319109078245
0.15356447937564813 1.4468085106382977 0.73 22.59769677499599
0.1549949050459616 1.4468085106382977 0.74 22.79442254877033
0.15640837826378584 1.4468085106382977 0.75 22.99336326938974
0.15780507050962114 1.4468085106382977 0.76 23.194514013054516
0.15918515428370175 1.4468085106382977 0.77 23.397870069384478
0.1605488029141284 1.4468085106382977 0.78 23.603426936516133
0.16189619037365188 1.4468085106382977 0.79 23.811180316770116
0.16322749110490384 1.4468085106382977 0.8 24.02112611284371
0.1645428798537099 1.4468085106382977 0.81 24.233260424533135
0.1658425315107694 1.4468085106382977 0.82 24.44757954580208
0.16712662096101838 1.4468085106382977 0.83 24.664079962299674
0.16839532294096227 1.4468085106382977 0.84 24.88275834914806
0.16964881190341058 1.4468085106382977 0.85 25.1036115690728
0.17088726188973213 1.4468085106382977 0.86 25.326636670749384
0.17211084640931842 1.4468085106382977 0.87 25.55183088736762
0.1733197383261081 1.4468085106382977 0.88 25.779191635368505
0.17451410975191442 1.4468085106382977 0.89 26.008716513343046
0.17569413194638078 1.4468085106382977 0.9 26.24040330105916
0.17685997522342808 1.4468085106382977 0.91 26.474249958573143
0.17801180886375545 1.4468085106382977 0.92 26.71025462547397
0.1791498010334271 1.4468085106382977 0.93 26.948415620169953
0.18027411870799792 1.4468085106382977 0.94 27.188731439302675
0.1813849276022487 1.4468085106382977 0.95 27.43120075719014
0.1824823921049205 1.4468085106382977 0.96 27.675822425407652
0.1835666752185713 1.4468085106382977 0.97 27.922595472396683
0.1846379385039048 1.4468085106382977 0.98 28.171519103227478
0.18569634202850677 1.4468085106382977 0.99 28.422592699467476
0.0 1.4609929078014183 0.0 15.32725040156786
0.00255414455629518 1.4609929078014183 0.01 15.328831609850932
0.005107498983538424 1.4609929078014183 0.02 15.333574710953545
0.007659274809706171 1.4609929078014183 0.03 15.341478134941614
0.010208686868043033 1.4609929078014183 0.04 15.352539269735791
0.012754954927794522 1.4609929078014183 0.05 15.366754467826453
0.015297305298866908 1.4609929078014183 0.06 15.384119055674736
0.01783497240202739 1.4609929078014183 0.07 15.40462734586916
0.02036720029658128 1.4609929078014183 0.08 15.428272651987337
0.02289324415776979 1.4609929078014183 0.09 15.455047306221665
0.025412371696539218 1.4609929078014183 0.1 15.484942679791995
0.027923864514871354 1.4609929078014183 0.11 15.517949206076898
0.030427019390238647 1.4609929078014183 0.12 15.554056406590103
0.03292114948352853 1.4609929078014183 0.13 15.5932529196473
0.035405585465213885 1.4609929078014183 0.14 15.63552653180134
0.03787967655536757 1.4609929078014183 0.15 15.680864211923225
0.0403427914736805 1.4609929078014183 0.16 15.729252147931389
0.0427943192965429 1.4609929078014183 0.17 15.780675785992226
0.04523367021880954 1.4609929078014183 0.18 15.835119872159128
0.04766027621880807 1.4609929078014183 0.19 15.892568496241797
0.050073591625745976 1.4609929078014183 0.2 15.953005137804315
0.05247309358966831 1.4609929078014183 0.21 16.01641271399704
0.05485828245454517 1.4609929078014183 0.22 16.082773629121817
0.057228682036087365 1.4609929078014183 0.23 16.152069825600986
0.059583839806487245 1.4609929078014183 0.24 16.22428283607345
0.06192332698872486 1.4609929078014183 0.25 16.299393836432152
0.06424673856412554 1.4609929078014183 0.26 16.377383699347764
0.06655369319689534 1.4609929078014183 0.27 16.458233048098037
0.06884383308025292 1.4609929078014183 0.28 16.541922310285415
0.07111682370896084 1.4609929078014183 0.29 16.62843177115094
0.07337235358349925 1.4609929078014183 0.3 16.71774162614279
0.07561013385139898 1.4609929078014183 0.31 16.80983203240543
0.07782989789139637 1.4609929078014183 0.32 16.904683158891526
0.080031400846324 1.4609929078014183 0.33 17.00227523475692
0.08221441911050097 1.4609929078014183 0.34 17.102588595809927
0.08437874977766163 1.4609929078014183 0.35 17.20560372868217
0.08652421005516459 1.4609929078014183 0.36 17.311301312512498
0.08865063664998973 1.4609929078014183 0.37 17.419662257997413
0.09075788513230477 1.4609929078014183 0.38 17.530667743503216
0.09284582928145703 1.4609929078014183 0.39 17.6442992482456
0.09491436041981839 1.4609929078014183 0.4 17.760538582236133
0.09696338673843093 1.4609929078014183 0.41 17.879367913181945
0.09899283261938688 1.4609929078014183 0.42 18.000769790044107
0.10100263795838893 1.4609929078014183 0.43 18.12472716342589
0.10299275749127064 1.4609929078014183 0.44 18.251223402722555
0.10496316012740646 1.4609929078014183 0.45 18.38024231016878
0.10691382829286906 1.4609929078014183 0.46 18.511768131832557
0.10884475728569999 1.4609929078014183 0.47 18.64578556567363
0.11075595464518849 1.4609929078014183 0.48 18.782279766843025
0.11264743953687263 1.4609929078014183 0.49 18.921236350360385
0.1145192421544656 1.4609929078014183 0.5 19.062641391385107
0.11637140313985707 1.4609929078014183 0.51 19.206481423223988
0.11820397302166481 1.4609929078014183 0.52 19.35274343336044
0.12001701167297793 1.4609929078014183 0.53 19.501414857654797
0.12181058778843837 1.4609929078014183 0.54 19.652483572959216
0.12358477838051624 1.4609929078014183 0.55 19.80593788841915
0.12533966829524332 1.4609929078014183 0.56 19.961766535543024
0.1270753497465702 1.4609929078014183 0.57 20.119958657426697
0.12879192186931102 1.4609929078014183 0.58 20.280503797214156
0.13048949028996065 1.4609929078014183 0.59 20.44339188605638
0.13216816671522885 1.4609929078014183 0.6 20.608613230619333
0.13382806853673468 1.4609929078014183 0.61 20.77615850060416
0.13546931845248888 1.4609929078014183 0.62 20.94601871603322
0.13709204410331322 1.4609929078014183 0.63 21.118185234813506
0.13869637772436733 1.4609929078014183 0.64 21.292649740441192
0.14028245581074789 1.4609929078014183 0.65 21.469404230075472
0.1418504187965101 1.4609929078014183 0.66 21.648441003079817
0.1434004107469065 1.4609929078014183 0.67 21.829752649986215
0.14493257906280838 1.4609929078014183 0.68 22.01333204208816
0.14644707419698774 1.4609929078014183 0.69 22.199172321645985
0.14794404938209485 1.4609929078014183 0.7 22.38726689264006
0.14942366036928637 1.4609929078014183 0.71 22.577609412274768
0.15088606517768843 1.4609929078014183 0.72 22.770193783062535
0.15233142385404008 1.4609929078014183 0.73 22.96501414557334
0.1537598982421379 1.4609929078014183 0.74 23.16206487185305
0.15517165176219486 1.4609929078014183 0.75 23.361340559367097
0.1565668491992837 1.4609929078014183 0.76 23.562836025612576
0.1579456565011548 1.4609929078014183 0.77 23.766546303206155
0.1593082405848571 1.4609929078014183 0.78 23.972466635516806
0.16065476915207869 1.4609929078014183 0.79 24.18059247276751
0.16198541051316048 1.4609929078014183 0.8 24.390919468520792
0.16330033341927574 1.4609929078014183 0.81 24.603443476603246
0.16459970690292658 1.4609929078014183 0.82 24.81816054832799
0.16588370012629264 1.4609929078014183 0.83 25.035066930060918
0.1671524822375552 1.4609929078014183 0.84 25.254159061000806
0.16840622223467336 1.4609929078014183 0.85 25.475433571239936
0.16964508883667975 1.4609929078014183 0.86 25.698887279995056
0.1708692503621648 1.4609929078014183 0.87 25.924517194019955
0.17207887461486404 1.4609929078014183 0.88 26.152320506138448
0.17327412877589624 1.4609929078014183 0.89 26.38229459394886
0.17445517930273324 1.4609929078014183 0.9 26.61443701859118
0.1756221918344741 1.4609929078014183 0.91 26.84874552362361
0.17677533110322613 1.4609929078014183 0.92 27.085218033987328
0.17791476085138463 1.4609929078014183 0.93 27.32385265504322
0.17904064375449139 1.4609929078014183 0.94 27.56464767170053
0.18015314134954352 1.4609929078014183 0.95 27.807601547600445
0.18125241396838115 1.4609929078014183 0.96 28.052712924394488
0.18233862067588344 1.4609929078014183 0.97 28.299980621129166
0.18341191921283093 1.4609929078014183 0.98 28.549403633710643
0.18447246594303243 1.4609929078014183 0.99 28.800981134506202
0.0 1.475177304964539 0.0 15.697663410913009
0.0025238333885833674 1.475177304964539 0.01 15.699240301005768
0.005046906521516962 1.475177304964539 0.02 15.703970459985294
0.007568460697821975 1.475177304964539 0.03 15.711852355386744
0.010087740317683568 1.475177304964539 0.04 15.72288343775818
0.012603994412633207 1.475177304964539 0.05 15.737060147713624
0.015116478151441348 1.475177304964539 0.06 15.7543779257805
0.017624454313965386 1.475177304964539 0.07 15.774831225012436
0.020127194725391505 1.475177304964539 0.08 15.798413526477118
0.022623981643749534 1.475177304964539 0.09 15.825117357469196
0.025114109093837145 1.475177304964539 0.1 15.854934312569913
0.02759688414127887 1.475177304964539 0.11 15.887855077403756
0.030071628100821073 1.475177304964539 0.12 15.923869455143668
0.03253767767356247 1.475177304964539 0.13 15.962966395700187
0.03499438600844561 1.475177304964539 0.14 16.00513402749044
0.03744112368390424 1.475177304964539 0.15 16.050359691734876
0.03987727960619651 1.475177304964539 0.16 16.09862997921387
0.04230226182173145 1.475177304964539 0.17 16.149930769307055
0.044715498241316896 1.475177304964539 0.18 16.204247271195307
0.0471164372749626 1.475177304964539 0.19 16.26156406707307
0.049504548376576765 1.475177304964539 0.2 16.321865157192057
0.05187932249862869 1.475177304964539 0.21 16.385134006509368
0.05424027245752915 1.475177304964539 0.22 16.45135359269927
0.05658693321102694 1.475177304964539 0.23 16.520506455335784
0.05891886204968162 1.475177304964539 0.24 16.592574745942926
0.061235638705000525 1.475177304964539 0.25 16.667540278636768
0.06353686537734474 1.475177304964539 0.26 16.74538458108266
0.06582216668721023 1.475177304964539 0.27 16.82608894547273
0.06809118955392054 1.475177304964539 0.28 16.90963447922377
0.07034360300618372 1.475177304964539 0.29 16.996002155072603
0.07257909792916843 1.475177304964539 0.3 17.085172860303484
0.07479738675308863 1.475177304964539 0.31 17.177127444799765
0.07699820308840509 1.475177304964539 0.32 17.27184676765328
0.07918130131297993 1.475177304964539 0.33 17.369311742026127
0.08134645611626766 1.475177304964539 0.34 17.469503378114453
0.08349346200607508 1.475177304964539 0.35 17.572402823875656
0.08562213278291508 1.475177304964539 0.36 17.677991403403727
0.08773230098710386 1.475177304964539 0.37 17.78625065275124
0.08982381732344055 1.475177304964539 0.38 17.897162353085076
0.09189655006831168 1.475177304964539 0.39 18.010708561004453
0.09395038446355175 1.475177304964539 0.4 18.126871635989037
0.09598522210113498 1.475177304964539 0.41 18.24563426496088
0.0980009803027935 1.475177304964539 0.42 18.36697948385
0.09999759149796209 1.475177304964539 0.43 18.490890696232146
0.10197500260313548 1.475177304964539 0.44 18.617351689123517
0.10393317440575604 1.475177304964539 0.45 18.746346645906815
0.10587208095496226 1.475177304964539 0.46 18.87786015655827
0.1077917089614756 1.475177304964539 0.47 19.011877225262463
0.10969205720854101 1.475177304964539 0.48 19.14838327553878
0.11157313597531361 1.475177304964539 0.49 19.287364153096128
0.11343496647420799 1.475177304964539 0.5 19.428806126499552
0.11527758030300594 1.475177304964539 0.51 19.57269588590336
0.11710101891265232 1.475177304964539 0.52 19.719020539978647
0.11890533309105054 1.475177304964539 0.53 19.86776761130376
0.12069058246345941 1.475177304964539 0.54 20.018925030320723
0.1224568350094219 1.475177304964539 0.55 20.172481128128023
0.12420416659632341 1.475177304964539 0.56 20.32842462826837
0.12593266052941102 1.475177304964539 0.57 20.486744637710668
0.12764240711812885 1.475177304964539 0.58 20.647430637175123
0.12933350325827947 1.475177304964539 0.59 20.810472471025914
0.13100605202986487 1.475177304964539 0.6 20.975860336811223
0.13266016230988553 1.475177304964539 0.61 21.14358477468977
0.13429594839992756 1.475177304964539 0.62 21.313636656780464
0.1359135296677759 1.475177304964539 0.63 21.486007176643433
0.1375130302029251 1.475177304964539 0.64 21.660687838881536
0.13909457848501303 1.475177304964539 0.65 21.837670449107684
0.1406583070652174 1.475177304964539 0.66 22.016947104190802
0.142204352259775 1.475177304964539 0.67 22.198510182963993
0.14373285385551998 1.475177304964539 0.68 22.382352337339896
0.14524395482665012 1.475177304964539 0.69 22.568466483989372
0.14673780106274273 1.475177304964539 0.7 22.75684579648214
0.1482145411074875 1.475177304964539 0.71 22.947483697959314
0.14967432590763396 1.475177304964539 0.72 23.140373854396532
0.1511173085723853 1.475177304964539 0.73 23.335510168287886
0.15254364414228613 1.475177304964539 0.74 23.53288677294854
0.15395348936793748 1.475177304964539 0.75 23.732498027235085
0.15534700249797276 1.475177304964539 0.76 23.934338510762466
0.1567243430761442 1.475177304964539 0.77 24.13840301956784
0.15808567174749014 1.475177304964539 0.78 24.344686562135912
0.15943115007306977 1.475177304964539 0.79 24.55318435584963
0.16076094035328 1.475177304964539 0.8 24.7638918237691
0.16207520545969015 1.475177304964539 0.81 24.97680459166617
0.1633741086747655 1.475177304964539 0.82 25.191918485417432
0.164657813539854 1.475177304964539 0.83 25.40922952855019
0.16592648371071497 1.475177304964539 0.84 25.62873394007432
0.16718028282088424 1.475177304964539 0.85 25.850428132421033
0.16841937435214552 1.475177304964539 0.86 26.07430870962648
0.16964392151244703 1.475177304964539 0.87 26.30037246556943
0.17085408712058053 1.475177304964539 0.88 26.5286163823888
0.17205003349773995 1.475177304964539 0.89 26.75903762896077
0.1732319223654831 1.475177304964539 0.9 26.991633559500475
0.17439991475004282 1.475177304964539 0.91 27.226401712223552
0.17555417089264377 1.475177304964539 0.92 27.46333980809435
0.17669485016566402 1.475177304964539 0.93 27.702445749632393
0.17782211099423842 1.475177304964539 0.94 27.943717619826316
0.1789361107832719 1.475177304964539 0.95 28.187153681090024
0.18003700584941468 1.475177304964539 0.96 28.432752374328466
0.18112495135790785 1.475177304964539 0.97 28.680512318070544
0.182200101263898 1.475177304964539 0.98 28.93043230772633
0.18326260825795954 1.475177304964539 0.99 29.182511314984886
0.0 1.4893617021276595 0.0 16.070648727554484
0.0024943767276842752 1.4893617021276595 0.01 16.0722214667741
0.004988021435743277 1.4893617021276595 0.02 16.076939187012314
0.007480203563390314 1.4893617021276595 0.03 16.084800397441587
0.0099701954599174 1.4893617021276595 0.04 16.095802618136428
0.01245727382078835 1.4893617021276595 0.05 16.109942387284757
0.014940721101199912 1.4893617021276595 0.06 16.127215271205632
0.01741982689987509 1.4893617021276595 0.07 16.1476158772491
0.019893889306125873 1.4893617021276595 0.08 16.171137869524493
0.022362216203563476 1.4893617021276595 0.09 16.19777398738308
0.02482412652411826 1.4893617021276595 0.1 16.227516066717058
0.027278951446596617 1.4893617021276595 0.11 16.26035506388266
0.029726035534265532 1.4893617021276595 0.12 16.296281082362245
0.032164737806697936 1.4893617021276595 0.13 16.335283401927708
0.034594432741478366 1.4893617021276595 0.14 16.377350510318053
0.037014511202030524 1.4893617021276595 0.15 16.4224701373049
0.03942438128846178 1.4893617021276595 0.16 16.47062929099275
0.04182346910887885 1.4893617021276595 0.17 16.52181429625094
0.044211219469304695 1.4893617021276595 0.18 16.57601083511457
0.04658709648103121 1.4893617021276595 0.19 16.633203988932777
0.0489505840847191 1.4893617021276595 0.2 16.693378282155102
0.051301186491409974 1.4893617021276595 0.21 16.756517727456135
0.0536384285410389 1.4893617021276595 0.22 16.822605872032955
0.05596185597973496 1.4893617021276595 0.23 16.891625844811784
0.058271035657833356 1.4893617021276595 0.24 16.96356040425141
0.06056555565063692 1.4893617021276595 0.25 17.03839198666772
0.06284502530520794 1.4893617021276595 0.26 17.11610275453305
0.06510907521606953 1.4893617021276595 0.27 17.196674644711063
0.06735735713362932 1.4893617021276595 0.28 17.28008941624775
0.06958954380931696 1.4893617021276595 0.29 17.366328697441016
0.07180532878160457 1.4893617021276595 0.3 17.4553740319634
0.07400442610740032 1.4893617021276595 0.31 17.547206923762698
0.07618657004345888 1.4893617021276595 0.32 17.641808880482184
0.07835151468247573 1.4893617021276595 0.33 17.739161455194193
0.08049903354858942 1.4893617021276595 0.34 17.839246286248265
0.08262891915719968 1.4893617021276595 0.35 17.942045134970122
0.08474098254342692 1.4893617021276595 0.36 18.04753992120396
0.08683505276429487 1.4893617021276595 0.37 18.15571275633066
0.0889109763784403 1.4893617021276595 0.38 18.266545973917466
0.09096861690818335 1.4893617021276595 0.39 18.380022157652988
0.09300785428747815 1.4893617021276595 0.4 18.496124166719845
0.09502858429989171 1.4893617021276595 0.41 18.614835158416323
0.09703071800972883 1.4893617021276595 0.42 18.73613860818059
0.0990141811900315 1.4893617021276595 0.43 18.86001832684053
0.10097891374978452 1.4893617021276595 0.44 18.986458475375333
0.10292486916349569 1.4893617021276595 0.45 19.11544357705425
0.10485201390517114 1.4893617021276595 0.46 19.24695852717346
0.10676032688898306 1.4893617021276595 0.47 19.380988600413673
0.10864979891802828 1.4893617021276595 0.48 19.517519456088245
0.11052043214327326 1.4893617021276595 0.49 19.65653714121054
0.11237223953333857 1.4893617021276595 0.5 19.79802809175646
0.11420524435656007 1.4893617021276595 0.51 19.94197913213367
0.1160194796759177 1.4893617021276595 0.52 20.088377473103368
0.11781498785762616 1.4893617021276595 0.53 20.23721070826052
0.11959182009344012 1.4893617021276595 0.54 20.388466809375956
0.12135003593746212 1.4893617021276595 0.55 20.542134120591676
0.12308970285721477 1.4893617021276595 0.56 20.698201351767214
0.12481089579903185 1.4893617021276595 0.57 20.856657571124526
0.12651369676784216 1.4893617021276595 0.58 21.017492197293606
0.12819819442107666 1.4893617021276595 0.59 21.18069499094191
0.12986448367633754 1.4893617021276595 0.6 21.346256046167678
0.131512665333104 1.4893617021276595 0.61 21.514165781600997
0.13314284570720572 1.4893617021276595 0.62 21.68441493164248
0.13475513627882016 1.4893617021276595 0.63 21.856994537581823
0.13634965335276644 1.4893617021276595 0.64 22.031895938974273
0.13792651773137282 1.4893617021276595 0.65 22.209110765145986
0.13948585439911668 1.4893617021276595 0.66 22.38863092703942
0.14102779221897174 1.4893617021276595 0.67 22.570448609360994
0.14255246364010332 1.4893617021276595 0.68 22.754556263081795
0.14406000441645367 1.4893617021276595 0.69 22.940946598366956
0.14555055333619346 1.4893617021276595 0.7 23.129612577865903
0.1470242519613866 1.4893617021276595 0.71 23.320547410492836
0.1484812443779918 1.4893617021276595 0.72 23.513744545576316
0.14992167695573924 1.4893617021276595 0.73 23.70919766744145
0.15134569811766177 1.4893617021276595 0.74 23.906900690409863
0.1527534581190879 1.4893617021276595 0.75 24.1068477541924
0.154145108835961 1.4893617021276595 0.76 24.309033219631235
0.1555208035621543 1.4893617021276595 0.77 24.513451664809136
0.1568806968157149 1.4893617021276595 0.78 24.720097881459893
0.15822494415375354 1.4893617021276595 0.79 24.92896687168238
0.15955370199575497 1.4893617021276595 0.8 25.140053844942525
0.1608671274553802 1.4893617021276595 0.81 25.35335421525384
0.16216537818007873 1.4893617021276595 0.82 25.56886359866547
0.16344861219898224 1.4893617021276595 0.83 25.786577810822656
0.16471698777815041 1.4893617021276595 0.84 26.006492864807647
0.16597066328362006 1.4893617021276595 0.85 26.22860496903333
0.16720979705153594 1.4893617021276595 0.86 26.452910525333188
0.16843454726558593 1.4893617021276595 0.87 26.679406127093554
0.16964507184110333 1.4893617021276595 0.88 26.908088557546723
0.1708415283159449 1.4893617021276595 0.89 27.138954788108926
0.17202407374776163 1.4893617021276595 0.9 27.372001976803336
0.1731928646174225 1.4893617021276595 0.91 27.60722746676487
0.1743480567383911 1.4893617021276595 0.92 27.844628784811846
0.17548980517184448 1.4893617021276595 0.93 28.08420364007468
0.17661826414716778 1.4893617021276595 0.94 28.325949922722995
0.17773358698776254 1.4893617021276595 0.95 28.569865702737435
0.17883592604171142 1.4893617021276595 0.96 28.81594922880042
0.17992543261730318 1.4893617021276595 0.97 29.064198927234532
0.18100225692287833 1.4893617021276595 0.98 29.31461340109402
0.18206654801101013 1.4893617021276595 0.99 29.567191429338724
0.0 1.50354609929078 0.0 16.446237900130107
0.0024657327489702426 1.50354609929078 0.01 16.447806697359717
0.004930760174433576 1.50354609929078 0.02 16.452512606399306
0.007394378322259689 1.50354609929078 0.03 16.46035418075661
0.00985588597002901 1.50354609929078 0.04 16.471329014435003
0.01231458597534545 1.50354609929078 0.05 16.485433749152605
0.014769786603266099 1.50354609929078 0.06 16.50266408443007
0.01722080282616721 1.50354609929078 0.07 16.52301479051934
0.01966695758962222 1.50354609929078 0.08 16.546479724107474
0.02210758303810497 1.50354609929078 0.09 16.573051846830353
0.02454202169476828 1.50354609929078 0.1 16.602723246433364
0.02696962758983794 1.50354609929078 0.11 16.63548516060917
0.029389767332684148 1.50354609929078 0.12 16.671328003371002
0.03180182112305193 1.50354609929078 0.13 16.71024139390394
0.03420518369746998 1.50354609929078 0.14 16.752214187776858
0.03659926520742781 1.50354609929078 0.15 16.79723451035976
0.03898349202635352 1.50354609929078 0.16 16.84528979239525
0.041357307483177584 1.50354609929078 0.17 16.896366807475793
0.043720172520728205 1.50354609929078 0.18 16.950451711302808
0.04607156627780763 1.50354609929078 0.19 17.007530082560294
0.04841098659445648 1.50354609929078 0.2 17.067586965165926
0.05073795044041416 1.50354609929078 0.21 17.13060691171361
0.05305199426737472 1.50354609929078 0.22 17.196574027879905
0.055352674286216166 1.50354609929078 0.23 17.265472017531362
0.05763956667073562 1.50354609929078 0.24 17.33728422836118
0.05991226769016723 1.50354609929078 0.25 17.411993697699913
0.062170393772861786 1.50354609929078 0.26 17.489583198355426
0.06441358150416351 1.50354609929078 0.27 17.57003528416412
0.06664148756178521 1.50354609929078 0.28 17.6533323349936
0.06885378859212714 1.50354609929078 0.29 17.739456601020773
0.07105018103148217 1.50354609929078 0.3 17.828390245974276
0.07323038087610538 1.50354609929078 0.31 17.92011538913165
0.07539412340521241 1.50354609929078 0.32 18.014614145896562
0.07754116286123182 1.50354609929078 0.33 18.11186866670916
0.07967127209152569 1.50354609929078 0.34 18.211861174137656
0.08178424215590355 1.50354609929078 0.35 18.314573997961713
0.0838798819039898 1.50354609929078 0.36 18.419989608177183
0.08595801752678088 1.50354609929078 0.37 18.528090645706595
0.0880184920861258 1.50354609929078 0.38 18.638859950838214
0.09006116502618398 1.50354609929078 0.39 18.752280589225318
0.09208591167036254 1.50354609929078 0.4 18.868335875464258
0.09409262270711778 1.50354609929078 0.41 18.987009394248886
0.09608120366795489 1.50354609929078 0.42 19.10828501905021
0.0980515744004782 1.50354609929078 0.43 19.23214692839379
0.10000366853924054 1.50354609929078 0.44 19.358579619767344
0.10193743297667707 1.50354609929078 0.45 19.487567921292715
0.10385282733666558 1.50354609929078 0.46 19.61909700111505
0.10574982345223241 1.50354609929078 0.47 19.753152374779916
0.1076284048494575 1.50354609929078 0.48 19.889719910579327
0.10948856623879243 1.50354609929078 0.49 20.028785833093803
0.11133031301512455 1.50354609929078 0.5 20.170336725034193
0.11315366076770908 1.50354609929078 0.51 20.31435952749878
0.11495863480064242 1.50354609929078 0.52 20.460841538858467
0.11674526966458293 1.50354609929078 0.53 20.60977041240741
0.11851360870042638 1.50354609929078 0.54 20.761134152861832
0.12026370359500317 1.50354609929078 0.55 20.914921111965302
0.1219956139491825 1.50354609929078 0.56 21.071119983296466
0.12370940685856088 1.50354609929078 0.57 21.22971979640656
0.12540515650680753 1.50354609929078 0.58 21.3907099104136
0.1270829437713538 1.50354609929078 0.59 21.55408000727619
0.12874285584175088 1.50354609929078 0.6 21.719820084721295
0.13038498585030792 1.50354609929078 0.61 21.88792044901905
0.13200943251474742 1.50354609929078 0.62 22.05837170772932
0.13361629979301515 1.50354609929078 0.63 22.231164762390474
0.13520569654956838 1.50354609929078 0.64 22.406290801377423
0.13677773623344497 1.50354609929078 0.65 22.583741292813286
0.13833253656719163 1.50354609929078 0.66 22.763507977814335
0.1398702192472589 1.50354609929078 0.67 22.945582863829877
0.1413909096547125 1.50354609929078 0.68 23.129958218412085
0.14289473657683302 1.50354609929078 0.69 23.31662656317405
0.14438183193876045 1.50354609929078 0.7 23.505580668155183
0.1458523305454628 1.50354609929078 0.71 23.696813546439017
0.14730636983339385 1.50354609929078 0.72 23.89031844916402
0.14874408963192695 1.50354609929078 0.73 24.086088860828237
0.150165631934304 1.50354609929078 0.74 24.284118494900166
0.15157114067772143 1.50354609929078 0.75 24.484401289783392
0.1529607615327605 1.50354609929078 0.76 24.686931404990997
0.15433464170156597 1.50354609929078 0.77 24.891703217644906
0.1556929297247364 1.50354609929078 0.78 25.098711319232354
0.1570357752969622 1.50354609929078 0.79 25.30795051252821
0.15836332909085374 1.50354609929078 0.8 25.51941580878229
0.15967574258909553 1.50354609929078 0.81 25.73310242504681
0.16097316792446179 1.50354609929078 0.82 25.949005781712195
0.16225575772776288 1.50354609929078 0.83 26.167121500147417
0.16352366498333096 1.50354609929078 0.84 26.387445400489536
0.16477704289190168 1.50354609929078 0.85 26.6099734995472
0.16601604474075654 1.50354609929078 0.86 26.83470200878051
0.1672408237807273 1.50354609929078 0.87 27.061627332405454
0.168451533110029 1.50354609929078 0.88 27.290746065553392
0.16964832556468393 1.50354609929078 0.89 27.52205499248315
0.1708313536150867 1.50354609929078 0.9 27.75555108491258
0.17200076926879657 1.50354609929078 0.91 27.99123150036444
0.1731567239790577 1.50354609929078 0.92 28.229093580612012
0.1742993685590304 1.50354609929078 0.93 28.4691348501548
0.17542885310125453 1.50354609929078 0.94 28.71135301480651
0.17654532690235117 1.50354609929078 0.95 28.955745960321355
0.1776489383925398 1.50354609929078 0.96 29.202311751125812
0.17873983506986563 1.50354609929078 0.97 29.45104862912195
0.17981816343875992 1.50354609929078 0.98 29.70195501261869
0.1808840689528629 1.50354609929078 0.99 29.955029495349855
0.0 1.5177304964539007 0.0 16.824468962588334
0.002437862001874481 1.5177304964539007 0.01 16.8260340550976
0.0048750439323371935 1.5177304964539007 0.02 16.830728865252762
0.007310867006029892 1.5177304964539007 0.03 16.838551992355576
0.009744655003189443 1.5177304964539007 0.04 16.84950110669733
0.0121757355362232 1.5177304964539007 0.05 16.863572956716734
0.014603441296975652 1.5177304964539007 0.06 16.880763378993358
0.017027111278516045 1.5177304964539007 0.07 16.90106731103278
0.0194460919654962 1.5177304964539007 0.08 16.92447880680283
0.021859738487391325 1.5177304964539007 0.09 16.9509910549804
0.02426741572928351 1.5177304964539007 0.1 16.980596399807826
0.026668499395173812 1.5177304964539007 0.11 17.01328636451965
0.029062377019263747 1.5177304964539007 0.12 17.049051677203433
0.03144844892100482 1.5177304964539007 0.13 17.087882299061974
0.03382612910036122 1.5177304964539007 0.14 17.129767454813923
0.03619484606989763 1.5177304964539007 0.15 17.174695665343094
0.03855404362131383 1.5177304964539007 0.16 17.222654782136768
0.04090318152403097 1.5177304964539007 0.17 17.27363202364174
0.04324173615440445 1.5177304964539007 0.18 17.327614013186295
0.045569201054433586 1.5177304964539007 0.19 17.38458681836077
0.047885087419563904 1.5177304964539007 0.2 17.44453599156932
0.050188924515375495 1.5177304964539007 0.21 17.507446611714016
0.05248026002395719 1.5177304964539007 0.22 17.573303326573768
0.05475866032069164 1.5177304964539007 0.23 17.642090395862706
0.057023710683186804 1.5177304964539007 0.24 17.713791734542596
0.05927501543394856 1.5177304964539007 0.25 17.78839095635537
0.06151219801939866 1.5177304964539007 0.26 17.865871417128496
0.06373490102754173 1.5177304964539007 0.27 17.94621625782786
0.06594278614749409 1.5177304964539007 0.28 18.029408446958527
0.06813553407388269 1.5177304964539007 0.29 18.115430822208797
0.07031284435975599 1.5177304964539007 0.3 18.204266131001063
0.07247443522119976 1.5177304964539007 0.31 18.295897069963523
0.07462004329794741 1.5177304964539007 0.32 18.390306322829492
0.07674942337326757 1.5177304964539007 0.33 18.487476596868696
0.07886234805722912 1.5177304964539007 0.34 18.58739065755397
0.08095860743719643 1.5177304964539007 0.35 18.690031361323562
0.08303800869917964 1.5177304964539007 0.36 18.79538168640333
0.08510037572390917 1.5177304964539007 0.37 18.903424761518906
0.08714554866114187 1.5177304964539007 0.38 19.014143892470596
0.08917338348571785 1.5177304964539007 0.39 19.127522586495598
0.09118375153864486 1.5177304964539007 0.4 19.2435445744008
0.09317653905635122 1.5177304964539007 0.41 19.36219383045067
0.09515164669097176 1.5177304964539007 0.42 19.483454590048627
0.09710898902440951 1.5177304964539007 0.43 19.607311365232135
0.09904849407876118 1.5177304964539007 0.44 19.733748957997204
0.10097010282515247 1.5177304964539007 0.45 19.862752471614822
0.10287376869337893 1.5177304964539007 0.46 19.994307319886516
0.10475945708372045 1.5177304964539007 0.47 20.128399234623167
0.10662714488309456 1.5177304964539007 0.48 20.265014271242453
0.10847681998646483 1.5177304964539007 0.49 20.40413881280102
0.11030848082507222 1.5177304964539007 0.5 20.54575957245284
0.11212213590237964 1.5177304964539007 0.51 20.689863594524653
0.11391780333862572 1.5177304964539007 0.52 20.83643825433276
0.11569551042466804 1.5177304964539007 0.53 20.985471256890047
0.11745529318580167 1.5177304964539007 0.54 21.136950634597152
0.11919719595586357 1.5177304964539007 0.55 21.290864744101118
0.12092127096199937 1.5177304964539007 0.56 21.447202262434253
0.12262757792048445 1.5177304964539007 0.57 21.60595218250193
0.12431618364339207 1.5177304964539007 0.58 21.7671038081645
0.12598716165656665 1.5177304964539007 0.59 21.930646748887774
0.12764059182881365 1.5177304964539007 0.6 22.096570914103463
0.12927656001205154 1.5177304964539007 0.61 22.26486650745022
0.1308951576926215 1.5177304964539007 0.62 22.43552402088563
0.13249648165370645 1.5177304964539007 0.63 22.60853422872624
0.13408063364831646 1.5177304964539007 0.64 22.7838881818241
0.13564772008326909 1.5177304964539007 0.65 22.961577201738816
0.13719785171351614 1.5177304964539007 0.66 23.141592875120725
0.13873114334700398 1.5177304964539007 0.67 23.323927048223464
0.14024771355968427 1.5177304964539007 0.68 23.5085718216483
0.1417476844207015 1.5177304964539007 0.69 23.69551954527614
0.1432311812272336 1.5177304964539007 0.7 23.88476281352026
0.14469833224947048 1.5177304964539007 0.71 24.076294460688864
0.14614926848471863 1.5177304964539007 0.72 24.270107556742577
0.1475841234212458 1.5177304964539007 0.73 24.466195403183328
0.14900303281113061 1.5177304964539007 0.74 24.66455152925845
0.15040613445239756 1.5177304964539007 0.75 24.86516968832154
0.1517935679798151 1.5177304964539007 0.76 25.06804385448938
0.15316547466465746 1.5177304964539007 0.77 25.273168219425475
0.15452199722290844 1.5177304964539007 0.78 25.480537189351253
0.15586327963185817 1.5177304964539007 0.79 25.6901453822281
0.1571894669549685 1.5177304964539007 0.8 25.901987625076515
0.15850070517478262 1.5177304964539007 0.81 26.116058951431096
0.15979714103368037 1.5177304964539007 0.82 26.332354598920368
0.1610789218821535 1.5177304964539007 0.83 26.55087000700178
0.16234619553479898 1.5177304964539007 0.84 26.771600814709206
0.1635991101333934 1.5177304964539007 0.85 26.994542858545216
0.16483781401697556 1.5177304964539007 0.86 27.21969217046446
0.16606245559900945 1.5177304964539007 0.87 27.447044975846964
0.16727318325086937 1.5177304964539007 0.88 27.676597691634157
0.16847014519199324 1.5177304964539007 0.89 27.908346924436746
0.16965348938597907 1.5177304964539007 0.9 28.142289468778117
0.17082336344282664 1.5177304964539007 0.91 28.378422305331156
0.1719799145267668 1.5177304964539007 0.92 28.616742599258885
0.1731232892696968 1.5177304964539007 0.93 28.857247698579773
0.174253633689734 1.5177304964539007 0.94 29.099935132647882
0.17537109311496554 1.5177304964539007 0.95 29.34480261065163
0.17647581211187843 1.5177304964539007 0.96 29.591848020233815
0.1775679344184366 1.5177304964539007 0.97 29.841069426177
0.17864760288145967 1.5177304964539007 0.98 30.092465069204035
0.1797149593981943 1.5177304964539007 0.99 30.346033364866553
0.0 1.5319148936170213 0.0 17.20538441038078
0.00241072738556098 1.5319148936170213 0.01 17.206946053026435
0.004820798600689593 1.5319148936170213 0.02 17.21163052900976
0.007229558683531463 1.5319148936170213 0.03 17.219436483924603
0.00963635508338099 1.5319148936170213 0.04 17.230361665092815
0.012040538851270413 1.5319148936170213 0.05 17.24440292861844
0.014441465812728694 1.5319148936170213 0.06 17.261556249182867
0.016838497717027508 1.5319148936170213 0.07 17.281816732537024
0.019231003357367743 1.5319148936170213 0.08 17.30517863076363
0.021618359656841796 1.5319148936170213 0.09 17.33163536005434
0.02399995271517135 1.5319148936170213 0.1 17.361179521076952
0.026375178811598312 1.5319148936170213 0.11 17.393802921833554
0.028743445359792254 1.5319148936170213 0.12 17.42949660277
0.03110417181080099 1.5319148936170213 0.13 17.468250864240332
0.033456790500790895 1.5319148936170213 0.14 17.510055295997184
0.03580074744054522 1.5319148936170213 0.15 17.554898808701388
0.03813550304431344 1.5319148936170213 0.16 17.60276966722855
0.040460532796002306 1.5319148936170213 0.17 17.653655525646915
0.04277532785123623 1.5319148936170213 0.18 17.707543463676405
0.04507939557431629 1.5319148936170213 0.19 17.7644200244268
0.04737226000952885 1.5319148936170213 0.2 17.824271253259248
0.04965346228682105 1.5319148936170213 0.21 17.887082737529074
0.05192256096225831 1.5319148936170213 0.22 17.952839647018045
0.054179132294156766 1.5319148936170213 0.23 18.021526774828807
0.05642277045613354 1.5319148936170213 0.24 18.09312857855672
0.05865308768885842 1.5319148936170213 0.25 18.167629221448614
0.06086971439237029 1.5319148936170213 0.26 18.245012613441627
0.06307229916151233 1.5319148936170213 0.27 18.325262451733863
0.06526050876692382 1.5319148936170213 0.28 18.408362260799485
0.0674340280845969 1.5319148936170213 0.29 18.494295431558577
0.06959255997699079 1.5319148936170213 0.3 18.583045259556133
0.07173582512892403 1.5319148936170213 0.31 18.674594981969292
0.07386356184163982 1.5319148936170213 0.32 18.768927813246734
0.07597552578841939 1.5319148936170213 0.33 18.866026979252563
0.07807148973519394 1.5319148936170213 0.34 18.96587574978102
0.08015124322962179 1.5319148936170213 0.35 19.068457469319142
0.08221459226207449 1.5319148936170213 0.36 19.17375558594949
0.08426135890180637 1.5319148936170213 0.37 19.28175367835402
0.08629138091173726 1.5319148936170213 0.38 19.392435480782897
0.0883045113447713 1.5319148936170213 0.39 19.505784906054853
0.0903006181248468 1.5319148936170213 0.4 19.621786066482432
0.09227958361548211 1.5319148936170213 0.41 19.74042329276334
0.09424130417854461 1.5319148936170213 0.42 19.86168115083631
0.09618568972563547 1.5319148936170213 0.43 19.985544456783472
0.09811266326455328 1.5319148936170213 0.44 20.111998289766127
0.10002216044292929 1.5319148936170213 0.45 20.24102800307516
0.10191412909072804 1.5319148936170213 0.46 20.37261923347092
0.10378852876383476 1.5319148936170213 0.47 20.506757908706177
0.10564533028972208 1.5319148936170213 0.48 20.64343025356115
0.1074845153169769 1.5319148936170213 0.49 20.78262279433253
0.10930607586988167 1.5319148936170213 0.5 20.924322361897968
0.11111001390853047 1.5319148936170213 0.51 21.068516093689674
0.11289634089646762 1.5319148936170213 0.52 21.215191434274118
0.11466507737531642 1.5319148936170213 0.53 21.36433613515308
0.11641625254804835 1.5319148936170213 0.54 21.515938253512203
0.11814990387083826 1.5319148936170213 0.55 21.669986150250093
0.11986607665417275 1.5319148936170213 0.56 21.82646848730353
0.12156482367330529 1.5319148936170213 0.57 21.985374224459537
0.12324620478868206 1.5319148936170213 0.58 22.146692615615777
0.12491028657598137 1.5319148936170213 0.59 22.310413204777067
0.12655714196636128 1.5319148936170213 0.6 22.47652582169995
0.12818684989666373 1.5319148936170213 0.61 22.64502057737971
0.12979949496981988 1.5319148936170213 0.62 22.815887859371433
0.13139516712521263 1.5319148936170213 0.63 22.989118327091326
0.13297396131918907 1.5319148936170213 0.64 23.164702907071245
0.1345359772154503 1.5319148936170213 0.65 23.342632788288046
0.1360813188854665 1.5319148936170213 0.66 23.522899417527725
0.1376100945186249 1.5319148936170213 0.67 23.7054944948864
0.13912241614202053 1.5319148936170213 0.68 23.890409969427637
0.1406183993500125 1.5319148936170213 0.69 24.07763803493427
0.14209816304315348 1.5319148936170213 0.7 24.267171125862006
0.14356182917641552 1.5319148936170213 0.71 24.459001913485643
0.14500952251674448 1.5319148936170213 0.72 24.653123302185772
0.1464413704097316 1.5319148936170213 0.73 24.849528425902047
0.1478575025550782 1.5319148936170213 0.74 25.048210644812368
0.14925805079104404 1.5319148936170213 0.75 25.24916354211773
0.1506431488874944 1.5319148936170213 0.76 25.452380921005247
0.15201293234744045 1.5319148936170213 0.77 25.65785680176332
0.15336753821697885 1.5319148936170213 0.78 25.865585419016558
0.1547071049033984 1.5319148936170213 0.79 26.075561219092418
0.15603177200135557 1.5319148936170213 0.8 26.28777885748449
0.1573416801268386 1.5319148936170213 0.81 26.502233196436936
0.15863697075888103 1.5319148936170213 0.82 26.71891930259195
0.15991778608867377 1.5319148936170213 0.83 26.937832444746178
0.16118426887609708 1.5319148936170213 0.84 27.15896809163587
0.16243656231319864 1.5319148936170213 0.85 27.38232190983638
0.16367480989468677 1.5319148936170213 0.86 27.607889761679022
0.16489915529502924 1.5319148936170213 0.87 27.8356677032489
0.16610974225209382 1.5319148936170213 0.88 28.06565198241131
0.16730671445697737 1.5319148936170213 0.89 28.29783903691179
0.16849021544995493 1.5319148936170213 0.9 28.53222549249994
0.16966038852215048 1.5319148936170213 0.91 28.768808161138615
0.17081737662296814 1.5319148936170213 0.92 29.007584039213537
0.17196132227267166 1.5319148936170213 0.93 29.248550305879636
0.17309236748035853 1.5319148936170213 0.94 29.491704321391033
0.1742106536666896 1.5319148936170213 0.95 29.73704362556258
0.1753163215914918 1.5319148936170213 0.96 29.984565936256114
0.1764095112857149 1.5319148936170213 0.97 30.23426914800229
0.17749036198778428 1.5319148936170213 0.98 30.4861513306796
0.17855901208399041 1.5319148936170213 0.99 30.740210728310892
0.0 1.5460992907801419 0.0 17.58902952754827
0.002384294087177835 1.5460992907801419 0.01 17.59058798402839
0.004767954642748935 1.5460992907801419 0.02 17.595262916859863
0.007150349271736732 1.5460992907801419 0.03 17.60305301762103
0.009530847846878748 1.5460992907801419 0.04 17.613956110163492
0.011908823628661889 1.5460992907801419 0.05 17.62796915744903
0.014283654368894776 1.5460992907801419 0.06 17.64508827109961
0.01665472339258862 1.5460992907801419 0.07 17.665308723530117
0.019021420653042447 1.5460992907801419 0.08 17.688624962729
0.021383143755308268 1.5460992907801419 0.09 17.715030629554622
0.02373929894349228 1.5460992907801419 0.1 17.744518577442808
0.026089302047600335 1.5460992907801419 0.11 17.77708089450403
0.02843257938605408 1.5460992907801419 0.12 17.81270892783625
0.03076856862031419 1.5460992907801419 0.13 17.851393309981034
0.03309671955850408 1.5460992907801419 0.14 17.89312398734931
0.03541649490525904 1.5460992907801419 0.15 17.937890250541415
0.0377273709555422 1.5460992907801419 0.16 17.985680766363945
0.04002883823069631 1.5460992907801419 0.17 18.036483611280104
0.04232040205505901 1.5460992907801419 0.18 18.090286306395097
0.044601583072517555 1.5460992907801419 0.19 18.1470758534737
0.04687191770227006 1.5460992907801419 0.2 18.206838772028362
0.04913095853386334 1.5460992907801419 0.21 18.26956113715519
0.05137827466178786 1.5460992907801419 0.22 18.335228617981354
0.053613451960414026 1.5460992907801419 0.23 18.40382651649345
0.05583609330034784 1.5460992907801419 0.24 18.47533980657787
0.0580458187078502 1.5460992907801419 0.25 18.549753172957185
0.060242265468871015 1.5460992907801419 0.26 18.627051049994332
0.06242508818001262 1.5460992907801419 0.27 18.70721766001205
0.0645939587486075 1.5460992907801419 0.28 18.7902370510426
0.06674856634465146 1.5460992907801419 0.29 18.876093133715163
0.06888861730709742 1.5460992907801419 0.3 18.96476971725276
0.07101383500762948 1.5460992907801419 0.31 19.056250544279884
0.07312395967476948 1.5460992907801419 0.32 19.150519324380266
0.07521874818146987 1.5460992907801419 0.33 19.247559766224917
0.07729797379929088 1.5460992907801419 0.34 19.347355608162218
0.07936142592212046 1.5460992907801419 0.35 19.449890647248406
0.08140890976289519 1.5460992907801419 0.36 19.555148766449744
0.08344024602593553 1.5460992907801419 0.37 19.663113960168314
0.08545527055817724 1.5460992907801419 0.38 19.773770357883397
0.08745383398196951 1.5460992907801419 0.39 19.887102245974923
0.08943580131241144 1.5460992907801419 0.4 20.003094087612023
0.09140105156141179 1.5460992907801419 0.41 20.121730540907933
0.09334947733163178 1.5460992907801419 0.42 20.242996475047974
0.09528098440173889 1.5460992907801419 0.43 20.36687698482401
0.09719549130611316 1.5460992907801419 0.44 20.493357403185495
0.09909292890997334 1.5460992907801419 0.45 20.622423312314666
0.10097323998268254 1.5460992907801419 0.46 20.75406055289168
0.10283637877013242 1.5460992907801419 0.47 20.888255231954894
0.10468231056822269 1.5460992907801419 0.48 21.024993729223894
0.10651101129840322 1.5460992907801419 0.49 21.164262702134415
0.10832246708673429 1.5460992907801419 0.5 21.306049089574234
0.11011667384736536 1.5460992907801419 0.51 21.450340114482383
0.11189363687127334 1.5460992907801419 0.52 21.597123285441928
0.11365337042127585 1.5460992907801419 0.53 21.746386397280887
0.115395897333735 1.5460992907801419 0.54 21.89811753088513
0.11712124862764664 1.5460992907801419 0.55 22.052305052273663
0.11882946312160925 1.5460992907801419 0.56 22.20893761102614
0.12052058705893737 1.5460992907801419 0.57 22.368004138202547
0.12219467374132849 1.5460992907801419 0.58 22.529493843806044
0.12385178317134841 1.5460992907801419 0.59 22.69339621386532
0.12549198170382503 1.5460992907801419 0.6 22.85970100724874
0.12711534170634686 1.5460992907801419 0.61 23.028398252258526
0.12872194122897462 1.5460992907801419 0.62 23.199478243062604
0.1303118636832434 1.5460992907801419 0.63 23.372931536013855
0.1318851975303086 1.5460992907801419 0.64 23.548748945968054
0.13344203597862694 1.5460992907801419 0.65 23.72692154250263
0.13498247669065402 1.5460992907801419 0.66 23.90744064625076
0.13650662149899417 1.5460992907801419 0.67 24.090297825210023
0.13801457613157578 1.5460992907801419 0.68 24.275484891182266
0.1395064499460666 1.5460992907801419 0.69 24.46299389626209
0.1409823556732301 1.5460992907801419 0.7 24.65281712946514
0.14244240916941314 1.5460992907801419 0.71 24.84494711340658
0.1438867291776388 1.5460992907801419 0.72 25.03937660118476
0.14531543709775052 1.5460992907801419 0.73 25.2360985732779
0.14672865676498514 1.5460992907801419 0.74 25.43510623463053
0.14812651423717318 1.5460992907801419 0.75 25.636393011814143
0.1495091375903558 1.5460992907801419 0.76 25.83995255028533
0.15087665672257278 1.5460992907801419 0.77 26.045778711772794
0.15222920316589494 1.5460992907801419 0.78 26.253865571710588
0.1535669099063115 1.5460992907801419 0.79 26.46420741679241
0.15488991121153284 1.5460992907801419 0.8 26.676798742563896
0.15619834246632175 1.5460992907801419 0.81 26.891634251121662
0.15749234001543946 1.5460992907801419 0.82 27.10870884882345
0.1587720410137406 1.5460992907801419 0.83 27.32801764410208
0.16003758328346157 1.5460992907801419 0.84 27.549555945299133
0.1612891051784584 1.5460992907801419 0.85 27.773319258532755
0.162526745455019 1.5460992907801419 0.86 27.999303285658304
0.16375064314938942 1.5460992907801419 0.87 28.227503922203045
0.16496093746145168 1.5460992907801419 0.88 28.457917255398005
0.16615776764459467 1.5460992907801419 0.89 28.690539562221506
0.1673412729014868 1.5460992907801419 0.9 28.92536730748459
0.1685115922854671 1.5460992907801419 0.91 29.16239714198585
0.16966886460750275 1.5460992907801419 0.92 29.401625900684234
0.17081322834832494 1.5460992907801419 0.93 29.643050600955167
0.17194482157571775 1.5460992907801419 0.94 29.886668440871276
0.1730637818664783 1.5460992907801419 0.95 30.13247679760774
0.1741702462331987 1.5460992907801419 0.96 30.380473225854985
0.1752643510553873 1.5460992907801419 0.97 30.63065545634179
0.17634623201473665 1.5460992907801419 0.98 30.883021394473623
0.17741602403454224 1.5460992907801419 0.99 31.137569119023613
0.0 1.5602836879432624 0.0 17.9754510274783
0.0023585294936248934 1.5602836879432624 0.01 17.97700656343924
0.004716446916710707 1.5602836879432624 0.02 17.981672749767682
0.007073141268582058 1.5602836879432624 0.03 17.98944832315137
0.009428003683170767 1.5602836879432624 0.04 18.00033118249231
0.011780428483572948 1.5602836879432624 0.05 18.014318395497398
0.01412981422142725 1.5602836879432624 0.06 18.03140620788896
0.01647556469627311 1.5602836879432624 0.07 18.05159005514398
0.018817089950199452 1.5602836879432624 0.08 18.07486457674689
0.021153807233334047 1.5602836879432624 0.09 18.101223632845684
0.023485141935951893 1.5602836879432624 0.1 18.130660323253718
0.025810528483262755 1.5602836879432624 0.11 18.163167008712783
0.028129411189304947 1.5602836879432624 0.12 18.19873533424585
0.03044124506661703 1.5602836879432624 0.13 18.23735625457013
0.03274549658881071 1.5602836879432624 0.14 18.279020061381956
0.03504164440353421 1.5602836879432624 0.15 18.323716412360767
0.037329179993650916 1.5602836879432624 0.16 18.371434361793778
0.039607608284961016 1.5602836879432624 0.17 18.422162392598388
0.04187644819909376 1.5602836879432624 0.18 18.475888449633704
0.044135233150732166 1.5602836879432624 0.19 18.532599974055742
0.04638351148860538 1.5602836879432624 0.2 18.592283938595354
0.04862084688014869 1.5602836879432624 0.21 18.654926883557593
0.05084681864020381 1.5602836879432624 0.22 18.720514953275746
0.053061022004217896 1.5602836879432624 0.23 18.789033932971865
0.05526306834710065 1.5602836879432624 0.24 18.86046928568892
0.05745258534893378 1.5602836879432624 0.25 18.93480618918882
0.05962921710913588 1.5602836879432624 0.26 19.012029572616502
0.06179262421100414 1.5602836879432624 0.27 19.09212415270537
0.06394248373865478 1.5602836879432624 0.28 19.17507446939502
0.06607848924864147 1.5602836879432624 0.29 19.26086492069733
0.06820035069876823 1.5602836879432624 0.3 19.34947979661711
0.07030779433666 1.5602836879432624 0.31 19.44090331200177
0.07240056255075174 1.5602836879432624 0.32 19.53511963820599
0.07447841368651369 1.5602836879432624 0.33 19.632112933422473
0.0765411218306547 1.5602836879432624 0.34 19.731867371610125
0.07858847656622055 1.5602836879432624 0.35 19.834367169878007
0.08062028270123044 1.5602836879432624 0.36 19.939596614335944
0.0826363599737937 1.5602836879432624 0.37 20.047540084261243
0.08463654273625187 1.5602836879432624 0.38 20.158182074620864
0.08662067962105002 1.5602836879432624 0.39 20.27150721688018
0.08858863319080477 1.5602836879432624 0.4 20.38750029811464
0.0905402795750697 1.5602836879432624 0.41 20.506146278385916
0.09247550809583388 1.5602836879432624 0.42 20.62743030651566
0.09439422088428234 1.5602836879432624 0.43 20.75133773411425
0.09629633249045108 1.5602836879432624 0.44 20.877854128082515
0.09818176948779753 1.5602836879432624 0.45 21.0069652815682
0.10005047007453535 1.5602836879432624 0.46 21.138657223388318
0.101902383673002 1.5602836879432624 0.47 21.272916226124057
0.10373747052881903 1.5602836879432624 0.48 21.409728812826824
0.10555570131077466 1.5602836879432624 0.49 21.549081762575657
0.10735705671307864 1.5602836879432624 0.5 21.69096211477115
0.10914152706040756 1.5602836879432624 0.51 21.835357172513028
0.11090911191727183 1.5602836879432624 0.52 21.98225450490065
0.11265981970198219 1.5602836879432624 0.53 22.131641948563423
0.11439366730635288 1.5602836879432624 0.54 22.283507608336382
0.1161106797213908 1.5602836879432624 0.55 22.437839857312213
0.11781088966964484 1.5602836879432624 0.56 22.59462733629222
0.11949433724478425 1.5602836879432624 0.57 22.753858952669198
0.12116106955846004 1.5602836879432624 0.58 22.915523878941045
0.12281114039506218 1.5602836879432624 0.59 23.079611550808586
0.12444460987442145 1.5602836879432624 0.6 23.246111665001205
0.12606154412270418 1.5602836879432624 0.61 23.41501417687232
0.12766201495181304 1.5602836879432624 0.62 23.58630929776115
0.12924609954708344 1.5602836879432624 0.63 23.759987492292524
0.13081388016375148 1.5602836879432624 0.64 23.936039475512175
0.1323654438319235 1.5602836879432624 0.65 24.11445621001593
0.13390088207031234 1.5602836879432624 0.66 24.295228903017914
0.1354202906085429 1.5602836879432624 0.67 24.478349003459904
0.13692376911832377 1.5602836879432624 0.68 24.663808199071475
0.13841142095306846 1.5602836879432624 0.69 24.851598413539357
0.13988335289625148 1.5602836879432624 0.7 25.04171180367966
0.14133967491829602 1.5602836879432624 0.71 25.234140756675565
0.14278049994199835 1.5602836879432624 0.72 25.42887788735976
0.14420594361620015 1.5602836879432624 0.73 25.62591603561901
0.14561612409803065 1.5602836879432624 0.74 25.825248263774327
0.1470111618432538 1.5602836879432624 0.75 26.026867854065497
0.14839117940459703 1.5602836879432624 0.76 26.230768306240954
0.14975630123831082 1.5602836879432624 0.77 26.436943335118734
0.15110665351846214 1.5602836879432624 0.78 26.64538686824431
0.15244236395894747 1.5602836879432624 0.79 26.856093043596733
0.15376356164310406 1.5602836879432624 0.8 27.069056207329666
0.15507037686075614 1.5602836879432624 0.81 27.284270911545704
0.15636294095246342 1.5602836879432624 0.82 27.50173191212529
0.15764138616092604 1.5602836879432624 0.83 27.721434166563157
0.15890584548922201 1.5602836879432624 0.84 27.943372831862046
0.1601564525658559 1.5602836879432624 0.85 28.167543262425834
0.16139334151626147 1.5602836879432624 0.86 28.393941008010746
0.16261664684068802 1.5602836879432624 0.87 28.622561811692936
0.16382650329822984 1.5602836879432624 0.88 28.853401607869007
0.1650230457968488 1.5602836879432624 0.89 29.086456520274844
0.16620640928906166 1.5602836879432624 0.9 29.321722860070743
0.1673767286732234 1.5602836879432624 0.91 29.55919712394972
0.16853413870020648 1.5602836879432624 0.92 29.79887599227253
0.1696787738850786 1.5602836879432624 0.93 30.040756327303477
0.17081076842392046 1.5602836879432624 0.94 30.28483517143142
0.17193025611516746 1.5602836879432624 0.95 30.531109745529378
0.17303737028565944 1.5602836879432624 0.96 30.77957744732401
0.17413224372097008 1.5602836879432624 0.97 31.030235849864397
0.17521500859986364 1.5602836879432624 0.98 31.28308270008325
0.176285796432757 1.5602836879432624 0.99 31.538115917434414
0.0 1.574468085106383 0.0 18.364695969034905
0.002333403085641693 1.574468085106383 0.01 18.36624884671726
0.004666214463521126 1.574468085106383 0.02 18.370907072833788
0.006997843433800592 1.574468085106383 0.03 18.378669427893648
0.009327701307775903 1.574468085106383 0.04 18.389533883639835
0.011655202401681395 1.574468085106383 0.05 18.40349760942156
0.013979765016504709 1.574468085106383 0.06 18.42055698102338
0.016300812399339067 1.574468085106383 0.07 18.440707591934082
0.018617773681940324 1.574468085106383 0.08 18.46394426703521
0.020930084792384958 1.574468085106383 0.09 18.490261078583657
0.02323718933591722 1.574468085106383 0.1 18.51965136445164
0.025538539441414473 1.574468085106383 0.11 18.552107748424348
0.027833596570011058 1.574468085106383 0.12 18.587622162646436
0.030121832282976574 1.574468085106383 0.13 18.62618587187676
0.03240272896608514 1.574468085106383 0.14 18.667789499543908
0.03467578050808858 1.574468085106383 0.15 18.712423055491847
0.036940492931407554 1.574468085106383 0.16 18.760075965140157
0.03919638497333398 1.574468085106383 0.17 18.810737100013927
0.04144298861651615 1.574468085106383 0.18 18.864394809448086
0.04367984956790129 1.574468085106383 0.19 18.921036953250834
0.04590652768552299 1.574468085106383 0.2 18.98065093525073
0.04812259735315402 1.574468085106383 0.21 19.0432237373975
0.05032764780280063 1.574468085106383 0.22 19.108741954431874
0.05252128338583934 1.574468085106383 0.23 19.17719182871723
0.05470312379337193 1.574468085106383 0.24 19.248559285273327
0.05687280422710404 1.574468085106383 0.25 19.322829966693423
0.059029975522150474 1.574468085106383 0.26 19.399989267780647
0.0611743042232952 1.574468085106383 0.27 19.480022369815757
0.06330547261666349 1.574468085106383 0.28 19.56291427422275
0.06542317871880696 1.574468085106383 0.29 19.6486498355097
0.06752713622540504 1.574468085106383 0.3 19.737213793337823
0.06961707442188463 1.574468085106383 0.31 19.828590803600193
0.07169273805846266 1.574468085106383 0.32 19.92276546834259
0.07375388719192479 1.574468085106383 0.33 20.019722364522888
0.07580029699686244 1.574468085106383 0.34 20.119446071405797
0.07783175754881633 1.574468085106383 0.35 20.221921196574424
0.07984807358186942 1.574468085106383 0.36 20.32713240049281
0.08184906422316728 1.574468085106383 0.37 20.43506441958607
0.08383456270697058 1.574468085106383 0.38 20.545702087730852
0.08580441607042502 1.574468085106383 0.39 20.659030356243626
0.08775848483352083 1.574468085106383 0.4 20.775034312277864
0.08969664266538863 1.574468085106383 0.41 20.893699195673104
0.09161877603902865 1.574468085106383 0.42 21.015010414280656
0.09352478387648838 1.574468085106383 0.43 21.138953557787396
0.09541457718635823 1.574468085106383 0.44 21.265514410081632
0.09728807869542906 1.574468085106383 0.45 21.394678960171703
0.09914522247585299 1.574468085106383 0.46 21.526433411842866
0.10098595356968841 1.574468085106383 0.47 21.66076419194751
0.10281022761186566 1.574468085106383 0.48 21.797657957551007
0.10461801045311732 1.574468085106383 0.49 21.937101601882063
0.10640927778363807 1.574468085106383 0.5 22.079082259325276
0.10818401475903408 1.574468085106383 0.51 22.223587309309252
0.10994221562878155 1.574468085106383 0.52 22.370604379465043
0.11168388336876375 1.574468085106383 0.53 22.52012134782128
0.11340902931789913 1.574468085106383 0.54 22.672126344409964
0.1151176728201032 1.574468085106383 0.55 22.826607752111215
0.11680984087160702 1.574468085106383 0.56 22.983554207027733
0.11848556777458588 1.574468085106383 0.57 23.142954598270524
0.12014489479716789 1.574468085106383 0.58 23.304798067361276
0.12178786984024736 1.574468085106383 0.59 23.469074007284842
0.12341454711162647 1.574468085106383 0.6 23.635772061162985
0.12502498680742316 1.574468085106383 0.61 23.804882120724905
0.12661925480109257 1.574468085106383 0.62 23.976394324566826
0.12819742234033019 1.574468085106383 0.63 24.150299056206197
0.1297595657517758 1.574468085106383 0.64 24.326586942049857
0.13130576615386713 1.574468085106383 0.65 24.505248849215732
0.1328361091776581 1.574468085106383 0.66 24.68627588333443
0.1343506846958648 1.574468085106383 0.67 24.869659386274133
0.1358495865600672 1.574468085106383 0.68 25.055390933846216
0.1373329123461302 1.574468085106383 0.69 25.243462333486658
0.13880076310776907 1.574468085106383 0.7 25.433865621949725
0.1402532431382417 1.574468085106383 0.71 25.62659306301941
0.14169045974026065 1.574468085106383 0.72 25.821637145195893
0.14311252300384447 1.574468085106383 0.73 26.01899057944368
0.14451954559222108 1.574468085106383 0.74 26.21864629693675
0.14591164253562064 1.574468085106383 0.75 26.420597446831195
0.14728893103287607 1.574468085106383 0.76 26.624837394060744
0.14865153026073985 1.574468085106383 0.77 26.831359717149095
0.14999956119076388 1.574468085106383 0.78 27.04015820605082
0.15133314641370121 1.574468085106383 0.79 27.251226859988947
0.15265240997109433 1.574468085106383 0.8 27.464559885359247
0.15395747719425434 1.574468085106383 0.81 27.680151693574157
0.15524847455007515 1.574468085106383 0.82 27.897996898990915
0.15652552949378898 1.574468085106383 0.83 28.11809031682695
0.15778877032844335 1.574468085106383 0.84 28.340426961082052
0.15903832607089097 1.574468085106383 0.85 28.565002042480767
0.16027432632405061 1.574468085106383 0.86 28.79181096645942
0.16149690115548748 1.574468085106383 0.87 29.020849331116757
0.16270618098176745 1.574468085106383 0.88 29.252112925260327
0.16390229645882334 1.574468085106383 0.89 29.4855977263985
0.16508537837772028 1.574468085106383 0.9 29.721299898833813
0.16625555756595753 1.574468085106383 0.91 29.959215791743862
0.16741296479393197 1.574468085106383 0.92 30.199341937320167
0.16855773068639315 1.574468085106383 0.93 30.441675048962725
0.16968998563883433 1.574468085106383 0.94 30.686212019486792
0.17080985973834514 1.574468085106383 0.95 30.9329499194509
0.1719174826891035 1.574468085106383 0.96 31.181885995480258
0.17301298374197244 1.574468085106383 0.97 31.4330176687184
0.17409649162826876 1.574468085106383 0.98 31.686342533323383
0.1751681344974119 1.574468085106383 0.99 31.94185835505626
0.0 1.5886524822695036 0.0 18.756810910579357
0.002308886321153326 1.5886524822695036 0.01 18.758361384799347
0.004617200273410457 1.5886524822695036 0.02 18.763012414622352
0.006924370438346335 1.5886524822695036 0.03 18.77076282275835
0.009229827294126016 1.5886524822695036 0.04 18.781610651121614
0.011533004152960904 1.5886524822695036 0.05 18.795553166890667
0.013833338085651464 1.5886524822695036 0.06 18.812586870982816
0.016130270829088345 1.5886524822695036 0.07 18.832707508863272
0.018423249672762876 1.5886524822695036 0.08 18.855910083561405
0.020711728320394435 1.5886524822695036 0.09 18.882188871036842
0.02299516772322453 1.5886524822695036 0.1 18.911537437473328
0.02527303688143096 1.5886524822695036 0.11 18.943948658809465
0.02754481361073467 1.5886524822695036 0.12 18.979414742048135
0.029809985271282247 1.5886524822695036 0.13 19.017927248437413
0.032068049456368854 1.5886524822695036 0.14 19.05947711827656
0.03431851463873525 1.5886524822695036 0.15 19.104054697318624
0.0365609007726267 1.5886524822695036 0.16 19.151649764550747
0.038794739850082825 1.5886524822695036 0.17 19.202251561213693
0.04101957641025651 1.5886524822695036 0.18 19.25584882092056
0.043234968000947324 1.5886524822695036 0.19 19.312429800679563
0.04544048559178647 1.5886524822695036 0.2 19.371982312705143
0.04763571393894022 1.5886524822695036 0.21 19.43449375679772
0.049820251901424896 1.5886524822695036 0.22 19.49995115315905
0.05199371270952693 1.5886524822695036 0.23 19.568341175424496
0.05415572418595133 1.5886524822695036 0.24 19.63965018382262
0.05630592892077754 1.5886524822695036 0.25 19.71386425822055
0.058443984401406024 1.5886524822695036 0.26 19.790969230933573
0.06056956309896275 1.5886524822695036 0.27 19.87095071913216
0.06268235251278298 1.5886524822695036 0.28 19.95379415671671
0.06478205517481499 1.5886524822695036 0.29 20.039484825504946
0.06686838861590826 1.5886524822695036 0.3 20.12800788560291
0.06894108529606574 1.5886524822695036 0.31 20.219348404843437
0.07099989250082589 1.5886524822695036 0.32 20.313491387190837
0.0730445722059561 1.5886524822695036 0.33 20.41042180005062
0.07507490091296797 1.5886524822695036 0.34 20.510124600274445
0.07709066945737485 1.5886524822695036 0.35 20.61258475901187
0.0790916827924393 1.5886524822695036 0.36 20.717787285103526
0.08107775975029688 1.5886524822695036 0.37 20.82571724719574
0.08304873278303482 1.5886524822695036 0.38 20.936359794366535
0.08500444768565224 1.5886524822695036 0.39 21.049700175389567
0.08694476330319968 1.5886524822695036 0.4 21.165723756539442
0.08886955122408705 1.5886524822695036 0.41 21.284416037976897
0.09077869546144475 1.5886524822695036 0.42 21.405762668765256
0.09267209212454122 1.5886524822695036 0.43 21.529749460475912
0.09454964908192383 1.5886524822695036 0.44 21.65636239946472
0.096411285617824 1.5886524822695036 0.45 21.785587657912778
0.09825693208364823 1.5886524822695036 0.46 21.91741160355326
0.10008652954567013 1.5886524822695036 0.47 22.05182080828808
0.10190002943041977 1.5886524822695036 0.48 22.188802055675353
0.10369739316900939 1.5886524822695036 0.49 22.328342347344563
0.10547859184135268 1.5886524822695036 0.5 22.470428908475554
0.1072436058213984 1.5886524822695036 0.51 22.615049192362005
0.1089924244242459 1.5886524822695036 0.52 22.76219088415048
0.11072504555601205 1.5886524822695036 0.53 22.911841903806035
0.11244147536706861 1.5886524822695036 0.54 23.06399040842312
0.11414172790956376 1.5886524822695036 0.55 23.21862479384309
0.11582582479923317 1.5886524822695036 0.56 23.375733695880633
0.11749379488294748 1.5886524822695036 0.57 23.535305990838634
0.11914567391145824 1.5886524822695036 0.58 23.69733079577491
0.12078150421834731 1.5886524822695036 0.59 23.861797468324614
0.12240133440541086 1.5886524822695036 0.6 24.0286956061749
0.12400521903451592 1.5886524822695036 0.61 24.1980150463386
0.1255932183266394 1.5886524822695036 0.62 24.36974586408673
0.12716539786769723 1.5886524822695036 0.63 24.543878371813772
0.12872182832201765 1.5886524822695036 0.64 24.720403117603045
0.1302625851529423 1.5886524822695036 0.65 24.899310883777417
0.1317877483511913 1.5886524822695036 0.66 25.080592685257205
0.1332974021706976 1.5886524822695036 0.67 25.264239767893166
0.13479163487229273 1.5886524822695036 0.68 25.450243606669822
0.1362705384750317 1.5886524822695036 0.69 25.63859590388968
0.13773420851516607 1.5886524822695036 0.7 25.829288587352934
0.13918274381313972 1.5886524822695036 0.71 26.02231380840107
0.14061624624804514 1.5886524822695036 0.72 26.21766394003647
0.14203482053988348 1.5886524822695036 0.73 26.41533157498099
0.1434385740395431 1.5886524822695036 0.74 26.6153095236913
0.14482761652612391 1.5886524822695036 0.75 26.817590812448312
0.1462020600120648 1.5886524822695036 0.76 27.022168681323485
0.14756201855547388 1.5886524822695036 0.77 27.229036582212927
0.1489076080797341 1.5886524822695036 0.78 27.438188176874768
0.15023894620048417 1.5886524822695036 0.79 27.649617334891836
0.15155615205950865 1.5886524822695036 0.8 27.863318131687056
0.1528593461656096 1.5886524822695036 0.81 28.07928484651634
0.15414865024230087 1.5886524822695036 0.82 28.297511960446855
0.15542418708204686 1.5886524822695036 0.83 28.517994154369116
0.1566860804070772 1.5886524822695036 0.84 28.740726306976285
0.15793445473652265 1.5886524822695036 0.85 28.965703492746602
0.15916943525957628 1.5886524822695036 0.86 29.192920979979217
0.16039114771483812 1.5886524822695036 0.87 29.422374228765417
0.16159971827522376 1.5886524822695036 0.88 29.65405888906212
0.16279527343877567 1.5886524822695036 0.89 29.8879707986819
0.16397793992457493 1.5886524822695036 0.9 30.12410598143282
0.16514784457424755 1.5886524822695036 0.91 30.36246064516478
0.16630511425833558 1.5886524822695036 0.92 30.603031179928912
0.1674498757876538 1.5886524822695036 0.93 30.845814156144467
0.16858225582931557 1.5886524822695036 0.94 31.09080632282868
0.1697023808273576 1.5886524822695036 0.95 31.3380046058553
0.17081037692756956 1.5886524822695036 0.96 31.58740610632751
0.17190636990672 1.5886524822695036 0.97 31.839008098936162
0.1729904851055871 1.5886524822695036 0.98 32.09280803046389
0.17406284736594685 1.5886524822695036 0.99 32.348803518322384
0.0 1.602836879432624 0.0 19.151841266571385
0.0022849525132483716 1.602836879432624 0.01 19.153389581795395
0.004569351041848882 1.602836879432624 0.02 19.15803414812494
0.006852642498320235 1.602836879432624 0.03 19.1657738286484
0.00913427558549435 1.602836879432624 0.04 19.17660673241861
0.01141370168167345 1.602836879432624 0.05 19.1905302202155
0.013690375713878 1.602836879432624 0.06 19.20754091261168
0.015963757015359528 1.602836879432624 0.07 19.227634700298687
0.018233310163735673 1.602836879432624 0.08 19.250806756509448
0.020498505796188865 1.602836879432624 0.09 19.27705155160242
0.022758821398434027 1.602836879432624 0.1 19.306362869629254
0.025013742064329977 1.602836879432624 0.11 19.33873382683887
0.027262761223257822 1.602836879432624 0.12 19.374156892016476
0.029505381332680297 1.602836879432624 0.13 19.412623908503697
0.03174111453352653 1.602836879432624 0.14 19.454126117814695
0.03396948326636116 1.602836879432624 0.15 19.49865418470674
0.03619002084657128 1.602836879432624 0.16 19.546198223588295
0.03840227199719057 1.602836879432624 0.17 19.596747826050464
0.0406057933381647 1.602836879432624 0.18 19.650292089451668
0.04280015383125156 1.602836879432624 0.19 19.706819646375628
0.04498493518008972 1.602836879432624 0.2 19.76631869475854
0.04715973218512977 1.602836879432624 0.21 19.828777028611746
0.049324153053598434 1.602836879432624 0.22 19.894182069086487
0.05147781966477657 1.602836879432624 0.23 19.96252089578529
0.053620367791150134 1.602836879432624 0.24 20.03378027819514
0.055751447276467594 1.602836879432624 0.25 20.107946706945476
0.05787072217157056 1.602836879432624 0.26 20.185006424910206
0.05997787082938077 1.602836879432624 0.27 20.26494545792435
0.06207258596049382 1.602836879432624 0.28 20.347749644989314
0.06415457465102725 1.602836879432624 0.29 20.43340466782267
0.06622355834436594 1.602836879432624 0.3 20.521896079707883
0.0682792727887891 1.602836879432624 0.31 20.613209333455504
0.07032146795290445 1.602836879432624 0.32 20.70732980840243
0.07234990791084464 1.602836879432624 0.33 20.804242836403297
0.07436437069940988 1.602836879432624 0.34 20.90393372666934
0.07636464814911242 1.602836879432624 0.35 21.006387789473973
0.07835054569131232 1.602836879432624 0.36 21.111590358619324
0.08032188214358085 1.602836879432624 0.37 21.219526812600872
0.0822784894751607 1.602836879432624 0.38 21.33018259454641
0.08422021255464152 1.602836879432624 0.39 21.44354323085309
0.086146908882011 1.602836879432624 0.4 21.5595943484178
0.08805844830651087 1.602836879432624 0.41 21.678321690706987
0.0899547127325094 1.602836879432624 0.42 21.799711132474563
0.09183559581502572 1.602836879432624 0.43 21.923748693208104
0.09370100264646834 1.602836879432624 0.44 22.050420549376582
0.09555084943614868 1.602836879432624 0.45 22.179713045513967
0.09738506318409951 1.602836879432624 0.46 22.311612704150203
0.09920358135053405 1.602836879432624 0.47 22.446106234654845
0.10100635152224095 1.602836879432624 0.48 22.583180541036224
0.10279333107690639 1.602836879432624 0.49 22.722822728836096
0.10456448684669101 1.602836879432624 0.5 22.865020111066755
0.1063197947819852 1.602836879432624 0.51 23.00976021328561
0.10805923961597315 1.602836879432624 0.52 23.157030777987774
0.10978281453135232 1.602836879432624 0.53 23.306819768149122
0.11149052082935278 1.602836879432624 0.54 23.459115370241452
0.11318236760221514 1.602836879432624 0.55 23.613905996567212
0.11485837140951267 1.602836879432624 0.56 23.77118028706515
0.11651855595866265 1.602836879432624 0.57 23.930927110719487
0.11816295179060939 1.602836879432624 0.58 24.09313556641345
0.11979159597055931 1.602836879432624 0.59 24.257794983501157
0.1214045317844852 1.602836879432624 0.6 24.424894921998035
0.12300180844155713 1.602836879432624 0.61 24.59442517249972
0.12458348078292357 1.602836879432624 0.62 24.76637575580902
0.12614960899684652 1.602836879432624 0.63 24.940736922399967
0.1277002583407355 1.602836879432624 0.64 25.117499151612993
0.1292354988698139 1.602836879432624 0.65 25.296653150782436
0.13075540517308684 1.602836879432624 0.66 25.47818985411018
0.13226005611619376 1.602836879432624 0.67 25.66210042151547
0.1337495345916232 1.602836879432624 0.68 25.848376237323656
0.13522392727619154 1.602836879432624 0.69 26.037008908872895
0.13668332439580064 1.602836879432624 0.7 26.227990265060818
0.13812781949755093 1.602836879432624 0.71 26.421312354819218
0.13955750922924448 1.602836879432624 0.72 26.616967445513225
0.1409724931261375 1.602836879432624 0.73 26.81494802131889
0.1423728734050929 1.602836879432624 0.74 27.015246781514943
0.1437587547658911 1.602836879432624 0.75 27.217856638766943
0.14513024419975387 1.602836879432624 0.76 27.42277071736271
0.14648745080492417 1.602836879432624 0.77 27.6299823514328
0.14783048560939085 1.602836879432624 0.78 27.839485083091684
0.1491594614003707 1.602836879432624 0.79 28.051272660610827
0.15047449256068327 1.602836879432624 0.8 28.265339036532946
0.15177569491179327 1.602836879432624 0.81 28.481678365769497
0.15306318556336776 1.602836879432624 0.82 28.700285003692894
0.15433708276927577 1.602836879432624 0.83 28.92115350420161
0.15559750578983544 1.602836879432624 0.84 29.14427861778058
0.15684457476012703 1.602836879432624 0.85 29.36965528957167
0.1580784105643858 1.602836879432624 0.86 29.597278657394483
0.15929913471603946 1.602836879432624 0.87 29.82714404982431
0.1605068692434429 1.602836879432624 0.88 30.059246984250755
0.16170173658111442 1.602836879432624 0.89 30.293583164932134
0.16288385946608192 1.602836879432624 0.9 30.530148481134123
0.1640533608396147 1.602836879432624 0.91 30.768939005190717
0.16521036375366027 1.602836879432624 0.92 31.00995099068365
0.16635499128214426 1.602836879432624 0.93 31.253180870622515
0.1674873664368968 1.602836879432624 0.94 31.498625255655877
0.16860761208794114 1.602836879432624 0.95 31.746280932354757
0.16971585088809166 1.602836879432624 0.96 31.99614486153083
0.17081220520160828 1.602836879432624 0.97 32.24821417662823
0.1718967970368139 1.602836879432624 0.98 32.502486182167836
0.17296974798237466 1.602836879432624 0.99 32.758958352303004
0.0 1.6170212765957446 0.0 19.549830834164485
0.0022615767068615254 1.6170212765957446 0.01 19.55137722249001
0.0045226169230200034 1.6170212765957446 0.02 19.55601602096503
0.006782585005456424 1.6170212765957446 0.03 19.563746131145603
0.00904094700281795 1.6170212765957446 0.04 19.574565725970725
0.011297171492008692 1.6170212765957446 0.05 19.588472255308204
0.013550730403798176 1.6170212765957446 0.06 19.6054624535927
0.01580109983390392 1.6170212765957446 0.07 19.6255323496358
0.018047760836166285 1.6170212765957446 0.08 19.64867727846368
0.02029020019453816 1.6170212765957446 0.09 19.674891895189045
0.022527911170859855 1.6170212765957446 0.1 19.704170190724184
0.024760394225450306 1.6170212765957446 0.11 19.736505509429797
0.02698715770798065 1.6170212765957446 0.12 19.771890568345704
0.029207718516036377 1.6170212765957446 0.13 19.810317478193834
0.03142160271936263 1.6170212765957446 0.14 19.851777765742995
0.03362834614774473 1.6170212765957446 0.15 19.89626239763069
0.03582749494094431 1.6170212765957446 0.16 19.943761805406172
0.03801860605934 1.6170212765957446 0.17 19.994265911653233
0.040201247754152264 1.6170212765957446 0.18 20.047764157098705
0.04237499999648172 1.6170212765957446 0.19 20.104245528525272
0.0445394548646393 1.6170212765957446 0.2 20.163698587344506
0.04669421688947814 1.6170212765957446 0.21 20.22611149871872
0.04883890335785093 1.6170212765957446 0.22 20.29147206098273
0.05097314457432824 1.6170212765957446 0.23 20.35976773534104
0.05309658408174292 1.6170212765957446 0.24 20.430985675634687
0.055208878841348626 1.6170212765957446 0.25 20.505112757992947
0.057309699373405645 1.6170212765957446 0.26 20.582135610331704
0.059398729859434125 1.6170212765957446 0.27 20.662040641473865
0.061475668207341724 1.6170212765957446 0.28 20.744814069833122
0.06354022608096156 1.6170212765957446 0.29 20.83044195147607
0.0655921288953827 1.6170212765957446 0.3 20.918910207580772
0.0676311157800115 1.6170212765957446 0.31 21.010204651012923
0.06965693951088774 1.6170212765957446 0.32 21.10431101209141
0.07166936641420775 1.6170212765957446 0.33 21.201214963378543
0.07366817624288372 1.6170212765957446 0.34 21.300902143456398
0.0756531620280443 1.6170212765957446 0.35 21.403358179628476
0.07762412990738699 1.6170212765957446 0.36 21.508568709501283
0.07958089893229431 1.6170212765957446 0.37 21.616519401407004
0.08152330085549558 1.6170212765957446 0.38 21.72719597369899
0.08345117990148977 1.6170212765957446 0.39 21.840584212709338
0.08536439252091972 1.6170212765957446 0.4 21.956669989700135
0.08726280713119414 1.6170212765957446 0.41 22.075439276515684
0.08914630384485382 1.6170212765957446 0.42 22.196878160058553
0.09101477418718538 1.6170212765957446 0.43 22.320972855668185
0.09286812080485676 1.6170212765957446 0.44 22.447709719313394
0.09470625716684429 1.6170212765957446 0.45 22.577075258733217
0.09652910725903677 1.6170212765957446 0.46 22.709056143561043
0.09833660527403854 1.6170212765957446 0.47 22.843639214370544
0.10012869529714671 1.6170212765957446 0.48 22.980811490808417
0.10190533098962423 1.6170212765957446 0.49 23.120560178865535
0.10366647527054655 1.6170212765957446 0.5 23.26287267723367
0.10541209999798327 1.6170212765957446 0.51 23.407736582899016
0.10714218565036608 1.6170212765957446 0.52 23.555139696041966
0.10885672100918906 1.6170212765957446 0.53 23.705070024150622
0.11055570284327353 1.6170212765957446 0.54 23.857515785629435
0.11223913559574507 1.6170212765957446 0.55 24.012465412745506
0.11390703107402503 1.6170212765957446 0.56 24.169907554099776
0.1155594081435872 1.6170212765957446 0.57 24.32983107658463
0.11719629242582884 1.6170212765957446 0.58 24.49222506693657
0.11881771600048821 1.6170212765957446 0.59 24.65707883292994
0.12042371711324563 1.6170212765957446 0.6 24.824381904149632
0.12201433988847982 1.6170212765957446 0.61 24.99412403253739
0.12358963404784838 1.6170212765957446 0.62 25.16629519259355
0.12514965463465638 1.6170212765957446 0.63 25.340885581390275
0.12669446174445642 1.6170212765957446 0.64 25.51788561833558
0.12822412026202037 1.6170212765957446 0.65 25.69728594473661
0.12973869960473183 1.6170212765957446 0.66 25.879077423230385
0.1312382734726836 1.6170212765957446 0.67 26.063251137041306
0.13272291960560464 1.6170212765957446 0.68 26.2497983890769
0.1341927195465022 1.6170212765957446 0.69 26.438710700955504
0.13564775841227386 1.6170212765957446 0.7 26.629979811900736
0.13708812467133244 1.6170212765957446 0.71 26.823597677513515
0.13851390992805712 1.6170212765957446 0.72 27.019556468511247
0.1399252087142586 1.6170212765957446 0.73 27.217848569368467
0.14132211828773247 1.6170212765957446 0.74 27.418466576830998
0.14270473843748444 1.6170212765957446 0.75 27.621403298458564
0.14407317129597438 1.6170212765957446 0.76 27.826651751047127
0.14542752115815974 1.6170212765957446 0.77 28.034205158997086
0.14676789430718004 1.6170212765957446 0.78 28.244056952663435
0.14809439884670722 1.6170212765957446 0.79 28.45620076664859
0.14940714453989598 1.6170212765957446 0.8 28.67063043802953
0.15070624265465352 1.6170212765957446 0.81 28.88734000458927
0.1519918058153044 1.6170212765957446 0.82 29.106323702982362
0.15326394786028802 1.6170212765957446 0.83 29.327575966929484
0.15452278370614284 1.6170212765957446 0.84 29.551091425296754
0.15576842921708323 1.6170212765957446 0.85 29.776864900277086
0.15700100108064563 1.6170212765957446 0.86 30.004891405439874
0.15822061668861326 1.6170212765957446 0.87 30.235166143899562
0.1594273940236874 1.6170212765957446 0.88 30.46768450637042
0.16062145155126042 1.6170212765957446 0.89 30.70244206929944
0.1618029081163368 1.6170212765957446 0.9 30.93943459300457
0.16297188284553377 1.6170212765957446 0.91 31.178658019788596
0.16412849505374882 1.6170212765957446 0.92 31.42010847213058
0.16527286415556094 1.6170212765957446 0.93 31.663782250873357
0.1664051095810538 1.6170212765957446 0.94 31.909675833470242
0.16752535069605937 1.6170212765957446 0.95 32.157785872236175
0.16863370672640618 1.6170212765957446 0.96 32.40810919270731
0.16973029668628303 1.6170212765957446 0.97 32.660642792012155
0.1708152393104695 1.6170212765957446 0.98 32.91538383729555
0.17188865299010175 1.6170212765957446 0.99 33.17232966426991
0.0 1.6312056737588652 0.0 19.950821460665257
0.0022387355571579417 1.6312056737588652 0.01 19.952366140541532
0.00447695128677201 1.6312056737588652 0.02 19.95699982581763
0.00671412816302501 1.6312056737588652 0.03 19.964721454516
0.008949748760126237 1.6312056737588652 0.04 19.975529260188694
0.011183298043800681 1.6312056737588652 0.05 19.989420777123282
0.013414264152606836 1.6312056737588652 0.06 20.00639284767069
0.015642139165857476 1.6312056737588652 0.07 20.02644163150673
0.017866419854966616 1.6312056737588652 0.08 20.049562616909977
0.02008660841523904 1.6312056737588652 0.09 20.07575063388986
0.022302213175231504 1.6312056737588652 0.1 20.10499986915001
0.02451274928101994 1.6312056737588652 0.11 20.137303882774905
0.026717739352895464 1.6312056737588652 0.12 20.172655626550252
0.028916714112231047 1.6312056737588652 0.13 20.211047463808896
0.031109212976479887 1.6312056737588652 0.14 20.25247119070089
0.033294784620501006 1.6312056737588652 0.15 20.296918058779966
0.035472987502730875 1.6312056737588652 0.16 20.344378798701772
0.0376433903548112 1.6312056737588652 0.17 20.394843645035106
0.03980557263372047 1.6312056737588652 0.18 20.448302361942627
0.04195912493558447 1.6312056737588652 0.19 20.504744269653756
0.044103649370708604 1.6312056737588652 0.2 20.564158271522107
0.0462387598994349 1.6312056737588652 0.21 20.62653288165136
0.04836408262896882 1.6312056737588652 0.22 20.69185625277454
0.050479256071138505 1.6312056737588652 0.23 20.76011620446864
0.05258393136181721 1.6312056737588652 0.24 20.831300251288354
0.05467777244226532 1.6312056737588652 0.25 20.905395631005696
0.056760456203520646 1.6312056737588652 0.26 20.98238933255603
0.05883167259466107 1.6312056737588652 0.27 21.062268123710158
0.06089112469607103 1.6312056737588652 0.28 21.145018578358275
0.06293852875908068 1.6312056737588652 0.29 21.230627103232173
0.0649736142133333 1.6312056737588652 0.3 21.31907996400255
0.06699612364334542 1.6312056737588652 0.31 21.41036331068402
0.0690058127358942 1.6312056737588652 0.32 21.5044632022306
0.07100245019988295 1.6312056737588652 0.33 21.601365630250775
0.07298581766031063 1.6312056737588652 0.34 21.701056541823718
0.07495570952819315 1.6312056737588652 0.35 21.803521861289603
0.07691193284802542 1.6312056737588652 0.36 21.90874751106553
0.07885430712468798 1.6312056737588652 0.37 22.016719431358002
0.0807826641313531 1.6312056737588652 0.38 22.127423598851923
0.08269684770031882 1.6312056737588652 0.39 22.24084604423561
0.08459671349814048 1.6312056737588652 0.4 22.356972868725588
0.08648212878704012 1.6312056737588652 0.41 22.4757902593989
0.0883529721738271 1.6312056737588652 0.42 22.597284503530325
0.0902091333480974 1.6312056737588652 0.43 22.72144200181564
0.09205051281100625 1.6312056737588652 0.44 22.848249280588593
0.09387702159605904 1.6312056737588652 0.45 22.977693003027873
0.09568858098329602 1.6312056737588652 0.46 23.109759979357968
0.09748512220786161 1.6312056737588652 0.47 23.244437176203757
0.09926658616450837 1.6312056737588652 0.48 23.38171172495128
0.10103292310868968 1.6312056737588652 0.49 23.521570929371002
0.10278409235565236 1.6312056737588652 0.5 23.664002272359053
0.10452006197820299 1.6312056737588652 0.51 23.808993421973735
0.10624080850408217 1.6312056737588652 0.52 23.956532236784163
0.10794631661384196 1.6312056737588652 0.53 24.106606770537947
0.10963657883990643 1.6312056737588652 0.54 24.259205276223437
0.11131159526738997 1.6312056737588652 0.55 24.41431620961738
0.11297137323751036 1.6312056737588652 0.56 24.571928232264494
0.11461592705393922 1.6312056737588652 0.57 24.732030214028995
0.1162452776927111 1.6312056737588652 0.58 24.89461123520751
0.11785945251626434 1.6312056737588652 0.59 25.059660588192987
0.11945848499156504 1.6312056737588652 0.6 25.22716777892178
0.12104241441336416 1.6312056737588652 0.61 25.3971225278436
0.12261128563236354 1.6312056737588652 0.62 25.569514770680957
0.1241651487887447 1.6312056737588652 0.63 25.744334658932527
0.12570405905142934 1.6312056737588652 0.64 25.921572560096966
0.12722807636311792 1.6312056737588652 0.65 26.10121905771105
0.12873726519139916 1.6312056737588652 0.66 26.283264951177674
0.13023169428606315 1.6312056737588652 0.67 26.46770125541204
0.13171143644262778 1.6312056737588652 0.68 26.65451920037014
0.13317656827245317 1.6312056737588652 0.69 26.84371023036333
0.13462716997921706 1.6312056737588652 0.7 27.03526600329638
0.1360633251420342 1.6312056737588652 0.71 27.229178389748085
0.1374851205050811 1.6312056737588652 0.72 27.42543947197486
0.13889264577388144 1.6312056737588652 0.73 27.62404154278974
0.14028599341823836 1.6312056737588652 0.74 27.824977104330312
0.14166525848161488 1.6312056737588652 0.75 28.02823886679382
0.1430305383971633 1.6312056737588652 0.76 28.233819747052085
0.14438193281025197 1.6312056737588652 0.77 28.44171286719337
0.14571954340738244 1.6312056737588652 0.78 28.651911553014298
0.14704347375140092 1.6312056737588652 0.79 28.864409332475116
0.14835382912317258 1.6312056737588652 0.8 29.079199934023602
0.14965071636916163 1.6312056737588652 0.81 29.296277284973595
0.1509342437552955 1.6312056737588652 0.82 29.515635509753224
0.15220452082664562 1.6312056737588652 0.83 29.737268928166394
0.1534616582729386 1.6312056737588652 0.84 29.961172053619865
0.15470576779980533 1.6312056737588652 0.85 30.187339591306962
0.1559369620055551 1.6312056737588652 0.86 30.415766436384526
0.1571553542633319 1.6312056737588652 0.87 30.646447672150018
0.1583610586086185 1.6312056737588652 0.88 30.879378568182293
0.15955418963178877 1.6312056737588652 0.89 31.114554578511633
0.16073486237564402 1.6312056737588652 0.9 31.351971339791994
0.16190319223781305 1.6312056737588652 0.91 31.591624669469713
0.1630592948777887 1.6312056737588652 0.92 31.83351056398409
0.16420328612845494 1.6312056737588652 0.93 32.07762519700339
0.16533528191208952 1.6312056737588652 0.94 32.323964917649
0.1664553981603868 1.6312056737588652 0.95 32.57252624883168
0.16756375073873145 1.6312056737588652 0.96 32.823305885557566
0.16866045537428803 1.6312056737588652 0.97 33.076300693320896
0.16974562758786096 1.6312056737588652 0.98 33.33150770654941
0.1708193826293793 1.6312056737588652 0.99 33.58892412710838
0.0 1.6453900709219857 0.0 20.354852825973037
0.002216407211770492 1.6453900709219857 0.01 20.35639600146591
0.0044323104833337125 1.6453900709219857 0.02 20.361025185108904
0.006647206633486913 1.6453900709219857 0.03 20.368739349392733
0.008860593995869755 1.6453900709219857 0.04 20.37953678513335
0.011071973168497798 1.6453900709219857 0.05 20.39341510643605
0.013280847753908732 1.6453900709219857 0.06 20.410371257590736
0.01548672508689816 1.6453900709219857 0.07 20.430401521901633
0.01768911694692933 1.6453900709219857 0.08 20.453501532382464
0.019887540252465603 1.6453900709219857 0.09 20.479666284167486
0.02208151773450921 1.6453900709219857 0.1 20.508890148749035
0.024270578586948057 1.6453900709219857 0.11 20.541166889749476
0.026454259091321097 1.6453900709219857 0.12 20.57648968033074
0.028632103213971787 1.6453900709219857 0.13 20.614851121983822
0.03080366317362659 1.6453900709219857 0.14 20.65624326471071
0.0329684999777751 1.6453900709219857 0.15 20.70065762839075
0.035126183926352784 1.6453900709219857 0.16 20.748085225284033
0.03727629508147008 1.6453900709219857 0.17 20.79851658357501
0.0394184237023596 1.6453900709219857 0.18 20.851941771640455
0.04155217064456597 1.6453900709219857 0.19 20.90835042318139
0.04367714772298432 1.6453900709219857 0.2 20.967731762921066
0.04579297803845942 1.6453900709219857 0.21 21.030074632741883
0.047899296267831744 1.6453900709219857 0.22 21.095367518173514
0.04999574891754001 1.6453900709219857 0.23 21.163598575122823
0.052081994541175965 1.6453900709219857 0.24 21.234755656663935
0.054157703921496346 1.6453900709219857 0.25 21.308826339789153
0.056222560217587036 1.6453900709219857 0.26 21.38579795200838
0.058276259078071886 1.6453900709219857 0.27 21.465657597661995
0.06031850872124252 1.6453900709219857 0.28 21.54839218393892
0.062349029983538355 1.6453900709219857 0.29 21.633988446282146
0.06436755633727287 1.6453900709219857 0.3 21.722432973356625
0.06637383387916478 1.6453900709219857 0.31 21.813712231332133
0.06836762129121483 1.6453900709219857 0.32 21.907812587340082
0.07034868977496167 1.6453900709219857 0.33 22.004720332340803
0.07231682296123178 1.6453900709219857 0.34 22.104421702958412
0.0742718167965363 1.6453900709219857 0.35 22.206902902515097
0.07621347940788113 1.6453900709219857 0.36 22.312150121107784
0.07814163094755383 1.6453900709219857 0.37 22.42014955471931
0.08005610341947128 1.6453900709219857 0.38 22.530887423345888
0.08195674048867875 1.6453900709219857 0.39 22.64434998811754
0.0838433972754956 1.6453900709219857 0.4 22.760523567434266
0.08571594013589323 1.6453900709219857 0.41 22.87939455207738
0.08757424642952755 1.6453900709219857 0.42 23.000949419330723
0.08941820427680805 1.6453900709219857 0.43 23.125174746144943
0.09124771230647304 1.6453900709219857 0.44 23.252057221308824
0.09306267939480742 1.6453900709219857 0.45 23.38158365674138
0.09486302439798448 1.6453900709219857 0.46 23.51374099781119
0.09664867587840212 1.6453900709219857 0.47 23.64851633287385
0.0984195718264408 1.6453900709219857 0.48 23.78589690190471
0.10017565937848033 1.6453900709219857 0.49 23.925870104372716
0.10191689453218028 1.6453900709219857 0.5 24.06842350638196
0.10364324186006402 1.6453900709219857 0.51 24.213544847063908
0.1053546742221003 1.6453900709219857 0.52 24.361222044338838
0.10705117247821852 1.6453900709219857 0.53 24.511443200019702
0.10873272520135471 1.6453900709219857 0.54 24.66419660436306
0.1103993283918027 1.6453900709219857 0.55 24.819470740060307
0.11205098519342489 1.6453900709219857 0.56 24.97725428573811
0.1136877056123605 1.6453900709219857 0.57 25.137536118973113
0.11530950623870402 1.6453900709219857 0.58 25.300305318876582
0.11691640997150633 1.6453900709219857 0.59 25.465551168333235
0.1185084457477916 1.6453900709219857 0.6 25.633263155806514
0.12008564827570266 1.6453900709219857 0.61 25.803430976858355
0.12164805777225722 1.6453900709219857 0.62 25.976044535347956
0.12319571970598606 1.6453900709219857 0.63 26.15109394434861
0.12472868454473883 1.6453900709219857 0.64 26.328569526797867
0.12624700750876403 1.6453900709219857 0.65 26.508461815955716
0.12775074832952682 1.6453900709219857 0.66 26.690761555578888
0.1292399710141238 1.6453900709219857 0.67 26.875459699961436
0.1307147436156594 1.6453900709219857 0.68 27.062547413763852
0.1321751380096734 1.6453900709219857 0.69 27.25201607165798
0.13362122967658965 1.6453900709219857 0.7 27.443857257851842
0.1350530974903499 1.6453900709219857 0.71 27.6380627654674
0.13647082351333975 1.6453900709219857 0.72 27.83462459575836
0.13787449279752834 1.6453900709219857 0.73 28.033534957222624
0.13926419319180053 1.6453900709219857 0.74 28.234786264630984
0.14064001515566185 1.6453900709219857 0.75 28.43837113790437
0.1420020515791012 1.6453900709219857 0.76 28.644282400926024
0.14335039760862728 1.6453900709219857 0.77 28.852513080274
0.1446851504795639 1.6453900709219857 0.78 29.063056403826106
0.14600640935422834 1.6453900709219857 0.79 29.275905799369912
0.14731427516634388 1.6453900709219857 0.8 29.491054893052656
0.14860885047111128 1.6453900709219857 0.81 29.708497507874295
0.14989023930131898 1.6453900709219857 0.82 29.928227662039234
0.15115854702903364 1.6453900709219857 0.83 30.150239567315477
0.15241388023290553 1.6453900709219857 0.84 30.374527627348787
0.15365634657101132 1.6453900709219857 0.85 30.60108643592217
0.15488605465900973 1.6453900709219857 0.86 30.829910775207146
0.15610311395348014 1.6453900709219857 0.87 31.060995614013674
0.1573076346404721 1.6453900709219857 0.88 31.29433610598093
0.1584997275288473 1.6453900709219857 0.89 31.529927587827547
0.1596795039486447 1.6453900709219857 0.9 31.76776557752097
0.1608470756538955 1.6453900709219857 0.91 32.007845772543625
0.16200255473014252 1.6453900709219857 0.92 32.250164048105
0.16314605350627462 1.6453900709219857 0.93 32.494716455403264
0.1642776844705862 1.6453900709219857 0.94 32.74149921992175
0.16539756019104296 1.6453900709219857 0.95 32.99050873971668
0.1665057932393712 1.6453900709219857 0.96 33.24174158379779
0.16760249611907893 1.6453900709219857 0.97 33.4951944905086
0.16868778119708333 1.6453900709219857 0.98 33.75086436598549
0.16976176063893406 1.6453900709219857 0.99 34.008748282650906
0.0 1.6595744680851063 0.0 20.761962317427635
0.0021945711983504205 1.6595744680851063 0.01 20.7635041780098
0.004388653618682521 1.6595744680851063 0.02 20.768129427781595
0.006581759202232756 1.6595744680851063 0.03 20.775837071736436
0.008773401325818993 1.6595744680851063 0.04 20.786625454681634
0.010963095512323058 1.6595744680851063 0.05 20.800492265979102
0.013150360132503073 1.6595744680851063 0.06 20.817434546022376
0.015334717095291894 1.6595744680851063 0.07 20.837448694664978
0.0175156925239415 1.6595744680851063 0.08 20.860530481284243
0.019692817415372755 1.6595744680851063 0.09 20.886675056627986
0.02186562828031955 1.6595744680851063 0.1 20.91587696622843
0.024033667761927446 1.6595744680851063 0.11 20.948130165399515
0.026196485230658314 1.6595744680851063 0.12 20.983428035719257
0.028353637353580704 1.6595744680851063 0.13 21.021763402824753
0.030504688636191227 1.6595744680851063 0.14 21.063128555555092
0.03264921193526709 1.6595744680851063 0.15 21.107515266199837
0.0347867889413204 1.6595744680851063 0.16 21.154914811836438
0.036917010629498016 1.6595744680851063 0.17 21.20531799662115
0.03903947767806262 1.6595744680851063 0.18 21.25871517481858
0.041153800853543074 1.6595744680851063 0.19 21.315096274661123
0.04325960136221165 1.6595744680851063 0.2 21.374450822695785
0.04535651116750968 1.6595744680851063 0.21 21.436767968584853
0.047444173273263245 1.6595744680851063 0.22 21.502036510280814
0.04952224197281541 1.6595744680851063 0.23 21.57024491940559
0.051590383064359195 1.6595744680851063 0.24 21.641381366705332
0.05364827403288685 1.6595744680851063 0.25 21.715433747493186
0.05569560419932799 1.6595744680851063 0.26 21.7923897069938
0.05773207483773785 1.6595744680851063 0.27 21.872236665397132
0.05975739926128461 1.6595744680851063 0.28 21.954961842638845
0.061771302878159594 1.6595744680851063 0.29 22.04055228272233
0.06377352321844768 1.6595744680851063 0.3 22.128994877560114
0.0657638099332683 1.6595744680851063 0.31 22.220276390183006
0.06774192476733694 1.6595744680851063 0.32 22.314383477345714
0.06970764150640457 1.6595744680851063 0.33 22.411302711387542
0.0716607459009196 1.6595744680851063 0.34 22.51102060133292
0.07360103556738137 1.6595744680851063 0.35 22.613523613161504
0.0755283198687965 1.6595744680851063 0.36 22.71879818923904
0.07744241977571387 1.6595744680851063 0.37 22.826830766871083
0.0793431677093799 1.6595744680851063 0.38 22.937607795912566
0.08123040736823117 1.6595744680851063 0.39 23.051115755558587
0.08310399353955164 1.6595744680851063 0.4 23.16734117007732
0.08496379189728681 1.6595744680851063 0.41 23.286270623727493
0.08680967878763725 1.6595744680851063 0.42 23.407890774717348
0.0886415410036841 1.6595744680851063 0.43 23.532188368262005
0.09045927555031531 1.6595744680851063 0.44 23.659150248762533
0.09226278940071739 1.6595744680851063 0.45 23.788763371110363
0.09405199924561668 1.6595744680851063 0.46 23.92101481114017
0.09582683123625947 1.6595744680851063 0.47 24.055891775327567
0.09758722072244468 1.6595744680851063 0.48 24.193381609634663
0.09933311198642507 1.6595744680851063 0.49 24.333471807636574
0.10106445797360322 1.6595744680851063 0.5 24.476150017971946
0.10278122002105623 1.6595744680851063 0.51 24.621404051081676
0.10448336758467684 1.6595744680851063 0.52 24.769221885296314
0.10617087796558332 1.6595744680851063 0.53 24.9195916723675
0.10784373603668253 1.6595744680851063 0.54 25.072501742400284
0.10950193396996465 1.6595744680851063 0.55 25.227940608265175
0.11114547096515213 1.6595744680851063 0.56 25.385896969520786
0.11277435298029641 1.6595744680851063 0.57 25.546359715867823
0.11438859246480002 1.6595744680851063 0.58 25.709317930185193
0.11598820809543363 1.6595744680851063 0.59 25.8747608911353
0.11757322451558411 1.6595744680851063 0.6 26.04267807545477
0.11914367207834363 1.6595744680851063 0.61 26.213059159857785
0.12069958659371215 1.6595744680851063 0.62 26.385894022613375
0.12224100907998764 1.6595744680851063 0.63 26.56117274492444
0.12376798552026479 1.6595744680851063 0.64 26.73888561184851
0.12528056662334075 1.6595744680851063 0.65 26.919023113194868
0.12677880759019175 1.6595744680851063 0.66 27.101575944001688
0.12826276788554875 1.6595744680851063 0.67 27.286535004896418
0.12973251101499805 1.6595744680851063 0.68 27.47389140223795
0.13118810430776265 1.6595744680851063 0.69 27.66363644804482
0.1326296187051405 1.6595744680851063 0.7 27.855761659778658
0.13405712855473842 1.6595744680851063 0.71 28.050258759971012
0.13547071141058994 1.6595744680851063 0.72 28.247119675693842
0.13687044783923466 1.6595744680851063 0.73 28.446336537869698
0.1382564212315946 1.6595744680851063 0.74 28.647901680509563
0.13962871762096007 1.6595744680851063 0.75 28.85180763975958
0.14098742550674298 1.6595744680851063 0.76 29.058047152903544
0.14233263568414353 1.6595744680851063 0.77 29.266613157257428
0.1436644410798616 1.6595744680851063 0.78 29.47749878889422
0.14498293659327047 1.6595744680851063 0.79 29.690697381424826
0.14628821894369906 1.6595744680851063 0.8 29.906202464550162
0.14758038652305525 1.6595744680851063 0.81 30.124007762676634
0.14885953925424428 1.6595744680851063 0.82 30.344107193380975
0.15012577845497002 1.6595744680851063 0.83 30.566494865862737
0.15137920670695246 1.6595744680851063 0.84 30.7911650793363
0.15261992773036615 1.6595744680851063 0.85 31.018112321405283
0.15384804626349968 1.6595744680851063 0.86 31.247331266379945
0.15506366794743215 1.6595744680851063 0.87 31.478816773579428
0.15626689921561993 1.6595744680851063 0.88 31.712563885618753
0.15745784718826122 1.6595744680851063 0.89 31.948567826690173
0.1586366195713614 1.6595744680851063 0.9 32.18682400082386
0.1598033245602929 1.6595744680851063 0.91 32.42732799016528
0.1609580707477706 1.6595744680851063 0.92 32.67007555325351
0.1621009670360713 1.6595744680851063 0.93 32.91506262332208
0.163232122553396 1.6595744680851063 0.94 33.162285306615196
0.16435164657422982 1.6595744680851063 0.95 33.411739880729456
0.16545964844355357 1.6595744680851063 0.96 33.66342279299219
0.16655623750480336 1.6595744680851063 0.97 33.91733065886975
0.1676415230313973 1.6595744680851063 0.98 34.17346026043155
0.16871561416170133 1.6595744680851063 0.99 34.43180854487398
0.0 1.673758865248227 0.0 21.172184977851295
0.00217320831837174 1.673758865248227 0.01 21.173725698495602
0.004345942342441538 1.673758865248227 0.02 21.178347538665818
0.0065177284601399595 1.673758865248227 0.03 21.186049533958634
0.008688094421148426 1.673758865248227 0.04 21.196830080026647
0.010856570011012819 1.673758865248227 0.05 21.21068693703356
0.013022687717200016 1.673758865248227 0.06 21.227617235867726
0.015185983384521096 1.673758865248227 0.07 21.247617486037058
0.017345996857399158 1.673758865248227 0.08 21.270683585268646
0.019502272606597863 1.673758865248227 0.09 21.296810830685104
0.021654360338103387 1.673758865248227 0.1 21.325993931561293
0.02380181558204349 1.673758865248227 0.11 21.358227023506714
0.02594420025960858 1.673758865248227 0.12 21.393503684076915
0.028081083226171144 1.673758865248227 0.13 21.431816949652795
0.03021204078886864 1.673758865248227 0.14 21.473159333608926
0.032336657197317396 1.673758865248227 0.15 21.51752284543249
0.034454525105916546 1.673758865248227 0.16 21.56489901106084
0.036565246006919544 1.673758865248227 0.17 21.615278893911825
0.038668430633140315 1.673758865248227 0.18 21.668653116822096
0.0407636993296581 1.673758865248227 0.19 21.725011884654368
0.0428506823940791 1.673758865248227 0.2 21.784345007381578
0.044929020384887684 1.673758865248227 0.21 21.84664192369338
0.04699836439782841 1.673758865248227 0.22 21.91189172490909
0.049058376310364554 1.673758865248227 0.23 21.98008317908283
0.05110872899436564 1.673758865248227 0.24 22.051204755244488
0.05314910649739879 1.673758865248227 0.25 22.12524464765736
0.055179204193247545 1.673758865248227 0.26 22.202190799902066
0.05719872890210537 1.673758865248227 0.27 22.28203092886963
0.059207398981452095 1.673758865248227 0.28 22.364752548379233
0.06120494438839651 1.673758865248227 0.29 22.450342992437015
0.06319110671442517 1.673758865248227 0.3 22.538789438094756
0.06516563919380645 1.673758865248227 0.31 22.630078927712663
0.0671283066866752 1.673758865248227 0.32 22.724198390665187
0.06907888563804859 1.673758865248227 0.33 22.821134664406266
0.07101716401412272 1.673758865248227 0.34 22.920874514791187
0.07294294121698773 1.673758865248227 0.35 23.023404655725134
0.07485602797933003 1.673758865248227 0.36 23.128711767945884
0.0767562462401889 1.673758865248227 0.37 23.23678251709327
0.0786434290033889 1.673758865248227 0.38 23.347603570869232
0.08051742017973872 1.673758865248227 0.39 23.461161615432438
0.08237807441458361 1.673758865248227 0.4 23.577443370861783
0.08422525690176695 1.673758865248227 0.41 23.696435605838964
0.08605884318540911 1.673758865248227 0.42 23.81812515147374
0.08787871895086866 1.673758865248227 0.43 23.942498914217037
0.08968477980573009 1.673758865248227 0.44 24.069543888077266
0.0914769310524026 1.673758865248227 0.45 24.199247165921417
0.09325508745315798 1.673758865248227 0.46 24.331595950043727
0.09501917298882304 1.673758865248227 0.47 24.466577561945172
0.09676912061200824 1.673758865248227 0.48 24.60417945142193
0.09850487199600344 1.673758865248227 0.49 24.744389204905232
0.10022637728014203 1.673758865248227 0.5 24.887194553141864
0.1019335948125515 1.673758865248227 0.51 25.032583378217225
0.10362649089095015 1.673758865248227 0.52 25.180543720026478
0.10530503950261498 1.673758865248227 0.53 25.331063782044026
0.10696922206366725 1.673758865248227 0.54 25.484131936699164
0.10861902715895107 1.673758865248227 0.55 25.639736730086796
0.11025445028260002 1.673758865248227 0.56 25.79786688629426
0.11187549358014706 1.673758865248227 0.57 25.958511311232197
0.11348216559265781 1.673758865248227 0.58 26.12165909601796
0.11507448100318456 1.673758865248227 0.59 26.287299520021357
0.1166524603862733 1.673758865248227 0.6 26.455422053460204
0.11821612996065527 1.673758865248227 0.61 26.626016359692972
0.1197655213455711 1.673758865248227 0.62 26.79907229718853
0.12130067132114371 1.673758865248227 0.63 26.97457992115272
0.12282162159292292 1.673758865248227 0.64 27.15252948490637
0.12432841856094749 1.673758865248227 0.65 27.33291144099252
0.1258211130935707 1.673758865248227 0.66 27.515716442021287
0.12729976030616819 1.673758865248227 0.67 27.700935341302877
0.12876441934497918 1.673758865248227 0.68 27.888559193247435
0.13021515317614776 1.673758865248227 0.69 28.078579253579083
0.13165202838012965 1.673758865248227 0.7 28.270986979356838
0.13307511495153806 1.673758865248227 0.71 28.46577402882375
0.13448448610452615 1.673758865248227 0.72 28.662932261086084
0.13588021808370138 1.673758865248227 0.73 28.862453735657823
0.13726238998069787 1.673758865248227 0.74 29.06433071184203
0.13863108355629916 1.673758865248227 0.75 29.268555648011876
0.1399863830682948 1.673758865248227 0.76 29.47512120072289
0.14132837510478158 1.673758865248227 0.77 29.684020223781964
0.14265714842319846 1.673758865248227 0.78 29.895245767147276
0.143972793794796 1.673758865248227 0.79 30.108791075776505
0.14527540385457713 1.673758865248227 0.8 30.32464958839322
0.146565072956823 1.673758865248227 0.81 30.542814936105508
0.14784189703560338 1.673758865248227 0.82 30.763280941104473
0.14910597347099497 1.673758865248227 0.83 30.986041615113955
0.15035740096008998 1.673758865248227 0.84 31.21109115794447
0.1515962793932512 1.673758865248227 0.85 31.438423955927565
0.15282270973533782 1.673758865248227 0.86 31.668034580310305
0.15403679391169733 1.673758865248227 0.87 31.899917785656772
0.1552386346989897 1.673758865248227 0.88 32.13406850818944
0.15642833562057937 1.673758865248227 0.89 32.37048186413862
0.15760600084652715 1.673758865248227 0.9 32.609153148043816
0.15877173509774298 1.673758865248227 0.91 32.85007783114525
0.15992564355473574 1.673758865248227 0.92 33.09325155963982
0.16106783177015677 1.673758865248227 0.93 33.3386701530889
0.16219840558565923 1.673758865248227 0.94 33.58632960271582
0.1633174710524077 1.673758865248227 0.95 33.83622606982239
0.164425134355492 1.673758865248227 0.96 34.08835588417304
0.16552150174188418 1.673758865248227 0.97 34.34271554244986
0.16660667945196353 1.673758865248227 0.98 34.59930170672201
0.16768077365441755 1.673758865248227 0.99 34.858111202963364
0.0 1.6879432624113475 0.0 21.585553510202896
0.0021523005477157285 1.6879432624113475 0.01 21.587093251743166
0.004304140649336715 1.6879432624113475 0.02 21.591712164207255
0.006455060506480505 1.6879432624113475 0.03 21.599409311972842
0.008604601613671898 1.6879432624113475 0.04 21.610183138503405
0.010752307398529466 1.6879432624113475 0.05 21.624031470553206
0.012897723854475112 1.6879432624113475 0.06 21.64095152406612
0.015040400163576323 1.6879432624113475 0.07 21.660939911664787
0.017179889307186513 1.6879432624113475 0.08 21.683992651734926
0.019315748662157975 1.6879432624113475 0.09 21.71010517902062
0.0214475405805034 1.6879432624113475 0.1 21.739272356676043
0.023574832950465564 1.6879432624113475 0.11 21.771488489779163
0.02569719973720603 1.6879432624113475 0.12 21.80674734006151
0.027814221501317005 1.6879432624113475 0.13 21.845042141945694
0.029925485893601635 1.6879432624113475 0.14 21.886365619756425
0.032030588124820555 1.6879432624113475 0.15 21.93071000587074
0.03412913140902148 1.6879432624113475 0.16 21.97806705996114
0.03622072737951151 1.6879432624113475 0.17 22.028428089043448
0.038304996476601946 1.6879432624113475 0.18 22.081783968243407
0.04038156830638385 1.6879432624113475 0.19 22.13812516224154
0.042450081970024776 1.6879432624113475 0.2 22.19744174727343
0.0445101863632565 1.6879432624113475 0.21 22.259723433564453
0.0465615404459668 1.6879432624113475 0.22 22.324959588013698
0.04860381348171373 1.6879432624113475 0.23 22.393139257207295
0.050636685247435066 1.6879432624113475 0.24 22.464251190524823
0.05265984621374203 1.6879432624113475 0.25 22.538283863172488
0.05467299769595044 1.6879432624113475 0.26 22.615225499309407
0.05667585197675348 1.6879432624113475 0.27 22.69506409487192
0.058668132401022456 1.6879432624113475 0.28 22.777787440198505
0.06064957344357288 1.6879432624113475 0.29 22.86338314233423
0.06261992075081567 1.6879432624113475 0.3 22.95183864691878
0.06457893115724733 1.6879432624113475 0.31 23.043141259608372
0.06652637267784771 1.6879432624113475 0.32 23.137278166954655
0.06846202447746083 1.6879432624113475 0.33 23.23423645670929
0.07038567681832093 1.6879432624113475 0.34 23.33400313750024
0.07229713098696998 1.6879432624113475 0.35 23.436565157803035
0.07419619920172477 1.6879432624113475 0.36 23.54190942421668
0.07608270450191523 1.6879432624113475 0.37 23.650022819023548
0.07795648062020341 1.6879432624113475 0.38 23.760892216969353
0.07981737183920598 1.6879432624113475 0.39 23.874504501263083
0.08166523283360799 1.6879432624113475 0.4 23.99084657881595
0.08349992849906916 1.6879432624113475 0.41 24.109905394664565
0.08532133376897626 1.6879432624113475 0.42 24.231667945664245
0.08712933342041362 1.6879432624113475 0.43 24.356121293338056
0.08892382187030771 1.6879432624113475 0.44 24.483252575997845
0.0907047029629211 1.6879432624113475 0.45 24.61304902010545
0.0924718897497303 1.6879432624113475 0.46 24.745497950905207
0.0942253042627838 1.6879432624113475 0.47 24.88058680230472
0.09596487728234507 1.6879432624113475 0.48 25.018303126117008
0.09769054809993709 1.6879432624113475 0.49 25.158634600585252
0.09940226427755433 1.6879432624113475 0.5 25.30156903827769
0.10109998140380715 1.6879432624113475 0.51 25.44709439341215
0.1027836628480571 1.6879432624113475 0.52 25.595198768497802
0.10445327951292124 1.6879432624113475 0.53 25.745870420506186
0.10610880958615265 1.6879432624113475 0.54 25.899097766438476
0.10775023829224427 1.6879432624113475 0.55 26.05486938846576
0.10937755764469184 1.6879432624113475 0.56 26.21317403850387
0.11099076619917297 1.6879432624113475 0.57 26.374000642397302
0.11258986880834916 1.6879432624113475 0.58 26.53733830364403
0.11417487637860173 1.6879432624113475 0.59 26.703176306764195
0.11574580562942327 1.6879432624113475 0.6 26.87150412020094
0.11730267885537181 1.6879432624113475 0.61 27.042311399006895
0.11884552369165419 1.6879432624113475 0.62 27.21558798700773
0.12037437288280986 1.6879432624113475 0.63 27.391323918861335
0.12188926405560067 1.6879432624113475 0.64 27.56950942165546
0.12339023949578315 1.6879432624113475 0.65 27.75013491633226
0.12487734592936718 1.6879432624113475 0.66 27.933191018786637
0.12635063430828516 1.6879432624113475 0.67 28.118668540781407
0.12781015960091374 1.6879432624113475 0.68 28.306558490574925
0.129255980587304 1.6879432624113475 0.69 28.49685207340746
0.130688159659578 1.6879432624113475 0.7 28.689540691712775
0.1321067626272776 1.6879432624113475 0.71 28.884615945208765
0.1335118585280711 1.6879432624113475 0.72 29.082069630737315
0.13490351944345408 1.6879432624113475 0.73 29.281893742051775
0.13628182031995575 1.6879432624113475 0.74 29.484080469358503
0.13764683879561476 1.6879432624113475 0.75 29.68862219873838
0.13899865503175446 1.6879432624113475 0.76 29.895511511449737
0.14033735155000243 1.6879432624113475 0.77 30.10474118314355
0.1416630130747751 1.6879432624113475 0.78 30.316304182897504
0.14297572638093398 1.6879432624113475 0.79 30.53019367219102
0.14427558014664324 1.6879432624113475 0.8 30.746403003798378
0.145562664811484 1.6879432624113475 0.81 30.964925720561805
0.14683707243959684 1.6879432624113475 0.82 31.18575555412359
0.14809889658796324 1.6879432624113475 0.83 31.408886423547095
0.1493482321794823 1.6879432624113475 0.84 31.634312433946917
0.15058517538109434 1.6879432624113475 0.85 31.8620278749919
0.15180982348653896 1.6879432624113475 0.86 32.09202721942404
0.15302227480387248 1.6879432624113475 0.87 32.32430512150626
0.15422262854752106 1.6879432624113475 0.88 32.558856415456795
0.1554109847347951 1.6879432624113475 0.89 32.79567611386398
0.15658744408682146 1.6879432624113475 0.9 33.03475940605966
0.15775210793359645 1.6879432624113475 0.91 33.276101656536056
0.15890507812328072 1.6879432624113475 0.92 33.51969840331267
0.1600464569354855 1.6879432624113475 0.93 33.76554535631632
0.16117634699835473 1.6879432624113475 0.94 34.013638395813395
0.1622948512095993 1.6879432624113475 0.95 34.26397357078458
0.16340207266101575 1.6879432624113475 0.96 34.51654709739514
0.16449811456664695 1.6879432624113475 0.97 34.771355357450496
0.16558308019436785 1.6879432624113475 0.98 35.02839489688402
0.1666570728006995 1.6879432624113475 0.99 35.287662424316686
0.0 1.702127659574468 0.0 22.002098325123395
0.002131830944254117 1.702127659574468 0.01 22.00363723482417
0.004263214694651622 1.702127659574468 0.02 22.008253660775765
0.006393704672822723 1.702127659574468 0.03 22.01594669442368
0.008522855529041258 1.702127659574468 0.04 22.02671482414358
0.010650223750722628 1.702127659574468 0.05 22.040555939278082
0.012775368263982016 1.702127659574468 0.06 22.057467335715366
0.014897851026034387 1.702127659574468 0.07 22.0774457229663
0.017017237606246544 1.702127659574468 0.08 22.10048723280215
0.019133097753794008 1.702127659574468 0.09 22.12658742928007
0.021245005949924626 1.702127659574468 0.1 22.155741320176848
0.023352541942950975 1.702127659574468 0.11 22.18794336977201
0.025455291264243767 1.702127659574468 0.12 22.223187512865273
0.027552845723619306 1.702127659574468 0.13 22.26146716995562
0.029644803882627465 1.702127659574468 0.14 22.30277526354604
0.031730771504428386 1.702127659574468 0.15 22.347104235465736
0.033810361979167404 1.702127659574468 0.16 22.394446065022095
0.03588319672369682 1.702127659574468 0.17 22.444792288111667
0.03794890555499648 1.702127659574468 0.18 22.49813401691922
0.04000712703645882 1.702127659574468 0.19 22.554461960336255
0.04205750879661587 1.702127659574468 0.2 22.613766444875317
0.044099707819982105 1.702127659574468 0.21 22.67603743596714
0.04613339070968389 1.702127659574468 0.22 22.74126455969048
0.04815823392207061 1.702127659574468 0.23 22.809437124585656
0.05017392397315932 1.702127659574468 0.24 22.88054414372766
0.052180157617315794 1.702127659574468 0.25 22.954574356795277
0.05417664199852718 1.702127659574468 0.26 23.031516252075043
0.056163094774718626 1.702127659574468 0.27 23.111358088355043
0.058139244215763324 1.702127659574468 0.28 23.194087916589087
0.060104829275834756 1.702127659574468 0.29 23.279693601305343
0.06205959964097064 1.702127659574468 0.3 23.3681628416296
0.06400331575269597 1.702127659574468 0.31 23.4594831918866
0.06593574880859049 1.702127659574468 0.32 23.55364208176566
0.0678566807409648 1.702127659574468 0.33 23.650626835880082
0.06976590417447609 1.702127659574468 0.34 23.750424692838696
0.07166322236399554 1.702127659574468 0.35 23.853022823628528
0.07354844911366613 1.702127659574468 0.36 23.958408349404635
0.07542140867842288 1.702127659574468 0.37 24.066568358566084
0.07728193564904424 1.702127659574468 0.38 24.177489923152454
0.07912987482187812 1.702127659574468 0.39 24.29116011454781
0.08096508105448456 1.702127659574468 0.4 24.40756601842175
0.08278741910821001 1.702127659574468 0.41 24.52669474897873
0.08459676347893215 1.702127659574468 0.42 24.648533462440394
0.08639299821687785 1.702127659574468 0.43 24.77306936987954
0.08817601673689866 1.702127659574468 0.44 24.900289749226523
0.08994572161987491 1.702127659574468 0.45 25.030181956675058
0.09170202440651513 1.702127659574468 0.46 25.16273343734557
0.09344484538450817 1.702127659574468 0.47 25.29793173523319
0.09517411336968869 1.702127659574468 0.48 25.43576450260487
0.096889765482472 1.702127659574468 0.49 25.576219508661993
0.09859174692012443 1.702127659574468 0.5 25.71928464764434
0.10028001072584704 1.702127659574468 0.51 25.864947946303282
0.10195451755528864 1.702127659574468 0.52 26.013197570844298
0.103615235441301 1.702127659574468 0.53 26.164021833311455
0.10526213955759191 1.702127659574468 0.54 26.317409197448494
0.10689521198195201 1.702127659574468 0.55 26.473348284039073
0.10851444145942 1.702127659574468 0.56 26.631827875862548
0.11011982316632489 1.702127659574468 0.57 26.792836922094033
0.1117113584753129 1.702127659574468 0.58 26.9563645423725
0.11328905472218027 1.702127659574468 0.59 27.122400030386412
0.11485292497461665 1.702127659574468 0.6 27.29093285715924
0.11640298780350374 1.702127659574468 0.61 27.461952673935134
0.11793926705715066 1.702127659574468 0.62 27.635449314678198
0.1194617916384324 1.702127659574468 0.63 27.811412798375866
0.12097059528563593 1.702127659574468 0.64 27.989833330924323
0.12246571635693658 1.702127659574468 0.65 28.170701306777094
0.12394719761882515 1.702127659574468 0.66 28.3540073103336
0.12541508603874552 1.702127659574468 0.67 28.539742117060523
0.1268694325821067 1.702127659574468 0.68 28.727896694370557
0.12831029201376914 1.702127659574468 0.69 28.918462202299533
0.12973772270420905 1.702127659574468 0.7 29.111429993964112
0.13115178644048736 1.702127659574468 0.71 29.30679161580697
0.13255254824199364 1.702127659574468 0.72 29.504538807696488
0.1339400761812476 1.702127659574468 0.73 29.704663502798255
0.13531444120954061 1.702127659574468 0.74 29.907157827350897
0.13667571698769918 1.702127659574468 0.75 30.112014100247517
0.13802397972186764 1.702127659574468 0.76 30.31922483248776
0.13935930800433624 1.702127659574468 0.77 30.52878272650178
0.1406817826593647 1.702127659574468 0.78 30.7406806753732
0.1419914865940903 1.702127659574468 0.79 30.954911761922542
0.14328850465439183 1.702127659574468 0.8 31.171469257702146
0.14457292348562747 1.702127659574468 0.81 31.39034662192761
0.14584483139833676 1.702127659574468 0.82 31.61153750029222
0.14710431823877804 1.702127659574468 0.83 31.83503572370128
0.1483514752640846 1.702127659574468 0.84 32.06083530699843
0.1495863950222285 1.702127659574468 0.85 32.288930447576035
0.15080917123654594 1.702127659574468 0.86 32.51931552394824
0.15201989869469806 1.702127659574468 0.87 32.751985094309866
0.153218673142069 1.702127659574468 0.88 32.98693389504743
0.15440559117951702 1.702127659574468 0.89 33.224156839203374
0.15558075016524514 1.702127659574468 0.9 33.46364901495762
0.15674424812086762 1.702127659574468 0.91 33.70540568405513
0.15789618364139454 1.702127659574468 0.92 33.94942228026033
0.159036655809099 1.702127659574468 0.93 34.19569440781274
0.16016576411128985 1.702127659574468 0.94 34.444217839833726
0.161283608361573 1.702127659574468 0.95 34.69498851682169
0.16239028862478147 1.702127659574468 0.96 34.948002545116616
0.16348590514536532 1.702127659574468 0.97 35.20325619538183
0.16457055827900993 1.702127659574468 0.98 35.46074590115994
0.16564434842762085 1.702127659574468 0.99 35.72046825740194
0.0 1.7163120567375887 0.0 22.421847619938756
0.0021117835624270406 1.7163120567375887 0.01 22.423385832167117
0.0042231326236599025 1.7163120567375887 0.02 22.42800017417263
0.006333613267877024 1.7163120567375887 0.03 22.435689762811904
0.008442792747834986 1.7163120567375887 0.04 22.446453128675248
0.010550240063740592 1.7163120567375887 0.05 22.460288219928735
0.012655526535681928 1.7163120567375887 0.06 22.477192407565607
0.014758226367527064 1.7163120567375887 0.07 22.497162492161806
0.016857917200291776 1.7163120567375887 0.08 22.520194712016526
0.018954180653015604 1.7163120567375887 0.09 22.546284752714154
0.021046602849347028 1.7163120567375887 0.1 22.575427757917083
0.023134774928009198 1.7163120567375887 0.11 22.60761834154712
0.025218293535616717 1.7163120567375887 0.12 22.64285060102948
0.0272967613002423 1.7163120567375887 0.13 22.681118131747258
0.02936978728440854 1.7163120567375887 0.14 22.72241404250075
0.0314369874162309 1.7163120567375887 0.15 22.766730971954605
0.033497984897643954 1.7163120567375887 0.16 22.814061105934957
0.03555241058875788 1.7163120567375887 0.17 22.864396195500976
0.03759990336747724 1.7163120567375887 0.18 22.917727575785797
0.039640110463823985 1.7163120567375887 0.19 22.974046185381383
0.041672687768447944 1.7163120567375887 0.2 23.03334258621158
0.04369730011486934 1.7163120567375887 0.21 23.095606983915307
0.04571362153537683 1.7163120567375887 0.22 23.160829248486586
0.0477213354904746 1.7163120567375887 0.23 23.228998935137184
0.04972013507185102 1.7163120567375887 0.24 23.300105305383976
0.05170972317920369 1.7163120567375887 0.25 23.37413734812818
0.05368981267118173 1.7163120567375887 0.26 23.451083800707824
0.05566012649079356 1.7163120567375887 0.27 23.530933169912306
0.05762039776594635 1.7163120567375887 0.28 23.613673752760402
0.05957036988567567 1.7163120567375887 0.29 23.69929365703862
0.06150979655273611 1.7163120567375887 0.3 23.787780821565303
0.0634384418134545 1.7163120567375887 0.31 23.879123036028183
0.0653560800655764 1.7163120567375887 0.32 23.973307960441854
0.06726249604512624 1.7163120567375887 0.33 24.07032314409033
0.0691574847931869 1.7163120567375887 0.34 24.170156043954755
0.0710408516035468 1.7163120567375887 0.35 24.27279404262164
0.0729124119523663 1.7163120567375887 0.36 24.378224465550062
0.07477199141080992 1.7163120567375887 0.37 24.486434597745024
0.07661942554176875 1.7163120567375887 0.38 24.597411699771996
0.07845455978162609 1.7163120567375887 0.39 24.711143023170536
0.08027724930834576 1.7163120567375887 0.4 24.82761582511699
0.08208735889669586 1.7163120567375887 0.41 24.94681738248942
0.08388476276185446 1.7163120567375887 0.42 25.068735005203163
0.08566934439227018 1.7163120567375887 0.43 25.193356048916073
0.0874409963729719 1.7163120567375887 0.44 25.320667926994197
0.08919962020003752 1.7163120567375887 0.45 25.450658121907537
0.09094512608745955 1.7163120567375887 0.46 25.583314195895728
0.09267743276714518 1.7163120567375887 0.47 25.71862380102527
0.09439646728295259 1.7163120567375887 0.48 25.856574688641143
0.09610216477975242 1.7163120567375887 0.49 25.997154718152572
0.09779446828804449 1.7163120567375887 0.5 26.14035186532654
0.09947332850527958 1.7163120567375887 0.51 26.286154229901594
0.10113870357424294 1.7163120567375887 0.52 26.434550042748306
0.102790558859466 1.7163120567375887 0.53 26.58552767244934
0.10442886672220152 1.7163120567375887 0.54 26.739075631385994
0.10605360629458774 1.7163120567375887 0.55 26.895182581346763
0.10766476325357352 1.7163120567375887 0.56 27.053837338681788
0.10926232959519017 1.7163120567375887 0.57 27.21502887900071
0.1108463034096633 1.7163120567375887 0.58 27.378746341440042
0.11241668865774535 1.7163120567375887 0.59 27.54497903256278
0.11397349494878867 1.7163120567375887 0.6 27.713716429864494
0.11551673732099137 1.7163120567375887 0.61 27.884948184888778
0.11704643602401864 1.7163120567375887 0.62 28.05866412604863
0.11856261630445468 1.7163120567375887 0.63 28.234854261110247
0.12006530819444043 1.7163120567375887 0.64 28.41350877933115
0.12155454630358942 1.7163120567375887 0.65 28.594618053354736
0.12303036961452878 1.7163120567375887 0.66 28.77817264082602
0.12449282128234383 1.7163120567375887 0.67 28.96416328571505
0.12594194843801695 1.7163120567375887 0.68 29.152580919409292
0.127377801995984 1.7163120567375887 0.69 29.343416661608178
0.12880043646613695 1.7163120567375887 0.7 29.536661820946463
0.13020990977016444 1.7163120567375887 0.71 29.732307895465343
0.13160628306254654 1.7163120567375887 0.72 29.93034657284393
0.13298962055612773 1.7163120567375887 0.73 30.13076973047484
0.13435998935228569 1.7163120567375887 0.74 30.333569435414866
0.13571745927612394 1.7163120567375887 0.75 30.53873794404851
0.13706210271604585 1.7163120567375887 0.76 30.746267701779217
0.1383939944684082 1.7163120567375887 0.77 30.956151342448837
0.13971321158685845 1.7163120567375887 0.78 31.16838168767508
0.14101983323634154 1.7163120567375887 0.79 31.382951746116827
0.14231394055201943 1.7163120567375887 0.8 31.59985471255693
0.1435956165027864 1.7163120567375887 0.81 31.81908396693868
0.14486494575945474 1.7163120567375887 0.82 32.040633073310964
0.14612201456758225 1.7163120567375887 0.83 32.2644957786804
0.14736691062480392 1.7163120567375887 0.84 32.49066601181231
0.14859972296274432 1.7163120567375887 0.85 32.71913788192545
0.1498205418332062 1.7163120567375887 0.86 32.94990567738922
0.1510294585987149 1.7163120567375887 0.87 33.182963864361014
0.1522265656274072 1.7163120567375887 0.88 33.418307085338554
0.1534119561919293 1.7163120567375887 0.89 33.65593015774297
0.1545857243724532 1.7163120567375887 0.9 33.895828072450506
0.1557479649637323 1.7163120567375887 0.91 34.137995992272536
0.15689877338580502 1.7163120567375887 0.92 34.382429250518946
0.15803824559876664 1.7163120567375887 0.93 34.62912334942285
0.15916647802092165 1.7163120567375887 0.94 34.87807395868989
0.16028356745065014 1.7163120567375887 0.95 35.129276913986466
0.16138961099173058 1.7163120567375887 0.96 35.382728215440416
0.16248470598193104 1.7163120567375887 0.97 35.63842402619646
0.16356894992492618 1.7163120567375887 0.98 35.89636067096097
0.1646424404253596 1.7163120567375887 0.99 36.15653463457495
0.0 1.7304964539007093 0.0 22.844827479732984
0.0020921433746428357 1.7304964539007093 0.01 22.846365116713407
0.004183864414693239 1.7304964539007093 0.02 22.85097774099414
0.006274741342752939 1.7304964539007093 0.03 22.858664493300147
0.008364353493796097 1.7304964539007093 0.04 22.869423943893775
0.01045228186630603 1.7304964539007093 0.05 22.883254096244432
0.012538109667442105 1.7304964539007093 0.06 22.90015239191873
0.014621422850224615 1.7304964539007093 0.07 22.92011571709968
0.016701810640946252 1.7304964539007093 0.08 22.943140410250248
0.018778866054956506 1.7304964539007093 0.09 22.969222271149608
0.020852186399068287 1.7304964539007093 0.1 22.998356571260263
0.02292137375903419 1.7304964539007093 0.11 23.03053806516188
0.024986035470481324 1.7304964539007093 0.12 23.06576100321621
0.02704578457193033 1.7304964539007093 0.13 23.10401914527171
0.02910024023860375 1.7304964539007093 0.14 23.145305775345484
0.031149028195816334 1.7304964539007093 0.15 23.189613717267896
0.033191781110946485 1.7304964539007093 0.16 23.236935351136342
0.03522813896306285 1.7304964539007093 0.17 23.287262630534634
0.03725774938943257 1.7304964539007093 0.18 23.3405871004365
0.03928026800830831 1.7304964539007093 0.19 23.39689991566999
0.04129535871745619 1.7304964539007093 0.2 23.456191859916046
0.04330269396809638 1.7304964539007093 0.21 23.518453365112755
0.04530195501406711 1.7304964539007093 0.22 23.58367453114649
0.047292832136033434 1.7304964539007093 0.23 23.651845145841246
0.049275024840834764 1.7304964539007093 0.24 23.72295470508787
0.05124824203614118 1.7304964539007093 0.25 23.796992433019625
0.05321220218060592 1.7304964539007093 0.26 23.873947302231702
0.05516663340995382 1.7304964539007093 0.27 23.953808053898857
0.05711127363940937 1.7304964539007093 0.28 24.036563217779438
0.059045870643131486 1.7304964539007093 0.29 24.12220113194256
0.06097018211112072 1.7304964539007093 0.3 24.21070996230596
0.0628839756844858 1.7304964539007093 0.31 24.302077721774612
0.06478702896969199 1.7304964539007093 0.32 24.396292289054646
0.06667912953277595 1.7304964539007093 0.33 24.493341426971288
0.06856007487423456 1.7304964539007093 0.34 24.593212800380496
0.07042967238562722 1.7304964539007093 0.35 24.695893993539084
0.0722877392888198 1.7304964539007093 0.36 24.801372526917998
0.07413410255872621 1.7304964539007093 0.37 24.909635873509004
0.075968598830694 1.7304964539007093 0.38 25.020671474486097
0.07779107429343125 1.7304964539007093 0.39 25.134466754272864
0.07960138456844679 1.7304964539007093 0.4 25.251009135014552
0.08139939457702841 1.7304964539007093 0.41 25.370286050420972
0.08318497839582047 1.7304964539007093 0.42 25.49228495892642
0.08495801910169326 1.7304964539007093 0.43 25.616993356336433
0.08671840860732792 1.7304964539007093 0.44 25.74439878766807
0.08846604748781892 1.7304964539007093 0.45 25.874488858572985
0.09020084479987475 1.7304964539007093 0.46 26.00725124593817
0.09192271789384047 1.7304964539007093 0.47 26.142673708064624
0.09363159221993869 1.7304964539007093 0.48 26.280744094107842
0.09532740112907304 1.7304964539007093 0.49 26.421450353066774
0.09701008566941213 1.7304964539007093 0.5 26.564780542083952
0.09867959437912434 1.7304964539007093 0.51 26.710722834286088
0.10033588307614305 1.7304964539007093 0.52 26.859265526083174
0.10197891464570323 1.7304964539007093 0.53 27.010397043908885
0.10360865882608648 1.7304964539007093 0.54 27.164105950528228
0.10522509199331552 1.7304964539007093 0.55 27.32038095085393
0.10682819694541275 1.7304964539007093 0.56 27.47921089726534
0.10841796268650934 1.7304964539007093 0.57 27.640584794574906
0.10999438421161242 1.7304964539007093 0.58 27.804491804496788
0.11155746229222531 1.7304964539007093 0.59 27.97092124977348
0.11310720326342212 1.7304964539007093 0.6 28.13986261788765
0.11464361881263217 1.7304964539007093 0.61 28.31130556444694
0.11616672577061654 1.7304964539007093 0.62 28.485239916197624
0.117676545904929 1.7304964539007093 0.63 28.66165567370404
0.11917310571605601 1.7304964539007093 0.64 28.840543013761827
0.12065643623674062 1.7304964539007093 0.65 29.021892291447024
0.1221265728344155 1.7304964539007093 0.66 29.20569404197232
0.12358355501734822 1.7304964539007093 0.67 29.391938982179067
0.12502742624430827 1.7304964539007093 0.68 29.580618011865393
0.12645823373819534 1.7304964539007093 0.69 29.77172221483398
0.1278760283036801 1.7304964539007093 0.7 29.965242859720114
0.1292808641490207 1.7304964539007093 0.71 30.16117140059527
0.13067279871204113 1.7304964539007093 0.72 30.3594994774153
0.13205189249051308 1.7304964539007093 0.73 30.5602189162522
0.1334182088769728 1.7304964539007093 0.74 30.763321729339825
0.13477181399792282 1.7304964539007093 0.75 30.96880011499224
0.13611277655764423 1.7304964539007093 0.76 31.17664645731811
0.1374411676863529 1.7304964539007093 0.77 31.386853325875308
0.13875706079311942 1.7304964539007093 0.78 31.59941347508664
0.1400605314230717 1.7304964539007093 0.79 31.814319843646217
0.14135165711931136 1.7304964539007093 0.8 32.03156555372109
0.1426305172891924 1.7304964539007093 0.81 32.251143910107054
0.1438971930750695 1.7304964539007093 0.82 32.473048399281964
0.1451517672295005 1.7304964539007093 0.83 32.69727268835261
0.1463943239947398 1.7304964539007093 0.84 32.923810623953855
0.14762494898655462 1.7304964539007093 0.85 33.15265623106723
0.14884372908225457 1.7304964539007093 0.86 33.38380371178625
0.1500507523128789 1.7304964539007093 0.87 33.617247444029516
0.1512461077594943 1.7304964539007093 0.88 33.8529819801958
0.1524298854534304 1.7304964539007093 0.89 34.09100204580954
0.15360217628046732 1.7304964539007093 0.9 34.33130253811943
0.15476307188883526 1.7304964539007093 0.91 34.573878524680396
0.15591266460096498 1.7304964539007093 0.92 34.81872524191213
0.15705104732884204 1.7304964539007093 0.93 35.06583809366515
0.15817831349300032 1.7304964539007093 0.94 35.315212649742215
0.15929455694482686 1.7304964539007093 0.95 35.56684464448491
0.16039987189234683 1.7304964539007093 0.96 35.820729975312204
0.16149435282924635 1.7304964539007093 0.97 36.076864701281785
0.16257809446695878 1.7304964539007093 0.98 36.33524504171321
0.16365119166999378 1.7304964539007093 0.99 36.59586737475484
0.0 1.7446808510638296 0.0 23.271061992828674
0.002072896199219117 1.7446808510638296 0.01 23.27259916551708
0.004145381735269541 1.7446808510638296 0.02 23.277210404394687
0.006217046475775903 1.7446808510638296 0.03 23.284894872674066
0.008287481348076225 1.7446808510638296 0.04 23.295651177931326
0.010356278864377587 1.7446808510638296 0.05 23.309477375601446
0.012423033641333008 1.7446808510638296 0.06 23.32637097368026
0.014487342912203664 1.7446808510638296 0.07 23.34632893884588
0.016548807029897614 1.7446808510638296 0.08 23.369347703754553
0.018607029959145226 1.7446808510638296 0.09 23.395423175684083
0.020661619756257965 1.7446808510638296 0.1 23.42455074626846
0.022712189034875905 1.7446808510638296 0.11 23.45672530247338
0.02475835541633119 1.7446808510638296 0.12 23.491941238581298
0.026799741963260282 1.7446808510638296 0.13 23.530192469224374
0.02883597759524244 1.7446808510638296 0.14 23.571472443385236
0.03086669748537297 1.7446808510638296 0.15 23.61577415926407
0.03289154343680222 1.7446808510638296 0.16 23.66309017991893
0.03491016423828986 1.7446808510638296 0.17 23.71341264973425
0.036922215998181615 1.7446808510638296 0.18 23.76673331141644
0.03892736245603181 1.7446808510638296 0.19 23.823043523683616
0.04092527527155423 1.7446808510638296 0.2 23.882334279333975
0.042915634290412195 1.7446808510638296 0.21 23.944596223793344
0.04489812778667132 1.7446808510638296 0.22 24.009819673978534
0.04687245268183248 1.7446808510638296 0.23 24.077994637367684
0.04883831474033467 1.7446808510638296 0.24 24.149110831321806
0.05079542874179477 1.7446808510638296 0.25 24.223157702413744
0.05274351863008791 1.7446808510638296 0.26 24.300124445817783
0.05468231763961393 1.7446808510638296 0.27 24.38000002465482
0.05661156839916582 1.7446808510638296 0.28 24.46277318921901
0.05853102301390219 1.7446808510638296 0.29 24.54843249601631
0.06044044312598049 1.7446808510638296 0.3 24.6369663265692
0.06233959995448214 1.7446808510638296 0.31 24.72836290593878
0.06422827431534758 1.7446808510638296 0.32 24.82261032089971
0.06610625662208398 1.7446808510638296 0.33 24.919696537717236
0.06797334686797307 1.7446808510638296 0.34 25.019609419541098
0.06982935459077991 1.7446808510638296 0.35 25.122336743256334
0.07167409882057123 1.7446808510638296 0.36 25.2278662159554
0.07350740801185887 1.7446808510638296 0.37 25.336185490765182
0.07532911996064931 1.7446808510638296 0.38 25.447282182246514
0.0771390817075992 1.7446808510638296 0.39 25.561143881147053
0.0789371494279948 1.7446808510638296 0.4 25.67775816863958
0.08072318830959854 1.7446808510638296 0.41 25.79711262995226
0.08249707241927264 1.7446808510638296 0.42 25.919194867392243
0.08425868455918684 1.7446808510638296 0.43 26.043992512824207
0.08600791611362875 1.7446808510638296 0.44 26.17149323952196
0.08774466688720263 1.7446808510638296 0.45 26.301684773453587
0.0894688449353862 1.7446808510638296 0.46 26.43455490393452
0.09118036638800414 1.7446808510638296 0.47 26.570091493819167
0.0928791552668908 1.7446808510638296 0.48 26.708282488959757
0.09456514329795719 1.7446808510638296 0.49 26.849115927277218
0.09623826971886819 1.7446808510638296 0.5 26.9925799471831
0.09789848108276054 1.7446808510638296 0.51 27.138662795533126
0.09954573105886913 1.7446808510638296 0.52 27.287352835020332
0.10117998023053605 1.7446808510638296 0.53 27.43863855112164
0.1028011958913647 1.7446808510638296 0.54 27.592508558531932
0.10440935183997119 1.7446808510638296 0.55 27.74895160717331
0.10600442817410868 1.7446808510638296 0.56 27.907956587674754
0.10758641108428016 1.7446808510638296 0.57 28.069512536553177
0.10915529264782244 1.7446808510638296 0.58 28.233608640846114
0.11071107062343365 1.7446808510638296 0.59 28.400234242466738
0.1122537482469458 1.7446808510638296 0.6 28.569378842096196
0.11378333402846345 1.7446808510638296 0.61 28.74103210276953
0.1152998415513938 1.7446808510638296 0.62 28.915183853084315
0.1168032892736118 1.7446808510638296 0.63 29.0918240900921
0.1182937003310633 1.7446808510638296 0.64 29.270942981886087
0.11977110234417063 1.7446808510638296 0.65 29.452530869854982
0.12123552722707046 1.7446808510638296 0.66 29.636578270725327
0.12268701100024212 1.7446808510638296 0.67 29.823075878240132
0.12412559360639984 1.7446808510638296 0.68 30.01201456464819
0.12555131872995642 1.7446808510638296 0.69 30.203385381951136
0.12696423362033665 1.7446808510638296 0.7 30.397179562861428
0.12836438891895238 1.7446808510638296 0.71 30.593388521638403
0.12975183849035316 1.7446808510638296 0.72 30.79200385462138
0.13112663925727036 1.7446808510638296 0.73 30.9930173406522
0.1324888510398983 1.7446808510638296 0.74 31.196420941271043
0.13383853639934046 1.7446808510638296 0.75 31.402206800759558
0.13517576048531552 1.7446808510638296 0.76 31.610367246018697
0.13650059088808084 1.7446808510638296 0.77 31.820894786325628
0.13781309749476064 1.7446808510638296 0.78 32.03378211290039
0.139113352349789 1.7446808510638296 0.79 32.24902209842995
0.1404014295198334 1.7446808510638296 0.8 32.46660779638511
0.1416774049628687 1.7446808510638296 0.81 32.68653244028615
0.14294135640149191 1.7446808510638296 0.82 32.90878944287061
0.14419336320048795 1.7446808510638296 0.83 33.13337239515146
0.1454335062485441 1.7446808510638296 0.84 33.36027506540111
0.1466618678440528 1.7446808510638296 0.85 33.58949139807386
0.1478785315849711 1.7446808510638296 0.86 33.82101551266265
0.1490835822626929 1.7446808510638296 0.87 34.054841702489355
0.1502771057598511 1.7446808510638296 0.88 34.29096443344263
0.15145918895184787 1.7446808510638296 0.89 34.52937834272942
0.15262991961236083 1.7446808510638296 0.9 34.770078237498815
0.1537893863223544 1.7446808510638296 0.91 35.013059093523545
0.1549376783827757 1.7446808510638296 0.92 35.25831605382562
0.15607488573084108 1.7446808510638296 0.93 35.50584442725661
0.15720109885958083 1.7446808510638296 0.94 35.755639687150016
0.1583164087409087 1.7446808510638296 0.95 36.007697469889926
0.15942090675187576 1.7446808510638296 0.96 36.262013573515304
0.16051468460404938 1.7446808510638296 0.97 36.518583956351534
0.1615978342760716 1.7446808510638296 0.98 36.777404735607476
0.16267044794908558 1.7446808510638296 0.99 37.038472186043684
0.0 1.7588652482269502 0.0 23.700573374922392
0.002054028634508589 1.7588652482269502 0.01 23.702110183763146
0.004107657810574044 1.7588652482269502 0.02 23.706720338181324
0.006160488575788107 1.7588652482269502 0.03 23.71440302250752
0.008212122988057015 1.7588652482269502 0.04 23.725156879465636
0.010262164616383542 1.7588652482269502 0.05 23.73898001341288
0.012310219036427943 1.7588652482269502 0.06 23.755869994872185
0.0143558943191714 1.7588652482269502 0.07 23.77582386629155
0.016398801511040995 1.7588652482269502 0.08 23.79883814903336
0.018438555103910893 1.7588652482269502 0.09 23.824908851566686
0.02047477349349862 1.7588652482269502 0.1 23.854031478737213
0.022507079424681928 1.7588652482269502 0.11 23.8862010421938
0.02453510042243076 1.7588652482269502 0.12 23.921412071799352
0.026558469207065206 1.7588652482269502 0.13 23.95965862806033
0.02857682409273147 1.7588652482269502 0.14 24.00093431541699
0.030589809367982303 1.7588652482269502 0.15 24.045232296457407
0.03259707565762626 1.7588652482269502 0.16 24.09254530680464
0.03459828026490851 1.7588652482269502 0.17 24.142865670806188
0.03659308749340428 1.7588652482269502 0.18 24.19618531779969
0.038581168947982185 1.7588652482269502 0.19 24.252495798965526
0.04056220381443081 1.7588652482269502 0.2 24.311788304600913
0.04253587911728289 1.7588652482269502 0.21 24.374053681882728
0.04450188995570123 1.7588652482269502 0.22 24.439282452901004
0.0464599397172638 1.7588652482269502 0.23 24.507464832937938
0.04840974026956278 1.7588652482269502 0.24 24.578590748984087
0.05035101212980566 1.7588652482269502 0.25 24.65264985829973
0.0522834846125168 1.7588652482269502 0.26 24.729631567043494
0.05420689595560965 1.7588652482269502 0.27 24.80952504889591
0.05612099342524646 1.7588652482269502 0.28 24.892319263557273
0.05802553339984745 1.7588652482269502 0.29 24.978002975132334
0.059920281433874185 1.7588652482269502 0.3 25.066564770243048
0.06180501230174268 1.7588652482269502 0.31 25.157993076009333
0.06367951002280647 1.7588652482269502 0.32 25.252276177585518
0.0655435678677703 1.7588652482269502 0.33 25.34940223548559
0.06739698834760446 1.7588652482269502 0.34 25.44935930237913
0.0692395831853775 1.7588652482269502 0.35 25.55213533960561
0.07107117327207622 1.7588652482269502 0.36 25.657718233159887
0.07289158860715667 1.7588652482269502 0.37 25.766095809191704
0.07470066822453315 1.7588652482269502 0.38 25.877255849090997
0.07649826010513988 1.7588652482269502 0.39 25.991186103939256
0.07828422107666584 1.7588652482269502 0.4 26.10787430850136
0.08005841670139256 1.7588652482269502 0.41 26.227308194693723
0.08182072115314715 1.7588652482269502 0.42 26.349475504420724
0.08357101708397535 1.7588652482269502 0.43 26.474364001941225
0.08530919548157961 1.7588652482269502 0.44 26.601961485626642
0.08703515551825529 1.7588652482269502 0.45 26.732255799174307
0.08874880439213954 1.7588652482269502 0.46 26.86523484227453
0.09045005716154914 1.7588652482269502 0.47 27.000886580742826
0.09213883657324923 1.7588652482269502 0.48 27.13919905607791
0.09381507288525663 1.7588652482269502 0.49 27.280160394536686
0.09547870368504238 1.7588652482269502 0.5 27.42375881564496
0.09712967370370114 1.7588652482269502 0.51 27.569982640226
0.09876793462675947 1.7588652482269502 0.52 27.718820297947907
0.10039344490235153 1.7588652482269502 0.53 27.87026033434516
0.10200616954718404 1.7588652482269502 0.54 28.024291417426955
0.10360607995105031 1.7588652482269502 0.55 28.180902343776605
0.10519315368020564 1.7588652482269502 0.56 28.34008204427999
0.10676737428033224 1.7588652482269502 0.57 28.50181958937334
0.10832873107939797 1.7588652482269502 0.58 28.666104193918194
0.10987721899091948 1.7588652482269502 0.59 28.83292522168046
0.11141283831803482 1.7588652482269502 0.6 29.00227218943252
0.11293559455878527 1.7588652482269502 0.61 29.174134770685047
0.11444549821290001 1.7588652482269502 0.62 29.34850279909468
0.11594256459048267 1.7588652482269502 0.63 29.525366271524344
0.11742681362280072 1.7588652482269502 0.64 29.704715350821164
0.11889826967564442 1.7588652482269502 0.65 29.886540368227443
0.1203569613652348 1.7588652482269502 0.66 30.070831825575798
0.12180292137707152 1.7588652482269502 0.67 30.25758039719585
0.12323618628795699 1.7588652482269502 0.68 30.446776931528895
0.12465679639127378 1.7588652482269502 0.69 30.63841245251465
0.126064795525644 1.7588652482269502 0.7 30.832478160775825
0.12746023090727795 1.7588652482269502 0.71 31.028965434528985
0.12884315296592913 1.7588652482269502 0.72 31.227865830332853
0.13021361518467417 1.7588652482269502 0.73 31.42917108362683
0.13157167394362232 1.7588652482269502 0.74 31.63287310906132
0.13291738836747768 1.7588652482269502 0.75 31.838964000700038
0.13425082017717543 1.7588652482269502 0.76 32.04743603202302
0.13557203354552788 1.7588652482269502 0.77 32.258281655790306
0.13688109495688025 1.7588652482269502 0.78 32.47149350378753
0.13817807307091012 1.7588652482269502 0.79 32.68706438640557
0.13946303859049358 1.7588652482269502 0.8 32.904987292101076
0.14073606413350812 1.7588652482269502 0.81 33.125255386804156
0.141997224108827 1.7588652482269502 0.82 33.34786201315231
0.14324659459628167 1.7588652482269502 0.83 33.57280068965268
0.14448425323053332 1.7588652482269502 0.84 33.80006510979119
0.1457102790889378 1.7588652482269502 0.85 34.02964914103736
0.1469247525833027 1.7588652482269502 0.86 34.26154682377665
0.14812775535540681 1.7588652482269502 0.87 34.49575237021344
0.14931937017637462 1.7588652482269502 0.88 34.73226016317985
0.15049968084963342 1.7588652482269502 0.89 34.97106475495445
0.151668772117646 1.7588652482269502 0.9 35.2121608659758
0.1528267295720872 1.7588652482269502 0.91 35.45554338357779
0.15397363956750207 1.7588652482269502 0.92 35.701207360700295
0.15510958913852174 1.7588652482269502 0.93 35.94914801450996
0.15623466592016483 1.7588652482269502 0.94 36.199360725118716
0.15734895807158544 1.7588652482269502 0.95 36.451841034199944
0.1584525542028872 1.7588652482269502 0.96 36.706584643645996
0.1595455433050153 1.7588652482269502 0.97 36.963587414227234
0.16062801468264454 1.7588652482269502 0.98 37.22284536425645
0.16170005789000985 1.7588652482269502 0.99 37.484354668248734
0.0 1.7730496453900708 0.0 24.133382096747113
0.002035527998806476 1.7730496453900708 0.01 24.13491863255328
0.004070667303494953 1.7730496453900708 0.02 24.139527974509296
0.006105029702731037 1.7730496453900708 0.03 24.14720932686814
0.008138227949108654 1.7730496453900708 0.04 24.157961365446123
0.010169876237025073 1.7730496453900708 0.05 24.171782240724927
0.01219959067568779 1.7730496453900708 0.06 24.188669582131485
0.014226989755667531 1.7730496453900708 0.07 24.20862050355045
0.01625169480748043 1.7730496453900708 0.08 24.23163160996345
0.018273330450715837 1.7730496453900708 0.09 24.2576990052246
0.02029152503229441 1.7730496453900708 0.1 24.286818300926324
0.022305911052511923 1.7730496453900708 0.11 24.31898462630908
0.024316125577615925 1.7730496453900708 0.12 24.35419263913879
0.02632181063772174 1.7730496453900708 0.13 24.392436537535616
0.028322613608975186 1.7730496453900708 0.14 24.433710072697185
0.03031818757901754 1.7730496453900708 0.15 24.478006562372528
0.03230819169479264 1.7730496453900708 0.16 24.52531890515734
0.03429229149196858 1.7730496453900708 0.17 24.575639595433195
0.03627015920527734 1.7730496453900708 0.18 24.628960738921876
0.038241474059223984 1.7730496453900708 0.19 24.685274068756232
0.04020592253861898 1.7730496453900708 0.2 24.744570962108885
0.04216319863873323 1.7730496453900708 0.21 24.806842457099698
0.04411300409467218 1.7730496453900708 0.22 24.8720792701218
0.0460550485899267 1.7730496453900708 0.23 24.940271813379034
0.04798904994399357 1.7730496453900708 0.24 25.011410212643675
0.049914734279167525 1.7730496453900708 0.25 25.08548432510826
0.05183183616660776 1.7730496453900708 0.26 25.16248375731261
0.0537400987519245 1.7730496453900708 0.27 25.242397883064417
0.05563927386060892 1.7730496453900708 0.28 25.325215861283073
0.0575291220836657 1.7730496453900708 0.29 25.41092665373674
0.05940941284392393 1.7730496453900708 0.3 25.499519042599527
0.06127992444353911 1.7730496453900708 0.31 25.590981647785195
0.06314044409324505 1.7730496453900708 0.32 25.685302944025008
0.06499076792403591 1.7730496453900708 0.33 25.782471277601736
0.06683070098185342 1.7730496453900708 0.34 25.882474882779732
0.06866005720606008 1.7730496453900708 0.35 25.98530189783302
0.07047865939244624 1.7730496453900708 0.36 26.090940380635868
0.07228633914142472 1.7730496453900708 0.37 26.199378323871848
0.07408293679233877 1.7730496453900708 0.38 26.310603669727108
0.07586830134455626 1.7730496453900708 0.39 26.424604324141562
0.07764229036624745 1.7730496453900708 0.4 26.541368170533058
0.07940476989152981 1.7730496453900708 0.41 26.660883083068935
0.08115561430698355 1.7730496453900708 0.42 26.783136939339077
0.08289470622809483 1.7730496453900708 0.43 26.908117632592475
0.0846219363666158 1.7730496453900708 0.44 27.035813083398388
0.08633720338951273 1.7730496453900708 0.45 27.16621125080544
0.08804041377037339 1.7730496453900708 0.46 27.29930014293188
0.08973148163382837 1.7730496453900708 0.47 27.435067827112864
0.09141032859393783 1.7730496453900708 0.48 27.573502439466914
0.09307688358705918 1.7730496453900708 0.49 27.714592194008123
0.09473108270010898 1.7730496453900708 0.5 27.858325391170727
0.09637286899453396 1.7730496453900708 0.51 28.0046904259618
0.09800219232692102 1.7730496453900708 0.52 28.153675795570194
0.09961900916680494 1.7730496453900708 0.53 28.30527010647343
0.1012232824120294 1.7730496453900708 0.54 28.45946208118037
0.1028149812024759 1.7730496453900708 0.55 28.616240564466136
0.1043940807325192 1.7730496453900708 0.56 28.775594529205048
0.10596056206277368 1.7730496453900708 0.57 28.937513081771723
0.10751441193152335 1.7730496453900708 0.58 29.101985467061784
0.10905562256629184 1.7730496453900708 0.59 29.269001073131648
0.11058419149601995 1.7730496453900708 0.6 29.438549435436855
0.11210012136411422 1.7730496453900708 0.61 29.6106202407442
0.1136034197428272 1.7730496453900708 0.62 29.785203330671248
0.11509409894916704 1.7730496453900708 0.63 29.962288704933375
0.11657217586273143 1.7730496453900708 0.64 30.141866524259672
0.11803767174574321 1.7730496453900708 0.65 30.323927112988976
0.11949061206546763 1.7730496453900708 0.66 30.508460961394892
0.1209310263192384 1.7730496453900708 0.67 30.695458727750715
0.12235894786235124 1.7730496453900708 0.68 30.884911240117994
0.12377441373900365 1.7730496453900708 0.69 31.076809497873125
0.12517746451634834 1.7730496453900708 0.7 31.271144673030875
0.12656814412190256 1.7730496453900708 0.71 31.467908111325702
0.12794649968438393 1.7730496453900708 0.72 31.667091333088685
0.1293125813781657 1.7730496453900708 0.73 31.868686033887805
0.13066644227115679 1.7730496453900708 0.74 32.07268408508303
0.13200813817667573 1.7730496453900708 0.75 32.27907753406113
0.13333772750880904 1.7730496453900708 0.76 32.487858604441264
0.13465527114177306 1.7730496453900708 0.77 32.69901969602756
0.13596083227298447 1.7730496453900708 0.78 32.91255338467905
0.13725447629007223 1.7730496453900708 0.79 33.12845242200218
0.13853627064164553 1.7730496453900708 0.8 33.34670973496949
0.13980628471204715 1.7730496453900708 0.81 33.56731842536159
0.14106458969981656 1.7730496453900708 0.82 33.79027176916913
0.14231125850013332 1.7730496453900708 0.83 34.015563215822944
0.14354636559087938 1.7730496453900708 0.84 34.24318638742124
0.14476998692258752 1.7730496453900708 0.85 34.473135077816394
0.14598219981208255 1.7730496453900708 0.86 34.705403251641954
0.14718308283973625 1.7730496453900708 0.87 34.939985043302116
0.14837271575041766 1.7730496453900708 0.88 35.1768747558668
0.14955117935795015 1.7730496453900708 0.89 35.41606685994164
0.15071855545304513 1.7730496453900708 0.9 35.65755599250416
0.15187492671473074 1.7730496453900708 0.91 35.901336955673194
0.1530203766250843 1.7730496453900708 0.92 36.1474047154757
0.15415498938729177 1.7730496453900708 0.93 36.39575440057219
0.15527884984686235 1.7730496453900708 0.94 36.646381300992715
0.15639204341606378 1.7730496453900708 0.95 36.89928086682268
0.15749465600134538 1.7730496453900708 0.96 37.15444870691704
0.1585867739338223 1.7730496453900708 0.97 37.41188058757644
0.15966848390254926 1.7730496453900708 0.98 37.67157243128129
0.16073987289074876 1.7730496453900708 0.99 37.93352031537253
0.0 1.7872340425531914 0.0 24.5695070120584
0.0020173822756215697 1.7872340425531914 0.01 24.57104335676797
0.0040343862053575565 1.7872340425531914 0.02 24.575652131730322
0.006050633904246487 1.7872340425531914 0.03 24.583332559984846
0.008065748407643156 1.7872340425531914 0.04 24.594083348571587
0.010079354127550668 1.7872340425531914 0.05 24.60790269149473
0.012091077304408912 1.7872340425531914 0.06 24.624788273766224
0.014100546452837284 1.7872340425531914 0.07 24.64473727668853
0.01610739279993007 1.7872340425531914 0.08 24.667746384163404
0.01811125071470586 1.7872340425531914 0.09 24.69381179009744
0.020111758127368762 1.7872340425531914 0.1 24.722929206888924
0.02210855693717068 1.7872340425531914 0.11 24.755093874812104
0.02410129340760329 1.7872340425531914 0.12 24.790300572475775
0.02608961854791755 1.7872340425531914 0.13 24.828543628031905
0.02807318847982085 1.7872340425531914 0.14 24.869816931369712
0.030051664788539757 1.7872340425531914 0.15 24.914113946964985
0.032024714857281894 1.7872340425531914 0.16 24.961427727569248
0.03399201218447314 1.7872340425531914 0.17 25.01175092844713
0.03595323668302091 1.7872340425531914 0.18 25.06507582227826
0.037908074961098125 1.7872340425531914 0.19 25.121394314574214
0.03985622058399817 1.7872340425531914 0.2 25.180697959548432
0.04179737431671133 1.7872340425531914 0.21 25.24297797637382
0.043731244346954384 1.7872340425531914 0.22 25.308225265782145
0.04565754648851431 1.7872340425531914 0.23 25.376430426915928
0.047576004364814205 1.7872340425531914 0.24 25.44758377440158
0.0494863495727903 1.7872340425531914 0.25 25.52167535551036
0.05138832182711664 1.7872340425531914 0.26 25.59869496743254
0.053281669085000885 1.7872340425531914 0.27 25.67863217456787
0.05516614765187185 1.7872340425531914 0.28 25.761476325728403
0.05704152226822904 1.7872340425531914 0.29 25.847216571273954
0.05890756617803982 1.7872340425531914 0.3 25.935841880142807
0.06076406117927656 1.7872340425531914 0.31 26.027341056614716
0.06261079765698177 1.7872340425531914 0.32 26.121702756887547
0.0644475745995475 1.7872340425531914 0.33 26.218915505322645
0.06627419959862568 1.7872340425531914 0.34 26.318967710486064
0.06809048883362236 1.7872340425531914 0.35 26.421847680697894
0.0698962670411739 1.7872340425531914 0.36 26.52754363929595
0.0716913674703814 1.7872340425531914 0.37 26.6360437395201
0.0734756318247169 1.7872340425531914 0.38 26.747336078853397
0.07524891019098241 1.7872340425531914 0.39 26.86140871307222
0.07701106095649295 1.7872340425531914 0.4 26.97824966967303
0.0787619507147608 1.7872340425531914 0.41 27.097846961011825
0.08050145416099766 1.7872340425531914 0.42 27.220188596743487
0.08222945397758832 1.7872340425531914 0.43 27.34526259597792
0.0839458407107982 1.7872340425531914 0.44 27.47305699878657
0.08565051263907943 1.7872340425531914 0.45 27.60355987731387
0.08734337563393751 1.7872340425531914 0.46 27.736759346331173
0.08902434301396472 1.7872340425531914 0.47 27.872643573305705
0.0906933353926982 1.7872340425531914 0.48 28.01120078800754
0.09235028052112715 1.7872340425531914 0.49 28.152419291563888
0.09399511312520638 1.7872340425531914 0.5 28.29628746515014
0.09562777473943342 1.7872340425531914 0.51 28.44279377805975
0.0972482135366498 1.7872340425531914 0.52 28.591926795435427
0.09885638415498102 1.7872340425531914 0.53 28.74367518546617
0.1004522475221793 1.7872340425531914 0.54 28.898027726233728
0.10203577067827725 1.7872340425531914 0.55 29.054973311996132
0.10360692659663506 1.7872340425531914 0.56 29.214500959165544
0.10516569400406035 1.7872340425531914 0.57 29.376599811869973
0.10671205720060838 1.7872340425531914 0.58 29.541259147023766
0.10824600587905285 1.7872340425531914 0.59 29.708468379162053
0.1097675349449248 1.7872340425531914 0.6 29.8782170647692
0.11127664433700671 1.7872340425531914 0.61 30.050494906382703
0.11277333884907408 1.7872340425531914 0.62 30.2252917562371
0.11425762795285693 1.7872340425531914 0.63 30.40259761965143
0.11572952562260537 1.7872340425531914 0.64 30.582402658121236
0.11718905016171174 1.7872340425531914 0.65 30.76469719203126
0.11863622403136315 1.7872340425531914 0.66 30.94947170314768
0.1200710736816187 1.7872340425531914 0.67 31.136716836810955
0.12149362938508898 1.7872340425531914 0.68 31.32642340385622
0.12290392507329419 1.7872340425531914 0.69 31.51858238232786
0.12430199817605582 1.7872340425531914 0.7 31.713184918900723
0.12568788946390438 1.7872340425531914 0.71 31.910222330103718
0.12706164289367833 1.7872340425531914 0.72 32.109686103331434
0.12842330545742858 1.7872340425531914 0.73 32.31156789765212
0.12977292703471335 1.7872340425531914 0.74 32.51585954442766
0.1311105602483902 1.7872340425531914 0.75 32.72255304774114
0.13243626032389555 1.7872340425531914 0.76 32.9316405846795
0.13375008495216256 1.7872340425531914 0.77 33.143114505430965
0.13505209415608682 1.7872340425531914 0.78 33.356967333270674
0.13634235016074475 1.7872340425531914 0.79 33.57319176435548
0.13762091726713113 1.7872340425531914 0.8 33.79178066746018
0.13888786172970102 1.7872340425531914 0.81 34.01272708352555
0.14014325163743843 1.7872340425531914 0.82 34.23602422516152
0.14138715679866587 1.7872340425531914 0.83 34.4616654760023
0.14261964862943657 1.7872340425531914 0.84 34.689644389988835
0.14384080004548547 1.7872340425531914 0.85 34.91995469058457
0.14505068535784194 1.7872340425531914 0.86 35.152590269864525
0.14624938017181036 1.7872340425531914 0.87 35.38754518760886
0.14743696128953573 1.7872340425531914 0.88 35.624813670279586
0.1486135066159655 1.7872340425531914 0.89 35.86439010995466
0.14977909506810044 1.7872340425531914 0.9 36.10626906325088
0.15093380648766042 1.7872340425531914 0.91 36.350445250152795
0.15207772155687915 1.7872340425531914 0.92 36.59691355286194
0.15321092171756093 1.7872340425531914 0.93 36.84566901457633
0.1543334890931983 1.7872340425531914 0.94 37.09670683827085
0.15544550641414406 1.7872340425531914 0.95 37.350022385452995
0.15654705694571347 1.7872340425531914 0.96 37.60561117492526
0.1576382244192558 1.7872340425531914 0.97 37.863468881505064
0.15871909296591716 1.7872340425531914 0.98 38.12359133480536
0.1597897470533216 1.7872340425531914 0.99 38.38597451793592
0.0 1.801418439716312 0.0 25.008965482815263
0.0019995800638846852 1.801418439716312 0.01 25.010501710302687
0.003998791736522001 1.801418439716312 0.02 25.015110139516405
0.005997267067015913 1.801418439716312 0.03 25.022790011245085
0.00799463898373389 1.801418439716312 0.04 25.03354006204989
0.00999054173036355 1.801418439716312 0.05 25.047358527043396
0.011984611297706832 1.801418439716312 0.06 25.064243143785582
0.013976485849828807 1.801418439716312 0.07 25.084191157276692
0.015965806143210387 1.801418439716312 0.08 25.107199326034902
0.017952215937642856 1.801418439716312 0.09 25.133263929106924
0.01993536239755248 1.801418439716312 0.1 25.162380774208344
0.02191489648265724 1.801418439716312 0.11 25.194545206665055
0.023890473326750514 1.801418439716312 0.12 25.229752119379732
0.025861752603630057 1.801418439716312 0.13 25.26799596358543
0.02782839887915002 1.801418439716312 0.14 25.309270760466887
0.029790081948552306 1.801418439716312 0.15 25.353570113494307
0.03174647715828694 1.801418439716312 0.16 25.400887221412663
0.03369726571150408 1.801418439716312 0.17 25.451214892001914
0.035642134956754334 1.801418439716312 0.18 25.504545556271047
0.03758077865921929 1.801418439716312 0.19 25.560871283276224
0.03951289725417511 1.801418439716312 0.2 25.62018379528202
0.04143819808219402 1.801418439716312 0.21 25.682474483423313
0.04335639560592831 1.801418439716312 0.22 25.747734423654062
0.045267211608343835 1.801418439716312 0.23 25.815954392896238
0.047170375372170656 1.801418439716312 0.24 25.88712488551385
0.04906562384075263 1.801418439716312 0.25 25.96123612983519
0.05095270176027889 1.801418439716312 0.26 26.03827810479379
0.05283136180356597 1.801418439716312 0.27 26.118240556618264
0.0547013646756745 1.801418439716312 0.28 26.201113015465484
0.056562479201610234 1.801418439716312 0.29 26.286884812001457
0.05841448239646235 1.801418439716312 0.3 26.375545093886657
0.06025715951852086 1.801418439716312 0.31 26.46708284200909
0.0620903041056461 1.801418439716312 0.32 26.561486886609604
0.0639137179955807 1.801418439716312 0.33 26.658745923098973
0.06572721133068804 1.801418439716312 0.34 26.758848527603362
0.06753060254771477 1.801418439716312 0.35 26.86178317220215
0.06932371835322236 1.801418439716312 0.36 26.967538239812963
0.07110639368533982 1.801418439716312 0.37 27.076102038698412
0.07287847166245569 1.801418439716312 0.38 27.187462816613202
0.07463980351961902 1.801418439716312 0.39 27.30160877450672
0.07639024853332145 1.801418439716312 0.4 27.4185280797881
0.07812967393532232 1.801418439716312 0.41 27.538208879171236
0.07985795481624165 1.801418439716312 0.42 27.660639311074426
0.08157497401970713 1.801418439716312 0.43 27.785807517511657
0.08328062202758446 1.801418439716312 0.44 27.913701655590877
0.08497479683723895 1.801418439716312 0.45 28.044309908440862
0.08665740383122564 1.801418439716312 0.46 28.17762049576296
0.08832835564031771 1.801418439716312 0.47 28.313621683845167
0.08998757200040315 1.801418439716312 0.48 28.452301795128122
0.091634979603906 1.801418439716312 0.49 28.59364921731358
0.09327051194639714 1.801418439716312 0.5 28.73765241199288
0.09489410916897145 1.801418439716312 0.51 28.88429992281782
0.09650571789693316 1.801418439716312 0.52 29.033580383243716
0.09810529107537312 1.801418439716312 0.53 29.18548252383517
0.09969278780224135 1.801418439716312 0.54 29.339995179102225
0.10126817315927555 1.801418439716312 0.55 29.49710729396606
0.10283141804141868 1.801418439716312 0.56 29.656807929775127
0.10438249898502781 1.801418439716312 0.57 29.819086269975617
0.1059213979955439 1.801418439716312 0.58 29.98393162531089
0.10744810237472245 1.801418439716312 0.59 30.151333438740902
0.10896260454806266 1.801418439716312 0.6 30.321281289946917
0.11046490189272384 1.801418439716312 0.61 30.4937648994765
0.11195499656618142 1.801418439716312 0.62 30.66877413258737
0.11343289533599159 1.801418439716312 0.63 30.846299002769477
0.11489860941110072 1.801418439716312 0.64 31.026329674878628
0.1163521542746082 1.801418439716312 0.65 31.208856468089365
0.11779354951863176 1.801418439716312 0.66 31.393869858458114
0.1192228186812148 1.801418439716312 0.67 31.581360481264266
0.12063998908559165 1.801418439716312 0.68 31.77131913307876
0.12204509168199315 1.801418439716312 0.69 31.96373677357338
0.12343816089209747 1.801418439716312 0.7 32.15860452711348
0.12481923445638313 1.801418439716312 0.71 32.355913684087334
0.12618835328434821 1.801418439716312 0.72 32.555655702070034
0.12754556130791644 1.801418439716312 0.73 32.75782220672416
0.12889090533792996 1.801418439716312 0.74 32.96240499255074
0.13022443492381724 1.801418439716312 0.75 33.16939602349679
0.13154620221686852 1.801418439716312 0.76 33.3787874332437
0.132856261836493 1.801418439716312 0.77 33.59057152553496
0.13415467074020235 1.801418439716312 0.78 33.804740774194194
0.13544148809685244 1.801418439716312 0.79 34.0212878230981
0.13671677516349637 1.801418439716312 0.8 34.24020548594474
0.1379805951655155 1.801418439716312 0.81 34.461486745999544
0.1392330131804842 1.801418439716312 0.82 34.68512475559981
0.14047409602522345 1.801418439716312 0.83 34.911112835695754
0.14170391214657233 1.801418439716312 0.84 35.13944447516411
0.14292253151534723 1.801418439716312 0.85 35.3701133301561
0.14413002552392146 1.801418439716312 0.86 35.6031132232575
0.1453264668869729 1.801418439716312 0.87 35.83843814267619
0.14651192954572922 1.801418439716312 0.88 36.07608224128074
0.14768648857537836 1.801418439716312 0.89 36.31603983563974
0.14885022009575044 1.801418439716312 0.9 36.55830540499145
0.15000320118516336 1.801418439716312 0.91 36.80287359017723
0.1511455097974404 1.801418439716312 0.92 37.04973919251337
0.15227722468190752 1.801418439716312 0.93 37.29889717267252
0.15339842530648484 1.801418439716312 0.94 37.55034264949361
0.15450919178360883 1.801418439716312 0.95 37.804070898823966
0.15560960479913863 1.801418439716312 0.96 38.060077352291025
0.15669974554397217 1.801418439716312 0.97 38.3183575961104
0.15777969564842767 1.801418439716312 0.98 38.57890736987397
0.15884953711930527 1.801418439716312 0.99 38.84172256533058
0.0 1.8156028368794326 0.0 25.45177350000066
0.0019821105326744454 1.8156028368794326 0.01 25.453309676763627
0.00396386225600027 1.8156028368794326 0.02 25.457917959408437
0.0059448967815928545 1.8156028368794326 0.03 25.46559760554521
0.007924856561651393 1.8156028368794326 0.04 25.476347379652747
0.009903385305901836 1.8156028368794326 0.05 25.490165555747815
0.011880128394544833 1.8156028368794326 0.06 25.50704992110935
0.013854733285903755 1.8156028368794326 0.07 25.52699778108168
0.0158268499175475 1.8156028368794326 0.08 25.550005964783637
0.017796131099618348 1.8156028368794326 0.09 25.5760708319234
0.01976223289924145 1.8156028368794326 0.1 25.60518828047845
0.021724815014884595 1.8156028368794326 0.11 25.637353755293898
0.02368354113959464 1.8156028368794326 0.12 25.6725622575959
0.025638079312139357 1.8156028368794326 0.13 25.710808355318377
0.02758810225517037 1.8156028368794326 0.14 25.75208619414183
0.029533287699497004 1.8156028368794326 0.15 25.796389509344316
0.03147331869375033 1.8156028368794326 0.16 25.8437116383082
0.03340788389880036 1.8156028368794326 0.17 25.894045533568327
0.03533667786619532 1.8156028368794326 0.18 25.947383776572124
0.03725940130031559 1.8156028368794326 0.19 26.003718591756666
0.03917576130358526 1.8156028368794326 0.2 26.063041861254533
0.041085471604634966 1.8156028368794326 0.21 26.125345139814506
0.04298825276894371 1.8156028368794326 0.22 26.19061967019366
0.04488383239193384 1.8156028368794326 0.23 26.258856398749987
0.04677194527441679 1.8156028368794326 0.24 26.33004599120901
0.04865233358027714 1.8156028368794326 0.25 26.404178848665527
0.050524746976568946 1.8156028368794326 0.26 26.48124512362848
0.05238894275609339 1.8156028368794326 0.27 26.56123473613556
0.05424468594269166 1.8156028368794326 0.28 26.64413738984935
0.05609174937947868 1.8156028368794326 0.29 26.729942588127738
0.05792991380043052 1.8156028368794326 0.3 26.818639649934735
0.05975896788556668 1.8156028368794326 0.31 26.910217725684152
0.06157870830027907 1.8156028368794326 0.32 27.00466581285311
0.06338893971922643 1.8156028368794326 0.33 27.10197277138244
0.0651894748353068 1.8156028368794326 0.34 27.20212733882844
0.06698013435430815 1.8156028368794326 0.35 27.305118145189777
0.06876074697562846 1.8156028368794326 0.36 27.410933727535948
0.07053114936000603 1.8156028368794326 0.37 27.519562544129627
0.0722911860845791 1.8156028368794326 0.38 27.630992988277377
0.07404070958597944 1.8156028368794326 0.39 27.745213401827144
0.07577958009225867 1.8156028368794326 0.4 27.862212088182883
0.0775076655441515 1.8156028368794326 0.41 27.981977324945746
0.07922484150635402 1.8156028368794326 0.42 28.10449737615409
0.08093099106960985 1.8156028368794326 0.43 28.229760504020927
0.08262600474407206 1.8156028368794326 0.44 28.357754980302733
0.08430978034478714 1.8156028368794326 0.45 28.488469097158088
0.08598222286982622 1.8156028368794326 0.46 28.621891177582043
0.08764324437168042 1.8156028368794326 0.47 28.758009585425775
0.08929276382276212 1.8156028368794326 0.48 28.896812734857804
0.09093070697523069 1.8156028368794326 0.49 29.03828909952907
0.09255700621618271 1.8156028368794326 0.5 29.18242722114892
0.09417160041840404 1.8156028368794326 0.51 29.329215717724843
0.09577443478751449 1.8156028368794326 0.52 29.478643291293068
0.09736546070579173 1.8156028368794326 0.53 29.63069873530374
0.09894463557347774 1.8156028368794326 0.54 29.78537094148733
0.10051192264769707 1.8156028368794326 0.55 29.942648906433693
0.10206729087984509 1.8156028368794326 0.56 30.10252173765381
0.1036107147515915 1.8156028368794326 0.57 30.264978659317382
0.10514217411003099 1.8156028368794326 0.58 30.430009017608132
0.10666165400238801 1.8156028368794326 0.59 30.59760228570274
0.10816914451067412 1.8156028368794326 0.6 30.76774806837168
0.10966464058652667 1.8156028368794326 0.61 30.940436106283755
0.11114814188675139 1.8156028368794326 0.62 31.115656279914894
0.11261965260966976 1.8156028368794326 0.63 31.293398613190387
0.11407918133270553 1.8156028368794326 0.64 31.47365327678666
0.11552674085137819 1.8156028368794326 0.65 31.656410591158327
0.1169623480200366 1.8156028368794326 0.66 31.841661029251302
0.1183860235945109 1.8156028368794326 0.67 32.02939521893892
0.11979779207678241 1.8156028368794326 0.68 32.21960394524779
0.12119768156205978 1.8156028368794326 0.69 32.41227815227315
0.12258572358824374 1.8156028368794326 0.7 32.6074089448949
0.1239619529880696 1.8156028368794326 0.71 32.804987590229146
0.12532640774389914 1.8156028368794326 0.72 33.005005518911744
0.12667912884543775 1.8156028368794326 0.73 33.20745432613872
0.12802016015038503 1.8156028368794326 0.74 33.41232577252363
0.12934954824811326 1.8156028368794326 0.75 33.61961178477762
0.13066734232645996 1.8156028368794326 0.76 33.82930445621482
0.13197359404171272 1.8156028368794326 0.77 34.04139604708391
0.13326835739175624 1.8156028368794326 0.78 34.25587898477549
0.13455168859255268 1.8156028368794326 0.79 34.47274586384545
0.1358236459578128 1.8156028368794326 0.8 34.69198944595026
0.13708428978205364 1.8156028368794326 0.81 34.9136026596111
0.13833368222684464 1.8156028368794326 0.82 35.13757859992044
0.13957188721047029 1.8156028368794326 0.83 35.363910528082386
0.1407989703008238 1.8156028368794326 0.84 35.59259187088541
0.14201499861150857 1.8156028368794326 0.85 35.82361622011821
0.1432200407013667 1.8156028368794326 0.86 36.05697733181419
0.144414166477036 1.8156028368794326 0.87 36.29266912551935
0.14559744709882097 1.8156028368794326 0.88 36.53068568342889
0.14676995488964384 1.8156028368794326 0.89 36.77102124949797
0.14793176324715415 1.8156028368794326 0.9 37.013670228472144
0.14908294655884013 1.8156028368794326 0.91 37.25862718489873
0.1502235801202216 1.8156028368794326 0.92 37.50588684205989
0.15135374005585664 1.8156028368794326 0.93 37.75544408094058
0.1524735032434536 1.8156028368794326 0.94 38.00729393906287
0.15358294724059612 1.8156028368794326 0.95 38.26143160940899
0.15468215021443502 1.8156028368794326 0.96 38.51785243923118
0.15577119087395785 1.8156028368794326 0.97 38.77655192891653
0.15685014840497336 1.8156028368794326 0.98 39.0375257308114
0.15791910240765272 1.8156028368794326 0.99 39.30076964805669
0.0 1.8297872340425532 0.0 25.897945798365424
0.001964963380060115 1.8297872340425532 0.01 25.8994819842248
0.003929577179285538 1.8297872340425532 0.02 25.904090299493237
0.005893492219521298 1.8297872340425532 0.03 25.911770017699805
0.007856360126713103 1.8297872340425532 0.04 25.92251992977367
0.009817833729806784 1.8297872340425532 0.05 25.936338346649897
0.011777567455921751 1.8297872340425532 0.06 25.953223102736644
0.013735217720534964 1.8297872340425532 0.07 25.973171560560868
0.0156904433115391 1.8297872340425532 0.08 25.99618061625181
0.01764290576601201 1.8297872340425532 0.09 26.02224670598852
0.019592269738588422 1.8297872340425532 0.1 26.05136581338611
0.021538203360386084 1.8297872340425532 0.11 26.083533477761556
0.023480378587521496 1.8297872340425532 0.12 26.118744803173083
0.025418471538230146 1.8297872340425532 0.13 26.156994468331863
0.02735216281777246 1.8297872340425532 0.14 26.1982767372109
0.029281137830309455 1.8297872340425532 0.15 26.242585470361078
0.031205087076997942 1.8297872340425532 0.16 26.289914136926107
0.03312370643972652 1.8297872340425532 0.17 26.340255827175028
0.03503669744983421 1.8297872340425532 0.18 26.393603265661174
0.03694376754139626 1.8297872340425532 0.19 26.44994882481519
0.038844630288602744 1.8297872340425532 0.2 26.509284539020342
0.0407390056269557 1.8297872340425532 0.21 26.571602119023108
0.04262662005798457 1.8297872340425532 0.22 26.636892966694067
0.044507206837279746 1.8297872340425532 0.23 26.705148190104147
0.04638050614590899 1.8297872340425532 0.24 26.77635861865763
0.04824626524486004 1.8297872340425532 0.25 26.850514818634608
0.05010423861294897 1.8297872340425532 0.26 26.927607108602977
0.05195418806799392 1.8297872340425532 0.27 27.00762557502837
0.05379588287151594 1.8297872340425532 0.28 27.09056008791323
0.05562909981737997 1.8297872340425532 0.29 27.17640031623964
0.05745362330432105 1.8297872340425532 0.3 27.265135743531463
0.05926924539300837 1.8297872340425532 0.31 27.356755683167282
0.06107576584784542 1.8297872340425532 0.32 27.451249293600686
0.06287299216410129 1.8297872340425532 0.33 27.54860559329569
0.06466073958061339 1.8297872340425532 0.34 27.648813475555162
0.0664388310787747 1.8297872340425532 0.35 27.751861723015903
0.06820709736833089 1.8297872340425532 0.36 27.857739021800356
0.06996537686033738 1.8297872340425532 0.37 27.966433975474086
0.07171351562807546 1.8297872340425532 0.38 28.077935118596066
0.07345136735642087 1.8297872340425532 0.39 28.19223092993055
0.07517879328035688 1.8297872340425532 0.4 28.309309845237593
0.07689566211308141 1.8297872340425532 0.41 28.429160269757467
0.0786018499645391 1.8297872340425532 0.42 28.551770590214687
0.08029724025083752 1.8297872340425532 0.43 28.677129186459787
0.08198172359522923 1.8297872340425532 0.44 28.805224442693664
0.08365519772136702 1.8297872340425532 0.45 28.93604475820858
0.08531756733930551 1.8297872340425532 0.46 29.06957855774293
0.08696874402480494 1.8297872340425532 0.47 29.205814301475684
0.08860864609290693 1.8297872340425532 0.48 29.34474049440349
0.09023719846582748 1.8297872340425532 0.49 29.48634569546861
0.09185433253609578 1.8297872340425532 0.5 29.63061852618841
0.09345998602544763 1.8297872340425532 0.51 29.777547678822092
0.09505410283982532 1.8297872340425532 0.52 29.927121924195443
0.09663663292118392 1.8297872340425532 0.53 30.07933011906596
0.09820753209655238 1.8297872340425532 0.54 30.23416121306645
0.09976676192471821 1.8297872340425532 0.55 30.391604255298212
0.10131428954106633 1.8297872340425532 0.56 30.551648400531167
0.10285008750115449 1.8297872340425532 0.57 30.714282914928553
0.10437413362304743 1.8297872340425532 0.58 30.879497181540685
0.10588641082913522 1.8297872340425532 0.59 31.047280705369324
0.10738690698778366 1.8297872340425532 0.6 31.21762311802724
0.10887561475487954 1.8297872340425532 0.61 31.390514182168165
0.11035253141591793 1.8297872340425532 0.62 31.565943795505138
0.11181765872874863 1.8297872340425532 0.63 31.743901994536937
0.11327100276728065 1.8297872340425532 0.64 31.924378957981205
0.11471257376650489 1.8297872340425532 0.65 32.10736500986835
0.11614238596884151 1.8297872340425532 0.66 32.29285062243882
0.11756045747240931 1.8297872340425532 0.67 32.48082641864256
0.1189668100810078 1.8297872340425532 0.68 32.671283174482795
0.12036146915622815 1.8297872340425532 0.69 32.864211821083344
0.12174446347191169 1.8297872340425532 0.7 33.05960344646303
0.1231158250708494 1.8297872340425532 0.71 33.257449297168094
0.12447558912413502 1.8297872340425532 0.72 33.45774077961998
0.1258237937930969 1.8297872340425532 0.73 33.66046946129428
0.12716048009400924 1.8297872340425532 0.74 33.86562707168833
0.12848569176563257 1.8297872340425532 0.75 34.07320550310893
0.12979947513966733 1.8297872340425532 0.76 34.28319681128613
0.13110187901415496 1.8297872340425532 0.77 34.49559321583816
0.132392954529993 1.8297872340425532 0.78 34.71038710053679
0.13367275505042053 1.8297872340425532 0.79 34.927571013480446
0.13494133604364694 1.8297872340425532 0.8 35.14713766710836
0.13619875496861153 1.8297872340425532 0.81 35.3690799380834
0.13744507116387755 1.8297872340425532 0.82 35.59339086705627
0.13868034573959503 1.8297872340425532 0.83 35.82006365835598
0.13990464147270384 1.8297872340425532 0.84 36.04909167952355
0.14111802270518894 1.8297872340425532 0.85 36.28046846078929
0.14232055524544499 1.8297872340425532 0.86 36.51418769446234
0.1435123062726985 1.8297872340425532 0.87 36.75024323425487
0.14469334424459185 1.8297872340425532 0.88 36.98862909447979
0.14586373880766756 1.8297872340425532 0.89 37.22933944924615
0.1470235607108411 1.8297872340425532 0.9 37.47236863159403
0.1481728817219082 1.8297872340425532 0.91 37.71771113253028
0.14931177454685443 1.8297872340425532 0.92 37.96536160006725
0.15044031275201467 1.8297872340425532 0.93 38.215314838220685
0.15155857068912665 1.8297872340425532 0.94 38.46756580592455
0.15266662342296297 1.8297872340425532 0.95 38.722109616000935
0.1537645466617874 1.8297872340425532 0.96 38.978941534037304
0.15485241669039604 1.8297872340425532 0.97 39.23805697726844
0.1559303103056398 1.8297872340425532 0.98 39.49945151349039
0.15699830475464055 1.8297872340425532 0.99 39.76312085987288
0.0 1.8439716312056738 0.0 26.34749596449415
0.0019481287956787854 1.8439716312056738 0.01 26.349032213229687
0.003895916903647752 1.8439716312056738 0.02 26.35364072216924
0.005843024021612126 1.8439716312056738 0.03 26.36132077997464
0.007789110616928059 1.8439716312056738 0.04 26.372071202701765
0.009733838308471519 1.8439716312056738 0.05 26.385890336299504
0.01167687024499992 1.8439716312056738 0.06 26.402776059968435
0.013617871478846426 1.8439716312056738 0.07 26.422725790545094
0.015556509333840592 1.8439716312056738 0.08 26.445736487804787
0.017492453766402495 1.8439716312056738 0.09 26.471804660591584
0.019425377718726416 1.8439716312056738 0.1 26.500926373928195
0.021354957463102182 1.8439716312056738 0.11 26.53309725691181
0.023280872936427856 1.8439716312056738 0.12 26.56831251141059
0.025202808064039312 1.8439716312056738 0.13 26.606566921508353
0.027120451072005062 1.8439716312056738 0.14 26.64785486372467
0.02903349478715661 1.8439716312056738 0.15 26.692170317892987
0.03094163692417843 1.8439716312056738 0.16 26.739506878636572
0.03284458035911676 1.8439716312056738 0.17 26.78985776744291
0.03474203338873832 1.8439716312056738 0.18 26.843215845314276
0.0366337099753382 1.8439716312056738 0.19 26.89957362582059
0.03851932997649854 1.8439716312056738 0.2 26.958923288666274
0.04039861935958898 1.8439716312056738 0.21 27.02125669353489
0.04227131040061315 1.8439716312056738 0.22 27.086565394371313
0.04413714186737409 1.8439716312056738 0.23 27.154840653827723
0.045995859186714866 1.8439716312056738 0.24 27.226073458008937
0.04784721459590163 1.8439716312056738 0.25 27.300254531321972
0.0496909672780584 1.8439716312056738 0.26 27.377374351522846
0.05152688348188246 1.8439716312056738 0.27 27.457423164744586
0.05335473662565445 1.8439716312056738 0.28 27.540391000618683
0.055174307385811416 1.8439716312056738 0.29 27.62626768736722
0.056985383770373425 1.8439716312056738 0.3 27.715042866794132
0.05878776117745223 1.8439716312056738 0.31 27.80670600921738
0.060581242439246445 1.8439716312056738 0.32 27.901246428248587
0.062365637851890504 1.8439716312056738 0.33 27.99865329541088
0.06414076519169136 1.8439716312056738 0.34 28.098915654469486
0.0659064497179454 1.8439716312056738 0.35 28.202022435690175
0.06766252416321536 1.8439716312056738 0.36 28.307962469647144
0.0694088287112378 1.8439716312056738 0.37 28.416724500867865
0.07114521096318387 1.8439716312056738 0.38 28.528297201124914
0.0728715258928184 1.8439716312056738 0.39 28.64266918236843
0.07458763579102363 1.8439716312056738 0.4 28.75982900936366
0.07629341020043992 1.8439716312056738 0.41 28.87976521187883
0.07798872584051167 1.8439716312056738 0.42 29.00246629664103
0.07967346652398524 1.8439716312056738 0.43 29.127920758695645
0.08134752306490002 1.8439716312056738 0.44 29.256117092577984
0.08301079317912496 1.8439716312056738 0.45 29.38704380293544
0.0846631813777768 1.8439716312056738 0.46 29.52068941478152
0.08630459885407016 1.8439716312056738 0.47 29.65704248338902
0.08793496336437935 1.8439716312056738 0.48 29.796091603669105
0.08955419910375309 1.8439716312056738 0.49 29.937825419253322
0.09116223657673518 1.8439716312056738 0.5 30.08223263106125
0.09275901246382659 1.8439716312056738 0.51 30.22930200548864
0.09434446948401683 1.8439716312056738 0.52 30.379022382268392
0.09591855625418604 1.8439716312056738 0.53 30.53138268180507
0.09748122714556368 1.8439716312056738 0.54 30.686371912179748
0.09903244213775414 1.8439716312056738 0.55 30.843979175791308
0.10057216667087039 1.8439716312056738 0.56 31.004193675574506
0.10210037149611917 1.8439716312056738 0.57 31.167004720849363
0.10361703252519727 1.8439716312056738 0.58 31.332401732831762
0.10512213067897047 1.8439716312056738 0.59 31.500374249754408
0.10661565173565912 1.8439716312056738 0.6 31.67091193168718
0.10809758617898903 1.8439716312056738 0.61 31.844004564990655
0.10956792904656147 1.8439716312056738 0.62 32.019642066449876
0.11102667977876406 1.8439716312056738 0.63 32.19781448708188
0.11247384206840241 1.8439716312056738 0.64 32.378512015682574
0.11390942371144855 1.8439716312056738 0.65 32.56172498204061
0.11533343645905066 1.8439716312056738 0.66 32.74744385988266
0.11674589587106503 1.8439716312056738 0.67 32.935659269535996
0.11814682117121997 1.8439716312056738 0.68 33.1263619803699
0.11953623510426319 1.8439716312056738 0.69 33.319542912930594
0.12091416379509427 1.8439716312056738 0.7 33.51519314087388
0.12228063661005188 1.8439716312056738 0.71 33.713303892693425
0.12363568602065815 1.8439716312056738 0.72 33.913866553162094
0.1249793474697127 1.8439716312056738 0.73 34.116872664623095
0.12631165923992874 1.8439716312056738 0.74 34.32231392809203
0.1276326623253005 1.8439716312056738 0.75 34.53018220412691
0.12894240030514717 1.8439716312056738 0.76 34.74046951354975
0.13024091922092224 1.8439716312056738 0.77 34.953168038017346
0.13152826745593818 1.8439716312056738 0.78 35.16827012039934
0.13280449561791086 1.8439716312056738 0.79 35.385768265049606
0.13406965642450333 1.8439716312056738 0.8 35.60565513790187
0.13532380459173443 1.8439716312056738 0.81 35.82792356648426
0.13656699672548772 1.8439716312056738 0.82 36.05256653974519
0.1377992912158558 1.8439716312056738 0.83 36.27957720784448
0.13902074813456827 1.8439716312056738 0.84 36.508948881786345
0.14023142913533132 1.8439716312056738 0.85 36.740675032990985
0.1414313973572104 1.8439716312056738 0.86 36.97474929273613
0.14262071733081486 1.8439716312056738 0.87 37.21116545159336
0.14379945488760168 1.8439716312056738 0.88 37.44991745868794
0.14496767707189553 1.8439716312056738 0.89 37.69099942098489
0.14612545205585087 1.8439716312056738 0.9 37.93440560247289
0.14727284905722948 1.8439716312056738 0.91 38.1801304232992
0.14840993825996965 1.8439716312056738 0.92 38.42816845885347
0.14953679073747383 1.8439716312056738 0.93 38.67851443882126
0.15065347837861395 1.8439716312056738 0.94 38.931163246189776
0.15176007381634818 1.8439716312056738 0.95 39.18610991624041
0.1528566503589783 1.8439716312056738 0.96 39.44334963549232
0.15394328192389334 1.8439716312056738 0.97 39.702877740654124
0.1550200429738469 1.8439716312056738 0.98 39.964689717536
0.15608700845565898 1.8439716312056738 0.99 40.22878119995421
0.0 1.8581560283687943 0.0 26.800436537484256
0.0019315974266965494 1.8581560283687943 0.01 26.801972897407268
0.0038628627401700445 1.8581560283687943 0.02 26.80658174470538
0.00579346419629864 1.8581560283687943 0.03 26.81426238240785
0.0077230707880476925 1.8581560283687943 0.04 26.82501365049881
0.009651352611244503 1.8581560283687943 0.05 26.83883392823
0.011577981227043494 1.8581560283687943 0.06 26.855721137401503
0.013502630020015307 1.8581560283687943 0.07 26.875672746530203
0.015424974550803328 1.8581560283687943 0.08 26.898685775941495
0.017344692902359054 1.8581560283687943 0.09 26.924756803656194
0.01926146601874026 1.8581560283687943 0.1 26.95388197220546
0.02117497803557727 1.8581560283687943 0.11 26.986056996188136
0.02308491660130396 1.8581560283687943 0.12 27.021277170616287
0.024990973188315738 1.8581560283687943 0.13 27.059537380013506
0.02689284339328974 1.8581560283687943 0.14 27.100832108194197
0.028790227225938252 1.8581560283687943 0.15 27.145155448710305
0.030682829385546933 1.8581560283687943 0.16 27.192501115904864
0.032570359524698826 1.8581560283687943 0.17 27.24286245654256
0.03445253249971774 1.8581560283687943 0.18 27.296232461875384
0.03632906860720841 1.8581560283687943 0.19 27.352603780374807
0.03819969380656785 1.8581560283687943 0.2 27.411968730640464
0.040064139927896904 1.8581560283687943 0.21 27.474319314858864
0.041922144865216025 1.8581560283687943 0.22 27.53964723250567
0.04377345275473075 1.8581560283687943 0.23 27.607943894354445
0.045617814138099184 1.8581560283687943 0.24 27.679200436649516
0.047454986110540436 1.8581560283687943 0.25 27.753407735536612
0.049284732453891276 1.8581560283687943 0.26 27.83055642157301
0.05110682375466501 1.8581560283687943 0.27 27.910636894299287
0.05292103750718048 1.8581560283687943 0.28 27.99363933689411
0.054727158201964325 1.8581560283687943 0.29 28.0795537308351
0.056524977399735686 1.8581560283687943 0.3 28.16836987044416
0.05831429379115806 1.8581560283687943 0.31 28.260077377381098
0.060094913242620944 1.8581560283687943 0.32 28.354665715097138
0.06186664882862993 1.8581560283687943 0.33 28.45212420299748
0.0636293208509819 1.8581560283687943 0.34 28.552442030501073
0.06538275684524711 1.8581560283687943 0.35 28.655608270870346
0.06712679157497262 1.8581560283687943 0.36 28.761611894820852
0.06886126701421115 1.8581560283687943 0.37 28.870441783777967
0.07058603231863461 1.8581560283687943 0.38 28.982086742968193
0.0723009437860331 1.8581560283687943 0.39 29.09653551407881
0.07400586480649424 1.8581560283687943 0.4 29.213776787670948
0.07570066580290197 1.8581560283687943 0.41 29.333799215243364
0.0773852241624027 1.8581560283687943 0.42 29.456591420858462
0.07905942415912379 1.8581560283687943 0.43 29.582142012528863
0.08072315686901499 1.8581560283687943 0.44 29.710439593106422
0.08237632007708823 1.8581560283687943 0.45 29.841472770880703
0.08401881817783935 1.8581560283687943 0.46 29.97523016970278
0.08565056206920474 1.8581560283687943 0.47 30.111700438772566
0.08727146904064684 1.8581560283687943 0.48 30.25087226203997
0.08888146265601632 1.8581560283687943 0.49 30.392734367133688
0.0904804726314748 1.8581560283687943 0.5 30.537275533979546
0.09206843470916676 1.8581560283687943 0.51 30.684484602976454
0.093645290527086 1.8581560283687943 0.52 30.83435048276352
0.09521098748547333 1.8581560283687943 0.53 30.986862157670163
0.09676547861042907 1.8581560283687943 0.54 31.14200869470062
0.09830872241496268 1.8581560283687943 0.55 31.299779250201347
0.09984068275805703 1.8581560283687943 0.56 31.460163076112988
0.10136132870201281 1.8581560283687943 0.57 31.623149525901795
0.10287063436857274 1.8581560283687943 0.58 31.78872806010208
0.10436857879411433 1.8581560283687943 0.59 31.9568882515259
0.10585514578431146 1.8581560283687943 0.6 32.127619790113194
0.10733032376847348 1.8581560283687943 0.61 32.30091248750283
0.10879410565402664 1.8581560283687943 0.62 32.47675628123603
0.11024648868131463 1.8581560283687943 0.63 32.65514123866989
0.11168747427906603 1.8581560283687943 0.64 32.83605756056314
0.11311706792063214 1.8581560283687943 0.65 33.0194955844313
0.11453527898140456 1.8581560283687943 0.66 33.205445787575506
0.11594212059753083 1.8581560283687943 0.67 33.39389878985356
0.11733760952614862 1.8581560283687943 0.68 33.584845356189454
0.1187217660073177 1.8581560283687943 0.69 33.77827639883334
0.12009461362775324 1.8581560283687943 0.7 33.97418297941694
0.12145617918664822 1.8581560283687943 0.71 34.17255631073581
0.12280649256361263 1.8581560283687943 0.72 34.37338775833058
0.12414558658881832 1.8581560283687943 0.73 34.57666884189436
0.1254734969155985 1.8581560283687943 0.74 34.782391236436645
0.12679026189550366 1.8581560283687943 0.75 34.99054677326631
0.1280959224558138 1.8581560283687943 0.76 35.20112744084807
0.1293905219797582 1.8581560283687943 0.77 35.41412538544175
0.13067410618940942 1.8581560283687943 0.78 35.62953291158547
0.13194672303120591 1.8581560283687943 0.79 35.84734248248316
0.13320842256441462 1.8581560283687943 0.8 36.067546720157004
0.13445925685216423 1.8581560283687943 0.81 36.290138405590774
0.13569927985546185 1.8581560283687943 0.82 36.515110478659665
0.13692854733002904 1.8581560283687943 0.83 36.74245603795208
0.13814711672581775 1.8581560283687943 0.84 36.972168340568764
0.1393550470895872 1.8581560283687943 0.85 37.20424080170216
0.14055239897012464 1.8581560283687943 0.86 37.43866699422341
0.14173923432634347 1.8581560283687943 0.87 37.675440648152076
0.14291561643818726 1.8581560283687943 0.88 37.914555650044
0.1440816098203459 1.8581560283687943 0.89 38.15600604228872
0.1452372801385602 1.8581560283687943 0.9 38.399786022426625
0.14638269412884639 1.8581560283687943 0.91 38.64588994229939
0.14751791951922802 1.8581560283687943 0.92 38.894312307240035
0.1486430249541956 1.8581560283687943 0.93 39.14504777517061
0.14975807992174817 1.8581560283687943 0.94 39.39809115566869
0.15086315468295977 1.8581560283687943 0.95 39.65343740901455
0.1519583202040772 1.8581560283687943 0.96 39.911081645196276
0.15304364809104293 1.8581560283687943 0.97 40.17101912290823
0.15411921052650396 1.8581560283687943 0.98 40.433245248489044
0.15518508020907093 1.8581560283687943 0.99 40.697755574900754
0.0 1.872340425531915 0.0 27.25677910227201
0.0019153603468153556 1.872340425531915 0.01 27.258315616751844
0.0038303968518777916 1.872340425531915 0.02 27.262924932292115
0.005744786027099496 1.872340425531915 0.03 27.270606365644724
0.007658205090680792 1.872340425531915 0.04 27.281358779547347
0.009570332317644587 1.872340425531915 0.05 27.29518058500418
0.01148084738726418 1.872340425531915 0.06 27.312069744403082
0.013389431726370483 1.872340425531915 0.07 27.332023775526245
0.01529576884755467 1.872340425531915 0.08 27.355039756414232
0.017199544681311543 1.872340425531915 0.09 27.38111433106051
0.019100447901214027 1.872340425531915 0.1 27.410243715880004
0.020998170241191754 1.872340425531915 0.11 27.442423707063917
0.022892406804172837 1.872340425531915 0.12 27.477649688496502
0.024782856361177066 1.872340425531915 0.13 27.51591664056978
0.02666922164022657 1.872340425531915 0.14 27.557219149555632
0.028551209604340183 1.872340425531915 0.15 27.601551417650043
0.030428531718011475 1.872340425531915 0.16 27.64890727358921
0.03230090420154553 1.872340425531915 0.17 27.69928018390811
0.03416804827290928 1.872340425531915 0.18 27.75266326450837
0.03602969037642439 1.872340425531915 0.19 27.80904929291752
0.037885562398158906 1.872340425531915 0.2 27.868430720775905
0.039735401867532244 1.872340425531915 0.21 27.930799686808307
0.041578952145010645 1.872340425531915 0.22 27.996148030030398
0.04341596259560102 1.872340425531915 0.23 28.06446730330607
0.04524618874811438 1.872340425531915 0.24 28.13574878707177
0.047069392440097314 1.872340425531915 0.25 28.209983503244114
0.0488853419483914 1.872340425531915 0.26 28.287162229306844
0.050693812105447544 1.872340425531915 0.27 28.367275512439473
0.05249458440142359 1.872340425531915 0.28 28.450313683740184
0.05428744707231547 1.872340425531915 0.29 28.536266872394034
0.056072195174198786 1.872340425531915 0.3 28.625125019890092
0.05784863064395577 1.872340425531915 0.31 28.716877894109505
0.05961656234669341 1.872340425531915 0.32 28.811515103342213
0.061375806110242744 1.872340425531915 0.33 28.90902611013487
0.0631261847470065 1.872340425531915 0.34 29.00940024503172
0.06486752806369933 1.872340425531915 0.35 29.11262672003398
0.06659967285922488 1.872340425531915 0.36 29.21869464191921
0.06832246291127513 1.872340425531915 0.37 29.327593025262292
0.07003574895203368 1.872340425531915 0.38 29.439310805212948
0.07173938863353155 1.872340425531915 0.39 29.55383684995146
0.07343324648305558 1.872340425531915 0.4 29.67115997288585
0.07511719384924695 1.872340425531915 0.41 29.79126894446462
0.07679110883923473 1.872340425531915 0.42 29.914152503730776
0.07845487624753872 1.872340425531915 0.43 30.039799369431023
0.08010838747699835 1.872340425531915 0.44 30.16819825088095
0.08175154045257524 1.872340425531915 0.45 30.299337858323057
0.08338423952815505 1.872340425531915 0.46 30.43320691307359
0.0850063953872623 1.872340425531915 0.47 30.56979415714846
0.08661792493788764 1.872340425531915 0.48 30.70908836259837
0.08821875120211171 1.872340425531915 0.49 30.851078340412116
0.0898088032008487 1.872340425531915 0.5 30.995752949107104
0.09138801583445383 1.872340425531915 0.51 31.143101102818957
0.09295632975931203 1.872340425531915 0.52 31.293111779136346
0.09451369126112592 1.872340425531915 0.53 31.44577402649508
0.09606005212526264 1.872340425531915 0.54 31.601076971190473
0.09759536950446179 1.872340425531915 0.55 31.759009824089784
0.09911960578456884 1.872340425531915 0.56 31.919561886877144
0.10063272844837358 1.872340425531915 0.57 32.08272255804037
0.10213470993810059 1.872340425531915 0.58 32.24848133848716
0.10362552751694747 1.872340425531915 0.59 32.41682783677243
0.10510516312982149 1.872340425531915 0.6 32.58775177406051
0.10657360326382578 1.872340425531915 0.61 32.76124298868244
0.10803083880846279 1.872340425531915 0.62 32.937291440502634
0.1094768649162204 1.872340425531915 0.63 33.11588721486394
0.11091168086358588 1.872340425531915 0.64 33.29702052625759
0.11233528991265002 1.872340425531915 0.65 33.48068172177553
0.1137476991737454 1.872340425531915 0.66 33.66686128422361
0.11514891946923404 1.872340425531915 0.67 33.85554983496547
0.11653896519851652 1.872340425531915 0.68 34.04673813657892
0.11791785420473845 1.872340425531915 0.69 34.24041709515972
0.1192856076430285 1.872340425531915 0.7 34.436577762477945
0.12064224985059459 1.872340425531915 0.71 34.635211337891384
0.1219878082188647 1.872340425531915 0.72 34.83630916999773
0.12332231306759495 1.872340425531915 0.73 35.0398627581498
0.12464579752129276 1.872340425531915 0.74 35.24586375370622
0.12595829738785658 1.872340425531915 0.75 35.45430396113894
0.12725985103958923 1.872340425531915 0.76 35.66517533896479
0.1285504992967346 1.872340425531915 0.77 35.878470000467864
0.12983028531338733 1.872340425531915 0.78 36.09418021434119
0.13109925446614376 1.872340425531915 0.79 36.312298405079446
0.1323574542452319 1.872340425531915 0.8 36.53281715330255
0.1336049341482534 1.872340425531915 0.81 36.75572919596243
0.13484174557678424 1.872340425531915 0.82 36.981027426319436
0.13606794173541018 1.872340425531915 0.83 37.208704893940634
0.1372835775336144 1.872340425531915 0.84 37.43875480450247
0.13848870949035588 1.872340425531915 0.85 37.67117051949788
0.1396833956412453 1.872340425531915 0.86 37.905945555903116
0.14086769544852654 1.872340425531915 0.87 38.1430735856944
0.14204166971362284 1.872340425531915 0.88 38.382548435344326
0.14320538049242604 1.872340425531915 0.89 38.624364085197904
0.1443588910131703 1.872340425531915 0.9 38.868514668808096
0.14550226559688703 1.872340425531915 0.91 39.11499447222395
0.14663556958049917 1.872340425531915 0.92 39.363797933189396
0.1477588692423576 1.872340425531915 0.93 39.61491964034589
0.14887223173042338 1.872340425531915 0.94 39.86835433231549
0.14997572499272355 1.872340425531915 0.95 40.124096896847696
0.1510694177103997 1.872340425531915 0.96 40.382142369841276
0.15215337923300898 1.872340425531915 0.97 40.64248593440497
0.15322767951620114 1.872340425531915 0.98 40.90512291987039
0.15429238906169673 1.872340425531915 0.99 41.170048800776925
0.0 1.8865248226950355 0.0 27.716534375363985
0.0018994090280335068 1.8865248226950355 0.01 27.71807108333236
0.0037985021973519282 1.8865248226950355 0.02 27.72268098369113
0.005696963988291471 1.8865248226950355 0.03 27.730363406280993
0.007594479558312425 1.8865248226950355 0.04 27.741117235569604
0.009490735078103921 1.8865248226950355 0.05 27.754940912861688
0.011385418064764159 1.8865248226950355 0.06 27.77183243929182
0.013278217711104491 1.8865248226950355 0.07 27.791789379661434
0.015168825210137299 1.8865248226950355 0.08 27.81480886714134
0.017056934073871998 1.8865248226950355 0.09 27.840887608702953
0.018942240445517212 1.8865248226950355 0.1 27.870021891401603
0.020824443404297455 1.8865248226950355 0.11 27.902207589328988
0.02270324526204996 1.8865248226950355 0.12 27.937440171357
0.024578351850886544 1.8865248226950355 0.13 27.9757147095306
0.02644947280121466 1.8865248226950355 0.14 28.017025888108883
0.028316321809452417 1.8865248226950355 0.15 28.061368013254043
0.03017861689487935 1.8865248226950355 0.16 28.10873502324909
0.032036080645052034 1.8865248226950355 0.17 28.159120499280064
0.033888440449332695 1.8865248226950355 0.18 28.212517676681994
0.03573542872003216 1.8865248226950355 0.19 28.26891945673705
0.03757678310097951 1.8865248226950355 0.2 28.328318418683367
0.03941224666298448 1.8865248226950355 0.21 28.390706832284547
0.041241568086156234 1.8865248226950355 0.22 28.456076670569505
0.04306450182872924 1.8865248226950355 0.23 28.524419622958177
0.04488080828241294 1.8865248226950355 0.24 28.595727108515252
0.04669025391407997 1.8865248226950355 0.25 28.669990289455335
0.04849261139383848 1.8865248226950355 0.26 28.747200084767968
0.05028765970953232 1.8865248226950355 0.27 28.827347183918594
0.05207518426770161 1.8865248226950355 0.28 28.91042206065162
0.053854976981176035 1.8865248226950355 0.29 28.99641498680822
0.05562683634352294 1.8865248226950355 0.3 29.08531604607962
0.05739056749050883 1.8865248226950355 0.31 29.177115147735392
0.059145982248820984 1.8865248226950355 0.32 29.271802040303296
0.06089289917244659 1.8865248226950355 0.33 29.369366325066668
0.06263114356694797 1.8865248226950355 0.34 29.469797469448473
0.06436054750203574 1.8865248226950355 0.35 29.57308482021085
0.06608094981284929 1.8865248226950355 0.36 29.679217616426445
0.06779219609027189 1.8865248226950355 0.37 29.788185002275707
0.06949413866084758 1.8865248226950355 0.38 29.89997603952334
0.07118663655657617 1.8865248226950355 0.39 30.014579719810367
0.07286955547526201 1.8865248226950355 0.4 30.13198497655575
0.0745427677316869 1.8865248226950355 0.41 30.25218069663093
0.07620615220018143 1.8865248226950355 0.42 30.375155731710024
0.07785959424912645 1.8865248226950355 0.43 30.50089890925018
0.07950298566779199 1.8865248226950355 0.44 30.629399043161186
0.08113622458604886 1.8865248226950355 0.45 30.760644944119193
0.08275921538743704 1.8865248226950355 0.46 30.894625429523103
0.0843718686160763 1.8865248226950355 0.47 31.031329333089253
0.08597410087787612 1.8865248226950355 0.48 31.17074551409798
0.08756583473657262 1.8865248226950355 0.49 31.31286286624962
0.089146998605025 1.8865248226950355 0.5 31.457670326153693
0.0907175266322036 1.8865248226950355 0.51 31.605156881467302
0.09227735858635266 1.8865248226950355 0.52 31.755311578654815
0.09382643973474633 1.8865248226950355 0.53 31.9081235303803
0.09536472072040753 1.8865248226950355 0.54 32.06358192256832
0.09689215743630238 1.8865248226950355 0.55 32.221676021061434
0.0984087108973271 1.8865248226950355 0.56 32.38239517792972
0.0999143471103569 1.8865248226950355 0.57 32.545728837503994
0.1014090369429429 1.8865248226950355 0.58 32.71166654198588
0.10289275599081876 1.8865248226950355 0.59 32.88019793676102
0.10436548444461072 1.8865248226950355 0.6 33.051312775375564
0.10582720695595928 1.8865248226950355 0.61 33.22500092424579
0.10727791250358219 1.8865248226950355 0.62 33.40125236695705
0.10871759425925882 1.8865248226950355 0.63 33.58005720834682
0.1101462494540952 1.8865248226950355 0.64 33.76140567831306
0.11156387924553547 1.8865248226950355 0.65 33.945288135218675
0.112970488584895 1.8865248226950355 0.66 34.13169506917866
0.11436608608604998 1.8865248226950355 0.67 34.3206171049755
0.11575068389528716 1.8865248226950355 0.68 34.51204500473015
0.11712429756235102 1.8865248226950355 0.69 34.70596967042106
0.11848694591321207 1.8865248226950355 0.7 34.90238214604429
0.11983865092440879 1.8865248226950355 0.71 35.10127361960328
0.1211794375990882 1.8865248226950355 0.72 35.302635424941826
0.12250933384516384 1.8865248226950355 0.73 35.50645904325547
0.12382837035533323 1.8865248226950355 0.74 35.7127361045075
0.12513658048931103 1.8865248226950355 0.75 35.92145838860676
0.12643400015825837 1.8865248226950355 0.76 36.13261782641878
0.1277206677115051 1.8865248226950355 0.77 36.346206500606876
0.1289966238256058 1.8865248226950355 0.78 36.56221664632592
0.13026191139582452 1.8865248226950355 0.79 36.780640651754915
0.13151657543005119 1.8865248226950355 0.8 37.00147105850111
0.1327606629452631 1.8865248226950355 0.81 37.22470056184165
0.13399422286644522 1.8865248226950355 0.82 37.450322010875574
0.13521730592811426 1.8865248226950355 0.83 37.67832840852488
0.1364299645783262 1.8865248226950355 0.84 37.908712911467674
0.13763225288533468 1.8865248226950355 0.85 38.1414688299219
0.13882422644674078 1.8865248226950355 0.86 38.37658962737625
0.14000594230127092 1.8865248226950355 0.87 38.614068920197504
0.14117745884305052 1.8865248226950355 0.88 38.85390047718884
0.14233883573846765 1.8865248226950355 0.89 39.09607821904556
0.1434901338454895 1.8865248226950355 0.9 39.34059621778008
0.14463141513557318 1.8865248226950355 0.91 39.58744869603174
0.14576274261795844 1.8865248226950355 0.92 39.836630026369185
0.14688418026642167 1.8865248226950355 0.93 40.08813473053139
0.1479957929484944 1.8865248226950355 0.94 40.34195747859245
0.14909764635695671 1.8865248226950355 0.95 40.59809308814016
0.15018980694375672 1.8865248226950355 0.96 40.85653652336909
0.1512723418561591 1.8865248226950355 0.97 41.11728289417978
0.15234531887515254 1.8865248226950355 0.98 41.38032745524799
0.15340880635613377 1.8865248226950355 0.99 41.64566560503633
0.0 1.9007092198581559 0.0 28.17971228343339
0.0018837353148773981 1.9007092198581559 0.01 28.181249219816607
0.0037671624792840965 1.9007092198581559 0.02 28.185859809582286
0.0056499736679569024 1.9007092198581559 0.03 28.193543395038876
0.007531861705113489 1.9007092198581559 0.04 28.204298881471512
0.009412520386890952 1.9007092198581559 0.05 28.218124739132517
0.011291644801010964 1.9007092198581559 0.06 28.235019006207683
0.013168931642802298 1.9007092198581559 0.07 28.25497929247548
0.015044079526683763 1.9007092198581559 0.08 28.278002783823407
0.01691678929227439 1.9007092198581559 0.09 28.304086247493647
0.018786764304303625 1.9007092198581559 0.1 28.33322603808492
0.020653710745528093 1.9007092198581559 0.11 28.365418104298907
0.022517337901919416 1.9007092198581559 0.12 28.40065799635756
0.024377358439411138 1.9007092198581559 0.13 28.438940874083762
0.026233488671535257 1.9007092198581559 0.14 28.480261515627447
0.028085448817342276 1.9007092198581559 0.15 28.524614326776682
0.029932963249032576 1.9007092198581559 0.16 28.571993350834383
0.03177576072880326 1.9007092198581559 0.17 28.622392278987395
0.03361357463440304 1.9007092198581559 0.18 28.675804461219396
0.035446143173066734 1.9007092198581559 0.19 28.7322229175792
0.03727320958339208 1.9007092198581559 0.2 28.791640349925654
0.0390945223249392 1.9007092198581559 0.21 28.854049153971342
0.040909835255281815 1.9007092198581559 0.22 28.919441431645
0.0427189077942846 1.9007092198581559 0.23 28.98780900378509
0.04452150507558052 1.9007092198581559 0.24 29.059143422970944
0.04631739808504784 1.9007092198581559 0.25 29.133435986629213
0.04810636378639251 1.9007092198581559 0.26 29.210677750193778
0.04988818523369296 1.9007092198581559 0.27 29.2908595404979
0.05166265167120682 1.9007092198581559 0.28 29.373971969073107
0.05342955862028688 1.9007092198581559 0.29 29.460005445649962
0.05518870795385872 1.9007092198581559 0.3 29.54895019147654
0.05693990795832735 1.9007092198581559 0.31 29.640796252802094
0.05868297338353243 1.9007092198581559 0.32 29.735533514067903
0.060417725480659656 1.9007092198581559 0.33 29.833151711174636
0.06214399202870107 1.9007092198581559 0.34 29.9336404444881
0.06386160734958754 1.9007092198581559 0.35 30.03698919177476
0.06557041231252266 1.9007092198581559 0.36 30.143187320870616
0.06727025432770292 1.9007092198581559 0.37 30.252224102249343
0.06896098733010712 1.9007092198581559 0.38 30.364088721203952
0.07064247175347192 1.9007092198581559 0.39 30.478770289904883
0.07231457449501655 1.9007092198581559 0.4 30.596257859188167
0.07397716887155682 1.9007092198581559 0.41 30.71654042989519
0.07563013456700636 1.9007092198581559 0.42 30.839606964141556
0.07727335757218089 1.9007092198581559 0.43 30.965446396107552
0.07890673011708868 1.9007092198581559 0.44 31.094047642580282
0.08053015059631033 1.9007092198581559 0.45 31.225399613121386
0.08214352348784779 1.9007092198581559 0.46 31.35949121992184
0.08374675926591216 1.9007092198581559 0.47 31.49631138732822
0.08533977430820618 1.9007092198581559 0.48 31.635849060960513
0.08692249079799737 1.9007092198581559 0.49 31.778093216537115
0.08849483662154055 1.9007092198581559 0.5 31.923032868315612
0.09005674526125268 1.9007092198581559 0.51 32.07065707717318
0.09160815568504442 1.9007092198581559 0.52 32.22095495834111
0.09314901223215291 1.9007092198581559 0.53 32.37391568884077
0.09467926449618057 1.9007092198581559 0.54 32.52952851440979
0.09619886720519878 1.9007092198581559 0.55 32.687782756292705
0.09770778009982457 1.9007092198581559 0.56 32.848667817524095
0.09920596780925058 1.9007092198581559 0.57 33.012173188973094
0.1006933997258149 1.9007092198581559 0.58 33.17828845498727
0.10217004987828858 1.9007092198581559 0.59 33.34700329874524
0.10363589680420635 1.9007092198581559 0.6 33.518307507313864
0.1050909234216541 1.9007092198581559 0.61 33.692190976341166
0.10653511690061783 1.9007092198581559 0.62 33.868643714508444
0.10796846853440548 1.9007092198581559 0.63 34.047655847590484
0.1093909736110401 1.9007092198581559 0.64 34.22921762235793
0.11080263128523946 1.9007092198581559 0.65 34.41331941008695
0.11220344445088813 1.9007092198581559 0.66 34.59995170988426
0.11359341961444132 1.9007092198581559 0.67 34.78910515168837
0.11497256676929221 1.9007092198581559 0.68 34.98077049905536
0.11634089927136254 1.9007092198581559 0.69 35.174938651685885
0.11769843371600634 1.9007092198581559 0.7 35.37160064774619
0.11904518981645734 1.9007092198581559 0.71 35.57074766594257
0.12038119028393007 1.9007092198581559 0.72 35.77237102737391
0.1217064607094547 1.9007092198581559 0.73 35.97646219719728
0.1230210294475693 1.9007092198581559 0.74 36.18301278610739
0.12432492750199954 1.9007092198581559 0.75 36.39201455162024
0.12561818841347377 1.9007092198581559 0.76 36.60345939913557
0.12690084814950817 1.9007092198581559 0.77 36.81733938292913
0.12817294499657805 1.9007092198581559 0.78 37.03364670687886
0.12943451945442871 1.9007092198581559 0.79 37.252373725112214
0.1306856141327368 1.9007092198581559 0.8 37.47351294248753
0.13192627365013485 1.9007092198581559 0.81 37.6970570149349
0.13315654453560705 1.9007092198581559 0.82 37.92299874967791
0.13437647513230336 1.9007092198581559 0.83 38.15133110533164
0.13558611550376115 1.9007092198581559 0.84 38.38204719190097
0.1367855173426028 1.9007092198581559 0.85 38.61514027065398
0.13797473388162323 1.9007092198581559 0.86 38.85060375392942
0.13915381980739122 1.9007092198581559 0.87 39.08843120481519
0.1403228311761986 1.9007092198581559 0.88 39.32861633679466
0.14148182533256173 1.9007092198581559 0.89 39.57115301324673
0.14263086082999313 1.9007092198581559 0.9 39.81603524695588
0.14376999735426282 1.9007092198581559 0.91 40.0632571995044
0.14489929564903647 1.9007092198581559 0.92 40.31281318060338
0.14601881744379003 1.9007092198581559 0.93 40.564697647409744
0.1471286253840905 1.9007092198581559 0.94 40.81890520376777
0.14822878296415298 1.9007092198581559 0.95 41.07543059941352
0.14931935446165018 1.9007092198581559 0.96 41.33426872914061
0.15040040487470316 1.9007092198581559 0.97 41.59541463195181
0.15147199986112955 1.9007092198581559 0.98 41.85886349013723
0.15253420567968726 1.9007092198581559 0.99 42.12461062840664
0.0 1.9148936170212765 0.0 28.646322034944596
0.0018683314008580423 1.9148936170212765 0.01 28.647859231041707
0.003736362097472698 1.9148936170212765 0.02 28.65247060395519
0.0056037916976739086 1.9148936170212765 0.03 28.660155507974036
0.0074703204325639455 1.9148936170212765 0.04 28.67091286825101
0.009335649465973003 1.9148936170212765 0.05 28.684741182807716
0.011199481201321136 1.9148936170212765 0.06 28.70163852527912
0.013061519585018118 1.9148936170212765 0.07 28.721602548537028
0.014921470405602212 1.9148936170212765 0.08 28.744630488983354
0.016779041587810916 1.9148936170212765 0.09 28.770719171579987
0.01863394348077675 1.9148936170212765 0.1 28.799865015695847
0.020485889139657182 1.9148936170212765 0.11 28.83206404153787
0.02233459459993916 1.9148936170212765 0.12 28.86731187733601
0.02417977914378414 1.9148936170212765 0.13 28.905603767122244
0.02602116555777426 1.9148936170212765 0.14 28.946934579119095
0.02785848038143919 1.9148936170212765 0.15 28.991298814778734
0.029691454146118373 1.9148936170212765 0.16 29.03869061822432
0.03151982160353183 1.9148936170212765 0.17 29.089103786364756
0.03334332194377158 1.9148936170212765 0.18 29.142531779315654
0.03516169900217226 1.9148936170212765 0.19 29.19896773139685
0.03697470145485052 1.9148936170212765 0.2 29.25840446241598
0.03878208300256952 1.9148936170212765 0.21 29.32083448931772
0.0405836025426493 1.9148936170212765 0.22 29.386250038219032
0.04237902432886053 1.9148936170212765 0.23 29.454643056601064
0.04416811811903709 1.9148936170212765 0.24 29.526005225825923
0.04595065931043456 1.9148936170212765 0.25 29.60032797377306
0.04772642906269797 1.9148936170212765 0.26 29.67760248770171
0.04949521440856567 1.9148936170212765 0.27 29.757819727146906
0.051256808352277826 1.9148936170212765 0.28 29.840970436934015
0.0530110099558127 1.9148936170212765 0.29 29.92704516024169
0.05475762441313135 1.9148936170212765 0.3 30.01603425163397
0.05649646311254817 1.9148936170212765 0.31 30.107927890102218
0.058227343687482704 1.9148936170212765 0.32 30.202716092036685
0.05995009005589395 1.9148936170212765 0.33 30.30038872404677
0.06166453244850615 1.9148936170212765 0.34 30.400935515780084
0.06337050742634269 1.9148936170212765 0.35 30.504346072491835
0.06506785788776893 1.9148936170212765 0.36 30.610609887480273
0.06675643306539827 1.9148936170212765 0.37 30.719716354358813
0.06843608851335513 1.9148936170212765 0.38 30.831654779030764
0.07010668608511457 1.9148936170212765 0.39 30.94641439150956
0.07176809390242321 1.9148936170212765 0.4 31.063984357468406
0.07342018631577354 1.9148936170212765 0.41 31.184353789458157
0.07506284385667474 1.9148936170212765 0.42 31.307511757938595
0.07669595318234713 1.9148936170212765 0.43 31.433447301937942
0.07831940701316355 1.9148936170212765 0.44 31.562149439429792
0.0799331040632889 1.9148936170212765 0.45 31.69360717740419
0.0815369489650186 1.9148936170212765 0.46 31.827809521575286
0.08313085218707361 1.9148936170212765 0.47 31.96474548586065
0.08471472994764101 1.9148936170212765 0.48 32.10440410134676
0.08628850412211743 1.9148936170212765 0.49 32.246774425106814
0.08785210214638581 1.9148936170212765 0.5 32.39184554854754
0.08940545691584051 1.9148936170212765 0.51 32.53960660544074
0.09094850668049351 1.9148936170212765 0.52 32.69004677968775
0.09248119493683128 1.9148936170212765 0.53 32.84315531261591
0.09400347031648279 1.9148936170212765 0.54 32.998921510045214
0.09551528647230907 1.9148936170212765 0.55 33.157334748952906
0.09701660196217765 1.9148936170212765 0.56 33.318384483809695
0.09850738013066491 1.9148936170212765 0.57 33.48206025266045
0.09998758898931931 1.9148936170212765 0.58 33.64835168274615
0.10145720109537758 1.9148936170212765 0.59 33.817248495965
0.10291619342967538 1.9148936170212765 0.6 33.988740513878476
0.10436454727366354 1.9148936170212765 0.61 34.1628176625248
0.10580224808608399 1.9148936170212765 0.62 34.33946997685771
0.10722928537938844 1.9148936170212765 0.63 34.5186876049352
0.10864565259619507 1.9148936170212765 0.64 34.70046081183119
0.11005134698607728 1.9148936170212765 0.65 34.88477998323645
0.11144636948281522 1.9148936170212765 0.66 35.07163562881231
0.11283072458226971 1.9148936170212765 0.67 35.261018385330054
0.11420442022125486 1.9148936170212765 0.68 35.45291901948505
0.11556746765737223 1.9148936170212765 0.69 35.647328430527644
0.11691988135013866 1.9148936170212765 0.7 35.844237652611646
0.1182616788432414 1.9148936170212765 0.71 36.043637857062414
0.11959288064871082 1.9148936170212765 0.72 36.24552035417044
0.12091351013226014 1.9148936170212765 0.73 36.449876595055855
0.12222359340056752 1.9148936170212765 0.74 36.65669817320394
0.12352315919048744 1.9148936170212765 0.75 36.86597682575288
0.12481223875986995 1.9148936170212765 0.76 37.077704434788274
0.12609086578065337 1.9148936170212765 0.77 37.29187302830029
0.12735907623391668 1.9148936170212765 0.78 37.508474781042864
0.1286169083069807 1.9148936170212765 0.79 37.72750201528443
0.12986440229284169 1.9148936170212765 0.8 37.94894720132142
0.13110160049166578 1.9148936170212765 0.81 38.17280295794854
0.13232854711464656 1.9148936170212765 0.82 38.399062052736326
0.13354528819008304 1.9148936170212765 0.83 38.62771740222403
0.1347518714717836 1.9148936170212765 0.84 38.85876207198588
0.135948346349778 1.9148936170212765 0.85 39.09218927659716
0.13713476376336448 1.9148936170212765 0.86 39.3279923794966
0.13831117611648175 1.9148936170212765 0.87 39.566164892759524
0.13947763719540363 1.9148936170212765 0.88 39.80670047678892
0.1406342020887617 1.9148936170212765 0.89 40.04959293992342
0.14178092710985785 1.9148936170212765 0.9 40.29483623798431
0.14291786972132445 1.9148936170212765 0.91 40.54242447372548
0.1440450884619645 1.9148936170212765 0.92 40.79235189627721
0.1451626428759693 1.9148936170212765 0.93 41.044612900464074
0.14627059344424992 1.9148936170212765 0.94 41.29920202613766
0.14736900151801313 1.9148936170212765 0.95 41.556113957439216
0.14845792925456044 1.9148936170212765 0.96 41.81534352199201
0.14953743955512297 1.9148936170212765 0.97 42.07688569011521
0.15060759600482546 1.9148936170212765 0.98 42.340735573991395
0.15166846281480634 1.9148936170212765 0.99 42.60688842675644
0.0 1.929078014184397 0.0 29.116372185105256
0.00185318980692823 1.929078014184397 0.01 29.1179096689888
0.003706086105801279 1.929078014184397 0.02 29.122521909078692
0.005558395688170763 1.929078014184397 0.03 29.13020827116901
0.007409825943984603 1.929078014184397 0.04 29.140967699466355
0.009260085158724056 1.929078014184397 0.05 29.154798718586516
0.011108882808087408 1.929078014184397 0.06 29.17169943622819
0.012955929849427252 1.929078014184397 0.07 29.191667546573527
0.014800939009148539 1.929078014184397 0.08 29.21470033446887
0.016643625065313753 1.929078014184397 0.09 29.24079468031515
0.01848370512473219 1.929078014184397 0.1 29.269947065620507
0.020320898893816768 1.929078014184397 0.11 29.30215357925011
0.02215492894252626 1.929078014184397 0.12 29.337409924363072
0.023985520960805112 1.929078014184397 0.13 29.375711425870836
0.025812404006859503 1.929078014184397 0.14 29.417053038582644
0.02763531074675011 1.929078014184397 0.15 29.461429355884295
0.029453977684803907 1.929078014184397 0.16 29.508834618897772
0.031268145384323626 1.929078014184397 0.17 29.55926272620559
0.03307755867823306 1.929078014184397 0.18 29.612707243969403
0.034881966869216074 1.929078014184397 0.19 29.66916141654341
0.03668112391912363 1.929078014184397 0.2 29.728618177356655
0.03847478862724224 1.929078014184397 0.21 29.791070160261867
0.04026272479729841 1.929078014184397 0.22 29.85650971112165
0.042044701392982116 1.929078014184397 0.23 29.924928899664877
0.04382049268183629 1.929078014184397 0.24 29.996319531601337
0.04558987836746044 1.929078014184397 0.25 30.070673160903727
0.04735264370995529 1.929078014184397 0.26 30.147981102266662
0.049108579634656445 1.929078014184397 0.27 30.228234443646006
0.05085748282912046 1.929078014184397 0.28 30.31142405894917
0.05259915582857833 1.929078014184397 0.29 30.3975406206785
0.05433340708982364 1.929078014184397 0.3 30.486574612690827
0.05606005105387242 1.929078014184397 0.31 30.57851634282913
0.05777890819738301 1.929078014184397 0.32 30.673355955636474
0.0594898050732933 1.929078014184397 0.33 30.771083444860864
0.06119257434073464 1.929078014184397 0.34 30.871688665945296
0.06288705478463726 1.929078014184397 0.35 30.975161348331486
0.06457309132523927 1.929078014184397 0.36 31.08149110765323
0.06625053501790477 1.929078014184397 0.37 31.19066745771705
0.06791924304358433 1.929078014184397 0.38 31.30267982226742
0.06957907869020627 1.929078014184397 0.39 31.417517546587362
0.07122991132548631 1.929078014184397 0.4 31.53516990881212
0.07287161636148033 1.929078014184397 0.41 31.655626131003068
0.0745040752112849 1.929078014184397 0.42 31.778875389960316
0.07612717523830502 1.929078014184397 0.43 31.904906827748984
0.07774080969849395 1.929078014184397 0.44 32.03370956193353
0.0793448776759857 1.929078014184397 0.45 32.16527269550422
0.0809392840125084 1.929078014184397 0.46 32.29958532650925
0.08252393923105605 1.929078014184397 0.47 32.4366365573333
0.08409875945411195 1.929078014184397 0.48 32.57641550371189
0.08566366631694591 1.929078014184397 0.49 32.718911303383045
0.08721858687636651 1.929078014184397 0.5 32.8641131243918
0.08876345351525491 1.929078014184397 0.51 33.01201017309725
0.090298203843273 1.929078014184397 0.52 33.162591701873474
0.09182278059428785 1.929078014184397 0.53 33.31584701638223
0.09333713152061668 1.929078014184397 0.54 33.47176548261514
0.09484120928460511 1.929078014184397 0.55 33.630336533587666
0.09633497134793884 1.929078014184397 0.56 33.791549675650366
0.09781837985882891 1.929078014184397 0.57 33.95539449455815
0.09929140153757651 1.929078014184397 0.58 34.12186066116806
0.10075400756067276 1.929078014184397 0.59 34.29093793687649
0.1022061734438911 1.929078014184397 0.6 34.462616178686986
0.10364787892446362 1.929078014184397 0.61 34.636885344043996
0.10507910784274369 1.929078014184397 0.62 34.81373549534415
0.10649984802359638 1.929078014184397 0.63 34.99315680414026
0.10791009115763722 1.929078014184397 0.64 35.175139555122755
0.10930983268264878 1.929078014184397 0.65 35.35967414981465
0.11069907166545694 1.929078014184397 0.66 35.54675110994273
0.11207781068422609 1.929078014184397 0.67 35.73636108064765
0.11344605571157661 1.929078014184397 0.68 35.9284948333971
0.11480381599858132 1.929078014184397 0.69 36.12314326868486
0.11615110395992544 1.929078014184397 0.7 36.32029741844377
0.11748793506011494 1.929078014184397 0.71 36.519948448345794
0.11881432770118258 1.929078014184397 0.72 36.72208765979848
0.12013030311182557 1.929078014184397 0.73 36.926706491765614
0.12143588523808728 1.929078014184397 0.74 37.13379652241897
0.1227311006357809 1.929078014184397 0.75 37.343349470569535
0.12401597836462466 1.929078014184397 0.76 37.55535719696071
0.12529054988433946 1.929078014184397 0.77 37.76981170532814
0.12655484895249705 1.929078014184397 0.78 37.98670514340594
0.12780891152456833 1.929078014184397 0.79 38.20602980365291
0.1290527756558484 1.929078014184397 0.8 38.42777812393485
0.13028648140553356 1.929078014184397 0.81 38.651942688031944
0.13151007074296073 1.929078014184397 0.82 38.87851622599592
0.13272358745587146 1.929078014184397 0.83 39.10749161446498
0.13392707706109028 1.929078014184397 0.84 39.33886187672694
0.13512058671712016 1.929078014184397 0.85 39.572620182842584
0.1363041651391842 1.929078014184397 0.86 39.80875984953051
0.1374778625163672 1.929078014184397 0.87 40.04727434002889
0.13864173043099146 1.929078014184397 0.88 40.288157263861756
0.13979582178025135 1.929078014184397 0.89 40.531402376500345
0.14094019069997873 1.929078014184397 0.9 40.777003578995725
0.1420748924907234 1.929078014184397 0.91 41.02495491747436
0.1431999835458857 1.929078014184397 0.92 41.275250582646436
0.14431552128209774 1.929078014184397 0.93 41.52788490920725
0.1454215640717291 1.929078014184397 0.94 41.782852375196356
0.1465181711774993 1.929078014184397 0.95 42.04014760131551
0.14760540268916447 1.929078014184397 0.96 42.29976535021306
0.14868331946229849 1.929078014184397 0.97 42.561700525711295
0.1497519830590862 1.929078014184397 0.98 42.82594817200996
0.15081145569109258 1.929078014184397 0.99 43.09250347287223
0.0 1.9432624113475176 0.0 29.589870694855346
0.0018383033617360453 1.9432624113475176 0.01 29.59140849165554
0.0036763201728136873 1.9432624113475176 0.02 29.596021674214455
0.00551376417034538 1.9432624113475176 0.03 29.603709619305473
0.007350349666205018 1.9432624113475176 0.04 29.614471289485657
0.009185791832467725 1.9432624113475176 0.05 29.628305234928884
0.01101980698453358 1.9432624113475176 0.06 29.645209595999244
0.012852112861170023 1.9432624113475176 0.07 29.665182106598973
0.01468242890075515 1.9432624113475176 0.08 29.688220098151447
0.016510476512996208 1.9432624113475176 0.09 29.714320504289326
0.018335979345413166 1.9432624113475176 0.1 29.743479866272395
0.020158663543944178 1.9432624113475176 0.11 29.775694339008325
0.021978258007036018 1.9432624113475176 0.12 29.810959697682126
0.023794494632590223 1.9432624113475176 0.13 29.849271345043014
0.02560710855722588 1.9432624113475176 0.14 29.89062431922705
0.027415838387327827 1.9432624113475176 0.15 29.935013302107254
0.029220426421344703 1.9432624113475176 0.16 29.98243262824144
0.03102061886299403 1.9432624113475176 0.17 30.03287629414873
0.032816166024804985 1.9432624113475176 0.18 30.086337968240212
0.03460682252183531 1.9432624113475176 0.19 30.1428110009533
0.03639234745510818 1.9432624113475176 0.2 30.202288435354394
0.03817250458451134 1.9432624113475176 0.21 30.264763018125603
0.03994706249100162 1.9432624113475176 0.22 30.330227210783534
0.041715794727879826 1.9432624113475176 0.23 30.398673201195773
0.043478479961030894 1.9432624113475176 0.24 30.470092915309742
0.04523490209802398 1.9432624113475176 0.25 30.544478029082683
0.046984850406018734 1.9432624113475176 0.26 30.621819980583666
0.04872811961849642 1.9432624113475176 0.27 30.702109982199225
0.05046451003080725 1.9432624113475176 0.28 30.78533903296502
0.05219382758472307 1.9432624113475176 0.29 30.871497930845383
0.053915883941881 1.9432624113475176 0.3 30.960577285207894
0.05563049654652922 1.9432624113475176 0.31 31.05256752912966
0.057337488677546435 1.9432624113475176 0.32 31.147458931759584
0.05903668949006153 1.9432624113475176 0.33 31.245241610564424
0.06072793404681184 1.9432624113475176 0.34 31.345905543540223
0.06241106333963319 1.9432624113475176 0.35 31.449440581220497
0.06408592430124549 1.9432624113475176 0.36 31.555836458589273
0.06575236980762691 1.9432624113475176 0.37 31.66508280688068
0.06741025867149156 1.9432624113475176 0.38 31.7771691650559
0.06905945562694038 1.9432624113475176 0.39 31.892084991207515
0.07069983130583611 1.9432624113475176 0.4 32.00981967367625
0.07233126220618492 1.9432624113475176 0.41 32.13036254194605
0.07395363065297006 1.9432624113475176 0.42 32.25370287723889
0.07556682475166496 1.9432624113475176 0.43 32.37982992293442
0.07717073833499359 1.9432624113475176 0.44 32.5087328946395
0.07876527090325947 1.9432624113475176 0.45 32.640400989963155
0.08035032755853526 1.9432624113475176 0.46 32.77482339807044
0.08192581893329536 1.9432624113475176 0.47 32.911989308846195
0.0834916611137193 1.9432624113475176 0.48 33.05188792180027
0.0850477755581022 1.9432624113475176 0.49 33.194508454664884
0.08659408901085326 1.9432624113475176 0.5 33.33984015160339
0.0881305334122106 1.9432624113475176 0.51 33.48787229122298
0.08965704580435815 1.9432624113475176 0.52 33.638594194139905
0.09117356823400569 1.9432624113475176 0.53 33.79199523033026
0.0926800476520528 1.9432624113475176 0.54 33.948064826059756
0.09417643581041422 1.9432624113475176 0.55 34.10679247059341
0.09566268915651734 1.9432624113475176 0.56 34.26816772255025
0.09713876872579628 1.9432624113475176 0.57 34.43218021590549
0.09860464003235633 1.9432624113475176 0.58 34.59881966574051
0.10006027295817893 1.9432624113475176 0.59 34.76807587368893
0.10150564164118638 1.9432624113475176 0.6 34.93993873305872
0.10294072436241257 1.9432624113475176 0.61 35.11439823365353
0.10436550343246229 1.9432624113475176 0.62 35.29144446635049
0.10577996507761543 1.9432624113475176 0.63 35.47106762736247
0.10718409932569653 1.9432624113475176 0.64 35.65325802226781
0.1085778998921042 1.9432624113475176 0.65 35.83800606969554
0.10996136406593802 1.9432624113475176 0.66 36.02530230485346
0.11133449259665548 1.9432624113475176 0.67 36.21513738274505
0.11269728958136 1.9432624113475176 0.68 36.40750208113729
0.11404976235274385 1.9432624113475176 0.69 36.60238730338009
0.11539192136823491 1.9432624113475176 0.7 36.799784080830705
0.11672378009989894 1.9432624113475176 0.71 36.99968357527444
0.11804535492584707 1.9432624113475176 0.72 37.2020770809517
0.11935666502281853 1.9432624113475176 0.73 37.40695602649046
0.12065773226023235 1.9432624113475176 0.74 37.61431197663427
0.12194858109587793 1.9432624113475176 0.75 37.824136633731676
0.12322923847315605 1.9432624113475176 0.76 38.03642183910782
0.12449973372010185 1.9432624113475176 0.77 38.25115957423214
0.1257600984501532 1.9432624113475176 0.78 38.46834196175811
0.12701036646484617 1.9432624113475176 0.79 38.68796126636998
0.1282505736583638 1.9432624113475176 0.8 38.91000989552421
0.12948075792408 1.9432624113475176 0.81 39.13448040003512
0.13070095906311985 1.9432624113475176 0.82 39.36136547452479
0.13191121869494132 1.9432624113475176 0.83 39.59065795776092
0.13311158016998964 1.9432624113475176 0.84 39.822350832876225
0.1343020884844173 1.9432624113475176 0.85 40.056437227491955
0.1354827901969321 1.9432624113475176 0.86 40.2929104137245
0.13665373334778977 1.9432624113475176 0.87 40.53176380807788
0.13781496737977292 1.9432624113475176 0.88 40.772990971325
0.13896654306149694 1.9432624113475176 0.89 41.01658560818164
0.14010851241259936 1.9432624113475176 0.9 41.26254156703973
0.1412409286311996 1.9432624113475176 0.91 41.510852839531374
0.14236384602336521 1.9432624113475176 0.92 41.76151356007828
0.14347731993472565 1.9432624113475176 0.93 42.01451800533966
0.14458140668401148 1.9432624113475176 0.94 42.269860593683454
0.14567616349883053 1.9432624113475176 0.95 42.52753588449033
0.1467616484532451 1.9432624113475176 0.96 42.787538577537
0.14783792040749152 1.9432624113475176 0.97 43.04986351224805
0.14890503894954735 1.9432624113475176 0.98 43.31450566697636
0.14996306433872988 1.9432624113475176 0.99 43.58146015819168
0.0 1.9574468085106382 0.0 30.066824984046065
0.001823665183493396 1.9574468085106382 0.01 30.06836311629308
0.003647050545513467 1.9574468085106382 0.02 30.072977308686532
0.005469876541104603 1.9574468085106382 0.03 30.080666948621516
0.007291864177610906 1.9574468085106382 0.04 30.091431016275372
0.009112735288992724 1.9574468085106382 0.05 30.10526808639402
0.010932212807945898 1.9574468085106382 0.06 30.122176330822125
0.012750021035133851 1.9574468085106382 0.07 30.142153521622145
0.014565885904794088 1.9574468085106382 0.08 30.165197035032605
0.01637953524608764 1.9574468085106382 0.09 30.191303855955255
0.01819069903950237 1.9574468085106382 0.1 30.220470583156967
0.019999109667684437 1.9574468085106382 0.11 30.252693435107165
0.021804502160104468 1.9574468085106382 0.12 30.287968256397004
0.023606614430980572 1.9574468085106382 0.13 30.326290524742554
0.02540518750990599 1.9574468085106382 0.14 30.367655358575263
0.02719996576471146 1.9574468085106382 0.15 30.412057525101453
0.02899069711604196 1.9574468085106382 0.16 30.45949144893926
0.030777133243280207 1.9574468085106382 0.17 30.50995122115159
0.03255902978137403 1.9574468085106382 0.18 30.563430608774354
0.03433614650828322 1.9574468085106382 0.19 30.619923064676108
0.036108247522668564 1.9574468085106382 0.2 30.679421737863496
0.037875101411639175 1.9574468085106382 0.21 30.741919484048168
0.039636481408243704 1.9574468085106382 0.22 30.807408876610868
0.04139216553866344 1.9574468085106382 0.23 30.87588221769967
0.0431419367588547 1.9574468085106382 0.24 30.94733154963292
0.04488558308054976 1.9574468085106382 0.25 31.02174866654952
0.04662289768669087 1.9574468085106382 0.26 31.099125126090286
0.04835367903610887 1.9574468085106382 0.27 31.17945226133364
0.05007773095765249 1.9574468085106382 0.28 31.26272119269744
0.05179486273362342 1.9574468085106382 0.29 31.34892284005218
0.053504889172843996 1.9574468085106382 0.3 31.438047934712156
0.0552076306732719 1.9574468085106382 0.31 31.530087031550035
0.05690291327446674 1.9574468085106382 0.32 31.62503052102143
0.05859056870007461 1.9574468085106382 0.33 31.722868641107894
0.060270434390460745 1.9574468085106382 0.34 31.82359148924685
0.06194235352579025 1.9574468085106382 0.35 31.927189034150434
0.06360617503993905 1.9574468085106382 0.36 32.03365112737027
0.06526175362521516 1.9574468085106382 0.37 32.14296751490424
0.06690894972854974 1.9574468085106382 0.38 32.25512784844931
0.06854762953917358 1.9574468085106382 0.39 32.37012169659286
0.07017766496832102 1.9574468085106382 0.4 32.48793855571059
0.07179893362115622 1.9574468085106382 0.41 32.60856786070028
0.07341131876143175 1.9574468085106382 0.42 32.7319989953875
0.07501470926900951 1.9574468085106382 0.43 32.858221302802214
0.07660899959086143 1.9574468085106382 0.44 32.98722409508137
0.07819408968574036 1.9574468085106382 0.45 33.1189966631515
0.07976988496294053 1.9574468085106382 0.46 33.253528286134774
0.08133629621560143 1.9574468085106382 0.47 33.39080824040228
0.08289323954876057 1.9574468085106382 0.48 33.53082580840712
0.08444063630263285 1.9574468085106382 0.49 33.673570287196284
0.08597841297154997 1.9574468085106382 0.5 33.81903099654322
0.0875065011186591 1.9574468085106382 0.51 33.96719728690652
0.08902483728704004 1.9574468085106382 0.52 34.1180585469639
0.09053336290737599 1.9574468085106382 0.53 34.27160421088958
0.09203202420261375 1.9574468085106382 0.54 34.42782376529534
0.0935207720898399 1.9574468085106382 0.55 34.58670675591267
0.09499956207982264 1.9574468085106382 0.56 34.748242793916816
0.09646835417445546 1.9574468085106382 0.57 34.91242156195006
0.09792711276232728 1.9574468085106382 0.58 35.07923281989864
0.09937580651287221 1.9574468085106382 0.59 35.24866641030347
0.10081440826916527 1.9574468085106382 0.6 35.42071226355911
0.10224289493988692 1.9574468085106382 0.61 35.595360402718796
0.10366124739039674 1.9574468085106382 0.62 35.772600948130815
0.10506945033338758 1.9574468085106382 0.63 35.952424121744684
0.10646749221925968 1.9574468085106382 0.64 36.13482025115489
0.1078553651264322 1.9574468085106382 0.65 36.3197797733851
0.10923306465176817 1.9574468085106382 0.66 36.5072932384361
0.11060058980139041 1.9574468085106382 0.67 36.69735131254422
0.11195794288188701 1.9574468085106382 0.68 36.88994478127774
0.1133051293923001 1.9574468085106382 0.69 37.08506455232453
0.11464215791691686 1.9574468085106382 0.7 37.282701658070444
0.11596904001891722 1.9574468085106382 0.71 37.482847258031946
0.11728579013526831 1.9574468085106382 0.72 37.68549264098196
0.11859242547269822 1.9574468085106382 0.73 37.89062922696513
0.11988896590511637 1.9574468085106382 0.74 38.0982485690438
0.12117543387237223 1.9574468085106382 0.75 38.308342354918025
0.12245185428056905 1.9574468085106382 0.76 38.520902408346416
0.12371825440396715 1.9574468085106382 0.77 38.73592069040641
0.12497466378858907 1.9574468085106382 0.78 38.953389300577456
0.12622111415749138 1.9574468085106382 0.79 39.17330047771766
0.1274576393179638 1.9574468085106382 0.8 39.39564660081423
0.12868427507042945 1.9574468085106382 0.81 39.62042018968776
0.12990105911931404 1.9574468085106382 0.82 39.847613905516575
0.13110803098587034 1.9574468085106382 0.83 40.07722055122012
0.13230523192287869 1.9574468085106382 0.84 40.30923307177511
0.13349270483134004 1.9574468085106382 0.85 40.54364455441335
0.13467049417925284 1.9574468085106382 0.86 40.78044822866376
0.13583864592227726 1.9574468085106382 0.87 41.01963746637222
0.13699720742652108 1.9574468085106382 0.88 41.26120578156774
0.1381462273932533 1.9574468085106382 0.89 41.50514683030014
0.13928575578570368 1.9574468085106382 0.9 41.75145441035886
0.14041584375786084 1.9574468085106382 0.91 42.000122460927976
0.14153654358523962 1.9574468085106382 0.92 42.25114506219545
0.14264790859769486 1.9574468085106382 0.93 42.5045164348676
0.14374999311415512 1.9574468085106382 0.94 42.760230939661035
0.14484285237935202 1.9574468085106382 0.95 43.01828307672025
0.14592654250246906 1.9574468085106382 0.96 43.2786674849989
0.147001120397723 1.9574468085106382 0.97 43.54137894158763
0.14806664372680028 1.9574468085106382 0.98 43.80641236102368
0.14912317084318555 1.9574468085106382 0.99 44.07376279454853
0.0 1.9716312056737588 0.0 30.547241979491538
0.0018092686633027165 1.9716312056737588 0.01 30.54878046730351
0.003618264016061623 1.9716312056737588 0.02 30.553395729817936
0.005426713013549038 1.9716312056737588 0.03 30.5610871646213
0.007234343141970241 1.9716312056737588 0.04 30.571853768878402
0.009040882682199497 1.9716312056737588 0.05 30.58569414101065
0.010846060971439081 1.9716312056737588 0.06 30.60260648313433
0.01264960866213381 1.9716312056737588 0.07 30.622588604139285
0.014451257977481978 1.9716312056737588 0.08 30.64563792341983
0.016250742962895633 1.9716312056737588 0.09 30.671751475266078
0.018047799732778418 1.9716312056737588 0.1 30.700925913920546
0.01984216671206968 1.9716312056737588 0.11 30.73315751911074
0.021633584871896847 1.9716312056737588 0.12 30.76844220235593
0.023421797958882853 1.9716312056737588 0.13 30.80677551368709
0.02520655271752225 1.9716312056737588 0.14 30.84815264900945
0.026987599105198674 1.9716312056737588 0.15 30.892568457913484
0.028764690499384737 1.9716312056737588 0.16 30.940017451963755
0.030537583896565444 1.9716312056737588 0.17 30.990493813540706
0.03230604010260554 1.9716312056737588 0.18 31.043991404993076
0.03406982391416949 1.9716312056737588 0.19 31.10050377821758
0.03582870429087181 1.9716312056737588 0.2 31.16002418467294
0.037582454518026866 1.9716312056737588 0.21 31.222545585569893
0.039330852359585534 1.9716312056737588 0.22 31.288060662566522
0.04107368020133113 1.9716312056737588 0.23 31.35656182850075
0.04281072518398505 1.9716312056737588 0.24 31.428041238504708
0.04454177932623102 1.9716312056737588 0.25 31.502490801280914
0.046266639637611344 1.9716312056737588 0.26 31.579902190502196
0.04798510822123041 1.9716312056737588 0.27 31.660266856371724
0.04969699236628825 1.9716312056737588 0.28 31.743576037296013
0.05140210463053232 1.9716312056737588 0.29 31.829820771590782
0.05310026291269313 1.9716312056737588 0.3 31.918991909218217
0.054791290514946106 1.9716312056737588 0.31 32.01108012361284
0.056475016195699515 1.9716312056737588 0.32 32.106075923375734
0.05815127421273177 1.9716312056737588 0.33 32.20396966399618
0.05981990435694127 1.9716312056737588 0.34 32.30475155949111
0.06148075197697893 1.9716312056737588 0.35 32.40841169388879
0.06313366799484203 1.9716312056737588 0.36 32.51494003271294
0.0647785089129086 1.9716312056737588 0.37 32.62432643420881
0.06641513681256807 1.9716312056737588 0.38 32.73656066043166
0.06804341934465272 1.9716312056737588 0.39 32.85163238826378
0.06966322971227956 1.9716312056737588 0.4 32.96953122004281
0.07127444664607323 1.9716312056737588 0.41 33.09024669413681
0.07287695437227884 1.9716312056737588 0.42 33.21376829526759
0.07447064257420005 1.9716312056737588 0.43 33.34008546448513
0.07605540634704097 1.9716312056737588 0.44 33.46918760902788
0.07763114614670534 1.9716312056737588 0.45 33.60106411186411
0.07919776773291161 1.9716312056737588 0.46 33.735704340904476
0.08075518210676566 1.9716312056737588 0.47 33.87309765805996
0.08230330544340536 1.9716312056737588 0.48 34.013233427907096
0.08384205901991222 1.9716312056737588 0.49 34.15610102609108
0.08537136913873117 1.9716312056737588 0.5 34.30168984754306
0.08689116704738654 1.9716312056737588 0.51 34.44998931414339
0.088401388854158 1.9716312056737588 0.52 34.60098888237782
0.0899019754405803 1.9716312056737588 0.53 34.75467805054524
0.09139287237098664 1.9716312056737588 0.54 34.91104636560715
0.09287402979910876 1.9716312056737588 0.55 35.07008342991067
0.09434540237242685 1.9716312056737588 0.56 35.23177890748167
0.09580694913439015 1.9716312056737588 0.57 35.3961225300293
0.09725863342469937 1.9716312056737588 0.58 35.56310410273215
0.09870042277808046 1.9716312056737588 0.59 35.7327135096917
0.10013228882180263 1.9716312056737588 0.6 35.90494071906798
0.10155420717204364 1.9716312056737588 0.61 36.079775788010174
0.10296615732951792 1.9716312056737588 0.62 36.25720886725952
0.10436812257449797 1.9716312056737588 0.63 36.43723020550287
0.10576008986149156 1.9716312056737588 0.64 36.619830153450934
0.10714204971371802 1.9716312056737588 0.65 36.804999167691726
0.10851399611769214 1.9716312056737588 0.66 36.99272781424704
0.1098759264179352 1.9716312056737588 0.67 37.18300677195272
0.11122784121222876 1.9716312056737588 0.68 37.37582683550289
0.11256974424721548 1.9716312056737588 0.69 37.57117891840928
0.11390164231492744 1.9716312056737588 0.7 37.76905405559117
0.11522354515000409 1.9716312056737588 0.71 37.96944340585958
0.11653546532800345 1.9716312056737588 0.72 38.17233825411926
0.1178374181646485 1.9716312056737588 0.73 38.37773001348032
0.11912942161651532 1.9716312056737588 0.74 38.5856102270261
0.1204114961828009 1.9716312056737588 0.75 38.79597056954927
0.12168366480861442 1.9716312056737588 0.76 39.0088028490319
0.12294595278979643 1.9716312056737588 0.77 39.224099007930675
0.12419838767911368 1.9716312056737588 0.78 39.44185112441922
0.12544099919426271 1.9716312056737588 0.79 39.66205141335941
0.12667381912750128 1.9716312056737588 0.8 39.88469222716395
0.12789688125694337 1.9716312056737588 0.81 40.10976605656561
0.12911022125970567 1.9716312056737588 0.82 40.3372655312101
0.1303138766268785 1.9716312056737588 0.83 40.56718342012057
0.13150788658031282 1.9716312056737588 0.84 40.79951263206589
0.13269229199123722 1.9716312056737588 0.85 41.034246215846295
0.13386713530091265 1.9716312056737588 0.86 41.271377360386296
0.13503246044304332 1.9716312056737588 0.87 41.51089939482579
0.1361883127681678 1.9716312056737588 0.88 41.75280578848253
0.13733473897002266 1.9716312056737588 0.89 41.99709015070054
0.1384717870137608 1.9716312056737588 0.9 42.24374623066377
0.1395995060661339 1.9716312056737588 0.91 42.492767917111635
0.1407179464275591 1.9716312056737588 0.92 42.74414923800712
0.14182715946618013 1.9716312056737588 0.93 42.997884360089714
0.14292719755369226 1.9716312056737588 0.94 43.253967588450834
0.1440181140031732 1.9716312056737588 0.95 43.51239336598022
0.14509996300870853 1.9716312056737588 0.96 43.77315627280524
0.14617279958687446 1.9716312056737588 0.97 44.03625102567715
0.1472366795200155 1.9716312056737588 0.98 44.30167247733289
0.14829165930140853 1.9716312056737588 0.99 44.56941561576637
0.0 1.9858156028368794 0.0 31.03112815820389
0.0017951074497871658 1.9858156028368794 0.01 31.032667019582142
0.0035899478910911757 1.9858156028368794 0.02 31.037283406082835
0.005384254571057436 1.9858156028368794 0.03 31.044976725152956
0.00717776124743406 1.9858156028368794 0.04 31.055745990287267
0.008970202442223284 1.9858156028368794 0.05 31.069589822775615
0.010761313693390305 1.9858156028368794 0.06 31.08650645392752
0.012550831803952006 1.9858156028368794 0.07 31.106493728141714
0.014338495087860132 1.9858156028368794 0.08 31.12954910646697
0.016124043612041037 1.9858156028368794 0.09 31.15566967086644
0.017907219434020842 1.9858156028368794 0.1 31.1848521290492
0.019687766834547732 1.9858156028368794 0.11 31.217092819940998
0.021465432544697946 1.9858156028368794 0.12 31.252387719657573
0.02323996596691147 1.9858156028368794 0.13 31.290732448094193
0.02501111938950219 1.9858156028368794 0.14 31.332122275991644
0.026778648194164006 1.9858156028368794 0.15 31.3765521325254
0.028542311056051668 1.9858156028368794 0.16 31.424016613373162
0.030301870136076502 1.9858156028368794 0.17 31.47450998916614
0.03205709126497837 1.9858156028368794 0.18 31.528026214481745
0.033807744118977696 1.9858156028368794 0.19 31.5845589370726
0.035553602386611656 1.9858156028368794 0.2 31.64410150755322
0.03729444392657048 1.9858156028368794 0.21 31.70664698937645
0.039030050916308325 1.9858156028368794 0.22 31.772188169107135
0.040760209991291846 1.9858156028368794 0.23 31.84071756690782
0.042484712374661636 1.9858156028368794 0.24 31.912227447354848
0.0442033539973338 1.9858156028368794 0.25 31.986709830348083
0.04591593560838595 1.9858156028368794 0.26 32.064156502240756
0.04762226287574866 1.9858156028368794 0.27 32.14455902708268
0.04932214647719618 1.9858156028368794 0.28 32.227908757969786
0.05101540218168449 1.9858156028368794 0.29 32.31419684846097
0.052701850921082094 1.9858156028368794 0.3 32.40341426406732
0.05438131885246279 1.9858156028368794 0.31 32.49555179369994
0.05605363741101146 1.9858156028368794 0.32 32.590600061152635
0.0577186433536989 1.9858156028368794 0.33 32.68854953658519
0.05937617879410763 1.9858156028368794 0.34 32.78939054775479
0.06102609122816287 1.9858156028368794 0.35 32.893113291488426
0.06266823355159697 1.9858156028368794 0.36 32.99970784468528
0.06430246406881908 1.9858156028368794 0.37 33.109164175474305
0.06592864649387548 1.9858156028368794 0.38 33.221472154035574
0.06754664994348662 1.9858156028368794 0.39 33.33662156338093
0.06915634892266023 1.9858156028368794 0.4 33.45460210985551
0.07075762330302648 1.9858156028368794 0.41 33.575403433503546
0.07235035829429008 1.9858156028368794 0.42 33.69901511819694
0.07393444440913699 1.9858156028368794 0.43 33.825426701497896
0.07550977742179753 1.9858156028368794 0.44 33.954627684358094
0.07707625832076224 1.9858156028368794 0.45 34.08660754048642
0.07863379325578977 1.9858156028368794 0.46 34.22135572555191
0.08018229347977028 1.9858156028368794 0.47 34.35886168600539
0.0817216752855113 1.9858156028368794 0.48 34.49911486774938
0.08325185993805993 1.9858156028368794 0.49 34.642104724401925
0.08477277360258063 1.9858156028368794 0.5 34.78782072541629
0.08628434726844113 1.9858156028368794 0.51 34.936252363773626
0.08778651666950031 1.9858156028368794 0.52 35.08738916351945
0.08927922220120296 1.9858156028368794 0.53 35.24122068690057
0.09076240883458545 1.9858156028368794 0.54 35.3977365412697
0.09223602602757941 1.9858156028368794 0.55 35.55692638568539
0.09370002763384942 1.9858156028368794 0.56 35.718779937252066
0.09515437180956174 1.9858156028368794 0.57 35.8832869771133
0.09659902091822947 1.9858156028368794 0.58 36.050437356201094
0.09803394143392309 1.9858156028368794 0.59 36.22022100072292
0.0994591038432131 1.9858156028368794 0.6 36.392627917306115
0.10087448254589225 1.9858156028368794 0.61 36.567648197950945
0.10228005575494178 1.9858156028368794 0.62 36.74527202462522
0.10367580539568495 1.9858156028368794 0.63 36.92548967371056
0.10506171700465954 1.9858156028368794 0.64 37.10829152007269
0.10643777962815847 1.9858156028368794 0.65 37.293668040945455
0.10780398572068595 1.9858156028368794 0.66 37.48160981959115
0.10916033104364951 1.9858156028368794 0.67 37.672107548645464
0.11050681456425174 1.9858156028368794 0.68 37.86515203329831
0.11184343835487384 1.9858156028368794 0.69 38.060734194223095
0.11317020749301641 1.9858156028368794 0.7 38.2588450703189
0.11448712996208218 1.9858156028368794 0.71 38.45947582117267
0.11579421655292761 1.9858156028368794 0.72 38.662617729386554
0.11709148076643094 1.9858156028368794 0.73 38.86826220268878
0.11837893871717978 1.9858156028368794 0.74 39.07640077584092
0.11965660903833468 1.9858156028368794 0.75 39.287025112378004
0.12092451278775686 1.9858156028368794 0.76 39.5001270061906
0.122182673355584 1.9858156028368794 0.77 39.71569838289045
0.12343111637316342 1.9858156028368794 0.78 39.93373130107549
0.1246698696235515 1.9858156028368794 0.79 40.154217953408796
0.1258989629535815 1.9858156028368794 0.8 40.37715066755649
0.12711842818753913 1.9858156028368794 0.81 40.60252190700027
0.1283282990425398 1.9858156028368794 0.82 40.83032427170059
0.12952861104558322 1.9858156028368794 0.83 41.060550498658614
0.13071940145239516 1.9858156028368794 0.84 41.29319346233455
0.13190070916802182 1.9858156028368794 0.85 41.528246174969404
0.13307257466919978 1.9858156028368794 0.86 41.765701786815114
0.13423503992858654 1.9858156028368794 0.87 42.00555358623758
0.13538814834079382 1.9858156028368794 0.88 42.24779499974259
0.13653194465025958 1.9858156028368794 0.89 42.492419591913006
0.13766647488095068 1.9858156028368794 0.9 42.739421065270925
0.13879178626792246 1.9858156028368794 0.91 42.98879326005328
0.13990792719069153 1.9858156028368794 0.92 43.240530153931985
0.14101494710849627 1.9858156028368794 0.93 43.49462586163304
0.14211289649727238 1.9858156028368794 0.94 43.75107463456034
0.1432018267885522 1.9858156028368794 0.95 44.00987086029205
0.14428179031004054 1.9858156028368794 0.96 44.2710090620975
0.14535284022810263 1.9858156028368794 0.97 44.53448389832287
0.14641503049184423 1.9858156028368794 0.98 44.80029016183454
0.14746841577907344 1.9858156028368794 0.99 45.06842277933289
0.0 2.0 0.0 31.51848958638515
0.001781175434906535 2.0 0.01 31.520028837389276
0.0035620899633778285 2.0 0.02 31.52464639597083
0.00534248292490731 2.0 0.03 31.532341679063524
0.007122094150223602 2.0 0.04 31.543113715978894
0.008900664205350687 2.0 0.05 31.556961150037797
0.010677934633820371 2.0 0.06 31.573882240770974
0.012453648196409938 2.0 0.07 31.59387486686296
0.014227549107842758 2.0 0.08 31.616936529595133
0.01599938326985038 2.0 0.09 31.643064356962714
0.01776889850004047 2.0 0.1 31.672255108388217
0.01953584475604504 2.0 0.11 31.704505179965473
0.02129997435442204 2.0 0.12 31.739810610270602
0.02306104218380718 2.0 0.13 31.778167086742965
0.024818805911884127 2.0 0.14 31.81956995251141
0.02657302618570138 2.0 0.15 31.86401421375712
0.028323466824953732 2.0 0.16 31.91149454751348
0.03006989500784763 2.0 0.17 31.96200530990036
0.031812081449196485 2.0 0.18 32.01554054479183
0.03354980057048305 2.0 0.19 32.07209399279487
0.03528283066153545 2.0 0.2 32.13165910067978
0.037010954033704524 2.0 0.21 32.19422903098218
0.03873395716418852 2.0 0.22 32.25979667204346
0.0404516308314502 2.0 0.23 32.328354648236946
0.042163770241599785 2.0 0.24 32.399895330360714
0.04387017514551336 2.0 0.25 32.474410846379044
0.04557064994682111 2.0 0.26 32.55189309216144
0.04726500380055363 2.0 0.27 32.632333742480014
0.04895305070256201 2.0 0.28 32.7157242620553
0.05063460956971309 2.0 0.29 32.80205591667505
0.05230950431088358 2.0 0.3 32.89131978440748
0.05397756388892723 2.0 0.31 32.983506766770475
0.05563862237362239 2.0 0.32 33.07860759997435
0.05729251898586409 2.0 0.33 33.17661286605773
0.05893909813315624 2.0 0.34 33.277513004031036
0.06057820943668345 2.0 0.35 33.38129832089305
0.062209707750105044 2.0 0.36 33.48795900257773
0.06383345317029704 2.0 0.37 33.59748512480641
0.06544931104036478 2.0 0.38 33.70986666374007
0.06705715194510477 2.0 0.39 33.825093506502476
0.06865685169917668 2.0 0.4 33.943155461562526
0.0702482913283586 2.0 0.41 34.06404226886728
0.07183135704409774 2.0 0.42 34.187743609794374
0.07340594021160878 2.0 0.43 34.314249116951615
0.074971937312002 2.0 0.44 34.443548383641385
0.07652924989858235 2.0 0.45 34.575630973144676
0.07807778454768126 2.0 0.46 34.71048642776491
0.07961745280435475 2.0 0.47 34.84810427760608
0.08114817112331044 2.0 0.48 34.98847404903801
0.08266986080516608 2.0 0.49 35.13158527302798
0.08418244792869745 2.0 0.5 35.2774274930302
0.08568586327905986 2.0 0.51 35.42599027271432
0.0871800422724528 2.0 0.52 35.57726320338456
0.08866492487751085 2.0 0.53 35.73123591110345
0.09014045553364425 2.0 0.54 35.88789806357656
0.09160658306675903 2.0 0.55 36.04723937668159
0.09306326060245354 2.0 0.56 36.20924962079094
0.09451044547708087 2.0 0.57 36.37391862679211
0.09594809914696296 2.0 0.58 36.54123629179282
0.0973761870958782 2.0 0.59 36.711192584615986
0.09879467874120097 2.0 0.6 36.883777550983396
0.1002035473388676 2.0 0.61 37.05898131844029
0.10160276988740258 2.0 0.62 37.236794101018006
0.10299232703120029 2.0 0.63 37.41720620365461
0.10437220296332927 2.0 0.64 37.60020802633335
0.10574238532797813 2.0 0.65 37.785790068000715
0.10710286512275749 2.0 0.66 37.9739429302478
0.10845363660110534 2.0 0.67 38.1646573207104
0.10979469717478627 2.0 0.68 38.357924056318105
0.11112604731684778 2.0 0.69 38.553734066251344
0.11244769046502888 2.0 0.7 38.75207839471981
0.11375963292581852 2.0 0.71 38.95294820352517
0.11506188377927443 2.0 0.72 39.156334774426476
0.11635445478473824 2.0 0.73 39.36222951130222
0.11763736028751684 2.0 0.74 39.570623942142824
0.11891061712669376 2.0 0.75 39.78150972083679
0.12017424454407558 2.0 0.76 39.99487862881643
0.12142826409446178 2.0 0.77 40.21072257649923
0.1226726995571527 2.0 0.78 40.42903360463956
0.1239075768490513 2.0 0.79 40.649803885406456
0.12513292393899486 2.0 0.8 40.87302572347604
0.1263487707638215 2.0 0.81 41.098691556847
0.12755514914588184 2.0 0.82 41.32679395760871
0.12875209271225593 2.0 0.83 41.55732563252474
0.12993963681549314 2.0 0.84 41.79027942358023
0.13111781845617118 2.0 0.85 42.02564830832642
0.13228667620709206 2.0 0.86 42.263425400162866
0.13344625013916517 2.0 0.87 42.50360394854317
0.13459658174910466 2.0 0.88 42.746177339038084
0.13573771388880762 2.0 0.89 42.99113909335419
0.13686969069655622 2.0 0.9 43.238482869226246
0.13799255752991707 2.0 0.91 43.488202460271246
0.1391063609004167 2.0 0.92 43.740291795758374
0.14021114840997526 2.0 0.93 43.994744940308614
0.14130696868912193 2.0 0.94 44.25155609350986
0.1423938713368172 2.0 0.95 44.51071958955545
0.14347190686219014 2.0 0.96 44.7722298967091
0.14454112662780572 2.0 0.97 45.036081616833116
0.1456015827947087 2.0 0.98 45.30226948481798
0.14665332826914682 2.0 0.99 45.570788367966834
