a q b lambda
0.0 0.0 0.0 1.9999999799989854
0.007070997136513991 0.0 0.01 2.0000399806156466
0.014141570008058496 0.0 0.02 2.0001599898691595
0.021211294346038093 0.0 0.03 2.000360029980161
0.02827974587461217 0.0 0.04 2.0006401379911565
0.03534650030715848 0.0 0.05 2.001000365773364
0.04241113334273849 0.0 0.06 2.001440780048019
0.04947322066277613 0.0 0.07 2.0019614623967055
0.056532337927535266 0.0 0.08 2.002562509305051
0.06358806077344291 0.0 0.09 2.003244032152731
0.07063996480946848 0.0 0.1 2.0040061572930825
0.07768762561475881 0.0 0.11 2.004849026055924
0.08473061873593932 0.0 0.12 2.0057727947970587
0.09176851968451634 0.0 0.13 2.006777634953729
0.09880090393502391 0.0 0.14 2.007863733080069
0.1058273469231097 0.0 0.15 2.009031290905271
0.11284742404382997 0.0 0.16 2.0102805253977336
0.11986071065048007 0.0 0.17 2.011611668824383
0.12686678205370494 0.0 0.18 2.013024968817568
0.13386521352150862 0.0 0.19 2.01452068843048
0.1408555802778879 0.0 0.2 2.016099106252314
0.14783745750496352 0.0 0.21 2.017760516432792
0.15481042034216486 0.0 0.22 2.0195052288143707
0.1617740438882992 0.0 0.23 2.021333568996342
0.16872790320320644 0.0 0.24 2.023245878431205
0.17567157331054384 0.0 0.25 2.02524251451067
0.18260462919967407 0.0 0.26 2.027323850690716
0.18952664582999762 0.0 0.27 2.029490276576062
0.1964371981351069 0.0 0.28 2.031742198029696
0.20333586102760035 0.0 0.29 2.034080037286404
0.21022220940401296 0.0 0.3 2.0365042330814536
0.21709581815181864 0.0 0.31 2.039015240755925
0.2239562621558406 0.0 0.32 2.041613532393523
0.2308031163074073 0.0 0.33 2.0442995969247995
0.23763595551089545 0.0 0.34 2.0470739402987412
0.2444543546953407 0.0 0.35 2.0499370855816057
0.2512578888239501 0.0 0.36 2.052889573114561
0.2580461329055698 0.0 0.37 2.055931960656416
0.2648186620075863 0.0 0.38 2.0590648235232885
0.271575051267769 0.0 0.39 2.0622887547647357
0.27831487591272686 0.0 0.4 2.065604365257762
0.28503771126858934 0.0 0.41 2.069012283941414
0.291743132781974 0.0 0.42 2.0725131579151954
0.2984307160351843 0.0 0.43 2.076107652645745
0.30510003676825176 0.0 0.44 2.0797964520953314
0.31175067089693465 0.0 0.45 2.0835802589295174
0.3183821945375917 0.0 0.46 2.087459794651086
0.32499418402712665 0.0 0.47 2.0914357998227393
0.33158621595077464 0.0 0.48 2.0955090342067124
0.33815786716837976 0.0 0.49 2.099680276948607
0.34470871484118965 0.0 0.5 2.1039503267761295
0.35123833646126806 0.0 0.51 2.10832000218657
0.3577463098852459 0.0 0.52 2.1127901416047834
0.364232213363415 0.0 0.53 2.117361603620228
0.3706956255800273 0.0 0.54 2.1220352671135703
0.3771361256841117 0.0 0.55 2.1268120315185297
0.3835532933347167 0.0 0.56 2.1316928169398737
0.38994670873419907 0.0 0.57 2.136678564431696
0.39631595267848574 0.0 0.58 2.141770236108201
0.40266060659623415 0.0 0.59 2.1469688154028628
0.4089802526005413 0.0 0.6 2.1522753072136864
0.4152744735339445 0.0 0.61 2.1576907381454764
0.4215428530248038 0.0 0.62 2.163216156655249
0.42778497553749245 0.0 0.63 2.1688526332876967
0.43400042643240755 0.0 0.64 2.17460126083296
0.44018879202380934 0.0 0.65 2.180463154532164
0.44634965964021606 0.0 0.66 2.1864394522807626
0.4524826176925668 0.0 0.67 2.1925313147795915
0.45858725573914466 0.0 0.68 2.198739925743208
0.46466316455742357 0.0 0.69 2.205066492064901
0.4707099362174967 0.0 0.7 2.2115122439917063
0.4767271641556031 0.0 0.71 2.218078435322467
0.4827144432587835 0.0 0.72 2.22476634352566
0.48867136994271715 0.0 0.73 2.231577269945991
0.4945975422418759 0.0 0.74 2.238512539920659
0.5004925598995597 0.0 0.75 2.245573502922238
0.5063560244519576 0.0 0.76 2.252761532778255
0.5121875393376147 0.0 0.77 2.2600780276857306
0.517986709990971 0.0 0.78 2.2675244103937913
0.5237531439417085 0.0 0.79 2.275102128355477
0.5294864509282246 0.0 0.8 2.282812653778283
0.5351862430180624 0.0 0.81 2.2906574836393734
0.5408521347049409 0.0 0.82 2.2986381399243294
0.5464837430307916 0.0 0.83 2.3067561696689998
0.5520806877332368 0.0 0.84 2.3150131448095723
0.5576425913456035 0.0 0.85 2.3234106624558586
0.5631690793290224 0.0 0.86 2.331950344908935
0.5686597802470098 0.0 0.87 2.3406338393478903
0.5741143258460353 0.0 0.88 2.3494628183149455
0.5795323512501969 0.0 0.89 2.358438979271465
0.5849134951061674 0.0 0.9 2.367564044586405
0.5902573996986362 0.0 0.91 2.3768397617757064
0.5955637111193673 0.0 0.92 2.386267903316295
0.6008320795394048 0.0 0.93 2.395850265653328
0.6060621591234682 0.0 0.94 2.4055886710837955
0.6112536085449064 0.0 0.95 2.4154849648482974
0.6164060909000981 0.0 0.96 2.425541017030585
0.6215192742147532 0.0 0.97 2.4357587197704897
0.6265928302116156 0.0 0.98 2.4461399981181016
0.6316264328136528 0.0 0.99 2.4566868226987983
0.0 0.014184397163120567 0.0 2.000080461343726
0.007070854862327371 0.014184397163120567 0.01 2.000120467891875
0.014141285422359241 0.014184397163120567 0.02 2.000240494949134
0.021210867374145344 0.014184397163120567 0.03 2.00044056474468
0.02827917640442517 0.014184397163120567 0.04 2.0007207143395305
0.03534578818904393 0.014184397163120567 0.05 2.001080995632538
0.042410278389404865 0.014184397163120567 0.06 2.001521475378465
0.04947222264903942 0.014184397163120567 0.07 2.002042235205597
0.05653119659024544 0.014184397163120567 0.08 2.0026433716422205
0.06358677581109928 0.014184397163120567 0.09 2.0033249961306097
0.07063853588192841 0.014184397163120567 0.1 2.004087235093356
0.07768605234317236 0.014184397163120567 0.11 2.004930229923318
0.08472890070201773 0.014184397163120567 0.12 2.0058541370689107
0.0917666564303425 0.014184397163120567 0.13 2.006859128056125
0.09879889496280223 0.014184397163120567 0.14 2.007945389529307
0.10582519169413782 0.014184397163120567 0.15 2.0091131233397928
0.11284512197844526 0.014184397163120567 0.16 2.0103625465668187
0.11985826112747425 0.014184397163120567 0.17 2.0116938915992892
0.1268641844097544 0.014184397163120567 0.18 2.013107406200382
0.13386246704985583 0.014184397163120567 0.19 2.0146033535844317
0.14085268422845423 0.014184397163120567 0.2 2.0161820124848977
0.14783441108338097 0.014184397163120567 0.21 2.0178436772135013
0.1548072227086998 0.014184397163120567 0.22 2.0195886577924598
0.1617706941569965 0.014184397163120567 0.23 2.021417280010456
0.16872440044170794 0.014184397163120567 0.24 2.0233298855020236
0.17566791653789984 0.014184397163120567 0.25 2.025326831882357
0.1826008173860593 0.014184397163120567 0.26 2.027408492823489
0.18952267789542845 0.014184397163120567 0.27 2.029575258162594
0.19643307294872292 0.014184397163120567 0.28 2.0318275339981358
0.20333157740511573 0.014184397163120567 0.29 2.034165742840613
0.21021776610801177 0.014184397163120567 0.3 2.0365903236808665
0.21709121388898212 0.014184397163120567 0.31 2.0391017321572504
0.2239514955764487 0.014184397163120567 0.32 2.0417004406459314
0.23079818600290136 0.014184397163120567 0.33 2.044386938401287
0.237630860012685 0.014184397163120567 0.34 2.0471617317028796
0.2444490924729556 0.014184397163120567 0.35 2.050025343965535
0.2512524582828274 0.014184397163120567 0.36 2.0529783159018153
0.25804053238507746 0.014184397163120567 0.37 2.056021205659311
0.26481288977909095 0.014184397163120567 0.38 2.059154588958749
0.27156910553304414 0.014184397163120567 0.39 2.062379059264343
0.2783087547994655 0.014184397163120567 0.4 2.0656952279208904
0.28503141282965067 0.014184397163120567 0.41 2.0691037243295853
0.29173665499207685 0.014184397163120567 0.42 2.0726051960846585
0.2984240567877751 0.014184397163120567 0.43 2.0762003091755834
0.30509319387241385 0.014184397163120567 0.44 2.079889748113555
0.3117436420744547 0.014184397163120567 0.45 2.0836742161359294
0.31837497741740195 0.014184397163120567 0.46 2.0875544353738453
0.32498677614519234 0.014184397163120567 0.47 2.091531147001109
0.33157861474323236 0.014184397163120567 0.48 2.095605111462248
0.33815006996715014 0.014184397163120567 0.49 2.099777108620951
0.3447007188701329 0.014184397163120567 0.5 2.1040479379508006
0.35123013883184107 0.014184397163120567 0.51 2.10841841872817
0.35773790758825075 0.014184397163120567 0.52 2.1128893902354617
0.36422360326767156 0.014184397163120567 0.53 2.1174617119133203
0.37068680442192903 0.014184397163120567 0.54 2.122136263594059
0.37712709006353373 0.014184397163120567 0.55 2.1269139456863284
0.38354403970469103 0.014184397163120567 0.56 2.1317956793628237
0.3899372333982174 0.014184397163120567 0.57 2.136782406750567
0.39630625177587236 0.014184397163120567 0.58 2.1418750911725946
0.40265067609823935 0.014184397163120567 0.59 2.1470747172860247
0.40897008829655673 0.014184397163120567 0.6 2.1523822913328607
0.415264071023618 0.014184397163120567 0.61 2.1577988413158864
0.4215322077018977 0.014184397163120567 0.62 2.163325417228261
0.4277740825817214 0.014184397163120567 0.63 2.168963091202609
0.43398928079152116 0.014184397163120567 0.64 2.1747129577666247
0.44017738839908305 0.014184397163120567 0.65 2.1805761340094785
0.44633799247133477 0.014184397163120567 0.66 2.1865537597884166
0.4524706811345433 0.014184397163120567 0.67 2.1926469979544736
0.45857504364643725 0.014184397163120567 0.68 2.198857034485673
0.46465067045625363 0.014184397163120567 0.69 2.205185078762365
0.4706971532800076 0.014184397163120567 0.7 2.2116323637181154
0.47671408517543123 0.014184397163120567 0.71 2.218200146019654
0.48270106061324225 0.014184397163120567 0.72 2.224889706304577
0.4886576755633556 0.014184397163120567 0.73 2.231702349302983
0.494583527565783 0.014184397163120567 0.74 2.2386394041242252
0.5004782158259579 0.014184397163120567 0.75 2.245702224341778
0.5063413412924869 0.014184397163120567 0.76 2.252892188261975
0.5121725067546848 0.014184397163120567 0.77 2.260210699035802
0.5179713169244696 0.014184397163120567 0.78 2.2676591849326235
0.5237373785358986 0.014184397163120567 0.79 2.275239099477362
0.5294703004388747 0.014184397163120567 0.8 2.2829519216606347
0.5351696936953403 0.014184397163120567 0.81 2.2907991561463406
0.5408351716747564 0.014184397163120567 0.82 2.2987823335037167
0.5464663501387513 0.014184397163120567 0.83 2.30690301054767
0.5520628473682963 0.014184397163120567 0.84 2.315162770334547
0.5576242842070319 0.014184397163120567 0.85 2.323563222881886
0.5631502841861349 0.014184397163120567 0.86 2.332106005209825
0.5686404735670927 0.014184397163120567 0.87 2.3407927820809222
0.5740944814316005 0.014184397163120567 0.88 2.349625246351384
0.5795119396353791 0.014184397163120567 0.89 2.358605120441339
0.5848924829390478 0.014184397163120567 0.9 2.3677341563468066
0.590235748766704 0.014184397163120567 0.91 2.37701413867457
0.5955413772095258 0.014184397163120567 0.92 2.386446885645903
0.6008090104227636 0.014184397163120567 0.93 2.396034254939013
0.6060382923265579 0.014184397163120567 0.94 2.4057781469882484
0.6112288670980457 0.014184397163120567 0.95 2.415680517793058
0.6163803764704894 0.014184397163120567 0.96 2.4257434008414447
0.6214924557869681 0.014184397163120567 0.97 2.4359689383439322
0.6265647155360049 0.014184397163120567 0.98 2.4463595252436776
0.6315967121774277 0.014184397163120567 0.99 2.4569180335707417
0.0 0.028368794326241134 0.0 2.0003219353592137
0.007070428038291531 0.028368794326241134 0.01 2.0003619597092013
0.014140431662318749 0.028368794326241134 0.02 2.0004820401863097
0.02120958645410006 0.028368794326241134 0.03 2.000682199045335
0.028277467988060887 0.028368794326241134 0.04 2.000962473415226
0.035343651827490656 0.028368794326241134 0.05 2.001322915269364
0.04240771352079279 0.028368794326241134 0.06 2.001763591466632
0.049469228597942984 0.028368794326241134 0.07 2.002284583765088
0.05652777256721485 0.028368794326241134 0.08 2.002885988833402
0.06358292091162178 0.028368794326241134 0.09 2.003567918301317
0.07063424908597 0.028368794326241134 0.1 2.004330498775447
0.07768133251383247 0.028368794326241134 0.11 2.0051738718819654
0.08472374658476065 0.028368794326241134 0.12 2.006098194309181
0.09176106665169184 0.028368794326241134 0.13 2.0071036378552534
0.09879286802891685 0.028368794326241134 0.14 2.0081903894668116
0.10581872598956026 0.028368794326241134 0.15 2.00935865131535
0.11283821576444805 0.028368794326241134 0.16 2.0106086408310078
0.1198509125402816 0.028368794326241134 0.17 2.011940590783512
0.12685639145884867 0.028368794326241134 0.18 2.0133547493396984
0.13385422761601531 0.028368794326241134 0.19 2.0148513801462555
0.14084399606194445 0.028368794326241134 0.2 2.016430762389853
0.147825271800428 0.028368794326241134 0.21 2.018093190901827
0.1547976297903719 0.028368794326241134 0.22 2.0198389762163114
0.16176064494681167 0.028368794326241134 0.23 2.021668444663104
0.16871389214108543 0.028368794326241134 0.24 2.023581938496203
0.17565694620478853 0.028368794326241134 0.25 2.0255798159435434
0.18258938193188853 0.028368794326241134 0.26 2.0276624513250154
0.18951077408068853 0.028368794326241134 0.27 2.0298302351871675
0.19642069737967485 0.028368794326241134 0.28 2.032083574368755
0.20331872653129066 0.028368794326241134 0.29 2.0344228921339287
0.21020443621590795 0.028368794326241134 0.3 2.036848628315431
0.21707740109962978 0.028368794326241134 0.31 2.0393612393989327
0.22393719584086183 0.028368794326241134 0.32 2.041961198654462
0.23078339509525986 0.028368794326241134 0.33 2.0446489963137675
0.23761557352853865 0.028368794326241134 0.34 2.0474251396226957
0.24443330582081615 0.028368794326241134 0.35 2.05029015306716
0.2512361666793841 0.028368794326241134 0.36 2.0532445784663835
0.2580237308499597 0.028368794326241134 0.37 2.056288975116591
0.2647955731275376 0.028368794326241134 0.38 2.0594239199602464
0.27155126836863425 0.028368794326241134 0.39 2.0626500077506105
0.27829039150757584 0.028368794326241134 0.4 2.065967851174203
0.2850125175696455 0.028368794326241134 0.41 2.069378081043105
0.2917172216881003 0.028368794326241134 0.42 2.072881346448011
0.29840407912125266 0.028368794326241134 0.43 2.076478314931823
0.3050726652711164 0.028368794326241134 0.44 2.080169672661434
0.3117225557033634 0.028368794326241134 0.45 2.0839561246023353
0.3183533261684263 0.028368794326241134 0.46 2.087838394698792
0.3249645526237413 0.028368794326241134 0.47 2.0918172260599004
0.33155581125887224 0.028368794326241134 0.48 2.0958933811296347
0.3381266785180277 0.028368794326241134 0.49 2.100067641911965
0.3446767311288837 0.028368794326241134 0.5 2.104340810136403
0.3512055461326974 0.028368794326241134 0.51 2.1087137074320914
0.35771270090925844 0.028368794326241134 0.52 2.113187175586383
0.3641977732127688 0.028368794326241134 0.53 2.117762076692224
0.37066034120301117 0.028368794326241134 0.54 2.1224392933762526
0.3770999834808361 0.028368794326241134 0.55 2.1272197289978942
0.3835162791236936 0.028368794326241134 0.56 2.1321043078706476
0.38990880772566366 0.028368794326241134 0.57 2.137093975455177
0.3962771494382443 0.028368794326241134 0.58 2.142189698568037
0.40262088500709486 0.028368794326241134 0.59 2.147392465656309
0.40893959582454387 0.028368794326241134 0.6 2.1527032869241194
0.4152328639681324 0.028368794326241134 0.61 2.15812319463396
0.4215002722524222 0.028368794326241134 0.62 2.163653243288304
0.4277414042774804 0.028368794326241134 0.63 2.1692945098706153
0.4339558444811866 0.028368794326241134 0.64 2.175048094069507
0.4401431781931551 0.028368794326241134 0.65 2.1809151185097586
0.4463029916889043 0.028368794326241134 0.66 2.1868967290033856
0.4524348722498391 0.028368794326241134 0.67 2.1929940947656497
0.45853840822242875 0.028368794326241134 0.68 2.1992084086624257
0.46461318907749816 0.028368794326241134 0.69 2.205540887478182
0.4706588054727373 0.028368794326241134 0.7 2.211992772174212
0.47667484932320836 0.028368794326241134 0.71 2.218565328093613
0.4826609138625645 0.028368794326241134 0.72 2.225259845276157
0.48861659370422184 0.028368794326241134 0.73 2.2320776387915484
0.4945414849250737 0.028368794326241134 0.74 2.239020048885775
0.5004351851128944 0.028368794326241134 0.75 2.2460884414805307
0.5062972934543731 0.028368794326241134 0.76 2.2532842083197577
0.512127410785692 0.028368794326241134 0.77 2.2606087674737614
0.5179251396654424 0.028368794326241134 0.78 2.2680635636569413
0.5236900844326029 0.028368794326241134 0.79 2.275650068693995
0.5294218512654183 0.028368794326241134 0.8 2.2833697819903365
0.5351200482294584 0.028368794326241134 0.81 2.2912242311075257
0.5407842853059971 0.028368794326241134 0.82 2.2992149725144895
0.546414174441914 0.028368794326241134 0.83 2.307343592159131
0.5520093295253441 0.028368794326241134 0.84 2.3156117066736948
0.5575693663740978 0.028368794326241134 0.85 2.3240209644610204
0.5630939026811419 0.028368794326241134 0.86 2.3325730471314396
0.5685825578764147 0.028368794326241134 0.87 2.341269671613763
0.5740349529525781 0.028368794326241134 0.88 2.3501125925272093
0.579450710123424 0.028368794326241134 0.89 2.3591036058793513
0.5848294523830371 0.028368794326241134 0.9 2.368244553495831
0.5901708026420913 0.028368794326241134 0.91 2.3775373307746293
0.5954743827595411 0.028368794326241134 0.92 2.3869838951119964
0.600739811504337 0.028368794326241134 0.93 2.396586282705979
0.6059667013067138 0.028368794326241134 0.94 2.40634663461221
0.6111546532221536 0.028368794326241134 0.95 2.416267236386139
0.6163032463862782 0.028368794326241134 0.96 2.426350600305289
0.6214120166157147 0.028368794326241134 0.97 2.4365996310233085
0.6264804007258751 0.028368794326241134 0.98 2.4470180557218066
0.6315071109063345 0.028368794326241134 0.99 2.457615281764628
0.0 0.0425531914893617 0.0 2.0007244920077407
0.007069716660013947 0.0425531914893617 0.01 2.0007645460384897
0.01413900871918984 0.0425531914893617 0.02 2.0008847155745157
0.02120745157280587 0.0425531914893617 0.03 2.0010850229275126
0.028274620608172586 0.0425531914893617 0.04 2.001365505326055
0.03534009120098113 0.0425531914893617 0.05 2.001726214874191
0.04240343871133227 0.0425531914893617 0.06 2.00216721860321
0.04946423848005542 0.0425531914893617 0.07 2.002688598480338
0.05652206582521872 0.0425531914893617 0.08 2.0032904514244563
0.06357649603836649 0.0425531914893617 0.09 2.003972889357437
0.07062710438147196 0.0425531914893617 0.1 2.004736039214507
0.07767346608366475 0.0425531914893617 0.11 2.005580042992163
0.0847151563382222 0.0425531914893617 0.12 2.00650505779228
0.09175175030000247 0.0425531914893617 0.13 2.0075112558600563
0.09878282308264189 0.0425531914893617 0.14 2.0085988246495243
0.10580794975674682 0.0425531914893617 0.15 2.0097679668600854
0.11282670534762484 0.0425531914893617 0.16 2.0110189005112447
0.11983866483374538 0.0425531914893617 0.17 2.0123518590026164
0.12684340314565018 0.0425531914893617 0.18 2.013767091176218
0.13384049516448251 0.0425531914893617 0.19 2.015264861407584
0.1408295157224048 0.0425531914893617 0.2 2.0168454496530135
0.14781003960150607 0.0425531914893617 0.21 2.018509151562239
0.15478164153479104 0.0425531914893617 0.22 2.0202562785444385
0.16174389620646976 0.0425531914893617 0.23 2.0220871578729405
0.16869637825380862 0.0425531914893617 0.24 2.0240021327652955
0.17563866226787633 0.0425531914893617 0.25 2.0260015625087204
0.18257032279762897 0.0425531914893617 0.26 2.0280858225221245
0.18949093435180128 0.0425531914893617 0.27 2.030255304490832
0.1964000714008136 0.0425531914893617 0.28 2.032510416512385
0.20329730838472404 0.0425531914893617 0.29 2.0348515831318488
0.21018221971514067 0.0425531914893617 0.3 2.037279245527017
0.2170543797809355 0.0425531914893617 0.31 2.0397938616277385
0.2239133629559986 0.0425531914893617 0.32 2.042395906216764
0.23075874360481133 0.0425531914893617 0.33 2.04508587109195
0.23759009609100348 0.0425531914893617 0.34 2.0478642651902974
0.24440699478567657 0.0425531914893617 0.35 2.050731614736316
0.25120901407760116 0.0425531914893617 0.36 2.0536884633771346
0.25799572838146334 0.0425531914893617 0.37 2.056735372368926
0.26476671215270403 0.0425531914893617 0.38 2.0598729206742354
0.27152153989599737 0.0425531914893617 0.39 2.0631017051829637
0.27825978618187713 0.0425531914893617 0.4 2.066422340822855
0.2849810256582663 0.0425531914893617 0.41 2.0698354607702596
0.2916848330675642 0.0425531914893617 0.42 2.073341716595625
0.29837078326261485 0.0425531914893617 0.43 2.0769417784473934
0.30503845122378603 0.0425531914893617 0.44 2.0806363352394155
0.3116874120789554 0.0425531914893617 0.45 2.0844260948184474
0.31831724112269966 0.0425531914893617 0.46 2.088311784164
0.32492751383729224 0.0425531914893617 0.47 2.092294149583716
0.3315178059159651 0.0425531914893617 0.48 2.096373956900077
0.3380876932864883 0.0425531914893617 0.49 2.100551991654613
0.34463675213604517 0.0425531914893617 0.5 2.104829059316453
0.35116455893808496 0.0425531914893617 0.51 2.109205985487425
0.35767069048153 0.0425531914893617 0.52 2.1136836161004804
0.36415472389746517 0.0425531914893617 0.53 2.1182628176696983
0.3706162366921717 0.0425531914893617 0.54 2.122944477485559
0.37705480678002057 0.0425531914893617 0.55 2.127729503835288
0.3834700125155651 0.0425531914893617 0.56 2.132618826253717
0.38986143273109014 0.0425531914893617 0.57 2.1376133957337644
0.3962286467696445 0.0425531914893617 0.58 2.142714185009053
0.40257123453006316 0.0425531914893617 0.59 2.1479221887263833
0.40888877650065153 0.0425531914893617 0.6 2.1532384237646034
0.41518085380329334 0.0425531914893617 0.61 2.158663929460984
0.42144704823776674 0.0425531914893617 0.62 2.164199767858879
0.4276869423245558 0.0425531914893617 0.63 2.1698470239927654
0.43390011934908057 0.0425531914893617 0.64 2.1756068061788176
0.44008616341020873 0.0425531914893617 0.65 2.1814802462828307
0.44624465947057645 0.0425531914893617 0.66 2.1874684999921103
0.45237519340050814 0.0425531914893617 0.67 2.193572747171142
0.4584773520313662 0.0425531914893617 0.68 2.1997941921434307
0.46455072320200025 0.0425531914893617 0.69 2.2061340640606404
0.4705948958130125 0.0425531914893617 0.7 2.212593617214989
0.4766094598741177 0.0425531914893617 0.71 2.2191741314365436
0.48259400655258483 0.0425531914893617 0.72 2.225876912496607
0.48854812821877686 0.0425531914893617 0.73 2.232703292553931
0.494471418496131 0.0425531914893617 0.74 2.239654630575307
0.5003634722978276 0.0425531914893617 0.75 2.2467323128923202
0.5062238858621497 0.0425531914893617 0.76 2.2539377537800878
0.5120522567811764 0.0425531914893617 0.77 2.2612723961051797
0.5178481840276754 0.0425531914893617 0.78 2.2687377119974643
0.5236112679573506 0.0425531914893617 0.79 2.2763352037446154
0.5293411102984653 0.0425531914893617 0.8 2.284066404795364
0.5350373141265203 0.0425531914893617 0.81 2.291932880888123
0.5406994838060414 0.0425531914893617 0.82 2.2999362314540326
0.5463272248992566 0.0425531914893617 0.83 2.308078091286276
0.5519201440170489 0.0425531914893617 0.84 2.3163601326739167
0.5574778486028863 0.0425531914893617 0.85 2.3247840680620024
0.5629999466373244 0.0425531914893617 0.86 2.333351653324553
0.5684860461767302 0.0425531914893617 0.87 2.3420646923447705
0.5739357547975689 0.0425531914893617 0.88 2.3509250422759203
0.5793486786067633 0.0425531914893617 0.89 2.3599346222373936
0.5847244210702077 0.0425531914893617 0.9 2.369095423292191
0.5900625810740037 0.0425531914893617 0.91 2.3784095244088435
0.5953627500863429 0.0425531914893617 0.92 2.3878791152938676
0.6006245077309084 0.0425531914893617 0.93 2.3975065314226973
0.6058474145840238 0.0425531914893617 0.94 2.4072943103975355
0.6110309998839334 0.0425531914893617 0.95 2.417245287390513
0.6161747379104102 0.0425531914893617 0.96 2.4273627779014797
0.6212780008754755 0.0425531914893617 0.97 2.437650941135641
0.6263406557997996 0.0425531914893617 0.98 2.448110102044724
0.6313590975080655 0.0425531914893617 0.99 2.458767724582587
0.0 0.05673758865248227 0.0 2.0012882812819495
0.00706872072021673 0.05673758865248227 0.01 2.001328376890109
0.014137016578459081 0.05673758865248227 0.02 2.0014486711682955
0.021204462708552856 0.05673758865248227 0.03 2.0016491865280606
0.028270634236002637 0.05673758865248227 0.04 2.001929960313374
0.03533510627390604 0.05673758865248227 0.05 2.0022910448190885
0.04239745391873421 0.05673758865248227 0.06 2.0027325073253675
0.04945725224663077 0.05673758865248227 0.07 2.0032544300855477
0.05651407630930283 0.05673758865248227 0.08 2.003856910379264
0.06356750113046046 0.05673758865248227 0.09 2.004540060524723
0.07061710170209155 0.05673758865248227 0.1 2.005304007923527
0.07766245298118955 0.05673758865248227 0.11 2.0061488950894972
0.08470312988629225 0.05673758865248227 0.12 2.00707487970487
0.09173870729486187 0.05673758865248227 0.13 2.0080821346475073
0.09876876004010432 0.05673758865248227 0.14 2.0091708480637034
0.10579286290879321 0.05673758865248227 0.15 2.0103412234089446
0.11281059063867128 0.05673758865248227 0.16 2.011593479524198
0.11982151791672946 0.05673758865248227 0.17 2.0129278506922046
0.12682521937783664 0.05673758865248227 0.18 2.0143445867006746
0.13382126960303609 0.05673758865248227 0.19 2.015843952932852
0.1408092431190459 0.05673758865248227 0.2 2.0174262304342165
0.1477887143975088 0.05673758865248227 0.21 2.0190917160050685
0.1547592578546684 0.05673758865248227 0.22 2.0208407222952753
0.1617204478535237 0.05673758865248227 0.23 2.0226735778512577
0.16867185870156745 0.05673758865248227 0.24 2.024590627296109
0.1756130646549408 0.05673758865248227 0.25 2.0265922313585407
0.18254363991955855 0.05673758865248227 0.26 2.0286787670018094
0.18946315865262853 0.05673758865248227 0.27 2.030850627555834
0.1963711949668563 0.05673758865248227 0.28 2.033108222806032
0.2032673229335984 0.05673758865248227 0.29 2.0354519791253365
0.21015111658720487 0.05673758865248227 0.3 2.0378823395978425
0.21702214992968175 0.05673758865248227 0.31 2.0403997641537663
0.22387999693695693 0.05673758865248227 0.32 2.0430047296914413
0.23072423156474958 0.05673758865248227 0.33 2.0456977302258266
0.23755442775618307 0.05673758865248227 0.34 2.048479277022894
0.2443701594487507 0.05673758865248227 0.35 2.0513498987640366
0.2511710005837142 0.05673758865248227 0.36 2.0543101416860234
0.2579565251159361 0.05673758865248227 0.37 2.0573605697339863
0.2647263070234279 0.05673758865248227 0.38 2.0605017647376367
0.2714799203199892 0.05673758865248227 0.39 2.0637343265568324
0.2782169390657352 0.05673758865248227 0.4 2.067058873279886
0.28493693738101433 0.05673758865248227 0.41 2.0704760413876904
0.29163948946188983 0.05673758865248227 0.42 2.0739864859159414
0.29832416959304875 0.05673758865248227 0.43 2.07759088067447
0.30499055216618287 0.05673758865248227 0.44 2.0812899184068603
0.3116382116959189 0.05673758865248227 0.45 2.085084311005746
0.31826672283821367 0.05673758865248227 0.46 2.0889747897127937
0.3248756604117524 0.05673758865248227 0.47 2.092962105299526
0.33146459941557344 0.05673758865248227 0.48 2.0970470283181455
0.3380331150538124 0.05673758865248227 0.49 2.1012303492792674
0.34458078275784265 0.05673758865248227 0.5 2.105512878885215
0.3511071782086404 0.05673758865248227 0.51 2.109895448279243
0.3576118773657342 0.05673758865248227 0.52 2.114378909234666
0.36409445649024946 0.05673758865248227 0.53 2.1189641344368604
0.37055449217492525 0.05673758865248227 0.54 2.1236520177013385
0.3769915613735623 0.05673758865248227 0.55 2.128443474220741
0.3834052414283654 0.05673758865248227 0.56 2.1333394408556803
0.3897951101047977 0.05673758865248227 0.57 2.138340876360421
0.39616074562160075 0.05673758865248227 0.58 2.1434487616842093
0.4025017266857302 0.05673758865248227 0.59 2.1486641002377556
0.40881763252559683 0.05673758865248227 0.6 2.153987918198609
0.415108042926306 0.05673758865248227 0.61 2.159421264814309
0.4213725382679757 0.05673758865248227 0.62 2.1649652126932533
0.4276106995597409 0.05673758865248227 0.63 2.170620858160172
0.4338221084769473 0.05673758865248227 0.64 2.176389321596349
0.44000634740008276 0.05673758865248227 0.65 2.1822717477811446
0.4461629994530905 0.05673758865248227 0.66 2.188269306258635
0.45229164853291176 0.05673758865248227 0.67 2.1943831918073813
0.45839187935315745 0.05673758865248227 0.68 2.2006146247867204
0.4644632774741224 0.05673758865248227 0.69 2.206964851633658
0.4705054293386957 0.05673758865248227 0.7 2.2134351453166095
0.476517922289951 0.05673758865248227 0.71 2.220026805975745
0.4825003446108557 0.05673758865248227 0.72 2.2267411613654255
0.4884522855353772 0.05673758865248227 0.73 2.2335795675769328
0.49437333526102184 0.05673758865248227 0.74 2.2405434097526893
0.5002630849515263 0.05673758865248227 0.75 2.2476341028957485
0.5061211267364697 0.05673758865248227 0.76 2.254853092710432
0.5119470536742595 0.05673758865248227 0.77 2.262201856770981
0.5177404597249267 0.05673758865248227 0.78 2.2696819055950783
0.5235009396759654 0.05673758865248227 0.79 2.277294784124608
0.5292280890417081 0.05673758865248227 0.8 2.2850420734184507
0.5349215039328613 0.05673758865248227 0.81 2.292925392579913
0.5405807808602865 0.05673758865248227 0.82 2.3009464012182197
0.5462055164731192 0.05673758865248227 0.83 2.309106802423883
0.5517953072157505 0.05673758865248227 0.84 2.3174083463721753
0.5573497488396121 0.05673758865248227 0.85 2.3258528350711196
0.5628684357652983 0.05673758865248227 0.86 2.334442128253724
0.568350960190003 0.05673758865248227 0.87 2.3431781512489094
0.5737969109263605 0.05673758865248227 0.88 2.352062904885872
0.5792058716429641 0.05673758865248227 0.89 2.3610984800685966
0.5845774185818742 0.05673758865248227 0.9 2.3702870762699977
0.5899111169948604 0.05673758865248227 0.91 2.379631029973588
0.5952065160593725 0.05673758865248227 0.92 2.3891328547029533
0.6004631409326598 0.05673758865248227 0.93 2.3987953030745546
0.605680479777046 0.05673758865248227 0.94 2.408621467550568
0.610857961805522 0.05673758865248227 0.95 2.4186149502198484
0.615994916218292 0.05673758865248227 0.96 2.4287801798352215
0.6210904880073399 0.05673758865248227 0.97 2.439123061312222
0.6261433423946229 0.05673758865248227 0.98 2.4496532664211004
0.6311513251796214 0.05673758865248227 0.99 2.460386822767017
0.0 0.07092198581560283 0.0 2.002013513303951
0.007067440208813628 0.07092198581560283 0.01 2.0020536623952685
0.014134455219970457 0.07092198581560283 0.02 2.002174117172883
0.021200619831315624 0.07092198581560283 0.03 2.002374900144072
0.02826550883177529 0.07092198581560283 0.04 2.0026560488216294
0.03532869699685194 0.07092198581560283 0.05 2.003017615750552
0.042389759084322014 0.07092198581560283 0.06 2.003459668510899
0.049448269829938475 0.07092198581560283 0.07 2.003982289742917
0.056503803943305404 0.07092198581560283 0.08 2.0045855771686165
0.0635559361035013 0.07092198581560283 0.09 2.00526964364417
0.07060424095573116 0.07092198581560283 0.1 2.0060346171533223
0.07764829310716471 0.07092198581560283 0.11 2.006880640878454
0.08468766712339679 0.07092198581560283 0.12 2.0078078732398255
0.09172193752510543 0.07092198581560283 0.13 2.008816487942069
0.09875067878506204 0.07092198581560283 0.14 2.0099066740212375
0.10577346532534009 0.07092198581560283 0.15 2.011078635900964
0.11278987151401981 0.07092198581560283 0.16 2.012332593481645
0.11979947166351199 0.07092198581560283 0.17 2.013668782180527
0.12680184002875697 0.07092198581560283 0.18 2.0150874529994742
0.13379655080468464 0.07092198581560283 0.19 2.0165888726312375
0.14078317812586294 0.07092198581560283 0.2 2.0181733235093535
0.14776129606465302 0.07092198581560283 0.21 2.019841103922956
0.1547304786312998 0.07092198581560283 0.22 2.0215925280887754
0.16169029977376678 0.07092198581560283 0.23 2.0234279262499135
0.16864033337798162 0.07092198581560283 0.24 2.02534764477969
0.1755801532684537 0.07092198581560283 0.25 2.0273520462919623
0.18250933321019486 0.07092198581560283 0.26 2.02944150973733
0.1894274469097165 0.07092198581560283 0.27 2.031616430538271
0.19633406801870826 0.07092198581560283 0.28 2.0338772206808335
0.20322877013496443 0.07092198581560283 0.29 2.0362243088834764
0.2101111268089316 0.07092198581560283 0.3 2.0386581406649773
0.2169807115451049 0.07092198581560283 0.31 2.041179178537309
0.22383709780774186 0.07092198581560283 0.32 2.043787902126159
0.23067985902775515 0.07092198581560283 0.33 2.0464848082908076
0.23750856860715377 0.07092198581560283 0.34 2.049270411307523
0.24432279992658607 0.07092198581560283 0.35 2.052145243012674
0.251122126353367 0.07092198581560283 0.36 2.055109852957148
0.2579061212501372 0.07092198581560283 0.37 2.0581648085690363
0.2646743579828724 0.07092198581560283 0.38 2.061310695344426
0.27142640993251227 0.07092198581560283 0.39 2.064548116998067
0.27816185050512743 0.07092198581560283 0.4 2.0678776956571006
0.2848802531439108 0.07092198581560283 0.41 2.071300072044624
0.29158119134149535 0.07092198581560283 0.42 2.0748159056771476
0.29826423865393614 0.07092198581560283 0.43 2.0784258750564657
0.3049289687153764 0.07092198581560283 0.44 2.0821306778712994
0.31157495525281764 0.07092198581560283 0.45 2.085931031216242
0.3182017721033398 0.07092198581560283 0.46 2.089827671796034
0.3248089932314955 0.07092198581560283 0.47 2.0938213561475085
0.33139619274625 0.07092198581560283 0.48 2.0979128608860176
0.3379629449219651 0.07092198581560283 0.49 2.1021029829184363
0.34450882421781953 0.07092198581560283 0.5 2.1063925396964174
0.35103340529831106 0.07092198581560283 0.51 2.110782369474385
0.3575362630575581 0.07092198581560283 0.52 2.115273331540643
0.36401697263892824 0.07092198581560283 0.53 2.119866306524274
0.3704751094627202 0.07092198581560283 0.54 2.1245621966246793
0.3769102492477268 0.07092198581560283 0.55 2.1293619259330874
0.3833219680386381 0.07092198581560283 0.56 2.1342664407043817
0.38970984223067445 0.07092198581560283 0.57 2.139276709679803
0.39607344859687005 0.07092198581560283 0.58 2.14439372439785
0.40241236431590993 0.07092198581560283 0.59 2.149618499517955
0.4087261669969733 0.07092198581560283 0.6 2.1549520731941385
0.41501443471030786 0.07092198581560283 0.61 2.1603955074043797
0.4212767460122576 0.07092198581560283 0.62 2.1659498883566193
0.42751267997259634 0.07092198581560283 0.63 2.171616326886105
0.433721816201598 0.07092198581560283 0.64 2.1773959588717733
0.439903734872001 0.07092198581560283 0.65 2.1832899457193213
0.4460580167460501 0.07092198581560283 0.66 2.1892994748069774
0.45218424319262474 0.07092198581560283 0.67 2.1954257600437126
0.4582819962070541 0.07092198581560283 0.68 2.2016700424117235
0.4643508584236039 0.07092198581560283 0.69 2.208033590591135
0.47039041312508423 0.07092198581560283 0.7 2.2145177016207405
0.47640024424566974 0.07092198581560283 0.71 2.2211237016305385
0.4823799363635747 0.07092198581560283 0.72 2.2278529466741754
0.48832907468236664 0.07092198581560283 0.73 2.234706823668057
0.4942472450100207 0.07092198581560283 0.74 2.2416867513503527
0.5001340337061119 0.07092198581560283 0.75 2.2487941815276087
0.5059890276227457 0.07092198581560283 0.76 2.25603060036659
0.5118118140061347 0.07092198581560283 0.77 2.263397530025255
0.517601980390579 0.07092198581560283 0.78 2.270896530329367
0.5233591144186599 0.07092198581560283 0.79 2.2785292010737566
0.5290828036453572 0.07092198581560283 0.8 2.2862971844222257
0.534772635250693 0.07092198581560283 0.81 2.2942021680555365
0.5404281956686805 0.07092198581560283 0.82 2.302245888972446
0.5460490701491976 0.07092198581560283 0.83 2.3104301377827645
0.5516348420899287 0.07092198581560283 0.84 2.3187567648518375
0.5571850922622641 0.07092198581560283 0.85 2.3272276871940756
0.5626993977339528 0.07092198581560283 0.86 2.3358448977419606
0.5681773303756524 0.07092198581560283 0.87 2.34461047784763
0.5736184549835931 0.07092198581560283 0.88 2.353526612655989
0.579022326508848 0.07092198581560283 0.89 2.3625956134409787
0.5843884862976116 0.07092198581560283 0.9 2.371819947477054
0.5897164565979194 0.07092198581560283 0.91 2.3812022812695837
0.5950057325539387 0.07092198581560283 0.92 2.390745543051698
0.6002557696331352 0.07092198581560283 0.93 2.4004530205022703
0.6054659633602091 0.07092198581560283 0.94 2.410328517688357
0.6106356153336877 0.07092198581560283 0.95 2.420376617553704
0.6157638682597477 0.07092198581560283 0.96 2.430603183787934
0.6208495733931879 0.07092198581560283 0.97 2.4410163843539054
0.6258909873554634 0.07092198581560283 0.98 2.45162903211177
0.6308845477049896 0.07092198581560283 0.99 2.462468073810383
0.0 0.0851063829787234 0.0 2.002900458432075
0.007065875112955211 0.0851063829787234 0.01 2.002940672955447
0.014131324618126996 0.0851063829787234 0.02 2.003061324062191
0.021195922902869497 0.0851063829787234 0.03 2.00326243438612
0.028259244344797922 0.0851063829787234 0.04 2.0035440416593477
0.035320863307050816 0.0851063829787234 0.05 2.0039061987140783
0.04238035413355738 0.0851063829787234 0.06 2.0043489735043076
0.049437291144133054 0.0851063829787234 0.07 2.00487244914823
0.056491248630258 0.0851063829787234 0.08 2.005476723918168
0.06354180085047768 0.0851063829787234 0.09 2.0061619112906834
0.0705885220258785 0.0851063829787234 0.1 2.006928139993545
0.07763098633623085 0.0851063829787234 0.11 2.0077755540250033
0.08466876791592116 0.0851063829787234 0.12 2.00870431270689
0.09170144084987349 0.0851063829787234 0.13 2.009714590748054
0.09872857917063281 0.0851063829787234 0.14 2.0108065782685305
0.10574975685407502 0.0851063829787234 0.15 2.0119804809020696
0.11276454781723545 0.0851063829787234 0.16 2.013236519821257
0.11977252591509854 0.0851063829787234 0.17 2.0145749318256403
0.12677326493786467 0.0851063829787234 0.18 2.015995969422982
0.13376633860932655 0.0851063829787234 0.19 2.0174999008895322
0.14075132058450307 0.0851063829787234 0.2 2.019087010371955
0.14772778444830648 0.0851063829787234 0.21 2.0207575979709356
0.15469530371456286 0.0851063829787234 0.22 2.0225119798320974
0.16165345182511626 0.0851063829787234 0.23 2.0243504882508288
0.16860180214999007 0.0851063829787234 0.24 2.0262734717656605
0.1755399279869925 0.0851063829787234 0.25 2.028281295282471
0.1824674025622319 0.0851063829787234 0.26 2.0303743401907046
0.18938379903241467 0.0851063829787234 0.27 2.0325530044566937
0.1962886904845811 0.0851063829787234 0.28 2.034817702791348
0.20318164994033452 0.0851063829787234 0.29 2.0371688667352346
0.21006225035715265 0.0851063829787234 0.3 2.0396069448250125
0.21693006463213438 0.0851063829787234 0.31 2.0421324027245125
0.22378466560581184 0.0851063829787234 0.32 2.0447457233727118
0.23062562606713627 0.0851063829787234 0.33 2.047447407127025
0.23745251875716608 0.0851063829787234 0.34 2.0502379719469843
0.2442649163774453 0.0851063829787234 0.35 2.053117953511555
0.25106239159368504 0.0851063829787234 0.36 2.0560879054372676
0.25784451704463907 0.0851063829787234 0.37 2.0591483994228836
0.2646108653501322 0.0851063829787234 0.38 2.0623000254286534
0.2713610091184205 0.0851063829787234 0.39 2.0655433918830495
0.2780945209559388 0.0851063829787234 0.4 2.0688791258684405
0.28481097347861256 0.0851063829787234 0.41 2.0723078733022886
0.2915099393214718 0.0851063829787234 0.42 2.075830299162247
0.29819099115043746 0.0851063829787234 0.43 2.079447087695991
0.304853701674783 0.0851063829787234 0.44 2.083158942639707
0.31149764366044785 0.0851063829787234 0.45 2.086966587442885
0.31812238994428693 0.0851063829787234 0.46 2.090870765498679
0.3247275134477522 0.0851063829787234 0.47 2.094872240399689
0.33131258719337436 0.0851063829787234 0.48 2.098971796174475
0.33787718432127967 0.0851063829787234 0.49 2.10317023754278
0.3444208781029458 0.0851063829787234 0.5 2.1074683902225795
0.3509432419631133 0.0851063829787234 0.51 2.1118671011527024
0.3574438494951843 0.0851063829787234 0.52 2.116367238815525
0.3639222744785964 0.0851063829787234 0.53 2.120969693550788
0.3703780909019449 0.0851063829787234 0.54 2.1256753778194195
0.376810872978316 0.0851063829787234 0.55 2.130485226576878
0.3832201951670322 0.0851063829787234 0.56 2.1354001975876344
0.3896056321925813 0.0851063829787234 0.57 2.140421271789343
0.39596675906351037 0.0851063829787234 0.58 2.1455494536728956
0.40230315109367004 0.0851063829787234 0.59 2.1507857716526275
0.4086143839188477 0.0851063829787234 0.6 2.156131278502268
0.4149000335145443 0.0851063829787234 0.61 2.161587051792089
0.4211596762136539 0.0851063829787234 0.62 2.167154194341286
0.4273928887210364 0.0851063829787234 0.63 2.1728338347162977
0.433599248125185 0.0851063829787234 0.64 2.1786271277706684
0.4397783319088864 0.0851063829787234 0.65 2.1845352552058177
0.44592971795451924 0.0851063829787234 0.66 2.1905594261955184
0.4520529845444803 0.0851063829787234 0.67 2.196700878066208
0.458147710362321 0.0851063829787234 0.68 2.202960876977229
0.46421347447360223 0.0851063829787234 0.69 2.2093407188028817
0.47024985631294164 0.0851063829787234 0.7 2.2158417299547937
0.4762564356519751 0.0851063829787234 0.71 2.222465268387289
0.48223279255417884 0.0851063829787234 0.72 2.229212724721251
0.4881785073148329 0.0851063829787234 0.73 2.2360855234977537
0.4940931603902407 0.0851063829787234 0.74 2.2430851245196
0.499976332283507 0.0851063829787234 0.75 2.2502130245737333
0.5058276034173245 0.0851063829787234 0.76 2.257470759244685
0.5116465539596772 0.0851063829787234 0.77 2.264859905121332
0.5174327636122329 0.0851063829787234 0.78 2.2723820822953518
0.5231858113215917 0.0851063829787234 0.79 2.2800389574902877
0.5289052749420283 0.0851063829787234 0.8 2.2878322475490935
0.5345907307726393 0.0851063829787234 0.81 2.2957637239349227
0.5402417530069918 0.0851063829787234 0.82 2.303835217882734
0.5458579129835034 0.0851063829787234 0.83 2.312048627133508
0.5514387782545925 0.0851063829787234 0.84 2.320405924044883
0.5569839113466822 0.0851063829787234 0.85 2.328909166110914
0.5624928682062732 0.0851063829787234 0.86 2.3375605088565745
0.5679651960022586 0.0851063829787234 0.87 2.3463622237718784
0.5734004303109117 0.0851063829787234 0.88 2.3553167209141517
0.5787980911626824 0.0851063829787234 0.89 2.364426580319805
0.5841576775298258 0.0851063829787234 0.9 2.3736945954033843
0.5894786595029308 0.0851063829787234 0.91 2.3831238341123213
0.5947604664353638 0.0851063829787234 0.92 2.3927177312375276
0.6000024692124494 0.0851063829787234 0.93 2.4024802258457014
0.6052039512959763 0.0851063829787234 0.94 2.4124159854085714
0.6103640600995995 0.0851063829787234 0.95 2.42253078157823
0.6154817486150155 0.0851063829787234 0.96 2.432831935707532
0.620555352991037 0.0851063829787234 0.97 2.443331623682998
0.6255827652425584 0.0851063829787234 0.98 2.4540454427748277
0.6305589363088907 0.0851063829787234 0.99 2.4650118953060325
0.0 0.09929078014184398 0.0 2.003949447430595
0.007064025417225408 0.09929078014184398 0.01 2.003989739356224
0.014127624742167527 0.09929078014184398 0.02 2.0041106227256487
0.021190371877228765 0.09929078014184398 0.03 2.0043121203208862
0.02825184071420716 0.09929078014184398 0.04 2.0045942701190125
0.03531160512908895 0.09929078014184398 0.05 2.004957125299617
0.04236923897676462 0.09929078014184398 0.06 2.0054007542744965
0.04942431608596029 0.09929078014184398 0.07 2.00592524070011
0.05647641025415858 0.09929078014184398 0.08 2.0065306835095384
0.06352509524279784 0.09929078014184398 0.09 2.0072171969355685
0.07056994477228995 0.09929078014184398 0.1 2.007984910561774
0.0776105325175283 0.09929078014184398 0.11 2.008833969353204
0.08464643210345983 0.09929078014184398 0.12 2.0097645337025574
0.09167721710034817 0.09929078014184398 0.13 2.0107767795033964
0.09870246102029477 0.09929078014184398 0.14 2.011870898176392
0.10572173731300254 0.09929078014184398 0.15 2.013047096750169
0.1127346193619784 0.09929078014184398 0.16 2.0143055979331783
0.1197406804819094 0.09929078014184398 0.17 2.0156466401583026
0.12673949391448022 0.09929078014184398 0.18 2.01707047770017
0.13373063282646333 0.09929078014184398 0.19 2.0185773807256244
0.14071367030696535 0.09929078014184398 0.2 2.0201676353921796
0.14768817936499515 0.09929078014184398 0.21 2.0218415439491126
0.15465373292789106 0.09929078014184398 0.22 2.023599424828479
0.1616099038402784 0.09929078014184398 0.23 2.0254416127393857
0.16855626486223052 0.09929078014184398 0.24 2.0273684587985077
0.17549238866951683 0.09929078014184398 0.25 2.0293803306222493
0.18241784785245388 0.09929078014184398 0.26 2.031477612470054
0.18933221491752772 0.09929078014184398 0.27 2.0336607053383218
0.19623506228624935 0.09929078014184398 0.28 2.035930027133521
0.20312596229849386 0.09929078014184398 0.29 2.038286012762371
0.2100044872121804 0.09929078014184398 0.3 2.04072911431754
0.2168702092073269 0.09929078014184398 0.31 2.043259801188559
0.22372270038720413 0.09929078014184398 0.32 2.0458785602481635
0.2305615327829686 0.09929078014184398 0.33 2.0485858959871264
0.23738627835676407 0.09929078014184398 0.34 2.0513823306957137
0.2441965090060199 0.09929078014184398 0.35 2.054268404638614
0.2509917965696331 0.09929078014184398 0.36 2.057244676214766
0.2577717128314629 0.09929078014184398 0.37 2.0603117221792546
0.2645358295298702 0.09929078014184398 0.38 2.0634701377819162
0.27128371836061904 0.09929078014184398 0.39 2.0667205370310566
0.278014950988247 0.09929078014184398 0.4 2.0700635528386515
0.2847290990507086 0.09929078014184398 0.41 2.073499837288185
0.2914257341704088 0.09929078014184398 0.42 2.0770300618209596
0.2981044279625999 0.09929078014184398 0.43 2.0806549174802416
0.30476475204550457 0.09929078014184398 0.44 2.084375115146595
0.31140627805064364 0.09929078014184398 0.45 2.088191385787382
0.3180285776339582 0.09929078014184398 0.46 2.0921044807120817
0.324631222487182 0.09929078014184398 0.47 2.096115171840991
0.33121378434975324 0.09929078014184398 0.48 2.1002242519832515
0.3377758350220699 0.09929078014184398 0.49 2.1044325351143387
0.34431694637720306 0.09929078014184398 0.5 2.1087408566897046
0.35083669037469073 0.09929078014184398 0.51 2.113150073948012
0.35733463907345564 0.09929078014184398 0.52 2.117661066241524
0.3638103646454844 0.09929078014184398 0.53 2.1222747353728404
0.3702634393888182 0.09929078014184398 0.54 2.126992005955297
0.3766934357410147 0.09929078014184398 0.55 2.1318138257827757
0.3830999262906195 0.09929078014184398 0.56 2.1367411662367948
0.38948248379218514 0.09929078014184398 0.57 2.141775022667707
0.3958406811725544 0.09929078014184398 0.58 2.1469164148871687
0.4021740915480826 0.09929078014184398 0.59 2.152166387552302
0.4084822882239331 0.09929078014184398 0.6 2.1575260107580276
0.41476484470820524 0.09929078014184398 0.61 2.1629963804787566
0.42102133471228526 0.09929078014184398 0.62 2.1685786191691747
0.42725133215156136 0.09929078014184398 0.63 2.174273876368272
0.4334544111421409 0.09929078014184398 0.64 2.1800833293522177
0.43963014599514866 0.09929078014184398 0.65 2.1860081838184597
0.4457781111982547 0.09929078014184398 0.66 2.192049674702561
0.4518978813987017 0.09929078014184398 0.67 2.198209066981123
0.45798903137349695 0.09929078014184398 0.68 2.2044876566024985
0.4640511359852869 0.09929078014184398 0.69 2.210886771552847
0.47008377013357683 0.09929078014184398 0.7 2.217407772960025
0.47608650868523605 0.09929078014184398 0.71 2.224052056386273
0.4820589263851065 0.09929078014184398 0.72 2.2308210532933557
0.488000597751724 0.09929078014184398 0.73 2.237716232627462
0.4939110969324111 0.09929078014184398 0.74 2.244739102755318
0.49978999753361425 0.09929078014184398 0.75 2.2518912135926064
0.5056368724107628 0.09929078014184398 0.76 2.2591741590605063
0.5114512933979318 0.09929078014184398 0.77 2.266589580033753
0.5172328309764798 0.09929078014184398 0.78 2.2741391677688534
0.5229810538606289 0.09929078014184398 0.79 2.281824667989286
0.5286955284875201 0.09929078014184398 0.8 2.289647885713621
0.5343758183669837 0.09929078014184398 0.81 2.297610691188527
0.5400214832670753 0.09929078014184398 0.82 2.3057150270945703
0.5456320781867954 0.09929078014184398 0.83 2.313962917398111
0.5512071520315079 0.09929078014184398 0.84 2.3223564785120825
0.5567462459087709 0.09929078014184398 0.85 2.3308979333849926
0.5622488909143306 0.09929078014184398 0.86 2.3395896295179575
0.5677146051990705 0.09929078014184398 0.87 2.3484340625307687
0.5731428900517462 0.09929078014184398 0.88 2.3574339073045456
0.5785332244560109 0.09929078014184398 0.89 2.3665920609287983
0.5838850577304803 0.09929078014184398 0.9 2.375911700318618
0.5891977985946051 0.09929078014184398 0.91 2.385396367562813
0.5944707994593647 0.09929078014184398 0.92 2.3950500919559565
0.5997033321838746 0.09929078014184398 0.93 2.4048775779926297
0.6048945480976551 0.09929078014184398 0.94 2.4148845152303364
0.6100434790984623 0.09929078014184398 0.95 2.4250775554659074
0.6151485380525984 0.09929078014184398 0.96 2.4354682578331173
0.6202081390008523 0.09929078014184398 0.97 2.446068112740106
0.6252188857808637 0.09929078014184398 0.98 2.456902799175007
0.6301746374278892 0.09929078014184398 0.99 2.468019284377988
0.0 0.11347517730496454 0.0 2.0051608716590783
0.0070618911037153426 0.11347517730496454 0.01 2.0052012530008625
0.01412335555637767 0.11347517730496454 0.02 2.005322404683954
0.021183966701100686 0.11347517730496454 0.03 2.00552434966109
0.02824329786942164 0.11347517730496454 0.04 2.0058071261888206
0.03530092237544117 0.11347517730496454 0.05 2.006170787857227
0.042356413510090195 0.11347517730496454 0.06 2.0066154036006596
0.049409344535707944 0.11347517730496454 0.07 2.0071410577000246
0.05645928868019094 0.11347517730496454 0.08 2.007747849842316
0.06350581913155895 0.11347517730496454 0.09 2.008435895144562
0.07054850903289608 0.11347517730496454 0.1 2.0092053241740055
0.07758693147683052 0.11347517730496454 0.11 2.0100562830144115
0.08462065950070426 0.11347517730496454 0.12 2.010988933300835
0.09164926608142468 0.11347517730496454 0.13 2.0120034522875847
0.09867232413098495 0.11347517730496454 0.14 2.0131000328959465
0.10568940649199493 0.11347517730496454 0.15 2.014278883779246
0.11270008593314493 0.11347517730496454 0.16 2.0155402294034337
0.11970393514579426 0.11347517730496454 0.17 2.016884310099503
0.1267005267392821 0.11347517730496454 0.18 2.0183113821777052
0.13368943323809537 0.11347517730496454 0.19 2.0198217179889566
0.1406702270786054 0.11347517730496454 0.2 2.021415606019771
0.1476424806057243 0.11347517730496454 0.21 2.0230933510024203
0.1546057660711135 0.11347517730496454 0.22 2.0248552739950574
0.1615596556300056 0.11347517730496454 0.23 2.02670171251657
0.16850372133992514 0.11347517730496454 0.24 2.0286330206435843
0.17543753515920155 0.11347517730496454 0.25 2.030649569130698
0.18236066894535563 0.11347517730496454 0.26 2.0327517455479454
0.18927269445481842 0.11347517730496454 0.27 2.03493995440175
0.1961731833422959 0.11347517730496454 0.28 2.037214617280168
0.2030617071611972 0.11347517730496454 0.29 2.0395761729901003
0.20993783736377952 0.11347517730496454 0.3 2.0420250777162163
0.21680114530305897 0.11347517730496454 0.31 2.044561805159949
0.22365120223237855 0.11347517730496454 0.32 2.0471868467395833
0.23048757930999245 0.11347517730496454 0.33 2.0499007117099506
0.2373098475987178 0.11347517730496454 0.34 2.0527039273909877
0.244117578071248 0.11347517730496454 0.35 2.055597039307925
0.25091034161165876 0.11347517730496454 0.36 2.058580611416072
0.2576877090205729 0.11347517730496454 0.37 2.0616552262773755
0.26444925101881034 0.11347517730496454 0.38 2.0648214852792797
0.2711945382520717 0.11347517730496454 0.39 2.068080008851515
0.2779231412977125 0.11347517730496454 0.4 2.07143143666688
0.28463463066734496 0.11347517730496454 0.41 2.074876427921255
0.29132857681819174 0.11347517730496454 0.42 2.078415661497956
0.2980045501535255 0.11347517730496454 0.43 2.082049836309595
0.30466212103497786 0.11347517730496454 0.44 2.085779671481642
0.3113008597868918 0.11347517730496454 0.45 2.0896059066672454
0.31792033670498204 0.11347517730496454 0.46 2.093529302315481
0.3245201220636932 0.11347517730496454 0.47 2.0975506399731194
0.3310997861255358 0.11347517730496454 0.48 2.101670722575461
0.33765889914850933 0.11347517730496454 0.49 2.105890374777524
0.344197031392911 0.11347517730496454 0.5 2.1102104433062614
0.35071375313255665 0.11347517730496454 0.51 2.1146317972722346
0.3572086346593415 0.11347517730496454 0.52 2.1191553285782145
0.36368124629247833 0.11347517730496454 0.53 2.1237819522830224
0.37013115838485755 0.11347517730496454 0.54 2.1285126070139406
0.37655794132946097 0.11347517730496454 0.55 2.1333482553909056
0.3829611655617211 0.11347517730496454 0.56 2.1382898845087737
0.38934040156639327 0.11347517730496454 0.57 2.1433385063792434
0.39569521987743644 0.11347517730496454 0.58 2.1484951584630294
0.40202519107738216 0.11347517730496454 0.59 2.1537609042160653
0.4083298857935017 0.11347517730496454 0.6 2.159136833678815
0.4146088746916079 0.11347517730496454 0.61 2.1646240640981147
0.4208617284658926 0.11347517730496454 0.62 2.1702237405972697
0.4270880178237684 0.11347517730496454 0.63 2.17593703690306
0.4332873134628773 0.11347517730496454 0.64 2.1817651561558606
0.43945918604091216 0.11347517730496454 0.65 2.1877093317923553
0.44560320614542065 0.11347517730496454 0.66 2.1937708284273705
0.4517189442409913 0.11347517730496454 0.67 2.1999509429580706
0.4578059706098975 0.11347517730496454 0.68 2.206251005722228
0.4638638552839799 0.11347517730496454 0.69 2.212672381731685
0.4698921679460049 0.11347517730496454 0.7 2.2192164721852863
0.47589047782668403 0.11347517730496454 0.71 2.225884716001713
0.4818583535582131 0.11347517730496454 0.72 2.2326785917388365
0.48779536301301624 0.11347517730496454 0.73 2.2395996196168446
0.4937010730928007 0.11347517730496454 0.74 2.246649363962971
0.4995750494833068 0.11347517730496454 0.75 2.2538294359207334
0.505416856344192 0.11347517730496454 0.76 2.2611414966902594
0.5112260559294247 0.11347517730496454 0.77 2.2685872613202336
0.5170022081425415 0.11347517730496454 0.78 2.2761685029943077
0.5227448699371855 0.11347517730496454 0.79 2.2838870585819735
0.5284535946488516 0.11347517730496454 0.8 2.291744834658624
0.534127931107832 0.11347517730496454 0.81 2.2997438152831906
0.5397674225307185 0.11347517730496454 0.82 2.3078860714925646
0.5453716051704072 0.11347517730496454 0.83 2.316173772630949
0.5509400065441069 0.11347517730496454 0.84 2.324609200988917
0.5564721431998261 0.11347517730496454 0.85 2.333194769980152
0.5619675177537368 0.11347517730496454 0.86 2.341933047990576
0.567425615104668 0.11347517730496454 0.87 2.3508267885123777
0.5728458972301994 0.11347517730496454 0.88 2.3598789713110886
0.578227796202183 0.11347517730496454 0.89 2.3690928572879097
0.5835707043701454 0.11347517730496454 0.9 2.3784720652646683
0.5888739604085548 0.11347517730496454 0.91 2.388020680707667
0.594136828670773 0.11347517730496454 0.92 2.397743416251112
0.5993584675583971 0.11347517730496454 0.93 2.407645857250905
0.6045378772902699 0.11347517730496454 0.94 2.4177348672977392
0.6096738184932672 0.11347517730496454 0.95 2.4280192183073273
0.6147646796837903 0.11347517730496454 0.96 2.438510614595128
0.6198079738507776 0.11347517730496454 0.97 2.4492276306391094
0.6247998720037089 0.11347517730496454 0.98 2.4601992829625594
0.6297321041569416 0.11347517730496454 0.99 2.4714892183226964
0.0 0.1276595744680851 0.0 2.006535183301368
0.00705947215222326 0.1276595744680851 0.01 2.0065756661228518
0.014118517020467018 0.1276595744680851 0.02 2.0066971223081467
0.02117670731438016 0.1276595744680851 0.03 2.0068995749981435
0.02823361573080253 0.1276595744680851 0.04 2.0071830627854936
0.03528881494742129 0.1276595744680851 0.05 2.0075476397160754
0.042341877616527974 0.1276595744680851 0.06 2.0079933753025463
0.049392376358662775 0.1276595744680851 0.07 2.0085203545618646
0.05643988375670307 0.1276595744680851 0.08 2.0091286780219777
0.06348397234929874 0.1276595744680851 0.09 2.0098184617962644
0.07052421462541145 0.1276595744680851 0.1 2.0105898375829168
0.07756018301826217 0.1276595744680851 0.11 2.0114429527290576
0.0845914498996527 0.1276595744680851 0.12 2.0123779702799522
0.09161758757433522 0.1276595744680851 0.13 2.013395069039244
0.09863816827484397 0.1276595744680851 0.14 2.0144944436212397
0.10565276415616423 0.1276595744680851 0.15 2.0156763045259023
0.11266094729068904 0.1276595744680851 0.16 2.016940878213595
0.11966228966355809 0.1276595744680851 0.17 2.0182884071793183
0.12665636316821197 0.1276595744680851 0.18 2.0197191500346525
0.133642739601811 0.1276595744680851 0.19 2.0212333816077757
0.14062099066143896 0.1276595744680851 0.2 2.0228313930313133
0.14759068794046495 0.1276595744680851 0.21 2.024513491841565
0.15455140292434003 0.1276595744680851 0.22 2.02628000210678
0.16150270698868363 0.1276595744680851 0.23 2.028131264506357
0.1684441713949323 0.1276595744680851 0.24 2.0300676364909416
0.1753753672892209 0.1276595744680851 0.25 2.0320894923720974
0.18229586569905992 0.1276595744680851 0.26 2.0341972234832086
0.1892052375321142 0.1276595744680851 0.27 2.0363912383030516
0.19610305357453803 0.1276595744680851 0.28 2.038671962605828
0.20298888448973823 0.1276595744680851 0.29 2.0410398396158285
0.2098623008178024 0.1276595744680851 0.3 2.0434953301628944
0.21672287297495307 0.1276595744680851 0.31 2.04603891285232
0.22357017125320636 0.1276595744680851 0.32 2.048671084244671
0.23040376582189542 0.1276595744680851 0.33 2.051392359015672
0.2372232267269828 0.1276595744680851 0.34 2.054203270172266
0.24402812389311931 0.1276595744680851 0.35 2.0571043692323907
0.25081802712520157 0.1276595744680851 0.36 2.0600962264300473
0.2575925061089005 0.1276595744680851 0.37 2.06317943095126
0.2643511304154076 0.1276595744680851 0.38 2.066354591115259
0.2710934695012726 0.1276595744680851 0.39 2.069622334650836
0.2778190927132498 0.1276595744680851 0.4 2.072983308906193
0.2845275692910007 0.1276595744680851 0.41 2.076438181108616
0.2912184683689999 0.1276595744680851 0.42 2.079987638648706
0.2978913589823203 0.1276595744680851 0.43 2.083632389321777
0.30454581006990666 0.1276595744680851 0.44 2.0873731616216493
0.31118139047718246 0.1276595744680851 0.45 2.091210705056321
0.317797668961792 0.1276595744680851 0.46 2.0951457904340263
0.3243942141949312 0.1276595744680851 0.47 2.0991792102228133
0.33097059476797996 0.1276595744680851 0.48 2.1033117788524076
0.33752637919382367 0.1276595744680851 0.49 2.107544333099661
0.3440611359107264 0.1276595744680851 0.5 2.1118777324525713
0.35057443328373117 0.1276595744680851 0.51 2.1163128595177607
0.357065839608386 0.1276595744680851 0.52 2.1208506204111206
0.3635349231091908 0.1276595744680851 0.53 2.1254919452241388
0.36998125193890447 0.1276595744680851 0.54 2.1302377884887953
0.3764043941772337 0.1276595744680851 0.55 2.1350891296598387
0.3828039178298036 0.1276595744680851 0.56 2.140046973604477
0.38917939081413044 0.1276595744680851 0.57 2.1451123512470356
0.3955303809574089 0.1276595744680851 0.58 2.150286320085847
0.40185645598151326 0.1276595744680851 0.59 2.155569964860623
0.4081571834850399 0.1276595744680851 0.6 2.160964398254511
0.41443213092405645 0.1276595744680851 0.61 2.1664707616128136
0.4206808655841159 0.1276595744680851 0.62 2.172090225756336
0.42690295454736366 0.1276595744680851 0.63 2.1778239918449582
0.4330979646463082 0.1276595744680851 0.64 2.1836732923752504
0.43926546242113257 0.1276595744680851 0.65 2.189639392136301
0.445405014047938 0.1276595744680851 0.66 2.1957235894520344
0.45151618526857557 0.1276595744680851 0.67 2.2019272173928375
0.4575985412945228 0.1276595744680851 0.68 2.2082516452289815
0.4636516466996076 0.1276595744680851 0.69 2.214698279971491
0.4696750652828119 0.1276595744680851 0.7 2.2212685681770687
0.475668359910161 0.1276595744680851 0.71 2.227963997920411
0.48163109231666207 0.1276595744680851 0.72 2.2347861011060473
0.4875628228765807 0.1276595744680851 0.73 2.241736456028915
0.4934631103203263 0.1276595744680851 0.74 2.248816690374662
0.49933151139513243 0.1276595744680851 0.75 2.25602848466793
0.5051675804534163 0.1276595744680851 0.76 2.263373576297775
0.5109708689603254 0.1276595744680851 0.77 2.270853764175603
0.516740924875279 0.1276595744680851 0.78 2.278470914404152
0.5224772919189382 0.1276595744680851 0.79 2.28622696682075
0.5281795086557189 0.1276595744680851 0.8 2.2941239429977354
0.5338471073716891 0.1276595744680851 0.81 2.3021639558253386
0.5394796126611844 0.1276595744680851 0.82 2.3103492213725274
0.5450765396533054 0.1276595744680851 0.83 2.3186820735406264
0.5506373918055637 0.1276595744680851 0.84 2.3271649820425893
0.5561616580063644 0.1276595744680851 0.85 2.335800575787497
0.5616488088668291 0.1276595744680851 0.86 2.3445916725078213
0.5670982918914872 0.1276595744680851 0.87 2.35354131704126
0.5725095249026615 0.1276595744680851 0.88 2.3626528332010284
0.5778818872186655 0.1276595744680851 0.89 2.371929892972469
0.5832147072380245 0.1276595744680851 0.9 2.3813766136150485
0.5885072450804671 0.1276595744680851 0.91 2.3909976929321517
0.5937586662278213 0.1276595744680851 0.92 2.4007986146265474
0.5989680024942067 0.1276595744680851 0.93 2.4107859515954755
0.6041340367470547 0.1276595744680851 0.94 2.420968274584593
0.6092554448557852 0.1276595744680851 0.95 2.4313549882889394
0.6143300915920826 0.1276595744680851 0.96 2.441961926947697
0.6193551483111401 0.1276595744680851 0.97 2.452810319058046
0.6243257401943788 0.1276595744680851 0.98 2.46393740101281
0.6292316723635343 0.1276595744680851 0.99 2.4754219625192744
0.0 0.14184397163120566 0.0 2.0080728956331813
0.007056768540460315 0.14184397163120566 0.01 2.008113492045594
0.014113109090011497 0.14184397163120566 0.02 2.008235289070676
0.02116859365070894 0.14184397163120566 0.03 2.008438310073213
0.02822279421050447 0.14184397163120566 0.04 2.008722594010685
0.03527528273630953 0.14184397163120566 0.05 2.0090881954339412
0.04232563116698417 0.14184397163120566 0.06 2.009535184517733
0.04937341140642391 0.14184397163120566 0.07 2.0100636470839737
0.05641819531676286 0.14184397163120566 0.08 2.0106736846286797
0.06345955471152037 0.14184397163120566 0.09 2.011365414365945
0.07049706134926291 0.14184397163120566 0.1 2.0121389692491563
0.07753028692647128 0.14184397163120566 0.11 2.0129944980562144
0.08455880307180177 0.14184397163120566 0.12 2.013932165401371
0.09158218133940571 0.14184397163120566 0.13 2.0149521518193994
0.09859999320263106 0.14184397163120566 0.14 2.0160546538354964
0.10561181004894787 0.14184397163120566 0.15 2.0172398839986485
0.11261720317264248 0.14184397163120566 0.16 2.0185080710211274
0.11961574377071268 0.14184397163120566 0.17 2.019859459800406
0.12660700293689184 0.14184397163120566 0.18 2.0212943115333064
0.13359055165603634 0.14184397163120566 0.19 2.0228129038238283
0.140565960800052 0.14184397163120566 0.2 2.024415530755535
0.14753280112228037 0.14184397163120566 0.21 2.026102503027046
0.15449064325370782 0.14184397163120566 0.22 2.0278741480450444
0.16143905769858355 0.14184397163120566 0.23 2.029730810050345
0.1683776148302087 0.14184397163120566 0.24 2.0316728502514314
0.17530588488733934 0.14184397163120566 0.25 2.0337006469552588
0.1822234379711027 0.14184397163120566 0.26 2.035814595700355
0.18912984404170857 0.14184397163120566 0.27 2.0380151094091
0.1960246729153753 0.14184397163120566 0.28 2.040302618547792
0.20290749426198487 0.14184397163120566 0.29 2.042677571284248
0.20977787760342612 0.14184397163120566 0.3 2.045140433646182
0.21663539231006612 0.14184397163120566 0.31 2.0476916897303745
0.2234796076016715 0.14184397163120566 0.32 2.0503318418379513
0.2303100925430834 0.14184397163120566 0.33 2.0530614107251832
0.23712641604539056 0.14184397163120566 0.34 2.0558809357628993
0.243928146864139 0.14184397163120566 0.35 2.058790975166213
0.25071485359866014 0.14184397163120566 0.36 2.061792106216346
0.25748610469236904 0.14184397163120566 0.37 2.0648849254800696
0.2642414684318986 0.14184397163120566 0.38 2.0680700490622126
0.2709805129476235 0.14184397163120566 0.39 2.0713481128484497
0.27770280621380233 0.14184397163120566 0.4 2.0747197727680584
0.28440791604842497 0.14184397163120566 0.41 2.0781857050739387
0.2910954101141295 0.14184397163120566 0.42 2.08174660661945
0.29776485591804847 0.14184397163120566 0.43 2.0854031951641927
0.30441582081100377 0.14184397163120566 0.44 2.0891562097005285
0.3110478719906661 0.14184397163120566 0.45 2.09300641073759
0.3176605764976796 0.14184397163120566 0.46 2.096954580695362
0.32425350121613594 0.14184397163120566 0.47 2.1010015242486575
0.33082621287388797 0.14184397163120566 0.48 2.1051480686865696
0.33737827803782977 0.14184397163120566 0.49 2.109395064348149
0.34390926311400444 0.14184397163120566 0.5 2.113743385005736
0.35041873434128656 0.14184397163120566 0.51 2.1181939283400193
0.35690625778685536 0.14184397163120566 0.52 2.122747616400498
0.36337139934188556 0.14184397163120566 0.53 2.1274053960734096
0.36981372470607804 0.14184397163120566 0.54 2.13216823968949
0.3762327993841424 0.14184397163120566 0.55 2.13703714549645
0.38262818866830783 0.14184397163120566 0.56 2.142013138302534
0.38899945761865273 0.14184397163120566 0.57 2.147097270146082
0.3953461710467184 0.14184397163120566 0.58 2.1522906209316295
0.4016678934860227 0.14184397163120566 0.59 2.157594299214262
0.40796418916212807 0.14184397163120566 0.6 2.1630094429870246
0.4142346219556702 0.14184397163120566 0.61 2.1685372205431053
0.42047875535555895 0.14184397163120566 0.62 2.1741788314381556
0.4266961524062476 0.14184397163120566 0.63 2.1799355075077513
0.43288637564170035 0.14184397163120566 0.64 2.185808514013473
0.4390489870096245 0.14184397163120566 0.65 2.1917991508755414
0.44518354778023866 0.14184397163120566 0.66 2.197908754046083
0.4512896184382132 0.14184397163120566 0.67 2.2041386970302708
0.457366758553057 0.14184397163120566 0.68 2.210490392595254
0.46341452662321503 0.14184397163120566 0.69 2.216965294704346
0.46943247990049625 0.14184397163120566 0.7 2.2235649006044595
0.4754201741741302 0.14184397163120566 0.71 2.2302907532577674
0.4813771635054837 0.14184397163120566 0.72 2.237144444186119
0.4873029999361573 0.14184397163120566 0.73 2.244127616501665
0.493197233103506 0.14184397163120566 0.74 2.2512419687248104
0.49905940982713654 0.14184397163120566 0.75 2.2584892587783147
0.5048890735592246 0.14184397163120566 0.76 2.265871309123267
0.5106857637695942 0.14184397163120566 0.77 2.273390012355739
0.5164490151593377 0.14184397163120566 0.78 2.2810473381963874
0.5221783567452162 0.14184397163120566 0.79 2.2888453414497905
0.5278733106984422 0.14184397163120566 0.8 2.2967861719228226
0.5335333909362733 0.14184397163120566 0.81 2.304872086248165
0.5391581013813908 0.14184397163120566 0.82 2.313105462288248
0.5447469337479335 0.14184397163120566 0.83 2.3214888172472365
0.5502993647974229 0.14184397163120566 0.84 2.3300248298596644
0.5558148527641694 0.14184397163120566 0.85 2.3387163690759625
0.5612928328112505 0.14184397163120566 0.86 2.3475665302195923
0.56673271097902 0.14184397163120566 0.87 2.3565786828991975
0.5721338562263442 0.14184397163120566 0.88 2.3657565336651016
0.5774955894709124 0.14184397163120566 0.89 2.3751042120418253
0.5828171685551685 0.14184397163120566 0.9 2.3846263881279177
0.5880977665903369 0.14184397163120566 0.91 2.3943284417623096
0.5933364401358971 0.14184397163120566 0.92 2.404216710741896
0.5985320639025429 0.14184397163120566 0.93 2.4142990043636963
0.603683455812713 0.14184397163120566 0.94 2.4245835773773705
0.6087885269918566 0.14184397163120566 0.95 2.4350859338359285
0.6138451780128263 0.14184397163120566 0.96 2.4458215588323338
0.6188499113359064 0.14184397163120566 0.97 2.4568169653018974
0.6237968743085575 0.14184397163120566 0.98 2.4681171104090907
0.6286736424165371 0.14184397163120566 0.99 2.4798184333168423
0.0 0.15602836879432624 0.0 2.0097745833170917
0.007053780244266962 0.15602836879432624 0.01 2.0098153054868013
0.014107131716826662 0.15602836879432624 0.02 2.0099374798668443
0.021159625638218233 0.15602836879432624 0.03 2.0101411300643095
0.028210833213444354 0.15602836879432624 0.04 2.0104262954414023
0.035260325624379814 0.15602836879432624 0.05 2.0107930311089532
0.04230767402185199 0.15602836879432624 0.06 2.011241407981512
0.04935244951828119 0.15602836879432624 0.07 2.0117715127669666
0.056394223179889895 0.15602836879432624 0.08 2.012383448024628
0.0634325660192849 0.15602836879432624 0.09 2.01307733219295
0.07046704898810013 0.15602836879432624 0.1 2.0138532996307803
0.07749724296971473 0.15602836879432624 0.11 2.0147115006672
0.08452271877159183 0.15602836879432624 0.12 2.0156521016807094
0.09154304711895253 0.15602836879432624 0.13 2.0166752851203116
0.09855779864711585 0.15602836879432624 0.14 2.0177812496101244
0.10556654389533013 0.15602836879432624 0.15 2.018970209994104
0.1125688532992838 0.15602836879432624 0.16 2.0202423974508825
0.11956429718543385 0.15602836879432624 0.17 2.021598059547016
0.12655244576415967 0.15602836879432624 0.18 2.023037460350778
0.1335328691238503 0.15602836879432624 0.19 2.0245608805232624
0.14050513722473296 0.15602836879432624 0.2 2.0261686174315936
0.14746881989333718 0.15602836879432624 0.21 2.0278609852548883
0.1544234868164923 0.15602836879432624 0.22 2.02963831511661
0.16136870753685204 0.15602836879432624 0.23 2.0315009551875645
0.1683040514468531 0.15602836879432624 0.24 2.0334492708448773
0.1752290877837173 0.15602836879432624 0.25 2.0354836448132545
0.18214338562608592 0.15602836879432624 0.26 2.0376044772821578
0.1890465138876274 0.15602836879432624 0.27 2.039812186107463
0.1959380413144702 0.15602836879432624 0.28 2.0421072069365156
0.20281753648006234 0.15602836879432624 0.29 2.0444899934052976
0.2096845677815604 0.15602836879432624 0.3 2.046961017313453
0.21653870343656711 0.15602836879432624 0.31 2.049520768806221
0.22337951147907703 0.15602836879432624 0.32 2.052169756584684
0.23020655975712695 0.15602836879432624 0.33 2.054908508095929
0.237019415928424 0.15602836879432624 0.34 2.0577375697735807
0.24381764745849288 0.15602836879432624 0.35 2.0606575072443216
0.2506008216170018 0.15602836879432624 0.36 2.063668905579887
0.2573685054758516 0.15602836879432624 0.37 2.066772369530745
0.2641202659052826 0.15602836879432624 0.38 2.069968523805102
0.27085566957193913 0.15602836879432624 0.39 2.0732580133272207
0.2775742829363838 0.15602836879432624 0.4 2.07664150351769
0.28427567224887684 0.15602836879432624 0.41 2.0801196806113507
0.2909594035473355 0.15602836879432624 0.42 2.0836932519529197
0.2976250426534889 0.15602836879432624 0.43 2.087362946331334
0.30427215516942935 0.15602836879432624 0.44 2.0911295143188178
0.31090030647248706 0.15602836879432624 0.45 2.0949937286438467
0.3175090617122406 0.15602836879432624 0.46 2.0989563845449157
0.3240979858011231 0.15602836879432624 0.47 2.103018300220336
0.3306666434127682 0.15602836879432624 0.48 2.107180317183562
0.3372145989687407 0.15602836879432624 0.49 2.1114433007800946
0.3437414166348941 0.15602836879432624 0.5 2.1158081405870153
0.35024666030660956 0.15602836879432624 0.51 2.1202757509622208
0.356729893595982 0.15602836879432624 0.52 2.1248470715727104
0.3631906798208054 0.15602836879432624 0.53 2.129523067908346
0.3696285819801167 0.15602836879432624 0.54 2.134304731960892
0.3760431627392514 0.15602836879432624 0.55 2.139193082792263
0.3824339844014768 0.15602836879432624 0.56 2.144189167263072
0.3888006088808123 0.15602836879432624 0.57 2.1492940607465836
0.39514259766481635 0.15602836879432624 0.58 2.1545088679546924
0.4014595117776934 0.15602836879432624 0.59 2.159834723756953
0.4077509117305343 0.15602836879432624 0.6 2.165272794136538
0.4140163574651673 0.15602836879432624 0.61 2.1708242772062993
0.42025540829222663 0.15602836879432624 0.62 2.176490404277147
0.42646762281107764 0.15602836879432624 0.63 2.182272441104733
0.4326525588228291 0.15602836879432624 0.64 2.1881716891903786
0.4388097732245774 0.15602836879432624 0.65 2.1941894872551977
0.4449388218881475 0.15602836879432624 0.66 2.200327212846674
0.45103925951253554 0.15602836879432624 0.67 2.2065862841788797
0.45711063945908054 0.15602836879432624 0.68 2.212968162107914
0.46315251354840836 0.15602836879432624 0.69 2.2194743524406917
0.4691644318346302 0.15602836879432624 0.7 2.2261064084145397
0.47514594232103935 0.15602836879432624 0.71 2.232865933680861
0.48109659063719706 0.15602836879432624 0.72 2.2397545855840812
0.4870159196629615 0.15602836879432624 0.73 2.2467740788616535
0.49290346905651533 0.15602836879432624 0.74 2.2539261901443286
0.49875877471424124 0.15602836879432624 0.75 2.2612127629702923
0.5045813681294198 0.15602836879432624 0.76 2.2686357135973645
0.5103707755947909 0.15602836879432624 0.77 2.276197038077616
0.5161265172635534 0.15602836879432624 0.78 2.2838988204186355
0.5218481060103175 0.15602836879432624 0.79 2.291743242314674
0.5275350460149585 0.15602836879432624 0.8 2.299732595070288
0.5331868310614937 0.15602836879432624 0.81 2.3078692937133156
0.5388029424041295 0.15602836879432624 0.82 2.3161558945092637
0.5443828460905212 0.15602836879432624 0.83 2.324595116712982
0.549925989628833 0.15602836879432624 0.84 2.3331898693981215
0.5554317976950883 0.15602836879432624 0.85 2.3419432857891054
0.5608996666171865 0.15602836879432624 0.86 2.350858767097725
0.5663289571224082 0.15602836879432624 0.87 2.3599400398948784
0.5717189846605563 0.15602836879432624 0.88 2.3691912323693187
0.5770690064431792 0.15602836879432624 0.89 2.3786169760877383
0.5823782030481721 0.15602836879432624 0.9 2.3882225502957044
0.5876456528005133 0.15602836879432624 0.91 2.398014082327393
0.5928703111143441 0.15602836879432624 0.92 2.407998703912984
0.598050828897354 0.15602836879432624 0.93 2.418186007240776
0.6031858191278024 0.15602836879432624 0.94 2.4285858579700426
0.6082731147406772 0.15602836879432624 0.95 2.4392143584775106
0.613310079740947 0.15602836879432624 0.96 2.450091261422477
0.6182925506933248 0.15602836879432624 0.97 2.4612483635922846
0.623213621816651 0.15602836879432624 0.98 2.472738989713362
0.6280585231354312 0.15602836879432624 0.99 2.4846782705927195
0.0 0.1702127659574468 0.0 2.01164088272425
0.007050507237876613 0.1702127659574468 0.01 2.0116817428869123
0.014100584849540833 0.1702127659574468 0.02 2.011804331330379
0.021149803200259235 0.1702127659574468 0.03 2.0120086719265906
0.02819773263823072 0.1702127659574468 0.04 2.0122948044770337
0.03524394348607539 0.1702127659574468 0.05 2.012662784725571
0.04228800603236054 0.1702127659574468 0.06 2.0131126843792972
0.049329490523285446 0.1702127659574468 0.07 2.013644591126463
0.056367967154142336 0.1702127659574468 0.08 2.0142586086874728
0.06340300606095269 0.1702127659574468 0.09 2.0149548568534037
0.0704341773124715 0.1702127659574468 0.1 2.0157334715146877
0.0774610509019653 0.1702127659574468 0.11 2.016594604721596
0.08448319673862775 0.1702127659574468 0.12 2.0175384247687345
0.09150018464056897 0.1702127659574468 0.13 2.0185651162091514
0.09851158432602963 0.1702127659574468 0.14 2.0196748799738864
0.10551696540625162 0.1702127659574468 0.15 2.0208679334201127
0.11251589737735683 0.1702127659574468 0.16 2.022144510437213
0.11950794961311322 0.1702127659574468 0.17 2.0235048615265856
0.12649269135778934 0.1702127659574468 0.18 2.024949253893761
0.13346969171861175 0.1702127659574468 0.19 2.0264779715658268
0.1404385196585648 0.1702127659574468 0.2 2.028091315506757
0.1473987439901271 0.1702127659574468 0.21 2.029789603717557
0.15434993336757785 0.1702127659574468 0.22 2.0315731713906686
0.16129165628133751 0.1702127659574468 0.23 2.0334423710175864
0.16822348105056037 0.1702127659574468 0.24 2.0353975725567945
0.17514497581808094 0.1702127659574468 0.25 2.0374391635524667
0.18205570854268052 0.1702127659574468 0.26 2.0395675493317125
0.18895524699482888 0.1702127659574468 0.27 2.041783153129878
0.1958431587492238 0.1702127659574468 0.28 2.0440864163026786
0.20271901118012184 0.1702127659574468 0.29 2.046477798486136
0.20958237145568537 0.1702127659574468 0.3 2.048957777791795
0.2164328065319383 0.1702127659574468 0.31 2.051526851020395
0.22326988314722798 0.1702127659574468 0.32 2.054185533875636
0.2300931678182038 0.1702127659574468 0.33 2.056934361161948
0.2369022268327459 0.1702127659574468 0.34 2.0597738870506475
0.24369662624538663 0.1702127659574468 0.35 2.062704685309805
0.2504759318732044 0.1702127659574468 0.36 2.0657273495396598
0.25723970928817697 0.1702127659574468 0.37 2.0688424934790195
0.26398752381221346 0.1702127659574468 0.38 2.072050751274854
0.27071894051290274 0.1702127659574468 0.39 2.0753527777532286
0.27743352419528616 0.1702127659574468 0.4 2.0787492487635126
0.28413083939692496 0.1702127659574468 0.41 2.082240861479871
0.2908104503806104 0.1702127659574468 0.42 2.0858283347495337
0.29747192112634396 0.1702127659574468 0.43 2.089512409460056
0.30411481532502843 0.1702127659574468 0.44 2.093293848891287
0.3107386963660119 0.1702127659574468 0.45 2.0971734391622263
0.31734312733204373 0.1702127659574468 0.46 2.101151989582545
0.32392767098345826 0.1702127659574468 0.47 2.1052303331596827
0.330491889747974 0.1702127659574468 0.48 2.109409327034676
0.33703534570688676 0.1702127659574468 0.49 2.1136898529734696
0.34355760057795076 0.1702127659574468 0.5 2.11807281790562
0.3500582156973914 0.1702127659574468 0.51 2.1225591544775613
0.35653675199804125 0.1702127659574468 0.52 2.127149821657139
0.3629927699871579 0.1702127659574468 0.53 2.1318458053444522
0.369425829716652 0.1702127659574468 0.54 2.136648119075076
0.37583549075239014 0.1702127659574468 0.55 2.1415578047327566
0.3822213121375217 0.1702127659574468 0.56 2.1465759333303036
0.38858285235031204 0.1702127659574468 0.57 2.1517036058495815
0.3949196692531635 0.1702127659574468 0.58 2.1569419541743953
0.4012313200421422 0.1702127659574468 0.59 2.1622921420105743
0.4075173611735004 0.1702127659574468 0.6 2.1677553660482376
0.4137773482993811 0.1702127659574468 0.61 2.173332857010434
0.4200108361680434 0.1702127659574468 0.62 2.1790258810658387
0.42621737853643876 0.1702127659574468 0.63 2.18483574108883
0.43239652804392653 0.1702127659574468 0.64 2.190763778303739
0.4385478360833538 0.1702127659574468 0.65 2.196811373924824
0.4446708526400762 0.1702127659574468 0.66 2.202979951090131
0.45076512611320624 0.1702127659574468 0.67 2.209270976933487
0.45683020309836664 0.1702127659574468 0.68 2.215685964992959
0.4628656281450753 0.1702127659574468 0.69 2.222226477813828
0.4688709434631309 0.1702127659574468 0.7 2.228894129985566
0.4748456885836199 0.1702127659574468 0.71 2.2356905915407688
0.48078939995897946 0.1702127659574468 0.72 2.242617591849341
0.4867016104899817 0.1702127659574468 0.73 2.2496769241018066
0.49258184897763996 0.1702127659574468 0.74 2.2568704503788513
0.4984296394464654 0.1702127659574468 0.75 2.2642001077761327
0.5042445003715026 0.1702127659574468 0.76 2.2716679152506476
0.5100259437214677 0.1702127659574468 0.77 2.279275981955495
0.5157734738404468 0.1702127659574468 0.78 2.287026516809448
0.5214865860543231 0.1702127659574468 0.79 2.2949218402705176
0.5271647650138899 0.1702127659574468 0.8 2.302964398133823
0.5328074826250139 0.1702127659574468 0.81 2.311156778597981
0.5384141955365002 0.1702127659574468 0.82 2.3195017327508443
0.543984341946406 0.1702127659574468 0.83 2.3280022004317753
0.5495173376456745 0.1702127659574468 0.84 2.3366613420017717
0.5550125709233288 0.1702127659574468 0.85 2.3454825790461613
0.5604693960056637 0.1702127659574468 0.86 2.3544696465188806
0.5658871245563798 0.1702127659574468 0.87 2.3636266599875695
0.5712650141712172 0.1702127659574468 0.88 2.372958206471952
0.5766022530054408 0.1702127659574468 0.89 2.382469465403016
0.5818979381593864 0.1702127659574468 0.9 2.392166378542884
0.5871510474646761 0.1702127659574468 0.91 2.402055870646641
0.5923603885341459 0.1702127659574468 0.92 2.412146251387601
0.5975245134893938 0.1702127659574468 0.93 2.4224478878922957
0.6026417189694357 0.1702127659574468 0.94 2.4329731760867683
0.6077096117214645 0.1702127659574468 0.95 2.443740013127523
0.6127251070230304 0.1702127659574468 0.96 2.4547717313040374
0.6176833857554941 0.1702127659574468 0.97 2.46610536818607
0.622576338485703 0.1702127659574468 0.98 2.4778038846441626
0.6273868234833347 0.1702127659574468 0.99 2.490001464788349
0.0 0.18439716312056736 0.0 2.0136724923304623
0.0070469494941842025 0.18439716312056736 0.01 2.0137135027858535
0.014093468434146716 0.18439716312056736 0.02 2.013836542206211
0.021139126256296957 0.18439716312056736 0.03 2.0140416347528443
0.028183492378256833 0.18439716312056736 0.04 2.0143288207143577
0.03522613618964455 0.18439716312056736 0.05 2.01469815649938
0.04226662704249886 0.18439716312056736 0.06 2.0151497146957364
0.04930453424226248 0.18439716312056736 0.07 2.015683584061716
0.05633942703843693 0.18439716312056736 0.08 2.016299869578563
0.0633708746151594 0.18439716312056736 0.09 2.016998692506285
0.07039844608249883 0.18439716312056736 0.1 2.0177801903998462
0.07742171046677546 0.18439716312056736 0.11 2.018644517203874
0.08444023670219493 0.18439716312056736 0.12 2.019591843274968
0.09145359362159657 0.18439716312056736 0.13 2.020622355471541
0.09846134994726906 0.18439716312056736 0.14 2.021736257242175
0.10546307428301899 0.18439716312056736 0.15 2.022933768671239
0.11245833510470159 0.18439716312056736 0.16 2.0242151266039703
0.11944670075184173 0.18439716312056736 0.17 2.025580584732657
0.1264277394196668 0.18439716312056736 0.18 2.0270304136836295
0.13340101914992442 0.18439716312056736 0.19 2.0285649011570257
0.14036610782325531 0.18439716312056736 0.2 2.030184352023793
0.14732257315098587 0.18439716312056736 0.21 2.0318890884554803
0.15426998266673098 0.18439716312056736 0.22 2.033679450068786
0.1612079037183502 0.18439716312056736 0.23 2.0355557940692837
0.16813590346074864 0.18439716312056736 0.24 2.037518495385054
0.17505354884766675 0.18439716312056736 0.25 2.0395679468385186
0.1819604066235007 0.18439716312056736 0.26 2.0417045593254195
0.1888560433169654 0.18439716312056736 0.27 2.043928761962205
0.1957400252325121 0.18439716312056736 0.28 2.046241002297055
0.20261191844274593 0.18439716312056736 0.29 2.0486417465063305
0.2094712887813637 0.18439716312056736 0.3 2.0511314795912585
0.2163177018358975 0.18439716312056736 0.31 2.05371070559046
0.22315072293932184 0.18439716312056736 0.32 2.0563799478244302
0.22996991716314769 0.18439716312056736 0.33 2.0591397491207
0.2367748493095126 0.18439716312056736 0.34 2.061990672068834
0.24356508390319964 0.18439716312056736 0.35 2.0649332992858853
0.2503401851835643 0.18439716312056736 0.36 2.0679682336928122
0.2570997170963259 0.18439716312056736 0.37 2.071096098802655
0.26384324328517844 0.18439716312056736 0.38 2.0743175390212207
0.2705703270822126 0.18439716312056736 0.39 2.0776332199757355
0.27728053149789283 0.18439716312056736 0.4 2.0810438288578896
0.2839734192129958 0.18439716312056736 0.41 2.0845500747458137
0.290648552564387 0.18439716312056736 0.42 2.088152689026951
0.29730549353694347 0.18439716312056736 0.43 2.091852425736006
0.30394380374722596 0.18439716312056736 0.44 2.0956500620207463
0.3105630444327169 0.18439716312056736 0.45 2.0995463985333718
0.3171627764336772 0.18439716312056736 0.46 2.1035422599314573
0.323742560178001 0.18439716312056736 0.47 2.107638495341314
0.3303019556621889 0.18439716312056736 0.48 2.1118359788789167
0.3368405224292553 0.18439716312056736 0.49 2.1161356102134428
0.3433578195442845 0.18439716312056736 0.5 2.1205383151620225
0.34985340557314476 0.18439716312056736 0.51 2.1250450462478088
0.35632683854494174 0.18439716312056736 0.52 2.129656783460297
0.36277767592419735 0.18439716312056736 0.53 2.1343745348925816
0.36920547456983344 0.18439716312056736 0.54 2.1391993375375256
0.3756097906920672 0.18439716312056736 0.55 2.144132258102367
0.38199017980406 0.18439716312056736 0.56 2.1491743938788392
0.3883461966654817 0.18439716312056736 0.57 2.154326873698242
0.39467739521426815 0.18439716312056736 0.58 2.159590859007705
0.4009833285029865 0.18439716312056736 0.59 2.1649675448830443
0.40726354860307756 0.18439716312056736 0.6 2.1704581613797904
0.41351760651870095 0.18439716312056736 0.61 2.176063974757563
0.41974505207124446 0.18439716312056736 0.62 2.181786288998807
0.4259454337738856 0.18439716312056736 0.63 2.1876264474030473
0.432118298686889 0.18439716312056736 0.64 2.1935858343511088
0.438263192249143 0.18439716312056736 0.65 2.1996658772772664
0.4443796580860317 0.18439716312056736 0.66 2.2058680488392977
0.45046723778475367 0.18439716312056736 0.67 2.2121938693666476
0.45652547063192495 0.18439716312056736 0.68 2.2186449096251244
0.46255389331761676 0.18439716312056736 0.69 2.2252227938453246
0.468552039580878 0.18439716312056736 0.7 2.231929203245146
0.4745194398046416 0.18439716312056736 0.71 2.2387658799506145
0.4804556205268388 0.18439716312056736 0.72 2.2457346316130518
0.48636010388589224 0.18439716312056736 0.73 2.252837336525598
0.4922324069573487 0.18439716312056736 0.74 2.2600759496236527
0.49807204096021185 0.18439716312056736 0.75 2.2674525095319065
0.5038785103272773 0.18439716312056736 0.76 2.274969146672595
0.5096513115903207 0.18439716312056736 0.77 2.2826280928435887
0.5153899320392727 0.18439716312056736 0.78 2.2904316925818415
0.521093848101894 0.18439716312056736 0.79 2.2983824167281077
0.5267625233787805 0.18439716312056736 0.8 2.3064828786968095
0.5323954062334151 0.18439716312056736 0.81 2.314735854243997
0.537991926823559 0.18439716312056736 0.82 2.323144305614068
0.5435514933832322 0.18439716312056736 0.83 2.3317114115800086
0.5490734875917498 0.18439716312056736 0.84 2.34044060460741
0.5545572586148987 0.18439716312056736 0.85 2.3493356184751746
0.5600021155055287 0.18439716312056736 0.86 2.3584005487082833
0.5654073171831342 0.18439716312056736 0.87 2.367639932047519
0.5707720591960401 0.18439716312056736 0.88 2.377058851116594
0.5760954557330287 0.18439716312056736 0.89 2.3866630764051506
0.5813765143899217 0.18439716312056736 0.9 2.3964592652758685
0.5866141600653126 0.18439716312056736 0.91 2.4064547541839705
0.591807012823659 0.18439716312056736 0.92 2.4166593686279016
0.596953455288615 0.18439716312056736 0.93 2.427084833687896
0.6020512560453539 0.18439716312056736 0.94 2.437747802518825
0.6070982355415709 0.18439716312056736 0.95 2.4486644112974085
0.6120905455702612 0.18439716312056736 0.96 2.4598641509536177
0.617022973618711 0.18439716312056736 0.97 2.4713872379760056
0.6218855447606594 0.18439716312056736 0.98 2.4833116570807223
0.6266591034138118 0.18439716312056736 0.99 2.49578794791216
0.0 0.19858156028368795 0.0 2.015870173088236
0.0070431069850737625 0.19858156028368795 0.01 2.015911346217524
0.014085782414608963 0.19858156028368795 0.02 2.0160348737587204
0.02112759472276865 0.19858156028368795 0.03 2.0162407801921187
0.02816811232312697 0.19858156028368795 0.04 2.016529106326418
0.035206903598571856 0.19858156028368795 0.05 2.016899909296664
0.04224353689068675 0.19858156028368795 0.06 2.017353262639442
0.04927758048991989 0.19858156028368795 0.07 2.017889256268323
0.05630860262518957 0.19858156028368795 0.08 2.0185079965400012
0.06333617145373646 0.19858156028368795 0.09 2.0192096062947216
0.07035985505098556 0.19858156028368795 0.1 2.0199942249077543
0.0773792214007006 0.19858156028368795 0.11 2.0208620083348703
0.08439383838468306 0.19858156028368795 0.12 2.0218131291954604
0.09140327377269288 0.19858156028368795 0.13 2.022847776847245
0.09840709521316952 0.19858156028368795 0.14 2.0239661574367407
0.10540487022249084 0.19858156028368795 0.15 2.0251684940271835
0.11239616617609921 0.19858156028368795 0.16 2.0264550266536876
0.11938055029805807 0.19858156028368795 0.17 2.0278260124551983
0.12635758965169044 0.19858156028368795 0.18 2.029281725771674
0.1333268511299639 0.19858156028368795 0.19 2.030822458262741
0.14028790144573836 0.19858156028368795 0.2 2.032448519039853
0.1472403071230057 0.19858156028368795 0.21 2.0341602347790944
0.15418363448603895 0.19858156028368795 0.22 2.0359579499046414
0.1611174496514218 0.19858156028368795 0.23 2.0378420266987476
0.1680413185176799 0.19858156028368795 0.24 2.039812845489745
0.1749548067568442 0.19858156028368795 0.25 2.0418708047981804
0.18185747980369354 0.19858156028368795 0.26 2.044016321549976
0.18874890284838436 0.19858156028368795 0.27 2.046249831218441
0.195628640824806 0.19858156028368795 0.28 2.0485717880749483
0.20249625840289692 0.19858156028368795 0.29 2.050982665358594
0.20935131997832543 0.19858156028368795 0.3 2.0534829555145295
0.2161933896625366 0.19858156028368795 0.31 2.0560731704312882
0.22302203127361667 0.19858156028368795 0.32 2.0587538416712006
0.22983680832628786 0.19858156028368795 0.33 2.061525520727709
0.23663728402065512 0.19858156028368795 0.34 2.064388779313111
0.24342302123254345 0.19858156028368795 0.35 2.0673442096250123
0.25019358250208323 0.19858156028368795 0.36 2.070392424652828
0.25694853002285817 0.19858156028368795 0.37 2.073534058482101
0.26368742562898245 0.19858156028368795 0.38 2.0767697666406453
0.270409830784029 0.19858156028368795 0.39 2.0801002264215125
0.27711530656516536 0.19858156028368795 0.4 2.08352613728857
0.2838034136518069 0.19858156028368795 0.41 2.087048221217199
0.2904737123080382 0.19858156028368795 0.42 2.090667223136917
0.2971257623686816 0.19858156028368795 0.43 2.0943839113240212
0.3037591232183521 0.19858156028368795 0.44 2.098199077900971
0.3103733537751418 0.19858156028368795 0.45 2.1021135392725148
0.3169680124670072 0.19858156028368795 0.46 2.1061281366680036
0.32354265721028985 0.19858156028368795 0.47 2.110243736655537
0.3300968453834392 0.19858156028368795 0.48 2.114461231722965
0.33663013379729617 0.19858156028368795 0.49 2.1187815409030577
0.3431420786655727 0.19858156028368795 0.5 2.1232056103954076
0.3496322355684566 0.19858156028368795 0.51 2.1277344142744363
0.35610015941362677 0.19858156028368795 0.52 2.1323689552254
0.36254540439147626 0.19858156028368795 0.53 2.137110265346304
0.36896752392629834 0.19858156028368795 0.54 2.141959406991592
0.37536607061956234 0.19858156028368795 0.55 2.146917473701122
0.3817405961885744 0.19858156028368795 0.56 2.1519855911723136
0.3880906513926948 0.19858156028368795 0.57 2.1571649183622146
0.3944157859547164 0.19858156028368795 0.58 2.1624566486278045
0.4007155484689389 0.19858156028368795 0.59 2.1678620109971387
0.4069894862973987 0.19858156028368795 0.6 2.1733822715486375
0.41323714545060464 0.19858156028368795 0.61 2.1790187349326655
0.41945807045165856 0.19858156028368795 0.62 2.184772746040535
0.4256518041848921 0.19858156028368795 0.63 2.1906456918030863
0.43181788771875007 0.19858156028368795 0.64 2.1966390032195697
0.4379558600980708 0.19858156028368795 0.65 2.2027541576546037
0.44406525812099007 0.19858156028368795 0.66 2.208992681239254
0.4501456160603004 0.19858156028368795 0.67 2.215356151772944
0.456196465362137 0.19858156028368795 0.68 2.2218462017791882
0.46221733428399986 0.19858156028368795 0.69 2.2284645220821204
0.46820774747738386 0.19858156028368795 0.7 2.235212865829857
0.47416722551368906 0.19858156028368795 0.71 2.242093052961623
0.4800952843025681 0.19858156028368795 0.72 2.2491069755822477
0.4859914344503082 0.19858156028368795 0.73 2.2562566037626923
0.49185518046579335 0.19858156028368795 0.74 2.2635439926129304
0.4976860198464859 0.19858156028368795 0.75 2.2709712902788204
0.5034834419906948 0.19858156028368795 0.76 2.2785407473243855
0.5092469269026054 0.19858156028368795 0.77 2.286254727755279
0.5149759436227285 0.19858156028368795 0.78 2.2941157222324144
0.5206699483638784 0.19858156028368795 0.79 2.302126363581388
0.5263283822115692 0.19858156028368795 0.8 2.310289445773614
0.5319506683673223 0.19858156028368795 0.81 2.3186079464594713
0.5375362086803228 0.19858156028368795 0.82 2.3270850551667612
0.54308437938701 0.19858156028368795 0.83 2.3357242076895015
0.5485945257547529 0.19858156028368795 0.84 2.344529129107378
0.5540659552271919 0.19858156028368795 0.85 2.3535038886305477
0.5594979286567231 0.19858156028368795 0.86 2.3626529694669705
0.5648896488363911 0.19858156028368795 0.87 2.3719813599687414
0.5702402451718913 0.19858156028368795 0.88 2.381494675236157
0.5755487531651533 0.19858156028368795 0.89 2.3911993195121464
0.5808140531533851 0.19858156028368795 0.9 2.4011029824726027
0.5860349996662947 0.19858156028368795 0.91 2.411213555222881
0.5912100053402628 0.19858156028368795 0.92 2.421542547771268
0.5963373235225446 0.19858156028368795 0.93 2.432102720466889
0.6014146827121993 0.19858156028368795 0.94 2.4429110502761286
0.6064392088970221 0.19858156028368795 0.95 2.4539893042200944
0.6114067283437039 0.19858156028368795 0.96 2.46536961257101
0.6163110340345 0.19858156028368795 0.97 2.477100245037098
0.6211415499580198 0.19858156028368795 0.98 2.4892641729408154
0.6258757265294302 0.19858156028368795 0.99 2.5020395601098024
0.0 0.2127659574468085 0.0 2.0182347488891477
0.007038979681755134 0.2127659574468085 0.01 2.0182760971506255
0.014077526733552765 0.2127659574468085 0.02 2.0184001502084854
0.02111520851420534 0.2127659574468085 0.03 2.018606932869918
0.02815159235997612 0.2127659574468085 0.04 2.0188964865082175
0.03518624557338919 0.2127659574468085 0.05 2.0192688690623455
0.04221873541202676 0.2127659574468085 0.06 2.019724155064211
0.04924862907726241 0.2127659574468085 0.07 2.02026243567766
0.05627549370296584 0.2127659574468085 0.08 2.0208838187429374
0.06329889634452983 0.2127659574468085 0.09 2.021588428805878
0.07031840396768028 0.2127659574468085 0.1 2.0223764071787427
0.07733358343707397 0.2127659574468085 0.11 2.0232479120172506
0.08434400150555707 0.2127659574468085 0.12 2.024203118366984
0.09134922480288411 0.2127659574468085 0.13 2.025242218252929
0.09834881982490372 0.2127659574468085 0.14 2.026365420753148
0.10534235292192448 0.2127659574468085 0.15 2.027572952117118
0.11232939028880246 0.2127659574468085 0.16 2.0288650558210817
0.11930949795282685 0.2127659574468085 0.17 2.0302419927228206
0.1262822417633712 0.2127659574468085 0.18 2.0317040411532306
0.13324718738109415 0.2127659574468085 0.19 2.0332514970382913
0.14020390026661309 0.2127659574468085 0.2 2.0348846740460687
0.14715194566988404 0.2127659574468085 0.21 2.0366039037192647
0.154090888619057 0.2127659574468085 0.22 2.0384095356331
0.16102029390944875 0.2127659574468085 0.23 2.040301937557379
0.1679397260932657 0.2127659574468085 0.24 2.0422814956087576
0.17484874946705847 0.2127659574468085 0.25 2.044348614468944
0.18174692806255463 0.2127659574468085 0.26 2.046503717527013
0.18863382563346096 0.2127659574468085 0.27 2.048747247128135
0.19550900564563567 0.2127659574468085 0.28 2.051079664750263
0.20237203126448106 0.2127659574468085 0.29 2.0535014512526164
0.20922246534354874 0.2127659574468085 0.3 2.056013107103818
0.2160598704136628 0.2127659574468085 0.31 2.0586151526096335
0.22288380866809854 0.2127659574468085 0.32 2.06130812822519
0.2296938419532923 0.2127659574468085 0.33 2.0640925947667874
0.23648953175229545 0.2127659574468085 0.34 2.0669691337685463
0.24327043917467722 0.2127659574468085 0.35 2.0699383477258215
0.2500361249394947 0.2127659574468085 0.36 2.0730008604701133
0.25678614936243327 0.2127659574468085 0.37 2.076157317475144
0.2635200723404282 0.2127659574468085 0.38 2.0794083862137356
0.2702374533336306 0.2127659574468085 0.39 2.082754756561508
0.27693785134939214 0.2127659574468085 0.4 2.0861971411719296
0.2836208249238504 0.2127659574468085 0.41 2.0897362758946763
0.29028593210182035 0.2127659574468085 0.42 2.093372920223025
0.2969327304144043 0.2127659574468085 0.43 2.097107857776865
0.3035607768576968 0.2127659574468085 0.44 2.1009418967720888
0.3101696278656101 0.2127659574468085 0.45 2.104875870575555
0.3167588392845033 0.2127659574468085 0.46 2.1089106382345153
0.3233279663424957 0.2127659574468085 0.47 2.1130470850797107
0.3298765636157386 0.2127659574468085 0.48 2.1172861233664215
0.33640418499147157 0.2127659574468085 0.49 2.1216286929540433
0.34291038363277737 0.2127659574468085 0.5 2.1260757619617596
0.349394711927331 0.2127659574468085 0.51 2.1306283276222135
0.35585672144058744 0.2127659574468085 0.52 2.1352874170687337
0.3622959628633884 0.2127659574468085 0.53 2.1400540881855505
0.3687119859460371 0.2127659574468085 0.54 2.144929430610388
0.3751043394319275 0.2127659574468085 0.55 2.1499145667274644
0.3814725709788891 0.2127659574468085 0.56 2.155010652789945
0.3878162270742784 0.2127659574468085 0.57 2.160218880096303
0.3941348529316422 0.2127659574468085 0.58 2.1655404763539976
0.4004279923847002 0.2127659574468085 0.59 2.1709767070473274
0.40669518776036107 0.2127659574468085 0.6 2.176528877010461
0.4129359797373149 0.2127659574468085 0.61 2.182198332124182
0.4191499071813918 0.2127659574468085 0.62 2.1879864612242175
0.42533650696509107 0.2127659574468085 0.63 2.193894698134114
0.4314953137588475 0.2127659574468085 0.64 2.199924523947144
0.4376258597857379 0.2127659574468085 0.65 2.2060774696295318
0.4437276745535853 0.2127659574468085 0.66 2.2123551187904593
0.4498002845362329 0.2127659574468085 0.67 2.218759110895412
0.45584321281464113 0.2127659574468085 0.68 2.2252911447979176
0.4618559786531789 0.2127659574468085 0.69 2.2319529828182354
0.46783809701745765 0.2127659574468085 0.7 2.2387464552850225
0.4737890780184452 0.2127659574468085 0.71 2.245673465670291
0.4797084262438547 0.2127659574468085 0.72 2.2527359966639726
0.48559564001172584 0.2127659574468085 0.73 2.259936116824828
0.49145021044663906 0.2127659574468085 0.74 2.2672759887157894
0.4972716204434034 0.2127659574468085 0.75 2.2747578778696846
0.5030593434068408 0.2127659574468085 0.76 2.282384163581401
0.5088128417445414 0.2127659574468085 0.77 2.2901573516696696
0.5145315650971701 0.2127659574468085 0.78 2.298080089284243
0.5202149481821396 0.2127659574468085 0.79 2.3061551828051354
0.5258624081705294 0.2127659574468085 0.8 2.3143856194441828
0.5314733415252142 0.2127659574468085 0.81 2.3227745930720065
0.5370471200545371 0.2127659574468085 0.82 2.331325536293951
0.5425830860500616 0.2127659574468085 0.83 2.3400421597328442
0.5480805461570583 0.2127659574468085 0.84 2.348928501349181
0.5535387636107161 0.2127659574468085 0.85 2.3579889886685494
0.5589569482043106 0.2127659574468085 0.86 2.3672285189715248
0.5643342433042673 0.2127659574468085 0.87 2.37665256278522
0.5696697084411527 0.2127659574468085 0.88 2.3862673024803525
0.5749620273705122 0.2127659574468085 0.89 2.3960820564434466
0.5802108150178471 0.2127659574468085 0.9 2.4060983731478145
0.5854139073356804 0.2127659574468085 0.91 2.4163326022992933
0.5905699226789608 0.2127659574468085 0.92 2.4267945164449345
0.5956768934009102 0.2127659574468085 0.93 2.43749868036836
0.6007323184043036 0.2127659574468085 0.94 2.4484639462791913
0.6057328835764224 0.2127659574468085 0.95 2.459715674407142
0.6106739983749724 0.2127659574468085 0.96 2.4712894125214473
0.6155486533538717 0.2127659574468085 0.97 2.4832400126942438
0.6203449622491981 0.2127659574468085 0.98 2.49566122780971
0.6250376727524112 0.2127659574468085 0.99 2.5087535536003305
0.0 0.22695035460992907 0.0 2.0207671070192466
0.007034567555132734 0.22695035460992907 0.01 2.020808642963061
0.0140687013330607 0.22695035460992907 0.02 2.020933259189886
0.02110196754429293 0.22695035460992907 0.03 2.021140980871786
0.028133932374767686 0.22695035460992907 0.04 2.0214318499776596
0.035164161973539096 0.22695035460992907 0.05 2.0218059252938847
0.04219222244053614 0.22695035460992907 0.06 2.022263282444117
0.049217679814302584 0.22695035460992907 0.07 2.022804013924259
0.05624010005957748 0.22695035460992907 0.08 2.0234282291561714
0.06325904905527825 0.22695035460992907 0.09 2.0241360545156413
0.07027409258205683 0.22695035460992907 0.1 2.024927633405801
0.07728479631008636 0.22695035460992907 0.11 2.0258031263176752
0.08429072578678842 0.22695035460992907 0.12 2.0267627109039013
0.09129144642464974 0.22695035460992907 0.13 2.0278065820562015
0.09828652348907731 0.22695035460992907 0.14 2.0289349519908533
0.10527552208574717 0.22695035460992907 0.15 2.030148050363232
0.11225800714877363 0.22695035460992907 0.16 2.0314461243544164
0.11923354342839547 0.22695035460992907 0.17 2.03282943878904
0.12620169547809507 0.22695035460992907 0.18 2.034298276278374
0.13316202764300508 0.22695035460992907 0.19 2.0358529373259184
0.14011410404727467 0.22695035460992907 0.2 2.0374937404791
0.147057488581272 0.22695035460992907 0.21 2.0392210224905845
0.15399174488941172 0.22695035460992907 0.22 2.041035138468162
0.16091643635778372 0.22695035460992907 0.23 2.042936462040252
0.16783112610070916 0.22695035460992907 0.24 2.0449253855565472
0.17473537694856642 0.22695035460992907 0.25 2.0470023202620315
0.1816287514344309 0.22695035460992907 0.26 2.049167696509265
0.1885108117806649 0.22695035460992907 0.27 2.0514219639772056
0.19538111988621348 0.22695035460992907 0.28 2.053765591881583
0.2022392373116256 0.22695035460992907 0.29 2.0561990692418717
0.20908472526632974 0.22695035460992907 0.3 2.0587229051055194
0.21591714459348402 0.22695035460992907 0.31 2.0613376288304
0.22273605575547914 0.22695035460992907 0.32 2.064043790358785
0.22954101881766512 0.22695035460992907 0.33 2.0668419605307036
0.2363315934338242 0.22695035460992907 0.34 2.069732731369818
0.2431073388287245 0.22695035460992907 0.35 2.0727167164289337
0.24986781378040307 0.22695035460992907 0.36 2.075794551142741
0.2566125766032035 0.22695035460992907 0.37 2.0789668931724408
0.26334118512748766 0.22695035460992907 0.38 2.0822344228105956
0.270053196679138 0.22695035460992907 0.39 2.0855978433906737
0.27674816806035335 0.22695035460992907 0.4 2.089057881680444
0.283425655521786 0.22695035460992907 0.41 2.092615288411212
0.29008521474260035 0.22695035460992907 0.42 2.09627083868555
0.29672640080126234 0.22695035460992907 0.43 2.100025332527333
0.3033487681483068 0.22695035460992907 0.44 2.1038795954005693
0.30995187057233126 0.22695035460992907 0.45 2.1078344788232832
0.3165352611698952 0.22695035460992907 0.46 2.1118908609241704
0.3230984923051089 0.22695035460992907 0.47 2.1160496471387464
0.32964111557124937 0.22695035460992907 0.48 2.12031177087173
0.3361626817444613 0.22695035460992907 0.49 2.1246781942588497
0.3426627407365969 0.22695035460992907 0.5 2.1291499089318995
0.34914084153772845 0.22695035460992907 0.51 2.133727936906
0.35559653215996195 0.22695035460992907 0.52 2.1384133314391067
0.36202935956728954 0.22695035460992907 0.53 2.1432071780515636
0.36843886960247885 0.22695035460992907 0.54 2.1481105955644026
0.3748246069046661 0.22695035460992907 0.55 2.153124737231754
0.3811861148149557 0.22695035460992907 0.56 2.1582507919930256
0.38752293527463655 0.22695035460992907 0.57 2.163489985786627
0.39383460870576453 0.22695035460992907 0.58 2.1688435830376513
0.40012067387984546 0.22695035460992907 0.59 2.1743128882467166
0.40638066777584814 0.22695035460992907 0.6 2.1798992476639416
0.4126141254016056 0.22695035460992907 0.61 2.1856040513221022
0.4188205796161962 0.22695035460992907 0.62 2.1914287350119395
0.4249995609060374 0.22695035460992907 0.63 2.197374782701602
0.4311505971445676 0.22695035460992907 0.64 2.2034437290671955
0.43727321331262353 0.22695035460992907 0.65 2.2096371623669997
0.44336693118302667 0.22695035460992907 0.66 2.2159567276083867
0.44943126895037205 0.22695035460992907 0.67 2.2224041301854274
0.45546574082028396 0.22695035460992907 0.68 2.228981139826522
0.46146985651645855 0.22695035460992907 0.69 2.2356895952489966
0.46744312073825434 0.22695035460992907 0.7 2.2425314091742057
0.47338503250209757 0.22695035460992907 0.71 2.2495085743324696
0.47929508440204427 0.22695035460992907 0.72 2.2566231700818293
0.4851727617312139 0.22695035460992907 0.73 2.263877370170718
0.4910175414483064 0.22695035460992907 0.74 2.2712734517483555
0.49682889098278704 0.22695035460992907 0.75 2.2788138056401417
0.5026062668020576 0.22695035460992907 0.76 2.286500948550623
0.5083491127159482 0.22695035460992907 0.77 2.2943375373525385
0.5140568578387269 0.22695035460992907 0.78 2.3023263861155465
0.5197289141658301 0.22695035460992907 0.79 2.3104704861725733
0.525364673609909 0.22695035460992907 0.8 2.3187730305143606
0.530963504391552 0.22695035460992907 0.81 2.3272374433040843
0.5365247466136561 0.22695035460992907 0.82 2.335867415864673
0.542047706752757 0.22695035460992907 0.83 2.3446669512793963
0.547531650740313 0.22695035460992907 0.84 2.3536404201967462
0.5529757952306327 0.22695035460992907 0.85 2.3627926310101364
0.5583792962764784 0.22695035460992907 0.86 2.3721289206966176
0.5637412347402359 0.22695035460992907 0.87 2.3816552715067463
0.5690605235339015 0.22695035460992907 0.88 2.391379082523161
0.5743362486401915 0.22695035460992907 0.89 2.4013062924184667
0.5795669005671005 0.22695035460992907 0.9 2.4114478235041226
0.5847510511545881 0.22695035460992907 0.91 2.4218138709742885
0.5898868773501792 0.22695035460992907 0.92 2.4324178670135304
0.5949722562620817 0.22695035460992907 0.93 2.443275652800306
0.6000043704928978 0.22695035460992907 0.94 2.4544086877284226
0.6049795720308421 0.22695035460992907 0.95 2.4658450907507063
0.6098927068338785 0.22695035460992907 0.96 2.4776250653266243
0.6147360521811693 0.22695035460992907 0.97 2.4898093929324494
0.6194962476861668 0.22695035460992907 0.98 2.5025040616304204
0.6241452855231827 0.22695035460992907 0.99 2.5159325875845036
0.0 0.24113475177304963 0.0 2.0234681986619942
0.00702987057623429 0.24113475177304963 0.01 2.023509934934045
0.014059306155420852 0.24113475177304963 0.02 2.0236351522748013
0.021087871727172594 0.24113475177304963 0.03 2.023843876233335
0.028115132254241944 0.24113475177304963 0.04 2.0241361494354146
0.03514065265935219 0.24113475177304963 0.05 2.0245120315543903
0.04216399781151231 0.24113475177304963 0.06 2.0249715993882025
0.04918473251294191 0.24113475177304963 0.07 2.0255149468515623
0.056202421485389495 0.24113475177304963 0.08 2.0261421850520698
0.06321662935691205 0.24113475177304963 0.09 2.0268534423228006
0.07022692064832398 0.24113475177304963 0.1 2.027648864293076
0.07723285975967166 0.24113475177304963 0.11 2.028528613959584
0.08423401095716053 0.24113475177304963 0.12 2.0294928717418523
0.09122993835907153 0.24113475177304963 0.13 2.030541835599895
0.09822020592298945 0.24113475177304963 0.14 2.031675721091273
0.10520437743122857 0.24113475177304963 0.15 2.0328947615198127
0.11218201647823517 0.24113475177304963 0.16 2.0341992080029363
0.11915268645625654 0.24113475177304963 0.17 2.0355893296209926
0.12611595054176197 0.24113475177304963 0.18 2.0370654135401853
0.13307137168192865 0.24113475177304963 0.19 2.0386277651429956
0.1400185125800182 0.24113475177304963 0.2 2.0402767082008033
0.14695693568183676 0.24113475177304963 0.21 2.0420125850170576
0.15388620316161344 0.24113475177304963 0.22 2.0438357565972867
0.16080587690727188 0.24113475177304963 0.23 2.0457466028414846
0.1677155185064374 0.24113475177304963 0.24 2.0477455227225256
0.1746146892305476 0.24113475177304963 0.25 2.049832934518943
0.18150295002123365 0.24113475177304963 0.26 2.052009275996401
0.18837986147413488 0.24113475177304963 0.27 2.054275004658816
0.19524498382301528 0.24113475177304963 0.28 2.0566305979945736
0.2020978769246726 0.24113475177304963 0.29 2.0590765537116003
0.2089381002418448 0.24113475177304963 0.3 2.0616133900214857
0.21576521282611139 0.24113475177304963 0.31 2.0642416459264594
0.22257877329966042 0.24113475177304963 0.32 2.0669618815321824
0.229378339839405 0.24113475177304963 0.33 2.06977467832091
0.2361634701550173 0.24113475177304963 0.34 2.0726806395431963
0.24293372147101924 0.24113475177304963 0.35 2.0756803905353127
0.24968865050509415 0.24113475177304963 0.36 2.0787745791089316
0.2564278134464824 0.24113475177304963 0.37 2.081963875940273
0.2631507659333202 0.24113475177304963 0.38 2.0852489749795646
0.26985706302678736 0.24113475177304963 0.39 2.088630593913175
0.27654625918628595 0.24113475177304963 0.4 2.092109474608914
0.28321790824110116 0.24113475177304963 0.41 2.0956863836172257
0.28987156335952113 0.24113475177304963 0.42 2.0993621127085507
0.29650677701834877 0.24113475177304963 0.43 2.103137479402966
0.3031231009675829 0.24113475177304963 0.44 2.1070133275687963
0.3097200861912948 0.24113475177304963 0.45 2.110990528069792
0.31629728286968356 0.24113475177304963 0.46 2.115069979391008
0.3228542403309881 0.24113475177304963 0.47 2.1192526083981
0.32939050700622474 0.24113475177304963 0.48 2.123539371049406
0.3359056303732422 0.24113475177304963 0.49 2.1279312532414396
0.34239915689905 0.24113475177304963 0.5 2.1324292716639914
0.34887063197604834 0.24113475177304963 0.51 2.1370344747213217
0.35531959984627687 0.24113475177304963 0.52 2.141747943587039
0.3617456035306959 0.24113475177304963 0.53 2.146570793180437
0.3681481847320249 0.24113475177304963 0.54 2.1515041734453324
0.374526883742198 0.24113475177304963 0.55 2.156549270546967
0.3808812393338867 0.24113475177304963 0.56 2.161707308234116
0.3872107886340624 0.24113475177304963 0.57 2.1669795493782464
0.39351506699549227 0.24113475177304963 0.58 2.1723672975034
0.3997936078348776 0.24113475177304963 0.59 2.1778718986551753
0.40604594246743564 0.24113475177304963 0.6 2.1834947432644007
0.4122715999106184 0.24113475177304963 0.61 2.189237268303889
0.4184701066628023 0.24113475177304963 0.62 2.1951009596600226
0.42464098646454246 0.24113475177304963 0.63 2.2010873546316994
0.43078376000510227 0.24113475177304963 0.64 2.207198044938446
0.4368979446095487 0.24113475177304963 0.65 2.2134346798506384
0.4429830538799865 0.24113475177304963 0.66 2.219798969709877
0.4490385972663414 0.24113475177304963 0.67 2.226292690067438
0.45506407959871215 0.24113475177304963 0.68 2.232917686096644
0.4610590005387029 0.24113475177304963 0.69 2.2396758776908636
0.4670228539404323 0.24113475177304963 0.7 2.2465692653082723
0.47295512712817145 0.24113475177304963 0.71 2.253599936468901
0.47885530003455695 0.24113475177304963 0.72 2.2607700734156073
0.48472284422707723 0.24113475177304963 0.73 2.268081961634213
0.4905572217318594 0.24113475177304963 0.74 2.2755380000567373
0.49635788368853606 0.24113475177304963 0.75 2.2831407125737964
0.5021242687283057 0.24113475177304963 0.76 2.2908927618088453
0.5078558010781595 0.24113475177304963 0.77 2.2987969650511153
0.5135518882593236 0.24113475177304963 0.78 2.3068563134755604
0.5192119183741385 0.24113475177304963 0.79 2.3150739945991905
0.5248352567673384 0.24113475177304963 0.8 2.323453419789139
0.530421242013857 0.24113475177304963 0.81 2.3319982570961124
0.5359691808938601 0.24113475177304963 0.82 2.3407124722475667
0.5414783423260365 0.24113475177304963 0.83 2.3496003778287196
0.5469479495389625 0.24113475177304963 0.84 2.3586666966887466
0.5523771704139298 0.24113475177304963 0.85 2.3679166397702724
0.5577651045926021 0.24113475177304963 0.86 2.3773560100617166
0.563110768459069 0.24113475177304963 0.87 2.386991322620359
0.5684130742237398 0.24113475177304963 0.88 2.3968299723745172
0.5736707841773219 0.24113475177304963 0.89 2.4068806074637505
0.57888250965378 0.24113475177304963 0.9 2.417153121341295
0.5840466125788958 0.24113475177304963 0.91 2.427659459052599
0.5891611226481329 0.24113475177304963 0.92 2.4384142776643007
0.5942236584542999 0.24113475177304963 0.93 2.449435565385464
0.5992311706659582 0.24113475177304963 0.94 2.460746718247106
0.6041796133801458 0.24113475177304963 0.95 2.4723791741673766
0.609063321848704 0.24113475177304963 0.96 2.4843774146340682
0.6138736873802446 0.24113475177304963 0.97 2.4968096346983577
0.6185960646374518 0.24113475177304963 0.98 2.5097926654263176
0.6231994275222609 0.24113475177304963 0.99 2.5235754728734614
0.0 0.2553191489361702 0.0 2.0263390394581426
0.007024888716609497 0.2553191489361702 0.01 2.0263809888058977
0.014049341144054414 0.2553191489361702 0.02 2.026506845497244
0.02107292097862137 0.2553191489361702 0.03 2.0267166355056676
0.02809519188753592 0.2553191489361702 0.04 2.0270104021242377
0.03511571749429283 0.2553191489361702 0.05 2.027388206007463
0.04213406136432967 0.2553191489361702 0.06 2.027850125166443
0.04914978699012226 0.2553191489361702 0.07 2.0283962550481065
0.056162457776930824 0.2553191489361702 0.08 2.0290267085433715
0.0631716370278967 0.2553191489361702 0.09 2.0297416160693125
0.07017688792938392 0.2553191489361702 0.1 2.0305411256276455
0.07717777353651067 0.2553191489361702 0.11 2.03142540286273
0.08417385675822449 0.2553191489361702 0.12 2.0323946311554137
0.09116470034234493 0.2553191489361702 0.13 2.0334490117191457
0.09814986686123338 0.2553191489361702 0.14 2.0345887636741655
0.10512891869595367 0.2553191489361702 0.15 2.0358141241966248
0.11210141802230933 0.2553191489361702 0.16 2.0371253485909744
0.11906692679456801 0.2553191489361702 0.17 2.038522710463894
0.12602500673145456 0.2553191489361702 0.18 2.0400065018159865
0.13297521929876147 0.2553191489361702 0.19 2.0415770332579206
0.13991712569695613 0.2553191489361702 0.2 2.043234634066774
0.1468502868419971 0.2553191489361702 0.21 2.044979652466155
0.15377426335150793 0.2553191489361702 0.22 2.046812455740138
0.16068861552780547 0.2553191489361702 0.23 2.048733430450207
0.1675929033418236 0.2553191489361702 0.24 2.0507429826299255
0.17448668641564188 0.2553191489361702 0.25 2.0528415380201572
0.1813695240068534 0.2553191489361702 0.26 2.055029542263805
0.18824097498843873 0.2553191489361702 0.27 2.057307461211359
0.1951005978337162 0.2553191489361702 0.28 2.059675781111366
0.20194795059573167 0.2553191489361702 0.29 2.062135008932355
0.20878259088914897 0.2553191489361702 0.3 2.0646856726301968
0.21560407586995511 0.2553191489361702 0.31 2.0673283214652183
0.22241196221521892 0.2553191489361702 0.32 2.070063526319785
0.2292058061027323 0.2553191489361702 0.33 2.072891880022066
0.23598516318662419 0.2553191489361702 0.34 2.0758139977462626
0.24274958857609463 0.2553191489361702 0.35 2.0788305173553527
0.24949863681024212 0.2553191489361702 0.36 2.081942099816828
0.25623186183157515 0.2553191489361702 0.37 2.0851494296391926
0.2629488169599073 0.2553191489361702 0.38 2.0884532153016204
0.269649054862658 0.2553191489361702 0.39 2.0918541897424765
0.2763321275240594 0.2553191489361702 0.4 2.0953531108623404
0.28299758621208576 0.2553191489361702 0.41 2.0989507620598653
0.2896449814440941 0.2553191489361702 0.42 2.102647952784296
0.2962738629470725 0.2553191489361702 0.43 2.106445519163709
0.30288377961787755 0.2553191489361702 0.44 2.11034432462655
0.3094742794782541 0.2553191489361702 0.45 2.1143452605919575
0.31604490962780457 0.2553191489361702 0.46 2.118449247180683
0.3225952161911062 0.2553191489361702 0.47 2.122657233997603
0.3291247442577965 0.2553191489361702 0.48 2.126970200995805
0.3356330378245062 0.2553191489361702 0.49 2.1313891593034806
0.34211963972279946 0.2553191489361702 0.5 2.135915152220026
0.34858409154518716 0.2553191489361702 0.51 2.140549256217782
0.35502593356218637 0.2553191489361702 0.52 2.1452925820384006
0.36144470462766076 0.2553191489361702 0.53 2.150146275911165
0.3678399420810505 0.2553191489361702 0.54 2.155111520784528
0.37421118162937345 0.2553191489361702 0.55 2.1601895377726916
0.3805579572268896 0.2553191489361702 0.56 2.1653815875976417
0.38687980092817026 0.2553191489361702 0.57 2.1706889723057032
0.3931762427401549 0.2553191489361702 0.58 2.1761130369557895
0.39944681043610303 0.2553191489361702 0.59 2.181655171694607
0.40569102936756324 0.2553191489361702 0.6 2.1873168138019055
0.4119084222366183 0.2553191489361702 0.61 2.1930994501191994
0.41809850885190963 0.2553191489361702 0.62 2.1990046195909065
0.4242608058434489 0.2553191489361702 0.63 2.205033916178748
0.4303948263413899 0.2553191489361702 0.64 2.211188992077025
0.43650007961858883 0.2553191489361702 0.65 2.2174715612193103
0.44257607067406174 0.2553191489361702 0.66 2.223883403298005
0.44862229976585055 0.2553191489361702 0.67 2.230426368188985
0.45463826187037226 0.2553191489361702 0.68 2.237102380994724
0.46062344606184774 0.2553191489361702 0.69 2.2439134477436973
0.46657733480888364 0.2553191489361702 0.7 2.2508616617509443
0.47249940314735367 0.2553191489361702 0.71 2.257949211010642
0.47838911772066717 0.2553191489361702 0.72 2.265178386665839
0.4842459356874118 0.2553191489361702 0.73 2.2725515925197204
0.4900693034066528 0.2553191489361702 0.74 2.28007135639626
0.49585865492901904 0.2553191489361702 0.75 2.2877403430229863
0.5016134101928484 0.2553191489361702 0.76 2.2955613693198416
0.5073329728934461 0.2553191489361702 0.77 2.303537422307289
0.513016727950195 0.2553191489361702 0.78 2.3116716802383896
0.5186640384418885 0.2553191489361702 0.79 2.3199675380261153
0.5242742419263211 0.2553191489361702 0.8 2.3284286375901564
0.5298466459473374 0.2553191489361702 0.81 2.3370589047344654
0.535380522526493 0.2553191489361702 0.82 2.3458625941647133
0.5408751012929354 0.2553191489361702 0.83 2.354844345462833
0.5463295609733799 0.2553191489361702 0.84 2.3640092521575693
0.5517430184281004 0.2553191489361702 0.85 2.373362950608809
0.5571145148315438 0.2553191489361702 0.86 2.3829117316734294
0.5624430134296062 0.2553191489361702 0.87 2.3926625519153406
0.5677272013350924 0.2553191489361702 0.88 2.4026247051460894
0.5729660179567021 0.2553191489361702 0.89 2.412805326696288
0.5781578567032216 0.2553191489361702 0.9 2.423216153544797
0.5833008395694665 0.2553191489361702 0.91 2.433871143193825
0.588392893344963 0.2553191489361702 0.92 2.444785816902872
0.5934313914806502 0.2553191489361702 0.93 2.455980221918617
0.5984130533280873 0.2553191489361702 0.94 2.4674797121119836
0.6033333894393605 0.2553191489361702 0.95 2.479319461958481
0.6081862033675682 0.2553191489361702 0.96 2.4915484575248916
0.6129620858514269 0.2553191489361702 0.97 2.5042417028322412
0.6176449217336981 0.2553191489361702 0.98 2.5175285326311925
0.6222008197061243 0.2553191489361702 0.99 2.5316824518816463
0.0 0.2695035460992908 0.0 2.0293807100636063
0.007019621948836547 0.2695035460992908 0.01 2.0294228853365213
0.014038806244391602 0.2695035460992908 0.02 2.0295494199455466
0.02105711521760012 0.2695035460992908 0.03 2.0297603403031172
0.028074111167873464 0.2695035460992908 0.04 2.0300556904312006
0.035089356347342476 0.2695035460992908 0.05 2.0304355319889322
0.04210241294505467 0.2695035460992908 0.06 2.030899944306005
0.04911284307101948 0.2695035460992908 0.07 2.03144902443318
0.05612020874058652 0.2695035460992908 0.08 2.0320828871671357
0.06312407185832991 0.2695035460992908 0.09 2.0328016651293805
0.07012399420211578 0.2695035460992908 0.1 2.0336055088281113
0.07711953740708646 0.2695035460992908 0.11 2.0344945867333277
0.08411026294980938 0.2695035460992908 0.12 2.0354690853505306
0.09109573213154473 0.2695035460992908 0.13 2.036529209345139
0.09807550606249059 0.2695035460992908 0.14 2.037675181619662
0.10504914564522948 0.2695035460992908 0.15 2.038907243438537
0.11201621155756143 0.2695035460992908 0.16 2.040225654577178
0.11897626423705204 0.2695035460992908 0.17 2.0416306934092554
0.12592886386318675 0.2695035460992908 0.18 2.043122657092805
0.1328735703402785 0.2695035460992908 0.19 2.044701861725901
0.13980994328124613 0.2695035460992908 0.2 2.0463686424823506
0.1467375419885804 0.2695035460992908 0.21 2.0481233538399315
0.1536559254377488 0.2695035460992908 0.22 2.049966369735482
0.16056465225820174 0.2695035460992908 0.23 2.0518980837952756
0.1674632807159083 0.2695035460992908 0.24 2.053918909526011
0.17435136869312357 0.2695035460992908 0.25 2.056029280581432
0.181228473670113 0.2695035460992908 0.26 2.0582296509805227
0.18809415270498123 0.2695035460992908 0.27 2.060520495376702
0.19494796241276482 0.2695035460992908 0.28 2.062902309344076
0.20178945894523473 0.2695035460992908 0.29 2.06537560965011
0.20861819796820646 0.2695035460992908 0.3 2.067940934584071
0.21543373463987786 0.2695035460992908 0.31 2.070598844264441
0.22223562358627955 0.2695035460992908 0.32 2.0733499210055917
0.2290234188772737 0.2695035460992908 0.33 2.0761947696724223
0.23579667400218612 0.2695035460992908 0.34 2.0791340180443565
0.24255494183971418 0.2695035460992908 0.35 2.0821683172817673
0.24929777463345482 0.2695035460992908 0.36 2.0852983422895375
0.2560247239582462 0.2695035460992908 0.37 2.0885247922403254
0.2627353406929252 0.2695035460992908 0.38 2.0918483909850125
0.269429174981692 0.2695035460992908 0.39 2.0952698876489726
0.2761057762029369 0.2695035460992908 0.4 2.0987900571010534
0.282764692927804 0.2695035460992908 0.41 2.102409700581821
0.28940547287962837 0.2695035460992908 0.42 2.106129646308335
0.2960276628924898 0.2695035460992908 0.43 2.109950750087445
0.3026308088593101 0.2695035460992908 0.44 2.1138738960736063
0.309214455684916 0.2695035460992908 0.45 2.117899997443767
0.31577814722574243 0.2695035460992908 0.46 2.1220299972505607
0.3223214262326015 0.2695035460992908 0.47 2.1262648692178474
0.3288438342847364 0.2695035460992908 0.48 2.1306056186427886
0.3353449117137879 0.2695035460992908 0.49 2.135053283413067
0.3418241975290002 0.2695035460992908 0.5 2.1396089349883267
0.3482812293285385 0.2695035460992908 0.51 2.144273679541154
0.35471554320186904 0.2695035460992908 0.52 2.1490486591845075
0.3611266736297385 0.2695035460992908 0.53 2.153935053203635
0.36751415336043675 0.2695035460992908 0.54 2.1589340795481147
0.3738775132875638 0.2695035460992908 0.55 2.164046996271041
0.3802162823000037 0.2695035460992908 0.56 2.1692751032616666
0.38652998712674574 0.2695035460992908 0.57 2.1746197439947177
0.39281815215925175 0.2695035460992908 0.58 2.180082307494528
0.39908029924741917 0.2695035460992908 0.59 2.1856642305452296
0.40531594748202404 0.2695035460992908 0.6 2.191366999994244
0.4115246129417562 0.2695035460992908 0.61 2.1971921553842884
0.4177058084124107 0.2695035460992908 0.62 2.2031412918162414
0.4238590430674336 0.2695035460992908 0.63 2.209216063147779
0.4299838221128739 0.2695035460992908 0.64 2.215418185481697
0.43607964637608054 0.2695035460992908 0.65 2.221749441145546
0.442146011847847 0.2695035460992908 0.66 2.228211683042437
0.4481824091487998 0.2695035460992908 0.67 2.234806839653866
0.45418832293764033 0.2695035460992908 0.68 2.241536920492535
0.460163231210681 0.2695035460992908 0.69 2.248404022489249
0.4661066045130231 0.2695035460992908 0.7 2.255410337076996
0.47201790502364704 0.2695035460992908 0.71 2.2625581583153616
0.47789658549022646 0.2695035460992908 0.72 2.269849892248948
0.4837420880071254 0.2695035460992908 0.73 2.277288067519788
0.4895538425642578 0.2695035460992908 0.74 2.284875347873725
0.4953312653588904 0.2695035460992908 0.75 2.292614546569522
0.5010737568108982 0.2695035460992908 0.76 2.3005086431836994
0.5067806992032923 0.2695035460992908 0.77 2.3085608034551
0.5124514538625367 0.2695035460992908 0.78 2.3167744028548434
0.5180853577943549 0.2695035460992908 0.79 2.3251530545350603
0.5236817195988567 0.2695035460992908 0.8 2.333700643114544
0.5292398145315359 0.2695035460992908 0.81 2.342421365328948
0.5347588784165186 0.2695035460992908 0.82 2.351319779963964
0.5402381000556712 0.2695035460992908 0.83 2.3604008699594816
0.5456766118488334 0.2695035460992908 0.84 2.3696701188688727
0.5510734780585674 0.2695035460992908 0.85 2.379133606267614
0.5564275253811228 0.2695035460992908 0.86 2.3887994554951777
0.5617380928184877 0.2695035460992908 0.87 2.398671385724418
0.5670034635444184 0.2695035460992908 0.88 2.4087621634762666
0.5722222650185514 0.2695035460992908 0.89 2.4190815497397153
0.5773931871299631 0.2695035460992908 0.9 2.4296387670607933
0.5825139840830237 0.2695035460992908 0.91 2.4404508936179092
0.5875824800312334 0.2695035460992908 0.92 2.451534327524227
0.5925958112902248 0.2695035460992908 0.93 2.4629111356912774
0.5975503672335307 0.2695035460992908 0.94 2.474609477672402
0.602441368206656 0.2695035460992908 0.95 2.486667041512561
0.6072618495046738 0.2695035460992908 0.96 2.4991393354088065
0.6120017386464015 0.2695035460992908 0.97 2.5121071328580604
0.61664347567349 0.2695035460992908 0.98 2.5257122444650957
0.6211502385916677 0.2695035460992908 0.99 2.540253605452001
0.0 0.2836879432624113 0.0 2.03259435674976
0.007014070247019109 0.2836879432624113 0.01 2.0326367709102056
0.014027701404954743 0.2836879432624113 0.02 2.032764022347839
0.021040454367671522 0.2836879432624113 0.03 2.0329761379288662
0.02805188999497045 0.2836879432624113 0.04 2.0332731624398077
0.03506156909550639 0.2836879432624113 0.05 2.033655158617459
0.042069052409721745 0.2836879432624113 0.06 2.0341222071771465
0.04907390059264094 0.2836879432624113 0.07 2.034674406862436
0.05607567419666319 0.2836879432624113 0.08 2.035311874495095
0.06307393365459847 0.2836879432624113 0.09 2.0360347450160474
0.0700682392618822 0.2836879432624113 0.1 2.036843171591549
0.07705815115952518 0.2836879432624113 0.11 2.0377373256665363
0.08404322931654681 0.2836879432624113 0.12 2.0387173970617254
0.09102303351182815 0.2836879432624113 0.13 2.0397835940986853
0.09799712331739134 0.2836879432624113 0.14 2.040936143659993
0.10496505807946915 0.2836879432624113 0.15 2.042175291360229
0.11192639690067802 0.2836879432624113 0.16 2.043501301662912
0.11888069862210747 0.2836879432624113 0.17 2.0449144580101133
0.12582752180401954 0.2836879432624113 0.18 2.0464150630061066
0.13276642470794683 0.2836879432624113 0.19 2.048003438553017
0.13969696527717318 0.2836879432624113 0.2 2.049679926046954
0.14661870111670514 0.2836879432624113 0.21 2.0514448865872326
0.1535311894748216 0.2836879432624113 0.22 2.0532987011421278
0.16043398722207197 0.2836879432624113 0.23 2.055241770793055
0.1673266508305747 0.2836879432624113 0.24 2.0572745169679543
0.17420873635324238 0.2836879432624113 0.25 2.0593973816788225
0.1810797994022094 0.2836879432624113 0.26 2.0616108277818395
0.1879393951262025 0.2836879432624113 0.27 2.063915339263202
0.1947870781877765 0.2836879432624113 0.28 2.0663114215279483
0.2016224027394412 0.2836879432624113 0.29 2.0687996017140873
0.20844492239917062 0.2836879432624113 0.3 2.0713804290196567
0.21525419022428155 0.2836879432624113 0.31 2.074054475062443
0.22204975868623872 0.2836879432624113 0.32 2.0768223342208283
0.22883117964070684 0.2836879432624113 0.33 2.0796846240657585
0.23559800430004074 0.2836879432624113 0.34 2.082641985742192
0.24234978320207679 0.2836879432624113 0.35 2.0856950844181976
0.24908606617741602 0.2836879432624113 0.36 2.0888446097558506
0.255806402315891 0.2836879432624113 0.37 2.092091276392002
0.2625103399302925 0.2836879432624113 0.38 2.095435824461216
0.2691974265179408 0.2836879432624113 0.39 2.098879020148122
0.2758672087193308 0.2836879432624113 0.4 2.102421656279662
0.282519232274643 0.2836879432624113 0.41 2.106064552942729
0.2891530419769162 0.2836879432624113 0.42 2.109808558144585
0.29576818162127555 0.2836879432624113 0.43 2.1136545485221716
0.3023641939505081 0.2836879432624113 0.44 2.1176034300931414
0.30894062059633437 0.2836879432624113 0.45 2.121656139055833
0.31549700201625663 0.2836879432624113 0.46 2.1258136426373815
0.3220328774231399 0.2836879432624113 0.47 2.1300769400256687
0.32854778471114215 0.2836879432624113 0.48 2.1344470633320536
0.3350412603724619 0.2836879432624113 0.49 2.1389250786565177
0.341512839408627 0.2836879432624113 0.5 2.143512087201207
0.3479620552301495 0.2836879432624113 0.51 2.1482092265082993
0.35438843954899646 0.2836879432624113 0.52 2.153017671759646
0.36079152225821814 0.2836879432624113 0.53 2.1579386372050546
0.3671708313033612 0.2836879432624113 0.54 2.1629733776572277
0.37352589253147 0.2836879432624113 0.55 2.1681231902179614
0.379856229532498 0.2836879432624113 0.56 2.173389416049768
0.3861613634580147 0.2836879432624113 0.57 2.1787734423668867
0.3924408128233221 0.2836879432624113 0.58 2.1842767045648923
0.39869409328122085 0.2836879432624113 0.59 2.1899006886142303
0.4049207173731358 0.2836879432624113 0.6 2.195646933641599
0.41112019424958934 0.2836879432624113 0.61 2.201517034779213
0.4172920293561609 0.2836879432624113 0.62 2.207512646311422
0.4234357240720301 0.2836879432624113 0.63 2.213635485241604
0.42955077532421576 0.2836879432624113 0.64 2.2198873350204553
0.4356366751170858 0.2836879432624113 0.65 2.226270050056207
0.4416929100342341 0.2836879432624113 0.66 2.232785560386507
0.4477189606384166 0.2836879432624113 0.67 2.239435877262894
0.4537143008187357 0.2836879432624113 0.68 2.2462230991158263
0.4596783970102867 0.2836879432624113 0.69 2.2531494186310588
0.46561070733016524 0.2836879432624113 0.7 2.2602171304620295
0.4715106805550193 0.2836879432624113 0.71 2.267428640286765
0.47737775495623885 0.2836879432624113 0.72 2.274786475003937
0.48321135693191514 0.2836879432624113 0.73 2.2822932946121206
0.4890108994296385 0.2836879432624113 0.74 2.2899519057716367
0.49477578007451 0.2836879432624113 0.75 2.2977652777986526
0.5005053789828781 0.2836879432624113 0.76 2.305736561194193
0.5061990561736667 0.2836879432624113 0.77 2.313869109446575
0.5118561484690524 0.2836879432624113 0.78 2.3221665049996263
0.5174759658000342 0.2836879432624113 0.79 2.3306325900332157
0.5230577867318136 0.2836879432624113 0.8 2.3392715035923355
0.5286008530105387 0.2836879432624113 0.81 2.3480877266670412
0.5341043629447911 0.2836879432624113 0.82 2.357086136677923
0.5395674631095457 0.2836879432624113 0.83 2.3662720756561266
0.544989237939218 0.2836879432624113 0.84 2.375651435574302
0.5503686658041368 0.2836879432624113 0.85 2.3852310326750135
0.5557047651766998 0.2836879432624113 0.86 2.3950173325745787
0.5609962062858994 0.2836879432624113 0.87 2.4050198018109374
0.5662417545092142 0.2836879432624113 0.88 2.415247061349819
0.5714398382127938 0.2836879432624113 0.89 2.4257105942045154
0.5765887181366994 0.2836879432624113 0.9 2.436423265334241
0.5816863214146893 0.2836879432624113 0.91 2.4474007118552654
0.586730193842486 0.2836879432624113 0.92 2.458661713881972
0.5917171964643201 0.2836879432624113 0.93 2.4702307026360457
0.5966434690266296 0.2836879432624113 0.94 2.482138008935336
0.6015037420535913 0.2836879432624113 0.95 2.4944255344830317
0.6062907381342084 0.2836879432624113 0.96 2.507151617702552
0.6109932445648912 0.2836879432624113 0.97 2.520406851478183
0.615592405626553 0.2836879432624113 0.98 2.5343444718843777
0.6200485104711294 0.2836879432624113 0.99 2.549288883108579
0.0 0.2978723404255319 0.0 2.035981192064047
0.007008233587278825 0.2978723404255319 0.01 2.036023858204427
0.014016026578356175 0.2978723404255319 0.02 2.036151865735337
0.021022938358692907 0.2978723404255319 0.03 2.0363652420009757
0.028028528276894928 0.2978723404255319 0.04 2.036664032613963
0.03503235562656007 0.2978723404255319 0.05 2.0370483014307563
0.04203397962757672 0.2978723404255319 0.06 2.0375181306354855
0.049032959407687045 0.2978723404255319 0.07 2.0380736207651324
0.05602885398412073 0.2978723404255319 0.08 2.0387148907492265
0.06302122224464105 0.2978723404255319 0.09 2.039442078002283
0.0700096229289753 0.2978723404255319 0.1 2.0402553384818134
0.07699361460989915 0.2978723404255319 0.11 2.0411548467782628
0.08397275567421598 0.2978723404255319 0.12 2.0421407962119167
0.09094660430382195 0.2978723404255319 0.13 2.043213398929475
0.0979147184558524 0.2978723404255319 0.14 2.0443728860470656
0.10487665584387494 0.2978723404255319 0.15 2.045619507745999
0.11183197391737572 0.2978723404255319 0.16 2.0469535334467315
0.11878022984238032 0.2978723404255319 0.17 2.048375251935234
0.12572098048103522 0.2978723404255319 0.18 2.0498849715348153
0.13265378237057196 0.2978723404255319 0.19 2.0514830202975607
0.13957819170280159 0.2978723404255319 0.2 2.0531697461785248
0.14649376430280706 0.2978723404255319 0.21 2.054945517239234
0.15340005560692835 0.2978723404255319 0.22 2.0568107218722353
0.1602966206401724 0.2978723404255319 0.23 2.0587657690404235
0.16718301399442198 0.2978723404255319 0.24 2.0608110884964446
0.17405878980389472 0.2978723404255319 0.25 2.0629471310748992
0.18092350172175492 0.2978723404255319 0.26 2.0651743689525532
0.18777670289535775 0.2978723404255319 0.27 2.067493295943264
0.19461794593944567 0.2978723404255319 0.28 2.0699044278369003
0.20144678291150414 0.2978723404255319 0.29 2.0724083026887437
0.2082627652824357 0.2978723404255319 0.3 2.075005481209856
0.215065443908818 0.2978723404255319 0.31 2.0776965471188484
0.22185436900268918 0.2978723404255319 0.32 2.0804821075423705
0.22862909010043334 0.2978723404255319 0.33 2.0833627934290937
0.23538915602938096 0.2978723404255319 0.34 2.0863392600023976
0.24213411487370828 0.2978723404255319 0.35 2.0894121872204985
0.24886351393784384 0.2978723404255319 0.36 2.092582280276152
0.25557689970805153 0.2978723404255319 0.37 2.0958502701214248
0.26227381781141623 0.2978723404255319 0.38 2.099216914029135
0.26895381297214954 0.2978723404255319 0.39 2.1026829961898006
0.27561642896563904 0.2978723404255319 0.4 2.1062493283356107
0.28226120856866743 0.2978723404255319 0.41 2.1099167504145226
0.2888876935062294 0.2978723404255319 0.42 2.1136861313045565
0.2954954243952776 0.2978723404255319 0.43 2.1175583695617135
0.30208394068060607 0.2978723404255319 0.44 2.121534394268168
0.30865278057177103 0.2978723404255319 0.45 2.1256151658487403
0.3152014809708735 0.2978723404255319 0.46 2.1298016770018866
0.32172957739015073 0.2978723404255319 0.47 2.1340949537489133
0.32823660387209586 0.2978723404255319 0.48 2.138496056425779
0.33472209289530347 0.2978723404255319 0.49 2.1430060808449043
0.3411855752709792 0.2978723404255319 0.5 2.1476261595498336
0.34762658003581504 0.2978723404255319 0.51 2.1523574630872484
0.3540446343258155 0.2978723404255319 0.52 2.1572012014883177
0.36043926324663245 0.2978723404255319 0.53 2.1621586257562058
0.3668099897230886 0.2978723404255319 0.54 2.1672310295707296
0.373156334337269 0.2978723404255319 0.55 2.1724197510857133
0.3794778151453155 0.2978723404255319 0.56 2.177726174930901
0.38577394748037236 0.2978723404255319 0.57 2.1831517343225415
0.3920442437271145 0.2978723404255319 0.58 2.188697913444166
0.39828821307380696 0.2978723404255319 0.59 2.1943662500167793
0.40450536123177566 0.2978723404255319 0.6 2.200158338162281
0.41069519013163414 0.2978723404255319 0.61 2.2060758314457716
0.41685719756510436 0.2978723404255319 0.62 2.2121204464250535
0.42299087679789704 0.2978723404255319 0.63 2.2182939664120456
0.429095716125657 0.2978723404255319 0.64 2.224598245735078
0.4351711983721059 0.2978723404255319 0.65 2.231035214488611
0.44121680032529514 0.2978723404255319 0.66 2.2376068837937564
0.4472319920855434 0.2978723404255319 0.67 2.2443153518181362
0.45321623633864605 0.2978723404255319 0.68 2.2511628103890486
0.4591689875040772 0.2978723404255319 0.69 2.2581515526797484
0.46508969077756407 0.2978723404255319 0.7 2.2652839817369146
0.470977781014001 0.2978723404255319 0.71 2.2725626203495675
0.4768326814486586 0.2978723404255319 0.72 2.279990122231572
0.4826538021959788 0.2978723404255319 0.73 2.287569285056013
0.4884405385127519 0.2978723404255319 0.74 2.295303065404792
0.4941922687697549 0.2978723404255319 0.75 2.3031945961020512
0.4999083520473853 0.2978723404255319 0.76 2.311247206646031
0.5055881252943498 0.2978723404255319 0.77 2.3194644472088126
0.5112308999715147 0.2978723404255319 0.78 2.327850116819081
0.5168359580051438 0.2978723404255319 0.79 2.33640829721499
0.5224025468850467 0.2978723404255319 0.8 2.3451433936967994
0.5279298737764625 0.2978723404255319 0.81 2.3540601839768027
0.5334170982709848 0.2978723404255319 0.82 2.36316387817546
0.5388633232745211 0.2978723404255319 0.83 2.372460194130294
0.5442675742103464 0.2978723404255319 0.84 2.381955533635554
0.5496288288451401 0.2978723404255319 0.85 2.3916567136828624
0.5549459427213517 0.2978723404255319 0.86 2.401571612287426
0.5602175895484884 0.2978723404255319 0.87 2.4117096666503492
0.5654423965580202 0.2978723404255319 0.88 2.422080689738996
0.5706187288078982 0.2978723404255319 0.89 2.4326967190684967
0.5757447159442393 0.2978723404255319 0.9 2.443571759283406
0.5808181127549893 0.2978723404255319 0.91 2.454722944287519
0.5858362914875407 0.2978723404255319 0.92 2.466170570177974
0.5907959147007377 0.2978723404255319 0.93 2.477940819973114
0.5956927646217539 0.2978723404255319 0.94 2.490067138650687
0.6005217678030424 0.2978723404255319 0.95 2.502589982328898
0.6052733476172949 0.2978723404255319 0.96 2.5155871321416776
0.609937185250732 0.2978723404255319 0.97 2.529142188358883
0.6144924090533411 0.2978723404255319 0.98 2.5434260012012135
0.6188965058269689 0.2978723404255319 0.99 2.558788131709215
0.0 0.3120567375886525 0.0 2.039542495481333
0.007002111948423156 0.3120567375886525 0.01 2.0395854268085563
0.014003781722586048 0.3120567375886525 0.02 2.0397142300751816
0.021004567128456487 0.3120567375886525 0.03 2.0399289331420887
0.028004025932533098 0.3120567375886525 0.04 2.0402295824480023
0.03500171584187254 0.3120567375886525 0.05 2.0406162430665304
0.0419971944843572 0.3120567375886525 0.06 2.0410889987144847
0.04899001938880527 0.3120567375886525 0.07 2.0416479518024486
0.055979747964800486 0.3120567375886525 0.08 2.0422932235075932
0.06296593748276096 0.3120567375886525 0.09 2.04302495382497
0.06994814505364542 0.3120567375886525 0.1 2.0438433016539364
0.07692592760836424 0.3120567375886525 0.11 2.0447484448998074
0.08389884187756057 0.3120567375886525 0.12 2.045740580555001
0.09086644437102173 0.3120567375886525 0.13 2.046819924809113
0.09782829135594745 0.3120567375886525 0.14 2.047986713210747
0.10478393883655088 0.3120567375886525 0.15 2.0492412007649747
0.11173294253232366 0.3120567375886525 0.16 2.0505836620966003
0.11867485785627836 0.3120567375886525 0.17 2.0520143916111855
0.12560923989300543 0.3120567375886525 0.18 2.0535337036640686
0.13253564337522256 0.3120567375886525 0.19 2.0551419327793483
0.13945362266278716 0.3120567375886525 0.2 2.0568394337883342
0.14636273171761666 0.3120567375886525 0.21 2.0586265821018
0.15326252408052599 0.3120567375886525 0.22 2.0605037739163934
0.16015255284612973 0.3120567375886525 0.23 2.0624714264775603
0.16703237063921222 0.3120567375886525 0.24 2.0645299783022564
0.17390152958685678 0.3120567375886525 0.25 2.066679889511436
0.18075958129375921 0.3120567375886525 0.26 2.068921642077182
0.18760607681349922 0.3120567375886525 0.27 2.0712557401687284
0.19444056662057352 0.3120567375886525 0.28 2.0736827104744853
0.20126260058075449 0.3120567375886525 0.29 2.076203102559237
0.20807172792092296 0.3120567375886525 0.3 2.0788174892290834
0.21486749719668802 0.3120567375886525 0.31 2.0815264669384685
0.2216494562594248 0.3120567375886525 0.32 2.084330656203318
0.2284171522202029 0.3120567375886525 0.33 2.087230702068645
0.2351701314147375 0.3120567375886525 0.34 2.0902272745501387
0.24190793936378222 0.3120567375886525 0.35 2.0933210691546646
0.24863012073224003 0.3120567375886525 0.36 2.0965128074136885
0.25533621928671785 0.3120567375886525 0.37 2.0998032374355673
0.26202577784895414 0.3120567375886525 0.38 2.1031931345184325
0.2686983382478645 0.3120567375886525 0.39 2.1066833017745243
0.2753534412668983 0.3120567375886525 0.4 2.110274570818705
0.2819906265892277 0.3120567375886525 0.41 2.1139678024774873
0.2886094327379842 0.3120567375886525 0.42 2.117763887560529
0.29520939701142396 0.3120567375886525 0.43 2.12166374769149
0.3017900554156151 0.3120567375886525 0.44 2.125668336157846
0.3083509425892489 0.3120567375886525 0.45 2.129778638856267
0.3148915917227019 0.3120567375886525 0.46 2.1339956752968106
0.32141153447320264 0.3120567375886525 0.47 2.1383204996387795
0.3279103008654264 0.3120567375886525 0.48 2.142754201899064
0.33438741919182235 0.3120567375886525 0.49 2.1472979091337865
0.3408424158993277 0.3120567375886525 0.5 2.1519527867709187
0.34727481546495537 0.3120567375886525 0.51 2.1567200400516744
0.3536841402586446 0.3120567375886525 0.52 2.1616009155947884
0.36006991039807 0.3120567375886525 0.53 2.1665967030208497
0.3664316435809026 0.3120567375886525 0.54 2.1717087368097854
0.37276885490641576 0.3120567375886525 0.55 2.1769383982364467
0.37908105667264 0.3120567375886525 0.56 2.182287117544029
0.3853677581571482 0.3120567375886525 0.57 2.187756376249532
0.39162846536627627 0.3120567375886525 0.58 2.193347709749014
0.39786268076535125 0.3120567375886525 0.59 2.1990627100667584
0.40406990296819284 0.3120567375886525 0.6 2.204903028984497
0.4102496263943593 0.3120567375886525 0.61 2.2108703814389266
0.4164013408865761 0.3120567375886525 0.62 2.2169665492594395
0.42252453128006906 0.3120567375886525 0.63 2.223193385320519
0.42861867691071553 0.3120567375886525 0.64 2.2295528182285977
0.4346832510702535 0.3120567375886525 0.65 2.236046857435691
0.44071772038207624 0.3120567375886525 0.66 2.2426775990379073
0.4467215440952469 0.3120567375886525 0.67 2.2494472322552896
0.45269417327549505 0.3120567375886525 0.68 2.2563580467820192
0.45863504988834314 0.3120567375886525 0.69 2.2634124410235708
0.4645436057447277 0.3120567375886525 0.7 2.2706129314837695
0.47041926128589934 0.3120567375886525 0.71 2.277962163488508
0.4762614241735228 0.3120567375886525 0.72 2.2854629235307677
0.48206948767805935 0.3120567375886525 0.73 2.2931181532515943
0.4878428287712788 0.3120567375886525 0.74 2.300930965903641
0.49358080591941494 0.3120567375886525 0.75 2.308904665250498
0.4992827564655435 0.3120567375886525 0.76 2.317042767875215
0.5049479935605693 0.3120567375886525 0.77 2.325349029175078
0.5105758024914221 0.3120567375886525 0.78 2.333827474337647
0.5161654363088806 0.3120567375886525 0.79 2.3424824350542197
0.5217161104884867 0.3120567375886525 0.8 2.3513185942401997
0.5272269966339338 0.3120567375886525 0.81 2.3603410384781824
0.5326972144627002 0.3120567375886525 0.82 2.3695553248135393
0.538125821422159 0.3120567375886525 0.83 2.3789675673001613
0.5435118064691576 0.3120567375886525 0.84 2.3885844853845133
0.5488540573644272 0.3120567375886525 0.85 2.3984136839280588
0.5541513730991784 0.3120567375886525 0.86 2.4084635338394995
0.5594023738423863 0.3120567375886525 0.87 2.4187439455903026
0.5646056003321239 0.3120567375886525 0.88 2.4292654924392765
0.5697592774287662 0.3120567375886525 0.89 2.4400414400810555
0.5748614175627135 0.3120567375886525 0.9 2.4510868269220394
0.5799096697081558 0.3120567375886525 0.91 2.462419738336261
0.5849011432726187 0.3120567375886525 0.92 2.4740627709490086
0.5898323225336872 0.3120567375886525 0.93 2.4860437151576957
0.5946986679698651 0.3120567375886525 0.94 2.4983988752009956
0.5994941694174909 0.3120567375886525 0.95 2.5111767596738126
0.6042102270675855 0.3120567375886525 0.96 2.524447376678945
0.6088341838883929 0.3120567375886525 0.97 2.538314387625228
0.613344213610358 0.3120567375886525 0.98 2.5529576265525367
0.6176952933550747 0.3120567375886525 0.99 2.5687497968311837
0.0 0.326241134751773 0.0 2.0432796141294602
0.006995705312455343 0.326241134751773 0.01 2.0433228239878236
0.01399096680204358 0.326241134751773 0.02 2.0434524630314956
0.02098534062469856 0.326241134751773 0.03 2.0436685596514725
0.02797838289394741 0.326241134751773 0.04 2.0439711611861084
0.034969649659514254 0.326241134751773 0.05 2.044360333964279
0.04195869688627922 0.326241134751773 0.06 2.0448361633034593
0.04894508043253218 0.326241134751773 0.07 2.045398753605746
0.055928356028670176 0.326241134751773 0.08 2.0460482283904633
0.06290807925556016 0.326241134751773 0.09 2.046784730370645
0.06988380552275149 0.326241134751773 0.1 2.047608421538614
0.07685509004642885 0.326241134751773 0.11 2.048519483266909
0.0838214878273695 0.326241134751773 0.12 2.049518116408445
0.09078255362859532 0.326241134751773 0.13 2.0506045414156353
0.09773784195275437 0.326241134751773 0.14 2.0517789984726007
0.1046869070188828 0.326241134751773 0.15 2.053041747652881
0.11162930273982949 0.326241134751773 0.16 2.054393069048936
0.11856458269807271 0.326241134751773 0.17 2.055833262967985
0.12549230012178303 0.326241134751773 0.18 2.0573626501121045
0.13241200786086296 0.326241134751773 0.19 2.058981571760775
0.13932325836165538 0.326241134751773 0.2 2.0606903899975664
0.14622560364103906 0.326241134751773 0.21 2.062489487950152
0.15311859526152394 0.326241134751773 0.22 2.064379269999764
0.1600017843030088 0.326241134751773 0.23 2.066360162084837
0.16687472133694756 0.326241134751773 0.24 2.068432611933309
0.1737369563960528 0.326241134751773 0.25 2.0705970894103043
0.18058803894737296 0.326241134751773 0.26 2.072854086774823
0.18742751786027584 0.326241134751773 0.27 2.075204119059189
0.19425494137598415 0.326241134751773 0.28 2.0776477244031195
0.20106985707455735 0.326241134751773 0.29 2.080185464441403
0.2078718118424029 0.326241134751773 0.3 2.0828179246749996
0.21466035183502868 0.326241134751773 0.31 2.0855457149353667
0.22143502244154803 0.326241134751773 0.32 2.0883694698035162
0.22819536824601408 0.326241134751773 0.33 2.0912898490867113
0.23494093298534705 0.326241134751773 0.34 2.0943075383494962
0.24167125950840124 0.326241134751773 0.35 2.097423249413759
0.24838588972975204 0.326241134751773 0.36 2.100637720945783
0.25508436458105127 0.326241134751773 0.37 2.1039517190719206
0.2617662239620733 0.326241134751773 0.38 2.1073660379878842
0.26843100668442565 0.326241134751773 0.39 2.110881500677237
0.27507825041625206 0.326241134751773 0.4 2.114498959597868
0.2817074916186784 0.326241134751773 0.41 2.118219297484803
0.28831826548018763 0.326241134751773 0.42 2.1220434281652993
0.2949101058456168 0.326241134751773 0.43 2.125972297436806
0.30148254514013345 0.326241134751773 0.44 2.13000688399865
0.3080351142867764 0.326241134751773 0.45 2.134148200454712
0.3145673426155617 0.326241134751773 0.46 2.1383972944100207
0.3210787577702719 0.326241134751773 0.47 2.1427552495729945
0.3275688855990606 0.326241134751773 0.48 2.147223187050186
0.3340372500424046 0.326241134751773 0.49 2.151802266641684
0.3404833730069956 0.326241134751773 0.5 2.1564936882881223
0.34690677423232763 0.326241134751773 0.51 2.1612986935743477
0.3533069711356584 0.326241134751773 0.52 2.1662185674661996
0.35968347865174455 0.326241134751773 0.53 2.171254640064601
0.36603580905061067 0.326241134751773 0.54 2.176408288582543
0.37236347173772455 0.326241134751773 0.55 2.181680939479361
0.3786659730342631 0.326241134751773 0.56 2.187074070772757
0.3849428159310361 0.326241134751773 0.57 2.192589214594665
0.3911934998198741 0.326241134751773 0.58 2.1982279599360135
0.39741752019070026 0.326241134751773 0.59 2.2039919557055763
0.40361436829555314 0.326241134751773 0.6 2.209882914073698
0.4097835307734612 0.326241134751773 0.61 2.215902614156217
0.4159244892282967 0.326241134751773 0.62 2.222052906109257
0.4220367197601154 0.326241134751773 0.63 2.2283357156126766
0.42811969242941533 0.326241134751773 0.64 2.2347530489444605
0.43417287065842713 0.326241134751773 0.65 2.2413069985782026
0.4401957105570105 0.326241134751773 0.66 2.247999749414111
0.44618766014243655 0.326241134751773 0.67 2.254833585933045
0.45214815847440665 0.326241134751773 0.68 2.2618109000226165
0.45807663464569803 0.326241134751773 0.69 2.268934200051823
0.463972506642009 0.326241134751773 0.7 2.2762061210130016
0.46983518001463526 0.326241134751773 0.71 2.2836294362508776
0.4756640463654045 0.326241134751773 0.72 2.2912070707304735
0.4814584815845169 0.326241134751773 0.73 2.298942116370225
0.48721784379441774 0.326241134751773 0.74 2.3068378498228967
0.49294147094924107 0.326241134751773 0.75 2.3148977531086783
0.49862867802621497 0.326241134751773 0.76 2.3231255376174813
0.5042787536680663 0.326241134751773 0.77 2.331525172699561
0.5098909562664679 0.326241134751773 0.78 2.3401009188112107
0.5154645091903083 0.326241134751773 0.79 2.348857367822768
0.5209985950822186 0.326241134751773 0.8 2.357799490995768
0.5264923489336916 0.326241134751773 0.81 2.366932697072564
0.5319448491187312 0.326241134751773 0.82 2.376262907588666
0.5373550771454038 0.326241134751773 0.83 2.3857969086091075
0.5427220812247201 0.326241134751773 0.84 2.395540892525309
0.5480445438048561 0.326241134751773 0.85 2.405504283937697
0.5533212730137401 0.326241134751773 0.86 2.4156953738052893
0.5585508218895532 0.326241134751773 0.87 2.426124674867757
0.5637315897599698 0.326241134751773 0.88 2.436804007829172
0.5688617405418172 0.326241134751773 0.89 2.4477471960813806
0.5739391448903894 0.326241134751773 0.9 2.4589705431411186
0.5789612723452667 0.326241134751773 0.91 2.4704937331611267
0.5839250949958752 0.326241134751773 0.92 2.482340623481904
0.5888268194001542 0.326241134751773 0.93 2.494541490652688
0.5936616190660915 0.326241134751773 0.94 2.507135248806725
0.5984230254543733 0.326241134751773 0.95 2.520174538959306
0.6031020111302654 0.326241134751773 0.96 2.533733378470762
0.6076849055944513 0.326241134751773 0.97 2.547924592497525
0.6121486307445396 0.326241134751773 0.98 2.562939689493128
0.6164452884847094 0.326241134751773 0.99 2.579177990019405
0.0 0.3404255319148936 0.0 2.047193963502165
0.006989013665297488 0.3404255319148936 0.01 2.0472374653775725
0.013977581789009349 0.3404255319148936 0.02 2.0473679806523193
0.020965258806843867 0.3404255319148936 0.03 2.0475855382824317
0.02795159910904479 0.3404255319148936 0.04 2.047890186550718
0.034936157017719294 0.3404255319148936 0.05 2.0482819930797413
0.04191848676376991 0.3404255319148936 0.06 2.048761044904245
0.048898142464225844 0.3404255319148936 0.07 2.049327448486694
0.05587467809901409 0.3404255319148936 0.08 2.049981329804548
0.06284764748780569 0.3404255319148936 0.09 2.0507228344197883
0.06981660426657207 0.3404255319148936 0.1 2.051552127571457
0.07678110186419108 0.3404255319148936 0.11 2.0524693942648624
0.08374069347844353 0.3404255319148936 0.12 2.05347483939758
0.09069493205185095 0.3404255319148936 0.13 2.0545686878876737
0.09764337024792401 0.3404255319148936 0.14 2.0557511847842744
0.10458556042548176 0.3404255319148936 0.15 2.057022595465596
0.11152105461445283 0.3404255319148936 0.16 2.0583832057653573
0.11844940448994255 0.3404255319148936 0.17 2.059833322173074
0.12537016134651993 0.3404255319148936 0.18 2.0613732720199693
0.1322828760714286 0.3404255319148936 0.19 2.063003403700352
0.13918709911782443 0.3404255319148936 0.2 2.064724086887634
0.14608238047707267 0.3404255319148936 0.21 2.066535712778094
0.1529682696503187 0.3404255319148936 0.22 2.06843869435187
0.159844315619481 0.3404255319148936 0.23 2.0704334666460418
0.16671006681708192 0.3404255319148936 0.24 2.0725204870547023
0.1735650710961224 0.3404255319148936 0.25 2.0747002356236117
0.18040887569668654 0.3404255319148936 0.26 2.076973215420825
0.1872410272147725 0.3404255319148936 0.27 2.0793399528459897
0.19406107156638164 0.3404255319148936 0.28 2.0818009980462153
0.20086855395318118 0.3404255319148936 0.29 2.084356925286517
0.20766301882435736 0.3404255319148936 0.3 2.087008333396885
0.214444009838693 0.3404255319148936 0.31 2.089755846204649
0.22121106982414573 0.3404255319148936 0.32 2.092600113010498
0.22796374073403033 0.3404255319148936 0.33 2.095541809119717
0.23470156360341676 0.3404255319148936 0.34 2.0985816363573035
0.24142407850187247 0.3404255319148936 0.35 2.1017203236413424
0.24813082448332177 0.3404255319148936 0.36 2.104958627594994
0.25482133953257197 0.3404255319148936 0.37 2.1082973332019233
0.2614951605107749 0.3404255319148936 0.38 2.111737254465438
0.2681518230950009 0.3404255319148936 0.39 2.1152792351511263
0.2747908617144799 0.3404255319148936 0.4 2.1189241495647697
0.2814118094820918 0.3404255319148936 0.41 2.122672903386111
0.2880141981226764 0.3404255319148936 0.42 2.1265264345317547
0.2945975578945866 0.3404255319148936 0.43 2.1304857140996396
0.3011614175040716 0.3404255319148936 0.44 2.134551747394559
0.3077053040155663 0.3404255319148936 0.45 2.1387255749863305
0.31422874275257956 0.3404255319148936 0.46 2.1430082738743033
0.32073125719351203 0.3404255319148936 0.47 2.147400958692385
0.32721236885105687 0.3404255319148936 0.48 2.151904783104948
0.33367159715279227 0.3404255319148936 0.49 2.156520941149282
0.34010845929728745 0.3404255319148936 0.5 2.1612506688643056
0.34652247011002896 0.3404255319148936 0.51 2.1660952458758667
0.35291314187412215 0.3404255319148936 0.52 2.171055997259648
0.359279984153816 0.3404255319148936 0.53 2.1761342954409475
0.3656225035954712 0.3404255319148936 0.54 2.1813315623200356
0.37194020370634745 0.3404255319148936 0.55 2.1866492716048267
0.3782325846158407 0.3404255319148936 0.56 2.1920889512867623
0.38449914281063385 0.3404255319148936 0.57 2.1976521863547065
0.39073937083455895 0.3404255319148936 0.58 2.2033406218399367
0.3969527569620304 0.3404255319148936 0.59 2.2091559660761013
0.40313878483058624 0.3404255319148936 0.6 2.2150999943280922
0.4092969330350167 0.3404255319148936 0.61 2.221174552746185
0.41542667466392147 0.3404255319148936 0.62 2.227381562840285
0.42152747679146274 0.3404255319148936 0.63 2.233723026314689
0.42759879989740474 0.3404255319148936 0.64 2.240201030537188
0.43364009721897234 0.3404255319148936 0.65 2.2468177545791206
0.43965081401039663 0.3404255319148936 0.66 2.2535754760559756
0.4456303867086028 0.3404255319148936 0.67 2.2604765787535372
0.4515782419930887 0.3404255319148936 0.68 2.26752356113531
0.45749379568994825 0.3404255319148936 0.69 2.2747190462033067
0.4633764515371472 0.3404255319148936 0.7 2.2820657924925767
0.4692255997646434 0.3404255319148936 0.71 2.2895667066243592
0.47504061544343995 0.3404255319148936 0.72 2.2972248578149483
0.4808208565933755 0.3404255319148936 0.73 2.305043494377369
0.4865656619562741 0.3404255319148936 0.74 2.313026063053863
0.49227434843053414 0.3404255319148936 0.75 2.321176231132172
0.4979462080099518 0.3404255319148936 0.76 2.3294979127539945
0.5035805042277456 0.3404255319148936 0.77 2.337995299288418
0.5091764678679106 0.3404255319148936 0.78 2.3466728958793874
0.5147332919201408 0.3404255319148936 0.79 2.3555355642251437
0.5202501254401395 0.3404255319148936 0.8 2.3645885745436206
0.5257260660800941 0.3404255319148936 0.81 2.3738376686366336
0.5311601525028583 0.3404255319148936 0.82 2.38328912293134
0.536551342460566 0.3404255319148936 0.83 2.3929499386491373
0.5418985271694128 0.3404255319148936 0.84 2.4028277052756457
0.5472004785200447 0.3404255319148936 0.85 2.4129310633438097
0.5524558502155335 0.3404255319148936 0.86 2.423269681548811
0.5576631298175586 0.3404255319148936 0.87 2.4338546667685304
0.5628206514602843 0.3404255319148936 0.88 2.4446984391191626
0.5679263920936115 0.3404255319148936 0.89 2.4558164878794173
0.5729781821688478 0.3404255319148936 0.9 2.467225519048805
0.5779732857225538 0.3404255319148936 0.91 2.478947068229218
0.582908514600506 0.3404255319148936 0.92 2.49100647486019
0.5877798156021398 0.3404255319148936 0.93 2.503436388101321
0.5925820591842194 0.3404255319148936 0.94 2.516278516043487
0.5973083898098455 0.3404255319148936 0.95 2.529589097417238
0.6019491999624631 0.3404255319148936 0.96 2.5434475307701665
0.6064900097311405 0.3404255319148936 0.97 2.557974234276127
0.610906409494752 0.3404255319148936 0.98 2.5733732845973303
0.6151479731441267 0.3404255319148936 0.99 2.5900681679831896
0.0 0.3546099290780142 0.0 2.0512870282406657
0.00698203699746136 0.3546099290780142 0.01 2.0513308357618754
0.013963626664944386 0.3546099290780142 0.02 2.051462268160995
0.020944321648192835 0.3546099290780142 0.03 2.0516813549880535
0.02792367454438739 0.3546099290780142 0.04 2.051988145504298
0.034901237877877175 0.3546099290780142 0.05 2.0523827087087434
0.041876564075638854 0.3546099290780142 0.06 2.0528651333997177
0.04884920544278963 0.3546099290780142 0.07 2.0534355282190524
0.055818714138094555 0.3546099290780142 0.08 2.054094021707285
0.06278464214874292 0.3546099290780142 0.09 2.0548407624166836
0.06974654126569024 0.3546099290780142 0.1 2.055675918972501
0.07670396305828385 0.3546099290780142 0.11 2.0565996801906152
0.08365645884859488 0.3546099290780142 0.12 2.0576122552041087
0.09060357968579064 0.3546099290780142 0.13 2.0587138735845807
0.09754487631987527 0.3546099290780142 0.14 2.0599047854945516
0.10447989917515496 0.3546099290780142 0.15 2.0611852618476503
0.1114081983232161 0.3546099290780142 0.16 2.062555594485918
0.11832932345555924 0.3546099290780142 0.17 2.064016096366971
0.12524282385554306 0.3546099290780142 0.18 2.06556710177316
0.13214824836995018 0.3546099290780142 0.19 2.0672089665293703
0.13904514537976026 0.3546099290780142 0.2 2.06894206824308
0.1459330627698941 0.3546099290780142 0.21 2.0707668065702527
0.1528115478992422 0.3546099290780142 0.22 2.0726836034675302
0.15968014756820031 0.3546099290780142 0.23 2.074692903510908
0.166538407987463 0.3546099290780142 0.24 2.0767951741724975
0.17338587474285 0.3546099290780142 0.25 2.0789909061959433
0.18022209276187626 0.3546099290780142 0.26 2.081280613916845
0.18704660627742467 0.3546099290780142 0.27 2.0836648356492233
0.1938589587906544 0.3546099290780142 0.28 2.086144134080117
0.2006586930315761 0.3546099290780142 0.29 2.088719096706998
0.2074453509194422 0.3546099290780142 0.3 2.0913903362691135
0.2142184735191616 0.3546099290780142 0.31 2.0941584912520814
0.2209776009987043 0.3546099290780142 0.32 2.0970242263603844
0.22772227258137398 0.3546099290780142 0.33 2.099988233081096
0.23445202649644128 0.3546099290780142 0.34 2.1030512302626643
0.24116639992957117 0.3546099290780142 0.35 2.1062139646851707
0.24786492896493453 0.3546099290780142 0.36 2.1094772117658507
0.25454714853082466 0.3546099290780142 0.37 2.112841776184437
0.2612125923361998 0.3546099290780142 0.38 2.1163084926502247
0.26786079280539127 0.3546099290780142 0.39 2.1198782266775873
0.27449128100951115 0.3546099290780142 0.4 2.1235518753961613
0.2811035865910329 0.3546099290780142 0.41 2.1273303684486047
0.2876972376829115 0.3546099290780142 0.42 2.1312146689477274
0.2942717608256016 0.3546099290780142 0.43 2.135205774440992
0.30082668087187686 0.3546099290780142 0.44 2.139304718030497
0.3073615208891668 0.3546099290780142 0.45 2.1435125694974015
0.313875802051139 0.3546099290780142 0.46 2.1478304365495533
0.32036904352115986 0.3546099290780142 0.47 2.15225946614738
0.32684076232674303 0.3546099290780142 0.48 2.1568008459167003
0.3332904732191214 0.3546099290780142 0.49 2.1614558057210402
0.3397176885287414 0.3546099290780142 0.5 2.166225619244319
0.3461219179948137 0.3546099290780142 0.51 2.171111605865031
0.352502668591838 0.3546099290780142 0.52 2.1761151325147097
0.35885944433012235 0.3546099290780142 0.53 2.1812376158109354
0.36519174604034743 0.3546099290780142 0.54 2.186480524324994
0.3714990711364083 0.3546099290780142 0.55 2.191845381048865
0.3777809133533981 0.3546099290780142 0.56 2.197333766089228
0.3840367624558805 0.3546099290780142 0.57 2.202947319634098
0.39026610392072136 0.3546099290780142 0.58 2.2086877451310096
0.3964684185714833 0.3546099290780142 0.59 2.2145568129284063
0.4026431821927434 0.3546099290780142 0.6 2.2205563640412933
0.4087898650773381 0.3546099290780142 0.61 2.2266883145594747
0.41490793153953043 0.3546099290780142 0.62 2.23295466030697
0.42099683934905724 0.3546099290780142 0.63 2.2393574822318056
0.4270560391184179 0.3546099290780142 0.64 2.2458989521496537
0.433084973589535 0.3546099290780142 0.65 2.2525813393993714
0.4390830768494976 0.3546099290780142 0.66 2.25940701806323
0.4450497734197038 0.3546099290780142 0.67 2.2663784753087057
0.4509844772423461 0.3546099290780142 0.68 2.273498320564918
0.45688659050962577 0.3546099290780142 0.69 2.2807692960605275
0.46275550232703555 0.3546099290780142 0.7 2.2881942887611166
0.4685905871891818 0.3546099290780142 0.71 2.2957763438760375
0.4743912032060171 0.3546099290780142 0.72 2.303518680496012
0.48015669006053174 0.3546099290780142 0.73 2.3114247094786604
0.4858863666430115 0.3546099290780142 0.74 2.3194980540482795
0.49157952827297224 0.3546099290780142 0.75 2.327742573882928
0.49723544342951564 0.3546099290780142 0.76 2.336162393341172
0.5028533499523931 0.3546099290780142 0.77 2.344761934077248
0.5084324504600852 0.3546099290780142 0.78 2.3535459543063117
0.5139719068628336 0.3546099290780142 0.79 2.3625195956749514
0.5194708340291952 0.3546099290780142 0.8 2.371688437036276
0.5249282877157819 0.3546099290780142 0.81 2.381058599414484
0.5303432705710541 0.3546099290780142 0.82 2.3906366855344943
0.5357146961799247 0.3546099290780142 0.83 2.4004300993451566
0.5410413899581586 0.3546099290780142 0.84 2.4104470278843952
0.5463220721272292 0.3546099290780142 0.85 2.4206965852982276
0.5515553129428707 0.3546099290780142 0.86 2.4311891997537107
0.5567395489590101 0.3546099290780142 0.87 2.441936456851738
0.5618729623350851 0.3546099290780142 0.88 2.452952148126062
0.566953522059198 0.3546099290780142 0.89 2.464251888865543
0.5719788068808839 0.3546099290780142 0.9 2.4758546438891247
0.5769460580037008 0.3546099290780142 0.91 2.487782244492625
0.5818517809598777 0.3546099290780142 0.92 2.500062804284902
0.586691743634676 0.3546099290780142 0.93 2.5127306891057843
0.5914604871154817 0.3546099290780142 0.94 2.525830679155253
0.5961507769532082 0.3546099290780142 0.95 2.539422609555917
0.6007524490747501 0.3546099290780142 0.96 2.553591159562194
0.6052502181200653 0.3546099290780142 0.97 2.5684644513667028
0.6096184030436862 0.3546099290780142 0.98 2.584258857762906
0.613804173433182 0.3546099290780142 0.99 2.6014214398133797
0.0 0.36879432624113473 0.0 2.0555603629401835
0.006974775304757893 0.36879432624113473 0.01 2.055604489884123
0.013949101421946592 0.36879432624113473 0.02 2.0557368807561867
0.020922529138089688 0.36879432624113473 0.03 2.055957565724955
0.02789460918801597 0.36879432624113473 0.04 2.0562665950637657
0.03486489222876903 0.36879432624113473 0.05 2.0566640392199194
0.041832928813681156 0.36879432624113473 0.06 2.057149988834567
0.04879826936604532 0.36879432624113473 0.07 2.057724554820678
0.055760464152984066 0.36879432624113473 0.08 2.058387868413254
0.06271906325884102 0.36879432624113473 0.09 2.059140081265774
0.06967361655839406 0.36879432624113473 0.1 2.0599813655503323
0.07662367368975334 0.36879432624113473 0.11 2.060911914073326
0.08356878402761567 0.36879432624113473 0.12 2.0619319403708807
0.09050849665470413 0.36879432624113473 0.13 2.063041678899704
0.09744236033460722 0.36879432624113473 0.14 2.064241385145467
0.10436992348273796 0.36879432624113473 0.15 2.065531335821949
0.11129073413788336 0.36879432624113473 0.16 2.066911829034966
0.11820433993212398 0.36879432624113473 0.17 2.0683831845079554
0.12511028806123217 0.36879432624113473 0.18 2.0699457437805284
0.132008125254398 0.36879432624113473 0.19 2.071599870430471
0.13889739774138846 0.36879432624113473 0.2 2.073345950372062
0.14577765122163214 0.36879432624113473 0.21 2.0751843920823063
0.15264843083057134 0.36879432624113473 0.22 2.0771156269085056
0.15950928110608018 0.36879432624113473 0.23 2.079140109364241
0.16635974595236727 0.36879432624113473 0.24 2.0812583174857844
0.17319936860455243 0.36879432624113473 0.25 2.0834707531599594
0.18002769159122145 0.36879432624113473 0.26 2.085777942497423
0.18684425669471938 0.36879432624113473 0.27 2.088180436249431
0.1936486049112231 0.36879432624113473 0.28 2.090678810217709
0.2004402764087083 0.36879432624113473 0.29 2.0932736657024886
0.2072188104834453 0.36879432624113473 0.3 2.0959656299715084
0.21398374551168917 0.36879432624113473 0.31 2.0987553568150203
0.2207346189047002 0.36879432624113473 0.32 2.1016435270184166
0.22747096705648168 0.36879432624113473 0.33 2.1046308489695242
0.23419232528955303 0.36879432624113473 0.34 2.1077180592831932
0.24089822780096226 0.36879432624113473 0.35 2.1109059234058507
0.24758820760111674 0.36879432624113473 0.36 2.114195236334882
0.25426179645130215 0.36879432624113473 0.37 2.1175868233396447
0.2609185247966801 0.36879432624113473 0.38 2.121081540740862
0.267557921695564 0.36879432624113473 0.39 2.1246802767310506
0.2741795147425852 0.36879432624113473 0.4 2.128383952271612
0.2807828299872889 0.36879432624113473 0.41 2.1321935220366997
0.28736739184972226 0.36879432624113473 0.42 2.1361099753791515
0.2939327230220674 0.36879432624113473 0.43 2.1401343374803523
0.3004783443738904 0.36879432624113473 0.44 2.1442676704133112
0.3070037748379072 0.36879432624113473 0.45 2.148511074460436
0.31350853129942274 0.36879432624113473 0.46 2.15286568934056
0.3199921284625588 0.36879432624113473 0.47 2.15733269572642
0.32645407871814036 0.36879432624113473 0.48 2.1619133166938673
0.33289389199216957 0.36879432624113473 0.49 2.1666088193932658
0.3393110755818169 0.36879432624113473 0.5 2.171420516835954
0.34570513397976904 0.36879432624113473 0.51 2.176349769780719
0.3520755686783885 0.36879432624113473 0.52 2.1813979888241155
0.35842187795929603 0.36879432624113473 0.53 2.186566636613746
0.3647435566555102 0.36879432624113473 0.54 2.1918572303366246
0.37104009589409037 0.36879432624113473 0.55 2.197271344371433
0.37731098282053077 0.36879432624113473 0.56 2.202810613085984
0.3835557002720734 0.36879432624113473 0.57 2.2084767341568616
0.3897737264410527 0.36879432624113473 0.58 2.2142714719087695
0.3959645344865423 0.36879432624113473 0.59 2.2201966611555335
0.40212759210246984 0.36879432624113473 0.6 2.226254211423936
0.40826236104482516 0.36879432624113473 0.61 2.2324461115169116
0.4143682965930449 0.36879432624113473 0.62 2.238774434676909
0.42044484695975864 0.36879432624113473 0.63 2.245241344170675
0.42649145260699356 0.36879432624113473 0.64 2.2518490997289033
0.4325075455045087 0.36879432624113473 0.65 2.258600064428902
0.4384925482634496 0.36879432624113473 0.66 2.2654967127077335
0.44444587317975476 0.36879432624113473 0.67 2.272541639104338
0.4503669211350557 0.36879432624113473 0.68 2.2797375682460563
0.4562550803352312 0.36879432624113473 0.69 2.2870873662348328
0.4621097248967398 0.36879432624113473 0.7 2.2945940532871347
0.46793021319694883 0.36879432624113473 0.71 2.3022608184254434
0.47371588598021164 0.36879432624113473 0.72 2.3100910362344895
0.47946606419088583 0.36879432624113473 0.73 2.3180882859065886
0.4851800464142892 0.36879432624113473 0.74 2.3262563736643083
0.4908571059353968 0.36879432624113473 0.75 2.3345993583690703
0.49649648724168305 0.36879432624113473 0.76 2.3431215818896334
0.5020974019537018 0.36879432624113473 0.77 2.3518277042597036
0.5076590239527928 0.36879432624113473 0.78 2.3607227456766546
0.5131804835923015 0.36879432624113473 0.79 2.369812136232399
0.5186608478680143 0.36879432624113473 0.8 2.3791018936276456
0.5240991727568363 0.36879432624113473 0.81 2.388598137564496
0.5294943793526309 0.36879432624113473 0.82 2.3983082202611175
0.5348453397159614 0.36879432624113473 0.83 2.408239928733633
0.540150851266287 0.36879432624113473 0.84 2.4184017163525064
0.5454095287215408 0.36879432624113473 0.85 2.428803662856479
0.5506199073454766 0.36879432624113473 0.86 2.4394565349608843
0.5557803250968686 0.36879432624113473 0.87 2.4503728298632703
0.5608888774564902 0.36879432624113473 0.88 2.4615671548797105
0.5659434304470723 0.36879432624113473 0.89 2.4730560954721565
0.5709414291211007 0.36879432624113473 0.9 2.484859875423724
0.5758799379154642 0.36879432624113473 0.91 2.4970019776849184
0.5807553079240375 0.36879432624113473 0.92 2.5095120135242968
0.5855630385295187 0.36879432624113473 0.93 2.522426879508511
0.5902974058719516 0.36879432624113473 0.94 2.5357939296259837
0.5949507557414027 0.36879432624113473 0.95 2.5496770188343834
0.5995123884039655 0.36879432624113473 0.96 2.5641660301094857
0.6039662737043416 0.36879432624113473 0.97 2.5793964222993315
0.6082854661722106 0.36879432624113473 0.98 2.595597047630718
0.6124149401644718 0.36879432624113473 0.99 2.6132372203975534
0.0 0.3829787234042553 0.0 2.06001559295516
0.006967228589105543 0.3829787234042553 0.01 2.0600600532541393
0.013934006064342112 0.3829787234042553 0.02 2.060193444426794
0.020899881284333878 0.3829787234042553 0.03 2.06041579726393
0.02786440305263 0.3829787234042553 0.04 2.0607271631172646
0.034827120090107494 0.3829787234042553 0.05 2.061127613923461
0.041787581007105945 0.3829787234042553 0.06 2.0616172422678356
0.04874533427584032 0.3829787234042553 0.07 2.0621961614126243
0.05569992820203862 0.3829787234042553 0.08 2.0628645054082013
0.06265091089699691 0.3829787234042553 0.09 2.06362242915278
0.06959783024876537 0.3829787234042553 0.1 2.064470108520559
0.0765402338936381 0.3829787234042553 0.11 2.065407740458692
0.08347766918683958 0.3829787234042553 0.12 2.0664355431325756
0.09040968317318009 0.3829787234042553 0.13 2.0675537560643837
0.09733582255677653 0.3829787234042553 0.14 2.068762640312425
0.10425563367115467 0.3829787234042553 0.15 2.0700624786257134
0.1111686624478645 0.3829787234042553 0.16 2.071453575659339
0.1180744543851463 0.3829787234042553 0.17 2.072936258176987
0.12497255451533276 0.3829787234042553 0.18 2.074510875294084
0.13186250737281197 0.3829787234042553 0.19 2.076177798694134
0.1387438569592962 0.3829787234042553 0.2 2.0779374229295353
0.14561614670935855 0.3829787234042553 0.21 2.079790165699238
0.1524789194561186 0.3829787234042553 0.22 2.0817364681181645
0.15933171739248214 0.3829787234042553 0.23 2.083776795105329
0.16617408203517237 0.3829787234042553 0.24 2.085911635679714
0.1730055541847512 0.3829787234042553 0.25 2.088141503357415
0.1798256738854624 0.3829787234042553 0.26 2.090466936538886
0.18663398038272278 0.3829787234042553 0.27 2.092888498941819
0.19343001208014343 0.3829787234042553 0.28 2.0954067800322407
0.20021330649367347 0.3829787234042553 0.29 2.098022395509001
0.20698340020412567 0.3829787234042553 0.3 2.10073598780856
0.21373982880708872 0.3829787234042553 0.31 2.1035482266497185
0.2204821268612276 0.3829787234042553 0.32 2.1064598095953806
0.22720982783331273 0.3829787234042553 0.33 2.1094714626632682
0.23392246404053657 0.3829787234042553 0.34 2.1125839409706737
0.24061956658970005 0.3829787234042553 0.35 2.1157980294189556
0.24730066531212033 0.3829787234042553 0.36 2.119114543435115
0.2539652886958788 0.3829787234042553 0.37 2.1225343297384036
0.26061296381338156 0.3829787234042553 0.38 2.1260582671659085
0.26724321624374836 0.3829787234042553 0.39 2.129687267560405
0.27385556999043115 0.3829787234042553 0.4 2.133422276709793
0.2804495473937764 0.3829787234042553 0.41 2.137264275340164
0.2870246690360657 0.3829787234042553 0.42 2.1412142801971377
0.29358045363962815 0.3829787234042553 0.43 2.1452733452000734
0.30011641796025484 0.3829787234042553 0.44 2.149442562633387
0.30663207666626385 0.3829787234042553 0.45 2.1537230645121266
0.3131269422156975 0.3829787234042553 0.46 2.1581160239336254
0.3196005247145835 0.3829787234042553 0.47 2.162622656655442
0.3260523317738308 0.3829787234042553 0.48 2.1672442226453983
0.33248186834080407 0.3829787234042553 0.49 2.1719820279283693
0.3388886365296322 0.3829787234042553 0.5 2.1768374263943433
0.3452721354257342 0.3829787234042553 0.51 2.181811821891461
0.3516318608760162 0.3829787234042553 0.52 2.186906670439424
0.3579673052595921 0.3829787234042553 0.53 2.1921234826239364
0.36427795723645884 0.3829787234042553 0.54 2.1974638261953623
0.3705633014701329 0.3829787234042553 0.55 2.202929328910244
0.3768228183180758 0.3829787234042553 0.56 2.208521681676844
0.383055983501074 0.3829787234042553 0.57 2.214242641860345
0.38926226772224126 0.3829787234042553 0.58 2.2200940370826316
0.39544113625928634 0.3829787234042553 0.59 2.2260777692216025
0.40159204850184216 0.3829787234042553 0.6 2.232195818924149
0.4077144574345862 0.3829787234042553 0.61 2.238450250599955
0.41380780907451814 0.3829787234042553 0.62 2.244843217786781
0.41987154181559444 0.3829787234042553 0.63 2.2513769693828056
0.42590508572371827 0.3829787234042553 0.64 2.2580538562474146
0.43190786171951817 0.3829787234042553 0.65 2.26487633882799
0.437879280666889 0.3829787234042553 0.66 2.2718469955814493
0.4438187423388677 0.3829787234042553 0.67 2.278968532461403
0.4497256342445267 0.3829787234042553 0.68 2.2862437936023667
0.4555993303014302 0.3829787234042553 0.69 2.293675773320642
0.4614391892868932 0.3829787234042553 0.7 2.3012676300621475
0.4672445531262506 0.3829787234042553 0.71 2.309022701655371
0.4730147448406052 0.3829787234042553 0.72 2.3169445235949575
0.4787490662400355 0.3829787234042553 0.73 2.325036849413624
0.4844467952309733 0.3829787234042553 0.74 2.3333036743749567
0.490107182630971 0.3829787234042553 0.75 2.3417492634216015
0.4957294485033631 0.3829787234042553 0.76 2.3503781831473813
0.5013127778753665 0.3829787234042553 0.77 2.3591953390066216
0.5068563153440838 0.3829787234042553 0.78 2.3682060222888177
0.5123591574878041 0.3829787234042553 0.79 2.3774159766225544
0.5178203519325077 0.3829787234042553 0.8 2.3868314017563805
0.5232388814427912 0.3829787234042553 0.81 2.3964590958886385
0.528613649754384 0.3829787234042553 0.82 2.4063065784878495
0.5339434792447502 0.3829787234042553 0.83 2.4163821037345583
0.5392270863187691 0.3829787234042553 0.84 2.426694876636522
0.5444630684915398 0.3829787234042553 0.85 2.4372551601992356
0.5496498694840689 0.3829787234042553 0.86 2.448074578723896
0.5547857164004331 0.3829787234042553 0.87 2.4591666639568666
0.5598686591838568 0.3829787234042553 0.88 2.47054648917517
0.5648964318977089 0.3829787234042553 0.89 2.482231886057039
0.5698663494801126 0.3829787234042553 0.9 2.4942443289785534
0.5747753152622547 0.3829787234042553 0.91 2.5066088460405864
0.5796195026523666 0.3829787234042553 0.92 2.51935678120288
0.5843941896930641 0.3829787234042553 0.93 2.532527199680877
0.5890933388770396 0.3829787234042553 0.94 2.546170506339262
0.5937089184193918 0.3829787234042553 0.95 2.560354289725702
0.5982297165103668 0.3829787234042553 0.96 2.575173539707299
0.6026389649404751 0.3829787234042553 0.97 2.5907711456965625
0.6069085215394924 0.3829787234042553 0.98 2.6073881087440425
0.6109812946995231 0.3829787234042553 0.99 2.625515341458368
0.0 0.3971631205673759 0.0 2.064654415285493
0.00695939685927259 0.3971631205673759 0.01 2.0646992230489665
0.013918340610257268 0.3971631205673759 0.02 2.064833656827278
0.020876378115456902 0.3971631205673759 0.03 2.065057748081789
0.02783305617886031 0.3971631205673759 0.04 2.065371549281907
0.034787921516687824 0.3971631205673759 0.05 2.065775133922989
0.041740520727794 0.3971631205673759 0.06 2.0662685965988183
0.048690400264211696 0.3971631205673759 0.07 2.066852053044139
0.05563710640132649 0.3971631205673759 0.08 2.06752564022115
0.06258018520769495 0.3971631205673759 0.09 2.0682895164237007
0.06951918251498625 0.3971631205673759 0.1 2.0691438613662787
0.0764536438870378 0.3971631205673759 0.11 2.070088876329389
0.08338311458916464 0.3971631205673759 0.12 2.0711247842788025
0.09030713955640902 0.3971631205673759 0.13 2.072251830039292
0.0972252633619439 0.3971631205673759 0.14 2.073470280450092
0.10413703018437291 0.3971631205673759 0.15 2.0747804245663453
0.1110419837748598 0.3971631205673759 0.16 2.076182573857223
0.11793966742335976 0.3971631205673759 0.17 2.077677062432967
0.12482962392425567 0.3971631205673759 0.18 2.079264247284765
0.13171139554106565 0.3971631205673759 0.19 2.0809445085482854
0.1385845239705698 0.3971631205673759 0.2 2.0827182497771117
0.1454485503054247 0.3971631205673759 0.21 2.084585898254262
0.1523030149963297 0.3971631205673759 0.22 2.086547905305444
0.15914745781236797 0.3971631205673759 0.23 2.0886047466542705
0.16598141780088016 0.3971631205673759 0.24 2.090756922777872
0.1728044332457029 0.3971631205673759 0.25 2.0930049592956004
0.17961604162233938 0.3971631205673759 0.26 2.095349407420119
0.18641577955452707 0.3971631205673759 0.27 2.097790844359366
0.19320318276644338 0.3971631205673759 0.28 2.1003298738108933
0.19997778603339078 0.3971631205673759 0.29 2.1029671264720067
0.206739123131086 0.3971631205673759 0.3 2.105703260564285
0.21348672678201264 0.3971631205673759 0.31 2.1085389624044653
0.220220128599354 0.3971631205673759 0.32 2.1114749470069016
0.2269388590266865 0.3971631205673759 0.33 2.1145119587499748
0.23364244727746727 0.3971631205673759 0.34 2.117650772025941
0.24033042126882714 0.3971631205673759 0.35 2.120892191979153
0.2470023075507313 0.3971631205673759 0.36 2.1242370553035177
0.2536576312337986 0.3971631205673759 0.37 2.127686231038961
0.2602959159105557 0.3971631205673759 0.38 2.131240621458041
0.26691668357145293 0.3971631205673759 0.39 2.134901163012252
0.27351945451701626 0.3971631205673759 0.4 2.1386688273129013
0.28010374726118387 0.3971631205673759 0.41 2.1425446222229887
0.28666907843173967 0.3971631205673759 0.42 2.1465295929612114
0.29321496265978564 0.3971631205673759 0.43 2.1506248233411096
0.29974091246124107 0.3971631205673759 0.44 2.1548314370901163
0.3062464381118056 0.3971631205673759 0.45 2.1591505992245876
0.31273104751045444 0.3971631205673759 0.46 2.163583517549118
0.31919424603161956 0.3971631205673759 0.47 2.168131444269916
0.3256355363611794 0.3971631205673759 0.48 2.172795677781371
0.33205441832898747 0.3971631205673759 0.49 2.177577564446718
0.3384503887145738 0.3971631205673759 0.5 2.182478500684231
0.34482294104188344 0.3971631205673759 0.51 2.1874999351323967
0.3511715653547201 0.3971631205673759 0.52 2.1926433710001074
0.3574957479694429 0.3971631205673759 0.53 2.197910368635552
0.3637949712015336 0.3971631205673759 0.54 2.2033025483438813
0.37006871307199984 0.3971631205673759 0.55 2.208821593370095
0.3763164469775717 0.3971631205673759 0.56 2.214469253233669
0.3825376413285371 0.3971631205673759 0.57 2.2202473473513606
0.3887317591497288 0.3971631205673759 0.58 2.2261577689890992
0.3948982576359934 0.3971631205673759 0.59 2.232202489628863
0.4010365876626471 0.3971631205673759 0.6 2.2383835637276075
0.4071461932321101 0.3971631205673759 0.61 2.2447031340632564
0.413226510866685 0.3971631205673759 0.62 2.2511634375333562
0.4192769689189986 0.3971631205673759 0.63 2.25776681170233
0.4252969868128696 0.3971631205673759 0.64 2.2645157019305984
0.43128597417261116 0.3971631205673759 0.65 2.271412669515014
0.4372433298535003 0.3971631205673759 0.66 2.2784604006674334
0.44316844083354845 0.3971631205673759 0.67 2.2856617167215987
0.44906068097724466 0.3971631205673759 0.68 2.2930195854170843
0.454919409609535 0.3971631205673759 0.69 2.3005371338611886
0.4607439698878205 0.3971631205673759 0.7 2.3082176632360363
0.4665336869492393 0.3971631205673759 0.71 2.3160646654288564
0.4722878657809011 0.3971631205673759 0.72 2.3240818420540577
0.47800578872743993 0.3971631205673759 0.73 2.332273126642185
0.4836867126504267 0.3971631205673759 0.74 2.3406427097669145
0.48932986556342545 0.3971631205673759 0.75 2.349195068748935
0.49493444278413073 0.3971631205673759 0.76 2.3579350014224802
0.5004996021869396 0.3971631205673759 0.77 2.3668676678449105
0.506024459478897 0.3971631205673759 0.78 2.375998631059244
0.5115080787496336 0.3971631205673759 0.79 2.3853339414646006
0.5169494778140579 0.3971631205673759 0.8 2.3948800821564715
0.5223475759159248 0.3971631205673759 0.81 2.404644448682077
0.5277012625262466 0.3971631205673759 0.82 2.4146347047344836
0.5330092935698072 0.3971631205673759 0.83 2.424859733525571
0.5382703382628244 0.3971631205673759 0.84 2.435329195950374
0.5434829300095813 0.3971631205673759 0.85 2.446053970655468
0.548645423659725 0.3971631205673759 0.86 2.457046527019468
0.553756012522388 0.3971631205673759 0.87 2.468320759646545
0.5588126145983049 0.3971631205673759 0.88 2.479892994343995
0.5638129236340874 0.3971631205673759 0.89 2.491781518359219
0.5687539318576064 0.3971631205673759 0.9 2.50401078378913
0.5736326067209964 0.3971631205673759 0.91 2.516605405689667
0.5784448263204282 0.3971631205673759 0.92 2.529599534103465
0.5831856817610728 0.3971631205673759 0.93 2.543034146099248
0.5878488341702526 0.3971631205673759 0.94 2.5569626527681515
0.5924259712226132 0.3971631205673759 0.95 2.571455612997033
0.59690512887186 0.3971631205673759 0.96 2.5866153169090147
0.6012690276958321 0.3971631205673759 0.97 2.6025902715128906
0.6054884482253284 0.3971631205673759 0.98 2.619632848669708
0.609504344896325 0.3971631205673759 0.99 2.6382550460494225
0.0 0.41134751773049644 0.0 2.0694785994296856
0.006951280131864524 0.41134751773049644 0.01 2.069523768923593
0.013902105093431035 0.41134751773049644 0.02 2.0696592881367115
0.02085201968345414 0.41134751773049644 0.03 2.0698851892185597
0.027800568638670514 0.41134751773049644 0.04 2.07020152579736
0.03474729660278295 0.41134751773049644 0.05 2.070608372993298
0.041691748095097646 0.41134751773049644 0.06 2.07110582749287
0.04863346747927645 0.41134751773049644 0.07 2.071694007595434
0.05557199893165216 0.41134751773049644 0.08 2.072373053307546
0.06250688640936163 0.41134751773049644 0.09 2.073143126440155
0.06943767361816296 0.41134751773049644 0.1 2.074004410722911
0.07636390398002928 0.41134751773049644 0.11 2.074957111927326
0.08328512059990172 0.41134751773049644 0.12 2.076001458031443
0.09020086623276133 0.41134751773049644 0.13 2.0771376993570607
0.09711068324911312 0.41134751773049644 0.14 2.0783661087809495
0.10401411360097182 0.41134751773049644 0.15 2.079686981908277
0.11091069878656479 0.41134751773049644 0.16 2.081100637297237
0.11779997981443169 0.41134751773049644 0.17 2.082607416695492
0.12468149716622194 0.41134751773049644 0.18 2.0842076853125886
0.13155479076048388 0.41134751773049644 0.19 2.0859018320477434
0.13841939991259608 0.41134751773049644 0.2 2.087690269839583
0.1452748632965703 0.41134751773049644 0.21 2.0895734359381857
0.15212071890282913 0.41134751773049644 0.22 2.091551792290549
0.15895650399780767 0.41134751773049644 0.23 2.0936258258566234
0.1657817550795045 0.41134751773049644 0.24 2.0957960490288188
0.17259600783276272 0.41134751773049644 0.25 2.0980630000397382
0.179398797083125 0.41134751773049644 0.26 2.1004272433930233
0.1861896567481381 0.41134751773049644 0.27 2.102889370341641
0.1929681197862738 0.41134751773049644 0.28 2.105449999403334
0.19973371814584376 0.41134751773049644 0.29 2.1081097768593113
0.20648598270927454 0.41134751773049644 0.3 2.1108693773394216
0.21322444323532783 0.41134751773049644 0.31 2.113729504428909
0.21994862829883935 0.41134751773049644 0.32 2.1166908913055185
0.2266580652277347 0.41134751773049644 0.33 2.11975430141048
0.2333522800358263 0.41134751773049644 0.34 2.1229205291791966
0.24003079735198626 0.41134751773049644 0.35 2.1261904008152603
0.24669314034580705 0.41134751773049644 0.36 2.1295647751034954
0.25333883064766405 0.41134751773049644 0.37 2.133044544295929
0.25996738826557286 0.41134751773049644 0.38 2.1366306350247837
0.2665783314945021 0.41134751773049644 0.39 2.140324009313707
0.2731711768216695 0.41134751773049644 0.4 2.144125665622425
0.27974543882383635 0.41134751773049644 0.41 2.148036639987305
0.2863006300584779 0.41134751773049644 0.42 2.152058007221916
0.292836260946191 0.41134751773049644 0.43 2.1561908822147635
0.2993518396436721 0.41134751773049644 0.44 2.1604364213274048
0.30584687190880083 0.41134751773049644 0.45 2.1647958238652087
0.3123208609546735 0.41134751773049644 0.46 2.1692703336629977
0.3187733072892662 0.41134751773049644 0.47 2.1738612408244866
0.32520370854371367 0.41134751773049644 0.48 2.1785698835652525
0.3316115592872325 0.41134751773049644 0.49 2.183397650182134
0.3379963508227997 0.41134751773049644 0.5 2.188345981220435
0.3443575709667889 0.41134751773049644 0.51 2.193416371786114
0.35069470380727313 0.41134751773049644 0.52 2.198610374064616
0.3570072294385306 0.41134751773049644 0.53 2.2039296000665645
0.36329462367399373 0.41134751773049644 0.54 2.2093757245623182
0.3695563577258975 0.41134751773049644 0.55 2.2149504883409565
0.37579189785537365 0.41134751773049644 0.56 2.2206557017322712
0.38200070498842914 0.41134751773049644 0.57 2.2264932484360522
0.3881822342852461 0.41134751773049644 0.58 2.2324650897920795
0.3943359346715618 0.41134751773049644 0.59 2.2385732693705025
0.400461248311369 0.41134751773049644 0.6 2.244819918108174
0.4065576100204035 0.41134751773049644 0.61 2.2512072599728072
0.412624446621498 0.41134751773049644 0.62 2.2577376181244615
0.41866117621178206 0.41134751773049644 0.63 2.264413421886663
0.4246672073460544 0.41134751773049644 0.64 2.2712372144476416
0.4306419381223172 0.41134751773049644 0.65 2.2782116614183785
0.4365847551430629 0.41134751773049644 0.66 2.2853395604983078
0.44249503235795096 0.41134751773049644 0.67 2.292623852152777
0.44837212972611856 0.41134751773049644 0.68 2.300067631912836
0.4542153917195298 0.41134751773049644 0.69 2.307674164023079
0.46002414560218974 0.41134751773049644 0.7 2.3154468970660513
0.46579769945318633 0.41134751773049644 0.71 2.3233894818253833
0.4715353399356558 0.41134751773049644 0.72 2.331505791307477
0.4772363296269558 0.41134751773049644 0.73 2.339799944694275
0.48289990405877137 0.41134751773049644 0.74 2.3482763336566315
0.4885252681485843 0.41134751773049644 0.75 2.3569396540923986
0.49411159213271344 0.41134751773049644 0.76 2.3657949420794786
0.4996580061050294 0.41134751773049644 0.77 2.374847622506489
0.5051635961181653 0.41134751773049644 0.78 2.3841035420329915
0.5106273938062009 0.41134751773049644 0.79 2.3935690627582122
0.5160483734905876 0.41134751773049644 0.8 2.4032510839797667
0.5214254383891938 0.41134751773049644 0.81 2.413157165789351
0.526757405394087 0.41134751773049644 0.82 2.423295663315529
0.5320429986872476 0.41134751773049644 0.83 2.433675777903993
0.5372808273429692 0.41134751773049644 0.84 2.4443077552522783
0.5424693453827533 0.41134751773049644 0.85 2.4552032394494625
0.547606882546554 0.41134751773049644 0.86 2.4663749836866162
0.5526915033937245 0.41134751773049644 0.87 2.4778381137427044
0.5577210623067126 0.41134751773049644 0.88 2.489609614430674
0.5626930789347858 0.41134751773049644 0.89 2.5017094350083906
0.5676045904180729 0.41134751773049644 0.9 2.514161783970262
0.5724521877029937 0.41134751773049644 0.91 2.526994785774915
0.5772317286285287 0.41134751773049644 0.92 2.540243009538001
0.5819380374002976 0.41134751773049644 0.93 2.553950096484138
0.5865644845394494 0.41134751773049644 0.94 2.56817243279635
0.5911023053127141 0.41134751773049644 0.95 2.5829851202921184
0.5955393167074903 0.41134751773049644 0.96 2.5984932288079796
0.5998573365911799 0.41134751773049644 0.97 2.6148544434400773
0.604026208306418 0.41134751773049644 0.98 2.6323315302473014
0.6079852122586284 0.41134751773049644 0.99 2.6514555856457993
0.0 0.425531914893617 0.0 2.074489988324244
0.006942878432091623 0.425531914893617 0.01 2.0745355340064573
0.013885299564921004 0.425531914893617 0.02 2.0746721820041127
0.020826806066453988 0.425531914893617 0.03 2.074899965201616
0.027766940539075698 0.425531914893617 0.04 2.075218938427211
0.03470524548672048 0.425531914893617 0.05 2.075629178491224
0.04164126328169883 0.425531914893617 0.06 2.0761307842575984
0.0485745361317117 0.425531914893617 0.07 2.07672387668545
0.05550460604604377 0.425531914893617 0.08 2.0774085989527835
0.062431014802245624 0.425531914893617 0.09 2.0781851165208343
0.0693533039116391 0.425531914893617 0.1 2.079053617288864
0.07627101458506355 0.425531914893617 0.11 2.0800143117126506
0.08318368769809946 0.425531914893617 0.12 2.081067432953278
0.09009086375514128 0.425531914893617 0.13 2.0822132370758846
0.09699208285398336 0.425531914893617 0.14 2.0834520032086274
0.10388688464869585 0.425531914893617 0.15 2.0847840337756685
0.11077480831285147 0.425531914893617 0.16 2.0862096547004136
0.11765539250085143 0.425531914893617 0.17 2.0877292156767178
0.12452817530913463 0.425531914893617 0.18 2.089343090427655
0.13139269423638872 0.425531914893617 0.19 2.091051676989811
0.13824848614221938 0.425531914893617 0.2 2.0928553980360034
0.14509508720543254 0.425531914893617 0.21 2.0947547011957117
0.15193203288052884 0.425531914893617 0.22 2.0967500594176616
0.15875885785254523 0.425531914893617 0.23 2.098841971363481
0.1655750959910609 0.425531914893617 0.24 2.101030961807918
0.1723802803028211 0.425531914893617 0.25 2.1033175820621155
0.179173942881049 0.425531914893617 0.26 2.105702410464211
0.18595561485426906 0.425531914893617 0.27 2.1081860528614644
0.192724826332095 0.425531914893617 0.28 2.1107691431467126
0.19948110635053162 0.425531914893617 0.29 2.1134523437876354
0.20622398281091348 0.425531914893617 0.3 2.116236346476089
0.21295298242003022 0.425531914893617 0.31 2.1191218727267285
0.21966763062482333 0.425531914893617 0.32 2.1221096745684918
0.22636745154508628 0.425531914893617 0.33 2.125200535251272
0.23305196790063004 0.425531914893617 0.34 2.1283952700349498
0.23972070093766093 0.425531914893617 0.35 2.131694726966641
0.2463731703469516 0.425531914893617 0.36 2.1350997877825826
0.25300889417847644 0.425531914893617 0.37 2.1386113688398787
0.259627388754681 0.425531914893617 0.38 2.1422304220434247
0.26622816857040893 0.425531914893617 0.39 2.1459579359681316
0.2728107461934569 0.425531914893617 0.4 2.14979493693184
0.27937463215384295 0.425531914893617 0.41 2.153742490217092
0.2859193348265046 0.425531914893617 0.42 2.1578017013554263
0.2924443603073724 0.425531914893617 0.43 2.161973717473402
0.298949212277492 0.425531914893617 0.44 2.1662597287766423
0.30543339185630325 0.425531914893617 0.45 2.1706609701454145
0.31189639744622405 0.425531914893617 0.46 2.1751787228057027
0.3183377245635979 0.425531914893617 0.47 2.1798143161427657
0.3247568656543095 0.425531914893617 0.48 2.1845691296717265
0.3311533098936739 0.425531914893617 0.49 2.1894445951614783
0.3375265429713836 0.425531914893617 0.5 2.194442198894455
0.3438760468542215 0.425531914893617 0.51 2.199563484151461
0.35020129952926937 0.425531914893617 0.52 2.2048100538743434
0.3565017747227768 0.425531914893617 0.53 2.210183573560369
0.3627769415883449 0.425531914893617 0.54 2.2156857744554888
0.3690262643746335 0.425531914893617 0.55 2.2213184569082056
0.37524920204534956 0.425531914893617 0.56 2.2270834942078492
0.381445207872684 0.425531914893617 0.57 2.232982836630172
0.3876137289821917 0.425531914893617 0.58 2.239018515944466
0.3937542058514596 0.425531914893617 0.59 2.2451926503341104
0.39986607175114003 0.425531914893617 0.6 2.2515074498453624
0.40594875212461945 0.425531914893617 0.61 2.2579652223853603
0.4120016639018536 0.425531914893617 0.62 2.264568380299989
0.4180242147211804 0.425531914893617 0.63 2.2713194477992524
0.42401580206684747 0.425531914893617 0.64 2.2782210691134304
0.4299758123020156 0.425531914893617 0.65 2.2852760175764093
0.43590361956336854 0.425531914893617 0.66 2.2924872059646075
0.44179858454333515 0.425531914893617 0.67 2.299857697776177
0.44766005307015405 0.425531914893617 0.68 2.3073907203620116
0.4534873545342308 0.425531914893617 0.69 2.3150896793459848
0.4592798000615905 0.425531914893617 0.7 2.322958175319436
0.465036680452392 0.425531914893617 0.71 2.331000022559207
0.4707572637696552 0.425531914893617 0.72 2.3392192708713844
0.4764407926103498 0.425531914893617 0.73 2.3476202301550013
0.482086480912781 0.425531914893617 0.74 2.356207499069975
0.4876935102321527 0.425531914893617 0.75 2.3649859983711545
0.49326103061703463 0.425531914893617 0.76 2.373960959404604
0.49878812798068906 0.425531914893617 0.77 2.383138234348066
0.504273878700658 0.425531914893617 0.78 2.3925237667979116
0.5097172568199185 0.425531914893617 0.79 2.402124475065589
0.515117241569035 0.425531914893617 0.8 2.4119472257701147
0.5204726539724854 0.425531914893617 0.81 2.4220003701946187
0.5257822982681701 0.425531914893617 0.82 2.4322924060450966
0.5310448204332525 0.425531914893617 0.83 2.442833292326429
0.5362587922014006 0.425531914893617 0.84 2.453633659240844
0.5414226061604708 0.425531914893617 0.85 2.464705767662926
0.5465345066625678 0.425531914893617 0.86 2.476063213181107
0.5515924941949386 0.425531914893617 0.87 2.4877217860838186
0.5565943204124747 0.425531914893617 0.88 2.499699500908052
0.5615374312378016 0.425531914893617 0.89 2.5120170994026845
0.5664186984368047 0.425531914893617 0.9 2.524700438384623
0.5712345686041137 0.425531914893617 0.91 2.537779134606298
0.5759807372524836 0.425531914893617 0.92 2.5512894661294863
0.5806517908596426 0.425531914893617 0.93 2.565277532194258
0.5852408541668125 0.425531914893617 0.94 2.5798023629186897
0.5897388220599682 0.425531914893617 0.95 2.5949427127365885
0.5941330485304277 0.425531914893617 0.96 2.610808661950379
0.5984047141412951 0.425531914893617 0.97 2.62756492671493
0.6025227931273108 0.425531914893617 0.98 2.6454843091503473
0.6064249914784183 0.425531914893617 0.99 2.6651165588855283
0.0 0.43971631205673756 0.0 2.0796904992712704
0.0069341917948442374 0.43971631205673756 0.01 2.079736435767148
0.013867924095111436 0.43971631205673756 0.02 2.079874256458847
0.020800737371603092 0.43971631205673756 0.03 2.080103994981808
0.027732172025921084 0.43971631205673756 0.04 2.0804257074060812
0.03466176835552018 0.43971631205673756 0.05 2.080839472314204
0.04158906651915081 0.43971631205673756 0.06 2.0813453908049784
0.04851360650138976 0.43971631205673756 0.07 2.081943586621277
0.05543492807742025 0.43971631205673756 0.08 2.0826342062170986
0.06235257077744214 0.43971631205673756 0.09 2.083417418862216
0.06926607385061098 0.43971631205673756 0.1 2.084293416773089
0.07617497622847089 0.43971631205673756 0.11 2.085262415263502
0.08307881648808559 0.43971631205673756 0.12 2.08632465290082
0.0899771328146089 0.43971631205673756 0.13 2.0874803916840126
0.0968694629630047 0.43971631205673756 0.14 2.0887299172518703
0.10375534421950841 0.43971631205673756 0.15 2.0900735390900405
0.11063431336181617 0.43971631205673756 0.16 2.091511590781885
0.11750590661868059 0.43971631205673756 0.17 2.0930444302670717
0.12436965962873921 0.43971631205673756 0.18 2.0946724401165766
0.13122510739809404 0.43971631205673756 0.19 2.0963960278391167
0.13807178425678943 0.43971631205673756 0.2 2.0982156262091944
0.1449092238134947 0.43971631205673756 0.21 2.100131693635206
0.15173695891064604 0.43971631205673756 0.22 2.102144714498015
0.1585545215757699 0.43971631205673756 0.23 2.104255199587501
0.16536144297244135 0.43971631205673756 0.24 2.1064636865265447
0.1721572533495888 0.43971631205673756 0.25 2.108770740222671
0.17894148198881296 0.43971631205673756 0.26 2.111176953353161
0.18571365714846236 0.43971631205673756 0.27 2.1136829469090923
0.19247330600698387 0.43971631205673756 0.28 2.1162893707340875
0.1992199546034124 0.43971631205673756 0.29 2.1189969041097063
0.20595312777288347 0.43971631205673756 0.3 2.1218062564260527
0.21267234908398322 0.43971631205673756 0.31 2.1247181677886755
0.2193771407669054 0.43971631205673756 0.32 2.127733409794383
0.22606702364407893 0.43971631205673756 0.33 2.1308527862280537
0.23274151704930018 0.43971631205673756 0.34 2.1340771339575415
0.23940013875264513 0.43971631205673756 0.35 2.1374073236872895
0.24604240487031284 0.43971631205673756 0.36 2.1408442609649425
0.25266782977625846 0.43971631205673756 0.37 2.1443888871169645
0.25927592600667204 0.43971631205673756 0.38 2.1480421802799765
0.26586620415570056 0.43971631205673756 0.39 2.151805156544747
0.2724381727671322 0.43971631205673756 0.4 2.1556788711272663
0.2789913382195158 0.43971631205673756 0.41 2.1596644196091805
0.2855252045974338 0.43971631205673756 0.42 2.163762939355068
0.2920392735608243 0.43971631205673756 0.43 2.167975610912308
0.29853304420174986 0.43971631205673756 0.44 2.1723036595586294
0.3050060128838196 0.43971631205673756 0.45 2.17674835705418
0.31145767308299843 0.43971631205673756 0.46 2.1813110233179285
0.3178875152017335 0.43971631205673756 0.47 2.185993028433852
0.32429502637411467 0.43971631205673756 0.48 2.1907957947164305
0.3306796902550881 0.43971631205673756 0.49 2.195720798931987
0.3370409867892534 0.43971631205673756 0.5 2.2007695747273406
0.34337839196127884 0.43971631205673756 0.51 2.2059437152281713
0.34969137751921003 0.43971631205673756 0.52 2.211244875911657
0.35597941067814387 0.43971631205673756 0.53 2.2166747776447524
0.36224195379067065 0.43971631205673756 0.54 2.2222352100526663
0.3684784639881262 0.43971631205673756 0.55 2.227928035151134
0.3746883927869165 0.43971631205673756 0.56 2.233755191302298
0.3808711856496752 0.43971631205673756 0.57 2.239718697602352
0.3870262815054254 0.43971631205673756 0.58 2.245820658632669
0.39315311221845706 0.43971631205673756 0.59 2.2520632696817366
0.3992511019984105 0.43971631205673756 0.6 2.2584488225056147
0.4053196667471002 0.43971631205673756 0.61 2.2649797116573667
0.4113582133167409 0.43971631205673756 0.62 2.2716584416472045
0.4173661387116407 0.43971631205673756 0.63 2.2784876345484513
0.42334282915924776 0.43971631205673756 0.64 2.285470038850531
0.4292876590960048 0.43971631205673756 0.65 2.292608539017598
0.43519999000331683 0.43971631205673756 0.66 2.2999061664290554
0.4410791691165178 0.43971631205673756 0.67 2.3073661114123976
0.4469245279405747 0.43971631205673756 0.68 2.3149917370344775
0.4527353805777182 0.43971631205673756 0.69 2.3227865945413413
0.45851102182456643 0.43971631205673756 0.7 2.330754440841196
0.4642507249766418 0.43971631205673756 0.71 2.3388992586068675
0.4699537393266456 0.43971631205673756 0.72 2.347225279064868
0.4756192872590792 0.43971631205673756 0.73 2.355737008382111
0.4812465609643509 0.43971631205673756 0.74 2.364439257337797
0.48683469690340664 0.43971631205673756 0.75 2.373337387462905
0.49238288117109996 0.43971631205673756 0.76 2.3824362804315986
0.4978901224401854 0.43971631205673756 0.77 2.391742547554862
0.5033554596228486 0.43971631205673756 0.78 2.401262498265324
0.5087778724556283 0.43971631205673756 0.79 2.411003011108859
0.5141562475479676 0.43971631205673756 0.8 2.4209718481563116
0.5194894318784443 0.43971631205673756 0.81 2.43117714145468
0.5247761321267637 0.43971631205673756 0.82 2.4416283351767873
0.5300149813641933 0.43971631205673756 0.83 2.4523355491551775
0.5352044707873765 0.43971631205673756 0.84 2.4633102097530615
0.5403429572269188 0.43971631205673756 0.85 2.474564970532156
0.5454285901174006 0.43971631205673756 0.86 2.486114374583273
0.5504593037083056 0.43971631205673756 0.87 2.49797491230726
0.5554327663830085 0.43971631205673756 0.88 2.510165473487455
0.5603462589909061 0.43971631205673756 0.89 2.5227084368753716
0.5651966183868141 0.43971631205673756 0.9 2.535630162947214
0.5699801430822938 0.43971631205673756 0.91 2.548961833037414
0.5746922996572973 0.43971631205673756 0.92 2.5627420717327793
0.5793274909208851 0.43971631205673756 0.93 2.577019007621891
0.5838785773185475 0.43971631205673756 0.94 2.591854542900885
0.5883361387037472 0.43971631205673756 0.95 2.6073309436564847
0.5926871257798467 0.43971631205673756 0.96 2.6235628867896175
0.596912080513807 0.43971631205673756 0.97 2.640722292923504
0.6009791667596912 0.43971631205673756 0.98 2.6590917152414644
0.6048248580761822 0.43971631205673756 0.99 2.6792369546886228
0.0 0.45390070921985815 0.0 2.085082124911441
0.00692522026559435 0.45390070921985815 0.01 2.0851284670419767
0.013849978775647195 0.45390070921985815 0.02 2.085267504897573
0.020773813738063487 0.45390070921985815 0.03 2.085499272901936
0.027696263287831643 0.45390070921985815 0.04 2.0858238284160553
0.034616865450254934 0.45390070921985815 0.05 2.0862412518269804
0.04153515810410079 0.45390070921985815 0.06 2.08675164660045
0.048450678944767574 0.45390070921985815 0.07 2.0873551393377334
0.05536296544667885 0.45390070921985815 0.08 2.0880518799038152
0.06227155482612003 0.45390070921985815 0.09 2.0888420415002074
0.06917598400266622 0.45390070921985815 0.1 2.0897258208420335
0.07607578956117603 0.45390070921985815 0.11 2.0907034382732683
0.08297050771246826 0.45390070921985815 0.12 2.0917751379588596
0.08985967425356683 0.45390070921985815 0.13 2.092941188078762
0.09674282452838609 0.45390070921985815 0.14 2.094201880992216
0.1036194933852179 0.45390070921985815 0.15 2.095557533539812
0.11048921513637962 0.45390070921985815 0.16 2.097008487226766
0.11735152351423156 0.45390070921985815 0.17 2.098555108548972
0.12420595162829152 0.45390070921985815 0.18 2.1001977892532495
0.13105203192000306 0.45390070921985815 0.19 2.101936946671912
0.13788929611646625 0.45390070921985815 0.2 2.1037730240718866
0.144717275183581 0.45390070921985815 0.21 2.1057064910061825
0.15153549927662524 0.45390070921985815 0.22 2.1077378437275187
0.1583434976895344 0.45390070921985815 0.23 2.109867605617409
0.1651407988046487 0.45390070921985815 0.24 2.1120963275866544
0.17192693003484347 0.45390070921985815 0.25 2.114424588659175
0.1787014177718848 0.45390070921985815 0.26 2.1168529963691816
0.18546378732365953 0.45390070921985815 0.27 2.1193821874201624
0.19221356285691135 0.45390070921985815 0.28 2.122012828181262
0.19895026733121093 0.45390070921985815 0.29 2.124745615368939
0.20567342243304287 0.45390070921985815 0.3 2.1275812766946034
0.2123825485066638 0.45390070921985815 0.31 2.130520571558407
0.21907716448067882 0.45390070921985815 0.32 2.133564291805963
0.22575678779000266 0.45390070921985815 0.33 2.136713262547685
0.23242093429595448 0.45390070921985815 0.34 2.139968342984222
0.23906911819887547 0.45390070921985815 0.35 2.143330427343687
0.24570085194945482 0.45390070921985815 0.36 2.1468004458089003
0.2523156461504468 0.45390070921985815 0.37 2.15037936558478
0.25891300945523243 0.45390070921985815 0.38 2.154068191981691
0.2654924484589436 0.45390070921985815 0.39 2.1578679695889127
0.27205346758261195 0.45390070921985815 0.4 2.161779783523959
0.27859556894847803 0.45390070921985815 0.41 2.1658047607827733
0.2851182522476975 0.45390070921985815 0.42 2.169944071664969
0.2916210145986856 0.45390070921985815 0.43 2.1741989312979335
0.2981033503918413 0.45390070921985815 0.44 2.178570601316915
0.3045647511284471 0.45390070921985815 0.45 2.1830603915774143
0.31100470524116114 0.45390070921985815 0.46 2.1876696620823655
0.3174226979018528 0.45390070921985815 0.47 2.19239982502733
0.3238182108152492 0.45390070921985815 0.48 2.197252346980757
0.33019072199348765 0.45390070921985815 0.49 2.202228751259954
0.33653970551291057 0.45390070921985815 0.5 2.2073306204744476
0.3428646312472344 0.45390070921985815 0.51 2.2125595993064793
0.3491649645746923 0.45390070921985815 0.52 2.2179173975467554
0.3554401660682565 0.45390070921985815 0.53 2.223405793259088
0.361689691140915 0.45390070921985815 0.54 2.229026636421936
0.3679129896718431 0.45390070921985815 0.55 2.23478185270158
0.3741095055824875 0.45390070921985815 0.56 2.240673447733951
0.3802786763828866 0.45390070921985815 0.57 2.2467035116461855
0.3864199326574914 0.45390070921985815 0.58 2.2528742241760416
0.39253269750587405 0.45390070921985815 0.59 2.2591878601816107
0.3986163859243307 0.45390070921985815 0.6 2.2656467956923567
0.4046704041054107 0.45390070921985815 0.61 2.272253514741607
0.41069414867857695 0.45390070921985815 0.62 2.2790106166894186
0.4166870058390163 0.45390070921985815 0.63 2.2859208246124685
0.4226483503983355 0.45390070921985815 0.64 2.29298699434942
0.42857754469745046 0.45390070921985815 0.65 2.300212124835564
0.43447393739627627 0.45390070921985815 0.66 2.307599369523506
0.4403368621018663 0.45390070921985815 0.67 2.315152049268745
0.4461656358231897 0.45390070921985815 0.68 2.3228736667608856
0.45195955721382003 0.45390070921985815 0.69 2.330767922863049
0.4577179045618946 0.45390070921985815 0.7 2.3388387352261657
0.46343993350736823 0.45390070921985815 0.71 2.347090259323177
0.4691248744044646 0.45390070921985815 0.72 2.355526912678433
0.4747719293017036 0.45390070921985815 0.73 2.36415340249147
0.4803802585688723 0.45390070921985815 0.74 2.3729748550975645
0.4859490271131784 0.45390070921985815 0.75 2.3819963562432496
0.4914772985443206 0.45390070921985815 0.76 2.3912239928247034
0.4969641255651421 0.45390070921985815 0.77 2.400663954099918
0.5024085308660359 0.45390070921985815 0.78 2.4103227239586476
0.5078093864704429 0.45390070921985815 0.79 2.4202082339652193
0.5131656067707493 0.45390070921985815 0.8 2.4303280026383427
0.5184759657582684 0.45390070921985815 0.81 2.440690885344857
0.5237391489429359 0.45390070921985815 0.82 2.45130656560488
0.5289537222007114 0.45390070921985815 0.83 2.4621858414332607
0.5341181458877406 0.45390070921985815 0.84 2.473340486779144
0.5392306875337878 0.45390070921985815 0.85 2.4847840561712324
0.5442894440610909 0.45390070921985815 0.86 2.496531666409271
0.54929226921528 0.45390070921985815 0.87 2.5086006571494748
0.5542367387268918 0.45390070921985815 0.88 2.52101089920453
0.5591200187514418 0.45390070921985815 0.89 2.533785982687165
0.5639388750471312 0.45390070921985815 0.9 2.5469531217598056
0.5686894192142441 0.45390070921985815 0.91 2.560545447362875
0.5733669680585677 0.45390070921985815 0.92 2.574603266058806
0.5779657205389249 0.45390070921985815 0.93 2.589176968728931
0.5824782976628857 0.45390070921985815 0.94 2.6043311747383293
0.5868949814606672 0.45390070921985815 0.95 2.6201515929104113
0.591202271000663 0.45390070921985815 0.96 2.6367580389736496
0.59538027799335 0.45390070921985815 0.97 2.6543279456909503
0.5993963583621829 0.45390070921985815 0.98 2.673153828594049
0.6031859959777073 0.45390070921985815 0.99 2.6938157578625135
0.0 0.46808510638297873 0.0 2.0906669341893815
0.006915963901536084 0.46808510638297873 0.01 2.0907136969711893
0.01383146372157341 0.46808510638297873 0.02 2.0908539970642073
0.02074603534020902 0.46808510638297873 0.03 2.091087869679839
0.027659214560704866 0.46808510638297873 0.04 2.0914153735359506
0.034570537070941876 0.46808510638297873 0.05 2.0918365908989807
0.04147953840455544 0.46808510638297873 0.06 2.0923516276620524
0.048385753902020795 0.46808510638297873 0.07 2.092960613413167
0.05528871867152093 0.46808510638297873 0.08 2.0936637015264994
0.06218796754905422 0.46808510638297873 0.09 2.0944610693058965
0.06908303505848025 0.46808510638297873 0.1 2.0953529181113457
0.07597345537110543 0.46808510638297873 0.11 2.0963394735100103
0.08285876226449816 0.46808510638297873 0.12 2.0974209854614547
0.0897384890804761 0.46808510638297873 0.13 2.098597728529141
0.09661216868311552 0.46808510638297873 0.14 2.0998700020755376
0.10347933341476753 0.46808510638297873 0.15 2.1012381305371925
0.11033951505312198 0.46808510638297873 0.16 2.1027024636359495
0.11719224476460958 0.46808510638297873 0.17 2.1042633767277814
0.12403705305925891 0.46808510638297873 0.18 2.105921271069043
0.130873469742585 0.46808510638297873 0.19 2.107676574178627
0.13770102386780692 0.46808510638297873 0.2 2.1095297401679867
0.1445192436845817 0.46808510638297873 0.21 2.111481250166784
0.15132765658843547 0.46808510638297873 0.22 2.1135316127034627
0.1581257890661181 0.46808510638297873 0.23 2.1156813641875836
0.1649131666413155 0.46808510638297873 0.24 2.1179310693569278
0.17168931381740404 0.46808510638297873 0.25 2.1202813217865257
0.17845375401742528 0.46808510638297873 0.26 2.1227327444449156
0.18520600952225733 0.46808510638297873 0.27 2.1252859902692456
0.1919456014062022 0.46808510638297873 0.28 2.1279417427777867
0.1986720494697945 0.46808510638297873 0.29 2.1307007167212553
0.20538487216937412 0.46808510638297873 0.3 2.133563658779729
0.21208358654202786 0.46808510638297873 0.31 2.1365313483295316
0.21876770812926505 0.46808510638297873 0.32 2.139604598206003
0.22543675089489637 0.46808510638297873 0.33 2.142784255555364
0.23209022713846897 0.46808510638297873 0.34 2.1460712027398987
0.23872764740432276 0.46808510638297873 0.35 2.1494663582919946
0.24534852038618216 0.46808510638297873 0.36 2.152970677916569
0.2519523528238642 0.46808510638297873 0.37 2.156585155598964
0.25853864939582794 0.46808510638297873 0.38 2.160310824745537
0.26510691260229763 0.46808510638297873 0.39 2.1641487594451547
0.271656642644166 0.46808510638297873 0.4 2.1681000757571693
0.27818733729029205 0.46808510638297873 0.41 2.17216593314531
0.2846984917364234 0.46808510638297873 0.42 2.176347535994855
0.2911895984562407 0.46808510638297873 0.43 2.18064613520259
0.2976601470375491 0.46808510638297873 0.44 2.185063029941063
0.3041096240087576 0.46808510638297873 0.45 2.1895995695092405
0.3105375126511306 0.46808510638297873 0.46 2.194257155332363
0.31694329279741845 0.46808510638297873 0.47 2.199037243094395
0.32332644060783927 0.46808510638297873 0.48 2.2039413451211813
0.329686428337805 0.46808510638297873 0.49 2.208971032803483
0.3360227240765785 0.46808510638297873 0.5 2.2141279393426387
0.34233479146570384 0.46808510638297873 0.51 2.2194137626812
0.34862208939511125 0.46808510638297873 0.52 2.2248302686398844
0.3548840716677319 0.46808510638297873 0.53 2.2303792943697958
0.36112018663142686 0.46808510638297873 0.54 2.2360627521188454
0.36732987678118795 0.46808510638297873 0.55 2.2418826332629265
0.3735125783185948 0.46808510638297873 0.56 2.2478410127523714
0.3796677206593199 0.46808510638297873 0.57 2.253940054064707
0.3857947259111723 0.46808510638297873 0.58 2.260182014376615
0.39189300827363177 0.46808510638297873 0.59 2.2665692505283377
0.3979619733836803 0.46808510638297873 0.6 2.2731042254550244
0.40400101759189316 0.46808510638297873 0.61 2.279789515257166
0.4100095271503974 0.46808510638297873 0.62 2.2866278170958663
0.4159868773137531 0.46808510638297873 0.63 2.2936219578719435
0.421932431326529 0.46808510638297873 0.64 2.3007749039548027
0.4278455392918978 0.46808510638297873 0.65 2.308089771988197
0.4337255369005704 0.46808510638297873 0.66 2.315569840965362
0.43957174399933524 0.46808510638297873 0.67 2.323218565758889
0.44538346295752007 0.46808510638297873 0.68 2.3310395925046614
0.451159976842753 0.46808510638297873 0.69 2.3390367756694617
0.45690054730513463 0.46808510638297873 0.7 2.3472141978109815
0.46260441220454895 0.46808510638297873 0.71 2.355576191599414
0.46827078284400114 0.46808510638297873 0.72 2.3641273654535064
0.47389884825645495 0.46808510638297873 0.73 2.372872558118296
0.47948773392148686 0.46808510638297873 0.74 2.3818172490729634
0.48503657496894903 0.46808510638297873 0.75 2.39096682219311
0.49054442779956076 0.46808510638297873 0.76 2.400327445437224
0.496010318719774 0.46808510638297873 0.77 2.4099055815074975
0.5014332019094523 0.46808510638297873 0.78 2.419708396245167
0.5068119878669323 0.46808510638297873 0.79 2.429743476393291
0.5121454991404173 0.46808510638297873 0.8 2.440019253326176
0.5174324814560721 0.46808510638297873 0.81 2.450544888530673
0.5226716300884542 0.46808510638297873 0.82 2.461330022607017
0.5278613130303005 0.46808510638297873 0.83 2.472387375466565
0.5330000797774694 0.46808510638297873 0.84 2.483727947146312
0.5380860974388705 0.46808510638297873 0.85 2.4953663183898804
0.5431173916671824 0.46808510638297873 0.86 2.5073183699830697
0.5480917462289012 0.46808510638297873 0.87 2.5196022132440605
0.5530066207505913 0.46808510638297873 0.88 2.5322389381685126
0.557859132280505 0.46808510638297873 0.89 2.5452527734262618
0.5626458917088099 0.46808510638297873 0.9 2.5586725776947756
0.5673628913891559 0.46808510638297873 0.91 2.572532856482983
0.5720052843719498 0.46808510638297873 0.92 2.5868757684728916
0.5765670671262192 0.46808510638297873 0.93 2.601754008981826
0.5810406890962726 0.46808510638297873 0.94 2.617234369241959
0.5854160570326243 0.46808510638297873 0.95 2.6334067840626285
0.5896793713021204 0.46808510638297873 0.96 2.6503949523049095
0.5938106611698144 0.46808510638297873 0.97 2.6683788357218177
0.5977754465259709 0.46808510638297873 0.98 2.687670387468746
0.6015095610133168 0.46808510638297873 0.99 2.7088522606125696
0.0 0.48226950354609927 0.0 2.0964470733940352
0.006906422772618928 0.48226950354609927 0.01 2.096494272054495
0.013812379073589232 0.48226950354609927 0.02 2.096635880049461
0.020717402390955587 0.48226950354609927 0.03 2.0968719334186745
0.027621026131932267 0.48226950354609927 0.04 2.0972024922852524
0.0345227835825385 0.48226950354609927 0.05 2.0976276408630024
0.041422207866645556 0.48226950354609927 0.06 2.098147487563655
0.048318831905282134 0.48226950354609927 0.07 2.0987621650444086
0.05521218837513813 0.48226950354609927 0.08 2.099471830340632
0.062101809666809185 0.48226950354609927 0.09 2.1002766649918576
0.06898722784304334 0.48226950354609927 0.1 2.1011768751597564
0.07586797459571964 0.48226950354609927 0.11 2.1021726918226653
0.08274358120283563 0.48226950354609927 0.12 2.103264370945852
0.08961357848425562 0.48226950354609927 0.13 2.1044521937071137
0.09647749675736661 0.48226950354609927 0.14 2.105736466707795
0.10333486579126193 0.48226950354609927 0.15 2.1071175222394474
0.11018521476051647 0.48226950354609927 0.16 2.1085957185482807
0.1170280721972063 0.48226950354609927 0.17 2.11017144015357
0.12386296594248405 0.48226950354609927 0.18 2.1118450981611554
0.13068942309661308 0.48226950354609927 0.19 2.1136171306156415
0.1375069699678186 0.48226950354609927 0.2 2.1154880028731746
0.14431513201867602 0.48226950354609927 0.21 2.117458208031762
0.15111343381229572 0.48226950354609927 0.22 2.119528267343954
0.15790139895543007 0.48226950354609927 0.23 2.1216987307003468
0.16467855004090934 0.48226950354609927 0.24 2.123970177107743
0.17144440858649082 0.48226950354609927 0.25 2.1263432152416937
0.17819849497168785 0.48226950354609927 0.26 2.128818484022632
0.1849403283734071 0.48226950354609927 0.27 2.131396653196714
0.1916694266966151 0.48226950354609927 0.28 2.134078424010396
0.19838530650444086 0.48226950354609927 0.29 2.1368645298683617
0.2050874829420263 0.48226950354609927 0.3 2.1397557371034197
0.21177546965978886 0.48226950354609927 0.31 2.1427528457261253
0.21844877872999685 0.48226950354609927 0.32 2.145856690284627
0.2251069205615432 0.48226950354609927 0.33 2.1490681407260968
0.23174940380835987 0.48226950354609927 0.34 2.152388103350875
0.23837573527243403 0.48226950354609927 0.35 2.155817521831652
0.24498541980342659 0.48226950354609927 0.36 2.1593573782579316
0.25157796018982975 0.48226950354609927 0.37 2.163008694295842
0.2581528570441278 0.48226950354609927 0.38 2.166772532410123
0.26470960868058535 0.48226950354609927 0.39 2.1706499971687188
0.27124771098660516 0.48226950354609927 0.4 2.1746422366100813
0.27776665728257305 0.48226950354609927 0.41 2.1787504437519156
0.2842659381730827 0.48226950354609927 0.42 2.182975858184884
0.29074504138867324 0.48226950354609927 0.43 2.187319767761589
0.297203451613707 0.48226950354609927 0.44 2.1917835104418666
0.3036406503032773 0.48226950354609927 0.45 2.196368476241783
0.3100561154847138 0.48226950354609927 0.46 2.201076109346624
0.31644932154306943 0.48226950354609927 0.47 2.205907910387049
0.3228197389907844 0.48226950354609927 0.48 2.2108654388678177
0.3291668342160484 0.48226950354609927 0.49 2.2159503158174805
0.3354900692098969 0.48226950354609927 0.5 2.2211642266465748
0.3417889012718537 0.48226950354609927 0.51 2.226508924207892
0.3480627826873244 0.48226950354609927 0.52 2.2319862321395147
0.35431116037371185 0.48226950354609927 0.53 2.237598048515439
0.3605334754966541 0.48226950354609927 0.54 2.243346349772568
0.3667291630496908 0.48226950354609927 0.55 2.249233194987936
0.3728976513882053 0.48226950354609927 0.56 2.2552607306035815
0.37903836172074745 0.48226950354609927 0.57 2.261431195542242
0.38515070754944597 0.48226950354609927 0.58 2.267746926800321
0.3912340940492687 0.48226950354609927 0.59 2.274210365621344
0.39728791737784086 0.48226950354609927 0.6 2.2808240643239204
0.4033115639148904 0.48226950354609927 0.61 2.2875906937717794
0.40930440941719537 0.48226950354609927 0.62 2.2945130516271743
0.41526581806723134 0.48226950354609927 0.63 2.3015940716059724
0.42119514142585845 0.48226950354609927 0.64 2.3088368335868537
0.42709171723324973 0.48226950354609927 0.65 2.3162445751640592
0.43295486810014866 0.48226950354609927 0.66 2.3238207041401213
0.4387838999942845 0.48226950354609927 0.67 2.3315688129641075
0.4445781005351911 0.48226950354609927 0.68 2.3394926949093606
0.4503367371071075 0.48226950354609927 0.69 2.3475963618510893
0.4560590546415501 0.48226950354609927 0.7 2.355884065160439
0.46174427312921446 0.48226950354609927 0.71 2.3643603190070097
0.46739159105314326 0.48226950354609927 0.72 2.373029863162692
0.4730001542615937 0.48226950354609927 0.73 2.3818979765970254
0.4785690971815548 0.48226950354609927 0.74 2.390970054199456
0.4840975085859736 0.48226950354609927 0.75 2.4002519527792447
0.48958443523361556 0.48226950354609927 0.76 2.4097499495284707
0.49502886097700677 0.48226950354609927 0.77 2.4194709436684674
0.5004297188051159 0.48226950354609927 0.78 2.429422331702476
0.5057858849436707 0.48226950354609927 0.79 2.4396120628415736
0.5110961458017943 0.48226950354609927 0.8 2.4500489545776536
0.5163592067829741 0.48226950354609927 0.81 2.4607426002214687
0.521573665358181 0.48226950354609927 0.82 2.4717036215886106
0.5267380114540392 0.48226950354609927 0.83 2.4829436591995746
0.5318505626878997 0.48226950354609927 0.84 2.494475978072895
0.5369094986454996 0.48226950354609927 0.85 2.506315135920728
0.5419127748763696 0.48226950354609927 0.86 2.5184777850112905
0.5468580823184428 0.48226950354609927 0.87 2.530983039435513
0.5517428293386185 0.48226950354609927 0.88 2.543852634904523
0.5565640129613051 0.48226950354609927 0.89 2.5571121150849505
0.5613181410081014 0.48226950354609927 0.9 2.570791542140094
0.5660010729397836 0.48226950354609927 0.91 2.5849269575968163
0.5706078437901264 0.48226950354609927 0.92 2.59956200074899
0.5751322100019551 0.48226950354609927 0.93 2.6147520709644003
0.5795664104674494 0.48226950354609927 0.94 2.6305665438489405
0.5839001422395067 0.48226950354609927 0.95 2.647098174180748
0.588119269728547 0.48226950354609927 0.96 2.664474986221413
0.5922029511151818 0.48226950354609927 0.97 2.68288670902675
0.5961174420320561 0.48226950354609927 0.98 2.7026418220362802
0.5997967874340254 0.48226950354609927 0.99 2.7243450913476663
0.0 0.49645390070921985 0.0 2.102424767181515
0.0068965969627812354 0.49645390070921985 0.01 2.1024724171396105
0.013792725000366483 0.49645390070921985 0.02 2.102615379324327
0.02068791514520868 0.49645390070921985 0.03 2.10285369064736
0.027581698345108 0.49645390070921985 0.04 2.1031874126485843
0.03447360542041544 0.49645390070921985 0.05 2.1036166315905045
0.04136316702177008 0.49645390070921985 0.06 2.104141458453439
0.04824991358648217 0.49645390070921985 0.07 2.1047620291095184
0.05513337529573404 0.49645390070921985 0.08 2.1054785043659887
0.0620130820305458 0.49645390070921985 0.09 2.1062910701300064
0.06888856332776147 0.49645390070921985 0.1 2.107199937543581
0.07575934833484028 0.49645390070921985 0.11 2.108205343184715
0.08262496576498721 0.49645390070921985 0.12 2.109307549226889
0.08948494385045072 0.49645390070921985 0.13 2.1105068436898886
0.09633881029592664 0.49645390070921985 0.14 2.1118035406595674
0.10318609223057051 0.49645390070921985 0.15 2.1131979805597525
0.11002631615865259 0.49645390070921985 0.16 2.114690530459639
0.11685900791079701 0.49645390070921985 0.17 2.116281584338925
0.12368369259132118 0.49645390070921985 0.18 2.117971563487172
0.1304998945260689 0.49645390070921985 0.19 2.1197609168526794
0.13730713720894913 0.49645390070921985 0.2 2.121650121419996
0.1441049432457998 0.49645390070921985 0.21 2.1236396826537614
0.15089283429690514 0.49645390070921985 0.22 2.125730134957139
0.15767033101757585 0.49645390070921985 0.23 2.127922042162769
0.16443695299700145 0.49645390070921985 0.24 2.1302159980478774
0.17119221869452023 0.49645390070921985 0.25 2.132612626894495
0.17793564537250697 0.49645390070921985 0.26 2.1351125841085334
0.18466674902933583 0.49645390070921985 0.27 2.1377165568093535
0.19138504432478995 0.49645390070921985 0.28 2.140425264573813
0.1980900445079068 0.49645390070921985 0.29 2.143239460089575
0.20478126133545743 0.49645390070921985 0.3 2.1461599299916556
0.2114582049917516 0.49645390070921985 0.31 2.1491874956324093
0.21812038400090195 0.49645390070921985 0.32 2.152323013980442
0.22476730513616158 0.49645390070921985 0.33 2.155567378541222
0.2313984733228368 0.49645390070921985 0.34 2.1589215203676484
0.23801339153881707 0.49645390070921985 0.35 2.162386409077777
0.24461156070411916 0.49645390070921985 0.36 2.1659630540382873
0.25119247957061486 0.49645390070921985 0.37 2.169652505499788
0.25775564459828504 0.49645390070921985 0.38 2.173455855930465
0.2643005498276472 0.49645390070921985 0.39 2.177374241365154
0.2708266867426984 0.49645390070921985 0.4 2.1814088428673752
0.27733354412430766 0.49645390070921985 0.41 2.1855608880971373
0.2838206078940965 0.49645390070921985 0.42 2.189831652977776
0.2902873609450295 0.49645390070921985 0.43 2.194222463514646
0.2967332829644136 0.49645390070921985 0.44 2.1987346976705333
0.3031578502364858 0.49645390070921985 0.45 2.2033697874874774
0.30956053543728584 0.49645390070921985 0.46 2.2081292212530697
0.3159408074064296 0.49645390070921985 0.47 2.21301454593344
0.3222981309050101 0.49645390070921985 0.48 2.218027369725849
0.328631966354401 0.49645390070921985 0.49 2.2231693648011217
0.3349417695443766 0.49645390070921985 0.5 2.2284422703825495
0.34122699132780093 0.49645390070921985 0.51 2.2338478959128976
0.34748707727819494 0.49645390070921985 0.52 2.2393881246221574
0.35372146732443166 0.49645390070921985 0.53 2.245064917290071
0.3599295953389558 0.49645390070921985 0.54 2.250880316497904
0.36611088870670294 0.49645390070921985 0.55 2.256836451005825
0.3722647678306286 0.49645390070921985 0.56 2.2629355408023644
0.3783906455986148 0.49645390070921985 0.57 2.2691799024889394
0.3844879268037034 0.49645390070921985 0.58 2.275571955090678
0.3905560074817544 0.49645390070921985 0.59 2.282114226703634
0.39659427420489946 0.49645390070921985 0.6 2.2888093614939105
0.4026021032746288 0.49645390070921985 0.61 2.2956601276944695
0.40857885984568176 0.49645390070921985 0.62 2.3026694262039102
0.4145238969290899 0.49645390070921985 0.63 2.3098403003571417
0.420436554295373 0.49645390070921985 0.64 2.317175946591905
0.4263161572374958 0.49645390070921985 0.65 2.324679726436297
0.43216201518469755 0.49645390070921985 0.66 2.3323551798743
0.43797342014348367 0.49645390070921985 0.67 2.340206040309759
0.44374964491796476 0.49645390070921985 0.68 2.3482362515975943
0.4494899411401679 0.49645390070921985 0.69 2.3564499867655657
0.4551935369590342 0.49645390070921985 0.7 2.3648516699823645
0.4608596279904088 0.49645390070921985 0.71 2.3734460675713023
0.46648741065555543 0.49645390070921985 0.72 2.382237942360683
0.47207599753174284 0.49645390070921985 0.73 2.391232921332248
0.4776244957252527 0.49645390070921985 0.74 2.400436683968346
0.4831319908479782 0.49645390070921985 0.75 2.4098551319354886
0.4885974801105773 0.49645390070921985 0.76 2.4194950555691768
0.4940199329812853 0.49645390070921985 0.77 2.429363518786948
0.4993982533846975 0.49645390070921985 0.78 2.4394682336951314
0.504731281949559 0.49645390070921985 0.79 2.4498175331576504
0.5100177726883807 0.49645390070921985 0.8 2.4604205934969907
0.5152563765122227 0.49645390070921985 0.81 2.471287586276238
0.5204456730676568 0.49645390070921985 0.82 2.482429367384948
0.5255840858137529 0.49645390070921985 0.83 2.4938582878725066
0.5306698980656404 0.49645390070921985 0.84 2.5055880302403555
0.5357012184440963 0.49645390070921985 0.85 2.517633931063676
0.5406759317995469 0.49645390070921985 0.86 2.5300134369674194
0.5455916785261397 0.49645390070921985 0.87 2.5427462923788764
0.5504457688014379 0.49645390070921985 0.88 2.5558553371871002
0.5552351128412766 0.49645390070921985 0.89 2.569367151127293
0.5599561076782561 0.49645390070921985 0.9 2.5833131031448646
0.5646045131083024 0.49645390070921985 0.91 2.5977305033710327
0.5691751568918587 0.49645390070921985 0.92 2.612665333593207
0.5736617238309133 0.49645390070921985 0.93 2.628174213505486
0.5780561829711001 0.49645390070921985 0.94 2.644329716509189
0.5823480312253928 0.49645390070921985 0.95 2.661227407041516
0.5865227877690488 0.49645390070921985 0.96 2.67899982862832
0.5905593249185432 0.49645390070921985 0.97 2.6978413430795065
0.5944234610964036 0.49645390070921985 0.98 2.7180676842585636
0.5980488414453538 0.49645390070921985 0.99 2.7402935116712475
0.0 0.5106382978723404 0.0 2.108602319597945
0.006886486571118401 0.5106382978723404 0.01 2.1086504365032437
0.013772501700893586 0.5106382978723404 0.02 2.108794799819388
0.020657573903651964 0.5106382978723404 0.03 2.109035447345122
0.027541231604900865 0.5106382978723404 0.04 2.1093724421284907
0.03442300309686958 0.5106382978723404 0.05 2.1098058724939857
0.04130241649361687 0.5106382978723404 0.06 2.110335852138093
0.04817899968615117 0.5106382978723404 0.07 2.1109625202005926
0.055052280296671266 0.5106382978723404 0.08 2.1116860414142806
0.061921785633200326 0.5106382978723404 0.09 2.1125066061971505
0.0687870426427936 0.5106382978723404 0.1 2.1134244308496646
0.07564757786479034 0.5106382978723404 0.11 2.1144397577181406
0.08250291738299438 0.5106382978723404 0.12 2.1155528554103644
0.08935258677763742 0.5106382978723404 0.13 2.1167640190036257
0.09619611107536064 0.5106382978723404 0.14 2.118073570334822
0.1030330147001439 0.5106382978723404 0.15 2.1194818582220263
0.10986282142061372 0.5106382978723404 0.16 2.1209892588310546
0.11668505429851773 0.5106382978723404 0.17 2.1225961759612018
0.12349923563474384 0.5106382978723404 0.18 2.124303041412785
0.13030488691373396 0.5106382978723404 0.19 2.1261103153859904
0.13710152874717269 0.5106382978723404 0.2 2.1280184868797307
0.14388868081468698 0.5106382978723404 0.21 2.130028074164215
0.15066586180541958 0.5106382978723404 0.22 2.132139625201629
0.15743258935274718 0.5106382978723404 0.23 2.134353718246328
0.16418837997187957 0.5106382978723404 0.24 2.136670962326962
0.17093274899253888 0.5106382978723404 0.25 2.139091997844297
0.17766521048806835 0.5106382978723404 0.26 2.1416174972286246
0.18438527720457948 0.5106382978723404 0.27 2.1442481655646843
0.19109246048392795 0.5106382978723404 0.28 2.146984741338039
0.19778627018572664 0.5106382978723404 0.29 2.14982799716847
0.20446621460330364 0.5106382978723404 0.3 2.152778740647386
0.21113180037902637 0.5106382978723404 0.31 2.1558378151533084
0.21778253241078036 0.5106382978723404 0.32 2.1590061008198735
0.22441791375757056 0.5106382978723404 0.33 2.162284515479817
0.23103744553827935 0.5106382978723404 0.34 2.1656740157089316
0.2376406268244194 0.5106382978723404 0.35 2.1691755979437994
0.24422695452780127 0.5106382978723404 0.36 2.172790299651696
0.25079592327962774 0.5106382978723404 0.37 2.176519200612365
0.25734702530411724 0.5106382978723404 0.38 2.180363424248833
0.263879750283278 0.5106382978723404 0.39 2.1843241390641026
0.2703935852123529 0.5106382978723404 0.4 2.188402560183985
0.27688801424688775 0.5106382978723404 0.41 2.192599950984398
0.28336251853602007 0.5106382978723404 0.42 2.196917624884436
0.28981657604943345 0.5106382978723404 0.43 2.2013569471788825
0.2962496613838657 0.5106382978723404 0.44 2.205919337125889
0.3026612455641787 0.5106382978723404 0.45 2.2106062700477263
0.3090507958224256 0.5106382978723404 0.46 2.215419279692766
0.31541777535874044 0.5106382978723404 0.47 2.220359960784417
0.32176164309352656 0.5106382978723404 0.48 2.2254299716167583
0.3280818533808599 0.5106382978723404 0.49 2.230631037114993
0.33437785571718043 0.5106382978723404 0.5 2.2359649518662583
0.34064909441088703 0.5106382978723404 0.51 2.241433583593651
0.34689500823174907 0.5106382978723404 0.52 2.247038876797192
0.3531150300156669 0.5106382978723404 0.53 2.2527828568753785
0.35930858625075673 0.5106382978723404 0.54 2.258667634371399
0.3654750966145562 0.5106382978723404 0.55 2.2646954097281724
0.37161397345908975 0.5106382978723404 0.56 2.2708684785658733
0.3777246212599108 0.5106382978723404 0.57 2.2771892372639924
0.3838064359984724 0.5106382978723404 0.58 2.283660189213021
0.38985880448705074 0.5106382978723404 0.59 2.2902839515978473
0.3958811036140421 0.5106382978723404 0.6 2.2970632629576824
0.4018726995165207 0.5106382978723404 0.61 2.3040009914147412
0.40783294666098174 0.5106382978723404 0.62 2.3111001437736705
0.41376118680150165 0.5106382978723404 0.63 2.3183638758117286
0.41965674784970014 0.5106382978723404 0.64 2.3257955033360638
0.42551894257400524 0.5106382978723404 0.65 2.3333985149106877
0.431347067157678 0.5106382978723404 0.66 2.341176585872779
0.4371403996049449 0.5106382978723404 0.67 2.349133593731101
0.44289819785107926 0.5106382978723404 0.68 2.3572736364632623
0.4486196977638826 0.5106382978723404 0.69 2.365601051629716
0.45430409665900995 0.5106382978723404 0.7 2.374120586621066
0.4599506205500043 0.5106382978723404 0.71 2.3828366932985574
0.4655583846228555 0.5106382978723404 0.72 2.3917549839577297
0.4711265090549063 0.5106382978723404 0.73 2.400881013482381
0.47665410169823086 0.5106382978723404 0.74 2.410220468603736
0.48214018078513404 0.5106382978723404 0.75 2.4197799505687843
0.4875837429590373 0.5106382978723404 0.76 2.429566276373139
0.49298374561826475 0.5106382978723404 0.77 2.4395866601906624
0.4983390116891106 0.5106382978723404 0.78 2.44984965114991
0.5036483978578987 0.5106382978723404 0.79 2.4603634631533775
0.5089105977377893 0.5106382978723404 0.8 2.4711379152635398
0.5141242554985699 0.5106382978723404 0.81 2.4821833065388246
0.5192878720323696 0.5106382978723404 0.82 2.4935113261614363
0.5243998429262126 0.5106382978723404 0.83 2.505134678247992
0.5294584020242419 0.5106382978723404 0.84 2.5170676209495118
0.5344615874394215 0.5106382978723404 0.85 2.5293262827905814
0.5394072422069565 0.5106382978723404 0.86 2.541928651310664
0.5442929252747202 0.5106382978723404 0.87 2.554895412228903
0.5491158705771078 0.5106382978723404 0.88 2.568250329545572
0.5538728728389806 0.5106382978723404 0.89 2.582021314544716
0.5585603222628441 0.5106382978723404 0.9 2.5962401078426596
0.5631737399519774 0.5106382978723404 0.91 2.6109466181354923
0.5677078961577081 0.5106382978723404 0.92 2.6261878339430416
0.5721562943208207 0.5106382978723404 0.93 2.6420226537758853
0.5765107533571915 0.5106382978723404 0.94 2.6585258190337333
0.580760497782962 0.5106382978723404 0.95 2.6757964482921617
0.5848908485169567 0.5106382978723404 0.96 2.693970362803859
0.5888803808712799 0.5106382978723404 0.97 2.713246786444232
0.592694565694594 0.5106382978723404 0.98 2.7339480681113875
0.5962669621392762 0.5106382978723404 0.99 2.7566961251961595
0.0 0.524822695035461 0.0 2.1149821151901746
0.006876091713191774 0.524822695035461 0.01 2.1150307148991536
0.01375170940718478 0.524822695035461 0.02 2.1151765269453935
0.02062637901640255 0.524822695035461 0.03 2.1154195900455646
0.027499626382345703 0.524822695035461 0.04 2.1157599687866093
0.03437097720714048 0.524822695035461 0.05 2.1161977536420897
0.041239957006496734 0.524822695035461 0.06 2.116733061085954
0.04810609106258554 0.524822695035461 0.07 2.1173660336768316
0.05496890437662867 0.524822695035461 0.08 2.1180968401681857
0.06182792162099919 0.524822695035461 0.09 2.1189256756501473
0.06868266709031923 0.524822695035461 0.1 2.1198527617437124
0.07553266465252448 0.524822695035461 0.11 2.120878346769948
0.08237743769923925 0.524822695035461 0.12 2.1220027059520743
0.08921650909456211 0.524822695035461 0.13 2.1232261416845755
0.0960494011236096 0.524822695035461 0.14 2.124548983785044
0.10287563544030988 0.524822695035461 0.15 2.1259715897659084
0.10969473301304097 0.524822695035461 0.16 2.1274943451797017
0.11650621407006036 0.524822695035461 0.17 2.129117663944433
0.12330959804262046 0.524822695035461 0.18 2.1308419887368064
0.1301044035077935 0.524822695035461 0.19 2.1326677913695775
0.13689014812819494 0.524822695035461 0.2 2.1345955732531823
0.14366634859123398 0.524822695035461 0.21 2.136625865842945
0.15043252054548906 0.524822695035461 0.22 2.138759231151544
0.15718817853529454 0.524822695035461 0.23 2.14099626228464
0.16393283593244298 0.524822695035461 0.24 2.143337584028629
0.1706660048678609 0.524822695035461 0.25 2.1457838534113858
0.177387196155008 0.524822695035461 0.26 2.1483357604496223
0.1840959192171848 0.524822695035461 0.27 2.1509940287586695
0.19079168200661567 0.524822695035461 0.28 2.1537594163384974
0.1974739909205605 0.524822695035461 0.29 2.1566327163876715
0.20414235071686365 0.524822695035461 0.3 2.1596147580954344
0.2107962644204562 0.524822695035461 0.31 2.1627064075979145
0.2174352332295419 0.524822695035461 0.32 2.1659085688982644
0.22405875641297696 0.524822695035461 0.33 2.1692221849299878
0.23066633120678517 0.524822695035461 0.34 2.1726482385942627
0.23725745269922974 0.524822695035461 0.35 2.176187753978262
0.24383161371471077 0.524822695035461 0.36 2.179841797546761
0.2503883046852644 0.524822695035461 0.37 2.1836114795161636
0.2569270135202238 0.524822695035461 0.38 2.1874979552094502
0.2634472254623088 0.524822695035461 0.39 2.1915024265997376
0.26994842293675475 0.524822695035461 0.4 2.195626143914856
0.27643008539048564 0.524822695035461 0.41 2.199870407351529
0.2828916891189381 0.524822695035461 0.42 2.2042365689308325
0.2893327070813952 0.524822695035461 0.43 2.208726034472683
0.2957526087041291 0.524822695035461 0.44 2.213340265695006
0.30215085966423855 0.524822695035461 0.45 2.2180807825374846
0.3085269216632482 0.524822695035461 0.46 2.2229491655628353
0.3148802521803444 0.524822695035461 0.47 2.2279470585828633
0.3212103042013401 0.524822695035461 0.48 2.233076171550347
0.32751652593114106 0.524822695035461 0.49 2.238338283594191
0.3337983604827774 0.524822695035461 0.5 2.243735246291094
0.34005524553735494 0.524822695035461 0.51 2.249268987239213
0.3462866129639128 0.524822695035461 0.52 2.2549415140628577
0.35249188842878854 0.524822695035461 0.53 2.2607549184429696
0.3586704909471978 0.524822695035461 0.54 2.26671138079049
0.3648218324008824 0.524822695035461 0.55 2.2728131752237677
0.37094531700923045 0.524822695035461 0.56 2.279062675000829
0.377040340749547 0.524822695035461 0.57 2.2854623584432736
0.38310629071616836 0.524822695035461 0.58 2.292014815459746
0.3891425444142563 0.524822695035461 0.59 2.298722754697126
0.3951484689786224 0.524822695035461 0.6 2.3055890114132556
0.40112342031282144 0.524822695035461 0.61 2.312616556104428
0.40706674212131677 0.524822695035461 0.62 2.3198085041788685
0.41297776485415855 0.524822695035461 0.63 2.3271681264214767
0.41885580450094545 0.524822695035461 0.64 2.3346988609464576
0.42470016125982385 0.524822695035461 0.65 2.3424043263005956
0.43051011805223444 0.524822695035461 0.66 2.350288336019189
0.4362849388410496 0.524822695035461 0.67 2.3583549150630696
0.44202386668903365 0.524822695035461 0.68 2.3666083187654054
0.447726122746392 0.524822695035461 0.69 2.375053041603606
0.4533908979035685 0.524822695035461 0.7 2.383693903427451
0.4590173610239433 0.524822695035461 0.71 2.3925359592392184
0.46460464320185435 0.524822695035461 0.72 2.4015846624606483
0.4701518610157214 0.524822695035461 0.73 2.4108456212979967
0.47565805520486715 0.524822695035461 0.74 2.4203252284857273
0.48112224870301223 0.524822695035461 0.75 2.4300300579865186
0.4865434256420544 0.524822695035461 0.76 2.4399670828897424
0.4919204455306155 0.524822695035461 0.77 2.45014453087674
0.4972522042266248 0.524822695035461 0.78 2.460570265322638
0.502537447716512 0.524822695035461 0.79 2.471253646254218
0.5077748869056983 0.524822695035461 0.8 2.4822043808832617
0.512963091080808 0.524822695035461 0.81 2.4934335705186856
0.518100541515725 0.524822695035461 0.82 2.5049531768489097
0.523185584824546 0.524822695035461 0.83 2.516776474609524
0.5282163915846114 0.524822695035461 0.84 2.5289184446005266
0.5331909690355665 0.524822695035461 0.85 2.5413956464418566
0.5381070857868742 0.524822695035461 0.86 2.5542269374448385
0.5429622362538102 0.524822695035461 0.87 2.5674338066814477
0.5477534116845686 0.524822695035461 0.88 2.581042535770334
0.5524778683815885 0.524822695035461 0.89 2.595076963939642
0.5571312791126988 0.524822695035461 0.9 2.6095759141048287
0.5617093454135524 0.524822695035461 0.91 2.624578009302571
0.5662066595072947 0.524822695035461 0.92 2.6401324103952057
0.570616629934489 0.524822695035461 0.93 2.6562995464425896
0.5749308396152992 0.524822695035461 0.94 2.67315718799327
0.5791383803183654 0.524822695035461 0.95 2.6908067978835337
0.5832243658026401 0.524822695035461 0.96 2.7093876509131674
0.5871670943162548 0.524822695035461 0.97 2.7291037759858563
0.5909317546160506 0.524822695035461 0.98 2.7502837019373505
0.5944524256201633 0.524822695035461 0.99 2.7735511667291095
0.0 0.5390070921985816 0.0 2.121566620048003
0.006865412522330946 0.5390070921985816 0.01 2.121615718661895
0.01373034838682864 0.5390070921985816 0.02 2.1217630277143185
0.02059433088718127 0.5390070921985816 0.03 2.122008586887685
0.02745688322009869 0.5390070921985816 0.04 2.122352462341771
0.034317528436522846 0.5390070921985816 0.05 2.122794746792464
0.041175789392716725 0.5390070921985816 0.06 2.123335559579472
0.04803118870107582 0.5390070921985816 0.07 2.1239750467637486
0.05488324868046226 0.5390070921985816 0.08 2.1247133812581693
0.0617314913058118 0.5390070921985816 0.09 2.1255507629954855
0.06857543815788496 0.5390070921985816 0.1 2.126487419065063
0.07541461037127709 0.5390070921985816 0.11 2.1275236039551313
0.08224852858279223 0.5390070921985816 0.12 2.1286595997403235
0.08907671287836377 0.5390070921985816 0.13 2.1298957163399885
0.09589868273856207 0.5390070921985816 0.14 2.1312322918191926
0.10271395698422987 0.5390070921985816 0.15 2.1326696926572257
0.10952205371992912 0.5390070921985816 0.16 2.1342083140960684
0.11632249027625018 0.5390070921985816 0.17 2.1358485805055505
0.12311478315114653 0.5390070921985816 0.18 2.1375909457608806
0.12989844794907246 0.5390070921985816 0.19 2.1394358936757856
0.1366729993189703 0.5390070921985816 0.2 2.1413839384467397
0.14343795088945396 0.5390070921985816 0.21 2.1434356251613527
0.15019281520315786 0.5390070921985816 0.22 2.1455915303019366
0.1569371036482751 0.5390070921985816 0.23 2.1478522623069223
0.16367032638672058 0.5390070921985816 0.24 2.150218462195698
0.17039199228143184 0.5390070921985816 0.25 2.152690804183395
0.1771016088188909 0.5390070921985816 0.26 2.155269996390736
0.18379868203055724 0.5390070921985816 0.27 2.1579567815458787
0.1904827164083486 0.5390070921985816 0.28 2.160751937797809
0.1971532148191656 0.5390070921985816 0.29 2.1636562795134076
0.2038096784122792 0.5390070921985816 0.3 2.1666706582007738
0.21045160652540074 0.5390070921985816 0.31 2.16979596341958
0.21707849658360115 0.5390070921985816 0.32 2.173033123805785
0.223689843994229 0.5390070921985816 0.33 2.1763831081347664
0.23028514203576814 0.5390070921985816 0.34 2.1798469264627958
0.23686388173971853 0.5390070921985816 0.35 2.1834256313577622
0.24342555176756855 0.5390070921985816 0.36 2.187120319174833
0.24996963827912266 0.5390070921985816 0.37 2.1909321314438737
0.2564956247907676 0.5390070921985816 0.38 2.194862256383538
0.2630029920296415 0.5390070921985816 0.39 2.198911930431636
0.269491217774396 0.5390070921985816 0.4 2.2030824399516895
0.2759597766855671 0.5390070921985816 0.41 2.207375123051186
0.2824081401260908 0.5390070921985816 0.42 2.211791371497891
0.28883577596769666 0.5390070921985816 0.43 2.2163326327974167
0.2952421483845353 0.5390070921985816 0.44 2.22100041240155
0.3016267176290499 0.5390070921985816 0.45 2.2257962761163594
0.3079889397935773 0.5390070921985816 0.46 2.230721852647197
0.31432826655246376 0.5390070921985816 0.47 2.2357788363519675
0.3206441448811011 0.5390070921985816 0.48 2.240968990242618
0.3269360167569544 0.5390070921985816 0.49 2.2462941491518458
0.3332033188293468 0.5390070921985816 0.5 2.2517562232422317
0.3394454820696695 0.5390070921985816 0.51 2.2573572016825683
0.34566193137609036 0.5390070921985816 0.52 2.263099156832569
0.3518520851652106 0.5390070921985816 0.53 2.268984248484716
0.35801535490131065 0.5390070921985816 0.54 2.2750147288079177
0.36415114459943976 0.5390070921985816 0.55 2.28119294749282
0.3702588502778331 0.5390070921985816 0.56 2.287521357409372
0.37633785934419156 0.5390070921985816 0.57 2.294002520945578
0.38238754994217133 0.5390070921985816 0.58 2.300639116679523
0.3884072902077391 0.5390070921985816 0.59 2.307433946987891
0.394396437465946 0.5390070921985816 0.6 2.314389946188725
0.40035433732953457 0.5390070921985816 0.61 2.3215101896627894
0.40628032271171133 0.5390070921985816 0.62 2.3287979037776467
0.41217371270402625 0.5390070921985816 0.63 2.3362564771574093
0.41803381135791806 0.5390070921985816 0.64 2.343889472817967
0.42385990628257836 0.5390070921985816 0.65 2.351700642134669
0.4296512671267622 0.5390070921985816 0.66 2.359693939835924
0.43540714383311946 0.5390070921985816 0.67 2.367873541240338
0.44112676261468753 0.5390070921985816 0.68 2.3762438837605258
0.4468093314898331 0.5390070921985816 0.69 2.384809604861996
0.4524540298104411 0.5390070921985816 0.7 2.3935756535942443
0.4580599993433832 0.5390070921985816 0.71 2.402547380828011
0.4636263623674893 0.5390070921985816 0.72 2.411730345083058
0.46915219435842914 0.5390070921985816 0.73 2.4211305977467523
0.4746365338280956 0.5390070921985816 0.74 2.430754575450702
0.48007839312202605 0.5390070921985816 0.75 2.440608989241768
0.4854766682765216 0.5390070921985816 0.76 2.4507017389674446
0.49083028641473925 0.5390070921985816 0.77 2.4610404097002476
0.49613804236372594 0.5390070921985816 0.78 2.471633927196771
0.5013986965427034 0.5390070921985816 0.79 2.482491564018937
0.5066108858836198 0.5390070921985816 0.8 2.493623826320796
0.5117731681738238 0.5390070921985816 0.81 2.5050420063778214
0.5168839827509063 0.5390070921985816 0.82 2.5167585688225445
0.5219416185008366 0.5390070921985816 0.83 2.5287874579698997
0.5269442187935502 0.5390070921985816 0.84 2.5411440453466727
0.531889728419111 0.5390070921985816 0.85 2.5538456420803692
0.5367758571893971 0.5390070921985816 0.86 2.5669118460442593
0.5416000717781129 0.5390070921985816 0.87 2.580364621321773
0.5463593780976536 0.5390070921985816 0.88 2.5942303763960317
0.551050503704461 0.5390070921985816 0.89 2.6085382292440618
0.5556695454014394 0.5390070921985816 0.9 2.6233233735419015
0.5602118936813877 0.5390070921985816 0.91 2.638627805936428
0.5646721315600067 0.5390070921985816 0.92 2.6545013216114004
0.5690434017714495 0.5390070921985816 0.93 2.6710075353693346
0.5733172228079807 0.5390070921985816 0.94 2.6882257097749043
0.5774825429818798 0.5390070921985816 0.95 2.7062598230233816
0.5815242397023895 0.5390070921985816 0.96 2.725252970927103
0.5854205367759466 0.5390070921985816 0.97 2.7454122133497556
0.5891365610778727 0.5390070921985816 0.98 2.767070349434455
0.5926063930699944 0.5390070921985816 0.99 2.7908579004079628
0.0 0.5531914893617021 0.0 2.1283583829411628
0.006854449151088475 0.5531914893617021 0.01 2.128407996767628
0.013708418945874105 0.5531914893617021 0.02 2.1285568518078257
0.020561429977514544 0.5531914893617021 0.03 2.128804988710599
0.027413002737934535 0.5531914893617021 0.04 2.1291524752820465
0.03426265756701852 0.5531914893617021 0.05 2.129599406531551
0.041109914601645266 0.5531914893617021 0.06 2.1301459047453806
0.04795429372412665 0.5531914893617021 0.07 2.1307921196157245
0.05479531451050631 0.5531914893617021 0.08 2.1315382283558666
0.061632496178209595 0.5531914893617021 0.09 2.1323844358605717
0.06846535753308813 0.5531914893617021 0.1 2.133330974889365
0.0752934169156637 0.5531914893617021 0.11 2.1343781062803204
0.0821161921471461 0.5531914893617021 0.12 2.1355261191570793
0.08893320047354936 0.5531914893617021 0.13 2.1367753312229008
0.09574395850927792 0.5531914893617021 0.14 2.1381260890465414
0.10254798218062794 0.5531914893617021 0.15 2.13957876833402
0.109344786665581 0.5531914893617021 0.16 2.141133774342625
0.11613388633510682 0.5531914893617021 0.17 2.1427915421951242
0.12291479469050262 0.5531914893617021 0.18 2.1445525373313172
0.12968702430051549 0.5531914893617021 0.19 2.146417255931001
0.1364500867364084 0.5531914893617021 0.2 2.1483862253837733
0.1432034925043475 0.5531914893617021 0.21 2.1504600048166433
0.1499467509765835 0.5531914893617021 0.22 2.152639185626745
0.15667937031983012 0.5531914893617021 0.23 2.154924392069045
0.16340085742083735 0.5531914893617021 0.24 2.1573162818909952
0.17011071780911063 0.5531914893617021 0.25 2.1598155470101363
0.17680845557741942 0.5531914893617021 0.26 2.162422914215335
0.18349357329850277 0.5531914893617021 0.27 2.1651391459309077
0.19016557193718867 0.5531914893617021 0.28 2.167965041054091
0.19682395076100345 0.5531914893617021 0.29 2.17090143578897
0.20346820724379705 0.5531914893617021 0.3 2.173949204602509
0.21009783696604376 0.5531914893617021 0.31 2.177109261208874
0.21671233351130004 0.5531914893617021 0.32 2.1803825595949786
0.22331118835533068 0.5531914893617021 0.33 2.1837700951557273
0.2298938907480346 0.5531914893617021 0.34 2.18727290592411
0.23645992759447856 0.5531914893617021 0.35 2.1908920737707747
0.2430087833226251 0.5531914893617021 0.36 2.194628725811968
0.24953993974529542 0.5531914893617021 0.37 2.198484035866414
0.2560528759167958 0.5531914893617021 0.38 2.2024592259556344
0.26254706797587457 0.5531914893617021 0.39 2.2065555679910487
0.2690219889810322 0.5531914893617021 0.4 2.210774385530226
0.27547710873420406 0.5531914893617021 0.41 2.2151170556671347
0.28191189359273244 0.5531914893617021 0.42 2.2195850110496935
0.28832580626735227 0.5531914893617021 0.43 2.2241797420539084
0.294718305606954 0.5531914893617021 0.44 2.228902799094314
0.30108884636719857 0.5531914893617021 0.45 2.2337557951094973
0.30743687895661276 0.5531914893617021 0.46 2.2387404083070814
0.3137618491731886 0.5531914893617021 0.47 2.243858384964357
0.32006319791221033 0.5531914893617021 0.48 2.2491115425650245
0.3263403608469305 0.5531914893617021 0.49 2.2545017732265333
0.3325927680978531 0.5531914893617021 0.5 2.2600310471887823
0.3388198438542019 0.5531914893617021 0.51 2.2657014168641663
0.34502100598039837 0.5531914893617021 0.52 2.271515020976162
0.35119566557253395 0.5531914893617021 0.53 2.277474089254151
0.357343226483502 0.5531914893617021 0.54 2.2835809474126543
0.3634630848020261 0.5531914893617021 0.55 2.2898380225990533
0.36955462828090896 0.5531914893617021 0.56 2.296247849350671
0.37561723571442274 0.5531914893617021 0.57 2.302813076044879
0.38165027623786596 0.5531914893617021 0.58 2.309536472156999
0.38765310857569446 0.5531914893617021 0.59 2.3164209359750028
0.39362508020991827 0.5531914893617021 0.6 2.32346950310606
0.39956552642835996 0.5531914893617021 0.61 2.3306853562232774
0.40547376932308055 0.5531914893617021 0.62 2.338071835189135
0.4113491166256955 0.5531914893617021 0.63 2.345632448871498
0.41719086043361103 0.5531914893617021 0.64 2.353370887971076
0.42299827581580113 0.5531914893617021 0.65 2.361291038978428
0.4287706191291298 0.5531914893617021 0.66 2.3693970011192866
0.4345071648557374 0.5531914893617021 0.67 2.3776926814068635
0.4402070091514921 0.5531914893617021 0.68 2.386183942467549
0.44586945464389477 0.5531914893617021 0.69 2.3948743883114525
0.45149363828468 0.5531914893617021 0.7 2.403769439219765
0.4570786770439095 0.5531914893617021 0.71 2.412874724172252
0.4626236678960268 0.5531914893617021 0.72 2.422196084284809
0.46812767526321236 0.5531914893617021 0.73 2.4317397071807574
0.4735898592266963 0.5531914893617021 0.74 2.44151080465591
0.47900875954733235 0.5531914893617021 0.75 2.451520990209857
0.48438372809418445 0.5531914893617021 0.76 2.461773507220223
0.48971346006065325 0.5531914893617021 0.77 2.472278364748339
0.4949967815436601 0.5531914893617021 0.78 2.483044226621849
0.500232372978166 0.5531914893617021 0.79 2.4940812329708035
0.5054188620284215 0.5531914893617021 0.8 2.5054000561516157
0.5105547733797433 0.5531914893617021 0.81 2.5170124045450972
0.5156384942396274 0.5531914893617021 0.82 2.528931358921442
0.5206682842122209 0.5531914893617021 0.83 2.541171270255933
0.5256422393867858 0.5531914893617021 0.84 2.5537481112013576
0.5305582494354557 0.5531914893617021 0.85 2.566679891979001
0.5354139963838055 0.5531914893617021 0.86 2.5799866723557483
0.540206800530666 0.5531914893617021 0.87 2.5936920508678667
0.5449337223771716 0.5531914893617021 0.88 2.607822184740972
0.5495913373200669 0.5531914893617021 0.89 2.622407968063428
0.5541758139828327 0.5531914893617021 0.9 2.637484300393184
0.55868208770425 0.5531914893617021 0.91 2.6530979858591834
0.5631049308411671 0.5531914893617021 0.92 2.669297588791413
0.567437334029287 0.5531914893617021 0.93 2.6861489076755807
0.5716707242212563 0.5531914893617021 0.94 2.703733006722993
0.575793816434304 0.5531914893617021 0.95 2.7221573004622024
0.5797914505702702 0.5531914893617021 0.96 2.7415669243014587
0.5836416472725513 0.5531914893617021 0.97 2.762173277848093
0.5873096890846327 0.5531914893617021 0.98 2.784311493354569
0.5907301451274559 0.5531914893617021 0.99 2.8086144247411595
0.0 0.5673758865248226 0.0 2.1353600363715346
0.006843201772643615 0.5673758865248226 0.01 2.1354101819757885
0.013685921431723848 0.5673758865248226 0.02 2.1355606326926826
0.020527676811005518 0.5673758865248226 0.03 2.1358114301838222
0.02736798563885256 0.5673758865248226 0.04 2.1361626439322214
0.034206365485144705 0.5673758865248226 0.05 2.1366143713211656
0.0410423337082594 0.5673758865248226 0.06 2.1371667376868273
0.04787540740141737 0.5673758865248226 0.07 2.137819896450628
0.05470510333864193 0.5673758865248226 0.08 2.138574029257239
0.06153093792041041 0.5673758865248226 0.09 2.139429346122042
0.06835242711818351 0.5673758865248226 0.1 2.1403860856448147
0.07516908641897191 0.5673758865248226 0.11 2.1414445151931174
0.0819804307678717 0.5673758865248226 0.12 2.1426049311917494
0.0887859745113395 0.5673758865248226 0.13 2.1438676593378445
0.09558523133739355 0.5673758865248226 0.14 2.145233054959204
0.10237771421657187 0.5673758865248226 0.15 2.1467015032981833
0.10916293534016056 0.5673758865248226 0.16 2.14827341989939
0.11594040605767882 0.5673758865248226 0.17 2.1499492509938385
0.12270963681256211 0.5673758865248226 0.18 2.1517294739263986
0.12947013707624558 0.5673758865248226 0.19 2.1536145976122545
0.1362214152802713 0.5673758865248226 0.2 2.1556051630323227
0.14296297874569025 0.5673758865248226 0.21 2.1577017437848447
0.14969433361179788 0.5673758865248226 0.22 2.1599049466247613
0.15641498476076454 0.5673758865248226 0.23 2.1622154120972947
0.16312443574017566 0.5673758865248226 0.24 2.1646338151934392
0.1698221886830084 0.5673758865248226 0.25 2.1671608660413364
0.17650774422333848 0.5673758865248226 0.26 2.1697973106740363
0.18318060141152445 0.5673758865248226 0.27 2.1725439317737014
0.18984025761926576 0.5673758865248226 0.28 2.1754015496259376
0.19648620845030046 0.5673758865248226 0.29 2.1783710228946473
0.20311794763618435 0.5673758865248226 0.3 2.181453249706902
0.20973496693542037 0.5673758865248226 0.31 2.1846491686096234
0.21633675602299443 0.5673758865248226 0.32 2.187959759694994
0.22292280237464873 0.5673758865248226 0.33 2.1913860457847636
0.22949259114836104 0.5673758865248226 0.34 2.1949290936241956
0.2360456050525057 0.5673758865248226 0.35 2.198590015289253
0.24258132421409545 0.5673758865248226 0.36 2.2023699695353574
0.24909922603382462 0.5673758865248226 0.37 2.20627016334319
0.255598785033887 0.5673758865248226 0.38 2.2102918535355895
0.26207947269656806 0.5673758865248226 0.39 2.2144363484988037
0.268540757292867 0.5673758865248226 0.4 2.218705010015334
0.2749821036974963 0.5673758865248226 0.41 2.223099255262326
0.2814029731951069 0.5673758865248226 0.42 2.2276205588867133
0.2878028232685503 0.5673758865248226 0.43 2.2322704553017827
0.2941811073736468 0.5673758865248226 0.44 2.237050541120102
0.30053727470041264 0.5673758865248226 0.45 2.2419624777197655
0.30687076991239065 0.5673758865248226 0.46 2.2470079940641376
0.3131810328645521 0.5673758865248226 0.47 2.2521888897523374
0.3194674983018204 0.5673758865248226 0.48 2.2575070382603872
0.32572959553954145 0.5673758865248226 0.49 2.2629643903502292
0.3319667481033554 0.5673758865248226 0.5 2.2685629779545984
0.33817837334437123 0.5673758865248226 0.51 2.2743049182909854
0.3443638820317208 0.5673758865248226 0.52 2.280192418174764
0.35052267788846186 0.5673758865248226 0.53 2.286227778978114
0.35665415710535836 0.5673758865248226 0.54 2.292413401749879
0.36275770779765315 0.5673758865248226 0.55 2.2987517929504913
0.36883270941112895 0.5673758865248226 0.56 2.305245570693255
0.3748785320794146 0.5673758865248226 0.57 2.3118974714528653
0.38089453590319444 0.5673758865248226 0.58 2.318710357591039
0.38688007017218257 0.5673758865248226 0.59 2.325687225414338
0.39283447249275427 0.5673758865248226 0.6 2.3328312142014345
0.3987570678344389 0.5673758865248226 0.61 2.340145616009796
0.4046471674566877 0.5673758865248226 0.62 2.347633886697324
0.41050406774551196 0.5673758865248226 0.63 2.3552996577797862
0.4163270488829452 0.5673758865248226 0.64 2.3631467499971976
0.42211537336973526 0.5673758865248226 0.65 2.371179188302028
0.4278682845881317 0.5673758865248226 0.66 2.3794012161666105
0.4335849991632025 0.5673758865248226 0.67 2.3878173780861545
0.4392647285999412 0.5673758865248226 0.68 2.3964322787907
0.44490663994980295 0.5673758865248226 0.69 2.4052510158417193
0.45050987453344554 0.5673758865248226 0.7 2.4142789675506346
0.45607354414988727 0.5673758865248226 0.71 2.423521832650127
0.4615967320618437 0.5673758865248226 0.72 2.432985618722104
0.46707847130219504 0.5673758865248226 0.73 2.4426768695629693
0.4725177837258557 0.5673758865248226 0.74 2.452602252884633
0.4779135899682304 0.5673758865248226 0.75 2.462769498302981
0.48326478536179673 0.5673758865248226 0.76 2.4731865984085517
0.4885702228158064 0.5673758865248226 0.77 2.4838619914758655
0.4938286464611395 0.5673758865248226 0.78 2.494805235821335
0.49903874083496474 0.5673758865248226 0.79 2.5060265013025584
0.5041990988875917 0.5673758865248226 0.8 2.5175368933398645
0.5093082005825202 0.5673758865248226 0.81 2.5293486638174523
0.5143644007464916 0.5673758865248226 0.82 2.5414753280968703
0.5193659273672007 0.5673758865248226 0.83 2.553931680876069
0.5243108201748105 0.5673758865248226 0.84 2.566734401908013
0.529196951330968 0.5673758865248226 0.85 2.579901851932154
0.534021878844907 0.5673758865248226 0.86 2.5934555068264835
0.5387829527525263 0.5673758865248226 0.87 2.607418923409811
0.5434771227047117 0.5673758865248226 0.88 2.6218196213401397
0.5481009420998354 0.5673758865248226 0.89 2.6366890535025918
0.5526502808506474 0.5673758865248226 0.9 2.652065394971503
0.5571204610166058 0.5673758865248226 0.91 2.6679922703086714
0.5615057039711051 0.5673758865248226 0.92 2.6845241177819426
0.565799231425346 0.5673758865248226 0.93 2.7017253064741134
0.5699921115833525 0.5673758865248226 0.94 2.719681309224937
0.5740731167288603 0.5673758865248226 0.95 2.7385002886693917
0.578026909995385 0.5673758865248226 0.96 2.7583308149226515
0.5818315490553028 0.5673758865248226 0.97 2.7793864462221403
0.5854524543999132 0.5673758865248226 0.98 2.8020048928047037
0.5888248817619254 0.5673758865248226 0.99 2.826819523431538
0.0 0.5815602836879432 0.0 2.142574297728549
0.006831670582361322 0.5815602836879432 0.01 2.1426249919231326
0.013662856236177244 0.5815602836879432 0.02 2.142777088738236
0.020493071978119847 0.5815602836879432 0.03 2.1430306308793288
0.027321832715041263 0.5815602836879432 0.04 2.143385689590993
0.03414865318917181 0.5815602836879432 0.05 2.1438423646635556
0.040973047922470626 0.5815602836879432 0.06 2.144400784583357
0.04779453116093175 0.5815602836879432 0.07 2.1450611066288783
0.054612616818651635 0.5815602836879432 0.08 2.145823516991028
0.06142681842082071 0.5815602836879432 0.09 2.1466882309714443
0.06823664904644358 0.5815602836879432 0.1 2.147655493166613
0.07504162126988641 0.5815602836879432 0.11 2.1487255777103527
0.08184124710227801 0.5815602836879432 0.12 2.149898788497999
0.08863503793097588 0.5815602836879432 0.13 2.1511754594993517
0.09542250445900462 0.5815602836879432 0.14 2.1525559550402558
0.10220315664195842 0.5815602836879432 0.15 2.154040670182566
0.1089765036247848 0.5815602836879432 0.16 2.155630031073497
0.11574205367606871 0.5815602836879432 0.17 2.1573244953744353
0.12249931412110114 0.5815602836879432 0.18 2.159124552702181
0.12924779127451178 0.5815602836879432 0.19 2.161030725060546
0.13598699036666195 0.5815602836879432 0.2 2.163043567458474
0.14271641547392297 0.5815602836879432 0.21 2.1651636683550666
0.1494355694409802 0.5815602836879432 0.22 2.167391650337328
0.15614395380449314 0.5815602836879432 0.23 2.1697281707106
0.16284106871134585 0.5815602836879432 0.24 2.1721739222150416
0.16952641283597836 0.5815602836879432 0.25 2.174729633726991
0.17619948329255822 0.5815602836879432 0.26 2.1773960710621463
0.1828597755448296 0.5815602836879432 0.27 2.1801740377958727
0.18950678331151427 0.5815602836879432 0.28 2.183064376153951
0.19613999846767113 0.5815602836879432 0.29 2.1860679679569994
0.20275891094088344 0.5815602836879432 0.3 2.189185735639836
0.2093630086035916 0.5815602836879432 0.31 2.1924186433110773
0.2159517771587241 0.5815602836879432 0.32 2.195767697911701
0.22252470002068125 0.5815602836879432 0.33 2.199233950421637
0.22908125818814362 0.5815602836879432 0.34 2.202818497182645
0.23562093011212268 0.5815602836879432 0.35 2.2065224812618562
0.24214319155371125 0.5815602836879432 0.36 2.210347093960113
0.24864751543753771 0.5815602836879432 0.37 2.2142935763437346
0.2551333716905566 0.5815602836879432 0.38 2.2183632209870243
0.2616002270752103 0.5815602836879432 0.39 2.2225573737493107
0.26804754501194805 0.5815602836879432 0.4 2.2268774356764247
0.27447478538612663 0.5815602836879432 0.41 2.2313248651009836
0.28088140434636966 0.5815602836879432 0.42 2.2359011798125783
0.2872668540853324 0.5815602836879432 0.43 2.2406079594428783
0.29363058260773556 0.5815602836879432 0.44 2.245446847975881
0.2999720334773223 0.5815602836879432 0.45 2.2504195565069365
0.3062906455487319 0.5815602836879432 0.46 2.2555278661459477
0.3125858526798282 0.5815602836879432 0.47 2.2607736311281337
0.31885708341623875 0.5815602836879432 0.48 2.2661587822420395
0.3251037606535487 0.5815602836879432 0.49 2.2716853304800866
0.33132530127045723 0.5815602836879432 0.5 2.2773553709985053
0.3375211157343622 0.5815602836879432 0.51 2.2831710873540176
0.3436906076703329 0.5815602836879432 0.52 2.289134756130953
0.3498331733890099 0.5815602836879432 0.53 2.295248752001092
0.35594820137715644 0.5815602836879432 0.54 2.3015155531507814
0.36203507174039723 0.5815602836879432 0.55 2.307937747201427
0.36809315559255124 0.5815602836879432 0.56 2.314518037677457
0.3741218143821415 0.5815602836879432 0.57 2.3212592511213703
0.38012039915959495 0.5815602836879432 0.58 2.328164344791131
0.3860882497685756 0.5815602836879432 0.59 2.335236415129362
0.39202469394406736 0.5815602836879432 0.6 2.3424787071900326
0.3979290463416257 0.5815602836879432 0.61 2.3498946247032366
0.40380060741669876 0.5815602836879432 0.62 2.357487741727024
0.40963866225266565 0.5815602836879432 0.63 2.365261814681532
0.41544247917192445 0.5815602836879432 0.64 2.3732207966947874
0.42121130928900213 0.5815602836879432 0.65 2.3813688410566964
0.42694438174414023 0.5815602836879432 0.66 2.389710353522328
0.43264090107820036 0.5815602836879432 0.67 2.398250018567514
0.43830006055861964 0.5815602836879432 0.68 2.406992649889524
0.4439209962687684 0.5815602836879432 0.69 2.4159436947466353
0.44950287615534534 0.5815602836879432 0.7 2.4251082563157436
0.4550447645070591 0.5815602836879432 0.71 2.434492570265206
0.460545724362033 0.5815602836879432 0.72 2.444102883466111
0.46600479356104146 0.5815602836879432 0.73 2.453945719659774
0.47142093637691407 0.5815602836879432 0.74 2.4640283886890773
0.4767930732232377 0.5815602836879432 0.75 2.4743586646332036
0.482120092396219 0.5815602836879432 0.76 2.4849446653332246
0.4874007883212049 0.5815602836879432 0.77 2.4957954911477507
0.4926338978873817 0.5815602836879432 0.78 2.5069208429824843
0.4978180777865782 0.5815602836879432 0.79 2.518331254691392
0.5029518822680137 0.5815602836879432 0.8 2.5300383159729423
0.5080337598980658 0.5815602836879432 0.81 2.54205470148111
0.5130620418078808 0.5815602836879432 0.82 2.5543942883384467
0.5180349027900797 0.5815602836879432 0.83 2.5670725442035063
0.5229503688399569 0.5815602836879432 0.84 2.5801064522954333
0.5278062039026897 0.5815602836879432 0.85 2.5935156326872915
0.5325999914453106 0.5815602836879432 0.86 2.607321538291105
0.5373289888144094 0.5815602836879432 0.87 2.621548897201526
0.5419901192566174 0.5815602836879432 0.88 2.6362257990576743
0.5465797880663289 0.5815602836879432 0.89 2.651385503687535
0.5510939280054313 0.5815602836879432 0.9 2.667066024269653
0.5555278593177146 0.5815602836879432 0.91 2.6833115368153373
0.5598753420140195 0.5815602836879432 0.92 2.700181598035681
0.5641297866533229 0.5815602836879432 0.93 2.7177395469651167
0.5682822462580972 0.5815602836879432 0.94 2.7360720543657755
0.5723213012469653 0.5815602836879432 0.95 2.7552904702709973
0.5762316121468071 0.5815602836879432 0.96 2.775545211002462
0.5799913229906739 0.5815602836879432 0.97 2.7970515845390094
0.5835659656729901 0.5815602836879432 0.98 2.820150209284101
0.5868918645819715 0.5815602836879432 0.99 2.8454713050217864
0.0 0.5957446808510638 0.0 2.1500039703826923
0.006819855799419463 0.5957446808510638 0.01 2.1500552302213842
0.01363922379870499 0.5957446808510638 0.02 2.150209024308146
0.020457616140788892 0.5957446808510638 0.03 2.1504653964278817
0.027274544854509558 0.5957446808510638 0.04 2.1508244196108546
0.03408952179755392 0.5957446808510638 0.05 2.1512861961645626
0.04090205859870466 0.5957446808510638 0.06 2.1518508578107762
0.0477116666002879 0.5957446808510638 0.07 2.152518565760341
0.0545178567991397 0.5957446808510638 0.08 2.1532895109292283
0.06132013978844479 0.5957446808510638 0.09 2.154163914035604
0.06811802569730516 0.5957446808510638 0.1 2.1551420258731078
0.07491102413069219 0.5957446808510638 0.11 2.1562241275082865
0.08169864410814068 0.5957446808510638 0.12 2.1574105305444875
0.08848039400089294 0.5957446808510638 0.13 2.158701577441709
0.09525578146868446 0.5957446808510638 0.14 2.1600976418210274
0.10202431339463779 0.5957446808510638 0.15 2.161599128835592
0.10878549581907769 0.5957446808510638 0.16 2.1632064755566005
0.11553883387190103 0.5957446808510638 0.17 2.164920151391152
0.12228383170277954 0.5957446808510638 0.18 2.166740658554336
0.1290199924086785 0.5957446808510638 0.19 2.168668532602142
0.1357468179629598 0.5957446808510638 0.2 2.1707043428765953
0.14246380913610743 0.5957446808510638 0.21 2.1728486932040116
0.14917046542063322 0.5957446808510638 0.22 2.175102222410314
0.1558662849474232 0.5957446808510638 0.23 2.177465605071879
0.16255076440415012 0.5957446808510638 0.24 2.179939552158904
0.16922339894651015 0.5957446808510638 0.25 2.182524811847242
0.17588368210937508 0.5957446808510638 0.26 2.185222170287419
0.1825311057105234 0.5957446808510638 0.27 2.1880324525260333
0.18916515975410855 0.5957446808510638 0.28 2.19095652338615
0.19578533232758116 0.5957446808510638 0.29 2.193995288465833
0.2023911094945177 0.5957446808510638 0.3 2.1971496951845118
0.2089819751807702 0.5957446808510638 0.31 2.2004207339307014
0.21555741105694137 0.5957446808510638 0.32 2.203809439238424
0.22211689641539442 0.5957446808510638 0.33 2.2073168910319936
0.22865990803669373 0.5957446808510638 0.34 2.21094421603475
0.23518592005316935 0.5957446808510638 0.35 2.214692589176962
0.24169440380181925 0.5957446808510638 0.36 2.2185632351567475
0.24818482766999372 0.5957446808510638 0.37 2.222557430076932
0.2546566569311057 0.5957446808510638 0.38 2.2266765032049105
0.2611093535697153 0.5957446808510638 0.39 2.230921838858728
0.2675423760970105 0.5957446808510638 0.4 2.235294878395073
0.2739551793517553 0.5957446808510638 0.41 2.2397971223773743
0.2803472142903673 0.5957446808510638 0.42 2.244430132852587
0.28671792775940574 0.5957446808510638 0.43 2.249195535840995
0.2930667622578182 0.5957446808510638 0.44 2.2540950239116793
0.29939315567013697 0.5957446808510638 0.45 2.2591303591319827
0.30569654099293037 0.5957446808510638 0.46 2.2643033760287317
0.3119763460375857 0.5957446808510638 0.47 2.2696159848240893
0.3182319930988052 0.5957446808510638 0.48 2.275070175082877
0.32446289861017724 0.5957446808510638 0.49 2.2806680194423747
0.33066847276238526 0.5957446808510638 0.5 2.2864116777748027
0.33684811910024887 0.5957446808510638 0.51 2.29230340153646
0.34300123406707167 0.5957446808510638 0.52 2.298345538730388
0.34912720653145857 0.5957446808510638 0.53 2.3045405389799107
0.3552254172525776 0.5957446808510638 0.54 2.310890959303267
0.36129523830685906 0.5957446808510638 0.55 2.3173994702549914
0.3673360324547958 0.5957446808510638 0.56 2.324068862702127
0.3733471524602213 0.5957446808510638 0.57 2.330902055057209
0.37932794031875333 0.5957446808510638 0.58 2.3379021014995374
0.3852777264390603 0.5957446808510638 0.59 2.3450722006085796
0.39119582871583974 0.5957446808510638 0.6 2.3524157051562242
0.3970815515091528 0.5957446808510638 0.61 2.359936132838245
0.4029341845335291 0.5957446808510638 0.62 2.3676371778859093
0.4087530016183923 0.5957446808510638 0.63 2.3755227239979586
0.4145372527761754 0.5957446808510638 0.64 2.383596934043033
0.42028619571523557 0.5957446808510638 0.65 2.3918638859577617
0.4259990273563078 0.5957446808510638 0.66 2.4003283581942463
0.43167494602867634 0.5957446808510638 0.67 2.4089951111699457
0.43731312690913177 0.5957446808510638 0.68 2.417869170488474
0.4429127132422076 0.5957446808510638 0.69 2.4269559219962713
0.44847280824048963 0.5957446808510638 0.7 2.436261195515549
0.45399250478566683 0.5957446808510638 0.71 2.4457909384569185
0.45947083520799326 0.5957446808510638 0.72 2.4555517609719075
0.46490681075486445 0.5957446808510638 0.73 2.465550505185206
0.4702993695991008 0.5957446808510638 0.74 2.4757947989104068
0.4756474397398787 0.5957446808510638 0.75 2.4862923857271477
0.48094985814094315 0.5957446808510638 0.76 2.497051978037614
0.4862054087292994 0.5957446808510638 0.77 2.508082851380798
0.4914128000496809 0.5957446808510638 0.78 2.519395076294146
0.49657066281505585 0.5957446808510638 0.79 2.530999541574438
0.5016775134627017 0.5957446808510638 0.8 2.542908324704465
0.506731784381932 0.5957446808510638 0.81 2.5551343818078935
0.511731758858796 0.5957446808510638 0.82 2.5676922080639435
0.5166756032345344 0.5957446808510638 0.83 2.5805975127893506
0.5215612457504808 0.5957446808510638 0.84 2.593868434771151
0.5263864696246938 0.5957446808510638 0.85 2.607524612088105
0.5311487849044862 0.5957446808510638 0.86 2.6215884675657954
0.5358454192726672 0.5957446808510638 0.87 2.63608530619639
0.5404731940006174 0.5957446808510638 0.88 2.6510445519556876
0.5450285286172176 0.5957446808510638 0.89 2.666499721708354
0.5495072995017585 0.5957446808510638 0.9 2.6824898489555897
0.5539044861206318 0.5957446808510638 0.91 2.6990629864023594
0.5582143716658337 0.5957446808510638 0.92 2.7162743188723595
0.5624298246833921 0.5957446808510638 0.93 2.7341932832379046
0.5665419426326513 0.5957446808510638 0.94 2.752907204926277
0.5705392612813284 0.5957446808510638 0.95 2.772529269247738
0.5744066188378496 0.5957446808510638 0.96 2.7932100429853586
0.5781219837749856 0.5957446808510638 0.97 2.8151691849095486
0.5816514127890907 0.5957446808510638 0.98 2.838746271319161
0.584932289699698 0.5957446808510638 0.99 2.864568400868573
0.0 0.6099290780141844 0.0 2.1576519448298392
0.006807757668423713 0.6099290780141844 0.01 2.1577037876074376
0.013615024609703381 0.6099290780141844 0.02 2.157859330903132
0.02042131003757901 0.6099290780141844 0.03 2.1581186196022637
0.027226123047416145 0.6099290780141844 0.04 2.158481728569958
0.03402897255696494 0.6099290780141844 0.05 2.1589487626903794
0.0408293672462666 0.6099290780141844 0.06 2.1595198570232124
0.047626815498187036 0.6099290780141844 0.07 2.1601951768452334
0.05442082533697432 0.6099290780141844 0.08 2.1609749179009414
0.061210904367926526 0.6099290780141844 0.09 2.161859306497316
0.06799655971456085 0.6099290780141844 0.1 2.1628485997948923
0.07477729795658104 0.6099290780141844 0.11 2.163943085992808
0.08155262506559718 0.6099290780141844 0.12 2.1651430846430744
0.08832204634096075 0.6099290780141844 0.13 2.1664489469203216
0.09508506634287033 0.6099290780141844 0.14 2.16786105600956
0.10184118882591835 0.6099290780141844 0.15 2.169379827432682
0.10858991666934842 0.6099290780141844 0.16 2.171005709499264
0.11533075180771375 0.6099290780141844 0.17 2.172739183701754
0.12206319515760097 0.6099290780141844 0.18 2.17458076524017
0.12878674654395797 0.6099290780141844 0.19 2.1765310035190373
0.13550090462331488 0.6099290780141844 0.2 2.17859048272232
0.1422051668058152 0.6099290780141844 0.21 2.1807598223910896
0.14889902917254413 0.6099290780141844 0.22 2.1830396781149433
0.15558198639354948 0.6099290780141844 0.23 2.1854307421608743
0.16225353163854866 0.6099290780141844 0.24 2.1879337442819686
0.1689131564883463 0.6099290780141844 0.25 2.1905494524581433
0.17556035083959312 0.6099290780141844 0.26 2.1932786737796026
0.18219460280811306 0.6099290780141844 0.27 2.196122255320588
0.18881539862618363 0.6099290780141844 0.28 2.199081085122411
0.19542222253634922 0.6099290780141844 0.29 2.2021560932118547
0.20201455667949947 0.6099290780141844 0.3 2.2053482527061794
0.2085918809789263 0.6099290780141844 0.31 2.2086585809597103
0.2151536730172375 0.6099290780141844 0.32 2.2120881408176167
0.22169940790564488 0.6099290780141844 0.33 2.2156380419754855
0.2282285581519818 0.6099290780141844 0.34 2.219309442311487
0.2347405935133561 0.6099290780141844 0.35 2.2231035494739246
0.24123498084691417 0.6099290780141844 0.36 2.2270216224409674
0.2477111839481632 0.6099290780141844 0.37 2.2310649732592096
0.25416866338199073 0.6099290780141844 0.38 2.2352349688528177
0.2606068763008669 0.6099290780141844 0.39 2.2395330329992453
0.2670252762555555 0.6099290780141844 0.4 2.2439606483690375
0.2734233129852819 0.6099290780141844 0.41 2.2485193588483803
0.2798004322045991 0.6099290780141844 0.42 2.253210771839551
0.2861560753649477 0.6099290780141844 0.43 2.258036560904908
0.2924896794093861 0.6099290780141844 0.44 2.262998468436823
0.2988006765003368 0.6099290780141844 0.45 2.2680983086729603
0.30508849373448843 0.6099290780141844 0.46 2.273337970818883
0.31135255283122487 0.6099290780141844 0.47 2.278719422482863
0.3175922697962758 0.6099290780141844 0.48 2.2842447133801724
0.32380705456779585 0.6099290780141844 0.49 2.289915979194245
0.32999631061767676 0.6099290780141844 0.5 2.295735445977611
0.33615943453563313 0.6099290780141844 0.51 2.301705434679135
0.3422958155654563 0.6099290780141844 0.52 2.3078283662226933
0.34840483511390935 0.6099290780141844 0.53 2.314106766834809
0.35448586619481837 0.6099290780141844 0.54 2.320543274116056
0.360538272851382 0.6099290780141844 0.55 2.3271406432591633
0.36656140950156085 0.6099290780141844 0.56 2.3339017541370715
0.37255462021751384 0.6099290780141844 0.57 2.340829619079073
0.3785172379774338 0.6099290780141844 0.58 2.347927390838466
0.3844485837732785 0.6099290780141844 0.59 2.355198372207139
0.39034796569533453 0.6099290780141844 0.6 2.3626460257207857
0.3962146778843517 0.6099290780141844 0.61 2.370273984809369
0.4020479993733382 0.6099290780141844 0.62 2.3780860660734664
0.4078471871543087 0.6099290780141844 0.63 2.3860863489464954
0.4136114553360983 0.6099290780141844 0.64 2.394279412005935
0.419340153131119 0.6099290780141844 0.65 2.4026682773282015
0.42503235361128944 0.6099290780141844 0.66 2.411259163878474
0.43068727915431076 0.6099290780141844 0.67 2.4200565606986597
0.4363040896968296 0.6099290780141844 0.68 2.429065678549077
0.4418819115446149 0.6099290780141844 0.69 2.4382921100410693
0.44741983865312024 0.6099290780141844 0.7 2.4477418110653084
0.45291693963798724 0.6099290780141844 0.71 2.457421022390032
0.45837226919912766 0.6099290780141844 0.72 2.4673361488476298
0.46378471308134406 0.6099290780141844 0.73 2.4774954235936857
0.4691533097421202 0.6099290780141844 0.74 2.487905444289224
0.47447690756742444 0.6099290780141844 0.75 2.4985748593765225
0.4797543319784761 0.6099290780141844 0.76 2.5095125661961366
0.48498434526079626 0.6099290780141844 0.77 2.520728140646781
0.490165634446713 0.6099290780141844 0.78 2.532231962455433
0.49529678755540646 0.6099290780141844 0.79 2.5440354585456
0.5003763169855574 0.6099290780141844 0.8 2.5561508601029512
0.5054026085950309 0.6099290780141844 0.81 2.568591726968124
0.5103739410836595 0.6099290780141844 0.82 2.5813727492963894
0.5152883821278328 0.6099290780141844 0.83 2.5945108016492267
0.5201438928002101 0.6099290780141844 0.84 2.6080238872261536
0.524938186969057 0.6099290780141844 0.85 2.6219325643924054
0.5296687533663325 0.6099290780141844 0.86 2.6362597295432506
0.5343327285094513 0.6099290780141844 0.87 2.65103189690092
0.5389269395390376 0.6099290780141844 0.88 2.6662787877317258
0.5434477707570732 0.6099290780141844 0.89 2.6820346855430426
0.5478909034692128 0.6099290780141844 0.9 2.6983410410008366
0.5522514864206252 0.6099290780141844 0.91 2.715244844034638
0.5565236170150237 0.6099290780141844 0.92 2.732803822863537
0.5607001140254196 0.6099290780141844 0.93 2.751088796471645
0.564770601032503 0.6099290780141844 0.94 2.7702026735579626
0.5687281020231971 0.6099290780141844 0.95 2.790216060894714
0.5725528397233756 0.6099290780141844 0.96 2.811326718298351
0.5762246565293868 0.6099290780141844 0.97 2.8337386464690777
0.5797099188772272 0.6099290780141844 0.98 2.857792478716376
0.5829474068093388 0.6099290780141844 0.99 2.8841088006108397
0.0 0.624113475177305 0.0 2.1655211997382793
0.006795376461181182 0.624113475177305 0.01 2.1655736430367694
0.0135902592140088 0.624113475177305 0.02 2.1657309882648916
0.020384154488866893 0.624113475177305 0.03 2.1659932814414176
0.027176568393457102 0.624113475177305 0.04 2.166360599320247
0.0339670068512501 0.624113475177305 0.05 2.1668330494519488
0.04075497553949985 0.624113475177305 0.06 2.1674107702990644
0.047539979827160794 0.624113475177305 0.07 2.1680939313403385
0.05432152471172441 0.624113475177305 0.08 2.168882733269592
0.06109911475585661 0.624113475177305 0.09 2.169777408169066
0.06787225402340666 0.624113475177305 0.1 2.1707782197169174
0.0746404460142927 0.624113475177305 0.11 2.17188546344934
0.08140319359784284 0.624113475177305 0.12 2.173099467080544
0.08815999894648069 0.624113475177305 0.13 2.174420590768292
0.09491036346658302 0.624113475177305 0.14 2.175849227508587
0.10165378772909017 0.624113475177305 0.15 2.1773858034999662
0.10838977139801088 0.624113475177305 0.16 2.179030778575608
0.11511781315718937 0.624113475177305 0.17 2.180784646671743
0.12183741063561739 0.624113475177305 0.18 2.1826479363181504
0.12854806033063584 0.624113475177305 0.19 2.184621211174563
0.13524925752820824 0.624113475177305 0.2 2.186705070633082
0.14194049622136382 0.624113475177305 0.21 2.1889001504406056
0.14862126902708608 0.624113475177305 0.22 2.1912071233362127
0.15529106709763843 0.624113475177305 0.23 2.193626699821464
0.16194938003079712 0.624113475177305 0.24 2.1961596289141316
0.1685956957772081 0.624113475177305 0.25 2.1988066989456874
0.175229500541082 0.624113475177305 0.26 2.2015687384955918
0.18185027868094036 0.624113475177305 0.27 2.204446617275179
0.1884575126027581 0.624113475177305 0.28 2.2074412471620444
0.19505068264974934 0.624113475177305 0.29 2.2105535832638408
0.2016292669868247 0.624113475177305 0.3 2.213784625058292
0.20819274148025774 0.624113475177305 0.31 2.2171354175918783
0.21474057957020393 0.624113475177305 0.32 2.2206070527842936
0.22127225213611101 0.624113475177305 0.33 2.2242006708276425
0.22778722735821968 0.624113475177305 0.34 2.227917461610772
0.23428497056715486 0.624113475177305 0.35 2.231758666327828
0.2407649440886509 0.624113475177305 0.36 2.2357255791190997
0.2472266070772863 0.624113475177305 0.37 2.239819548861786
0.25366941533949716 0.624113475177305 0.38 2.244041981093498
0.26009282114717147 0.624113475177305 0.39 2.2483943400377977
0.26649627304124573 0.624113475177305 0.4 2.2528781507393867
0.2728792156190631 0.624113475177305 0.41 2.2574950014099078
0.27924108930511876 0.624113475177305 0.42 2.2622465459745187
0.2855813301157209 0.624113475177305 0.43 2.267134506639516
0.2918993693984551 0.624113475177305 0.44 2.2721606767923155
0.29819463355481807 0.624113475177305 0.45 2.2773269240789604
0.3044665437419766 0.624113475177305 0.46 2.2826351937154468
0.31071451556008156 0.624113475177305 0.47 2.288087511928538
0.3169379586954527 0.624113475177305 0.48 2.293685989960674
0.3231362765626823 0.624113475177305 0.49 2.2994328279816902
0.32930886589534814 0.624113475177305 0.5 2.3053303196464685
0.33545511631070707 0.624113475177305 0.51 2.3113808569016574
0.34157440984327 0.624113475177305 0.52 2.3175869351112093
0.3476661204269368 0.624113475177305 0.53 2.3239511587679615
0.35372961334015657 0.624113475177305 0.54 2.3304762475720864
0.35976424459677053 0.624113475177305 0.55 2.33716504309945
0.3657693602831667 0.624113475177305 0.56 2.34402051603159
0.3717442958256666 0.624113475177305 0.57 2.351045774138017
0.3776883751959099 0.624113475177305 0.58 2.3582440708889347
0.38360091003908575 0.624113475177305 0.59 2.365618814877096
0.38948119869377484 0.624113475177305 0.6 2.373173580411674
0.39532852517087397 0.624113475177305 0.61 2.380912118431095
0.4011421579874449 0.624113475177305 0.62 2.3888383690114763
0.40692134875641434 0.624113475177305 0.63 2.3969564765803275
0.41266533041655257 0.624113475177305 0.64 2.405270809056552
0.4183733153349083 0.624113475177305 0.65 2.4137859780461217
0.4240444981838311 0.624113475177305 0.66 2.4225068041195277
0.4296780442162021 0.624113475177305 0.67 2.4314384502211173
0.43527309881115317 0.624113475177305 0.68 2.440586310015257
0.44082876691758416 0.624113475177305 0.69 2.4499562380074402
0.4463441406829183 0.624113475177305 0.7 2.4595542377783812
0.45181825212151555 0.624113475177305 0.71 2.4693869866241087
0.45725013311787316 0.624113475177305 0.72 2.479461172020978
0.4626387322629415 0.624113475177305 0.73 2.4897844016365074
0.4679829710159794 0.624113475177305 0.74 2.500364585199372
0.4732817151116515 0.624113475177305 0.75 2.5112102450039133
0.4785337681227862 0.624113475177305 0.76 2.5223305818006505
0.4837378725120864 0.624113475177305 0.77 2.5337354622376234
0.48889267768668304 0.624113475177305 0.78 2.545435753153101
0.4939967697905585 0.624113475177305 0.79 2.5574430080682653
0.4990486189163155 0.624113475177305 0.8 2.569770018477712
0.5040466075769685 0.624113475177305 0.81 2.5824305188431724
0.5089889170422212 0.624113475177305 0.82 2.5954403549850227
0.5138736639375376 0.624113475177305 0.83 2.60881608489346
0.518698735192925 0.624113475177305 0.84 2.6225766738744003
0.5234618404036135 0.624113475177305 0.85 2.6367429649237843
0.5281603578378833 0.624113475177305 0.86 2.6513392435132226
0.5327914656891357 0.624113475177305 0.87 2.6663919282635367
0.5373519485807009 0.624113475177305 0.88 2.681931542735273
0.5418380257122662 0.624113475177305 0.89 2.6979944561893507
0.5462455170550571 0.624113475177305 0.9 2.71462126773385
0.5505694295784672 0.624113475177305 0.91 2.7318609966697793
0.5548038107850488 0.624113475177305 0.92 2.7497726230774755
0.5589416041717787 0.624113475177305 0.93 2.7684266612888933
0.5629735602555049 0.624113475177305 0.94 2.7879161606583036
0.5668885718690981 0.624113475177305 0.95 2.808353714445169
0.5706713518204567 0.624113475177305 0.96 2.8298950127321794
0.574300392893773 0.624113475177305 0.97 2.8527600350491333
0.577742675891108 0.624113475177305 0.98 2.877287468420879
0.5809383940055398 0.624113475177305 0.99 2.9040910582721757
0.0 0.6382978723404256 0.0 2.17361480316237
0.0067827124784812275 0.6382978723404256 0.01 2.173667864812516
0.013564928214547306 0.6382978723404256 0.02 2.1738270654773317
0.020346150402284557 0.6382978723404256 0.03 2.174092452358168
0.027125882108868325 0.6382978723404256 0.04 2.17446410413603
0.03390362621055522 0.6382978723404256 0.05 2.174942131106379
0.04067888532893477 0.6382978723404256 0.06 2.175526675222829
0.04745116176610939 0.6382978723404256 0.07 2.1762179102834542
0.054219957439658524 0.6382978723404256 0.08 2.1770160420845936
0.06098477381723242 0.6382978723404256 0.09 2.1779213085948945
0.0677451118495857 0.6382978723404256 0.1 2.17893398022689
0.07450047190360055 0.6382978723404256 0.11 2.180054360067516
0.08125035369369712 0.6382978723404256 0.12 2.18128278419035
0.08799425621218426 0.6382978723404256 0.13 2.1826196219906286
0.09473167765871823 0.6382978723404256 0.14 2.184065276535652
0.10146211536744132 0.6382978723404256 0.15 2.18562018499608
0.1081850657335762 0.6382978723404256 0.16 2.1872848190621146
0.11490002413793167 0.6382978723404256 0.17 2.1890596854199313
0.12160648486884286 0.6382978723404256 0.18 2.190945326292611
0.12830394104262227 0.6382978723404256 0.19 2.1929423199954194
0.13499188452151117 0.6382978723404256 0.2 2.195051281543221
0.14166980582978964 0.6382978723404256 0.21 2.197272863282324
0.1483371940657864 0.6382978723404256 0.22 2.1996077556157827
0.15499353681235345 0.6382978723404256 0.23 2.202056687731284
0.16163832004310913 0.6382978723404256 0.24 2.2046204284140796
0.16827102802460908 0.6382978723404256 0.25 2.2072997869274706
0.17489114321799853 0.6382978723404256 0.26 2.2100956138633623
0.18149814617191756 0.6382978723404256 0.27 2.2130088021807652
0.18809151541465782 0.6382978723404256 0.28 2.21604028820893
0.1946707273382223 0.6382978723404256 0.29 2.2191910528010017
0.2012352560814426 0.6382978723404256 0.3 2.2224621224573173
0.20778457340257533 0.6382978723404256 0.31 2.2258545706405766
0.214318148549991 0.6382978723404256 0.32 2.2293695190752385
0.22083544812088446 0.6382978723404256 0.33 2.2330081392491152
0.2273359359208896 0.6382978723404256 0.34 2.23677165383661
0.23381907280623043 0.6382978723404256 0.35 2.2406613384219107
0.24028431652452964 0.6382978723404256 0.36 2.244678523179723
0.24673112154184276 0.6382978723404256 0.37 2.2488245947603502
0.25315893886261237 0.6382978723404256 0.38 2.2531009982390575
0.2595672158374632 0.6382978723404256 0.39 2.257509239221539
0.26595539595434126 0.6382978723404256 0.4 2.2620508861719064
0.2723229186258818 0.6382978723404256 0.41 2.266727572730184
0.27866921895345803 0.6382978723404256 0.42 2.271541000355394
0.2849937274808366 0.6382978723404256 0.43 2.2764929410578443
0.2912958699266853 0.6382978723404256 0.44 2.2815852403943997
0.2975750669002888 0.6382978723404256 0.45 2.286819820642999
0.3038307335950798 0.6382978723404256 0.46 2.2921986842341266
0.3100622794615407 0.6382978723404256 0.47 2.297723917404499
0.31626910785398177 0.6382978723404256 0.48 2.3033976941478027
0.3224506156465169 0.6382978723404256 0.49 2.3092222805175697
0.32860619281886544 0.6382978723404256 0.5 2.315200039257764
0.33473522201813105 0.6382978723404256 0.51 2.321333434665951
0.340837078063416 0.6382978723404256 0.52 2.3276250381449333
0.34691112742808533 0.6382978723404256 0.53 2.334077533932491
0.3529567276692785 0.6382978723404256 0.54 2.340693725427576
0.35897322679260196 0.6382978723404256 0.55 2.347476542246888
0.3649599625913152 0.6382978723404256 0.56 2.3544290474730656
0.37091626188073823 0.6382978723404256 0.57 2.3615544461277946
0.3768414397037088 0.6382978723404256 0.58 2.368856093850648
0.3827347984041456 0.6382978723404256 0.59 2.376337507093677
0.3885956268839852 0.6382978723404256 0.6 2.384002370888211
0.39442319526719155 0.6382978723404256 0.61 2.3918546023678537
0.40021677023344604 0.6382978723404256 0.62 2.39989816276495
0.40597558858549665 0.6382978723404256 0.63 2.408137377934415
0.41169886547634565 0.6382978723404256 0.64 2.416576832074501
0.41738581202564246 0.6382978723404256 0.65 2.4252211601094094
0.42303560091998876 0.6382978723404256 0.66 2.4340754517696856
0.4286473880562469 0.6382978723404256 0.67 2.443144994199372
0.43422030692024505 0.6382978723404256 0.68 2.452435338259106
0.4397534569007778 0.6382978723404256 0.69 2.461952430011777
0.4452458859720527 0.6382978723404256 0.7 2.4717027990944542
0.45069665050811036 0.6382978723404256 0.71 2.4816928900172432
0.4561047322680152 0.6382978723404256 0.72 2.4919299876367753
0.4614690777123756 0.6382978723404256 0.73 2.5024217741451285
0.46678858967262143 0.6382978723404256 0.74 2.513176421413197
0.47206211191985115 0.6382978723404256 0.75 2.524202757087621
0.47728843451186087 0.6382978723404256 0.76 2.5355102054199117
0.48246626156725525 0.6382978723404256 0.77 2.547109129713167
0.4875942430057972 0.6382978723404256 0.78 2.559010493735163
0.4926709262380146 0.6382978723404256 0.79 2.5712263740027086
0.49769479398536404 0.6382978723404256 0.8 2.583769564214339
0.5026640946784852 0.6382978723404256 0.81 2.596655339303649
0.507577108977857 0.6382978723404256 0.82 2.609898688781862
0.5124318616821251 0.6382978723404256 0.83 2.623517311799775
0.5172262458331419 0.6382978723404256 0.84 2.637530335762323
0.5219578500944624 0.6382978723404256 0.85 2.6519600911245513
0.5266241325650906 0.6382978723404256 0.86 2.6668303495699166
0.5312222128817139 0.6382978723404256 0.87 2.68216846445732
0.5357487171196568 0.6382978723404256 0.88 2.698006954260382
0.540200011939433 0.6382978723404256 0.89 2.7143811731055303
0.5445717908231661 0.6382978723404256 0.9 2.7313335363931346
0.5488590131572674 0.6382978723404256 0.91 2.74891419419335
0.5530558165894622 0.6382978723404256 0.92 2.7671820140094163
0.5571547978990441 0.6382978723404256 0.93 2.7862119307738853
0.5611472336916411 0.6382978723404256 0.94 2.8060929625613054
0.5650217273457009 0.6382978723404256 0.95 2.8269420999730754
0.5687631387861956 0.6382978723404256 0.96 2.8489155884752266
0.5723503220597508 0.6382978723404256 0.97 2.872232588819196
0.5757508053537271 0.6382978723404256 0.98 2.897230464244915
0.578906484666083 0.6382978723404256 0.99 2.9245130283991014
0.0 0.652482269503546 0.0 2.181935913540721
0.006769766052048491 0.652482269503546 0.01 2.1819896116426016
0.013539032276077152 0.652482269503546 0.02 2.1821507220759244
0.02030729877841877 0.652482269503546 0.03 2.1824192932305277
0.027074065534073103 0.652482269503546 0.04 2.182795405798091
0.033838832320800094 0.652482269503546 0.05 2.183279172851856
0.04060109865276083 0.652482269503546 0.06 2.1838707399693162
0.047360363713780045 0.652482269503546 0.07 2.18457028536958
0.05411612629014313 0.652482269503546 0.08 2.185378020078522
0.06086788470270174 0.652482269503546 0.09 2.186294188133408
0.06761513673785935 0.652482269503546 0.1 2.1873190668426963
0.07435737957802827 0.652482269503546 0.11 2.1884529670456465
0.08109410973111779 0.652482269503546 0.12 2.1896962334090917
0.08782482295812122 0.652482269503546 0.13 2.1910492448006216
0.09454901420016174 0.652482269503546 0.14 2.1925124146493338
0.10126617750356931 0.652482269503546 0.15 2.1940861913733345
0.10797580594365902 0.652482269503546 0.16 2.1957710588289965
0.1146773915469189 0.652482269503546 0.17 2.197567536795139
0.12137042520950307 0.652482269503546 0.18 2.199476181565555
0.1280543966159214 0.652482269503546 0.19 2.201497586487344
0.13472879415425734 0.652482269503546 0.2 2.2036323825938253
0.14139310482852727 0.652482269503546 0.21 2.205881239292135
0.1480468141688833 0.652482269503546 0.22 2.208244865077707
0.15468940613751872 0.652482269503546 0.23 2.210724008338876
0.16132036303355146 0.652482269503546 0.24 2.213319458146389
0.16793916539131784 0.652482269503546 0.25 2.216032045188853
0.17454529187859744 0.652482269503546 0.26 2.218862642660785
0.18113821918410847 0.652482269503546 0.27 2.2218121673867577
0.18771742191045554 0.652482269503546 0.28 2.2248815807523523
0.1942823724513739 0.652482269503546 0.29 2.2280718899819263
0.20083254087086513 0.652482269503546 0.3 2.231384149306511
0.20736739477253913 0.652482269503546 0.31 2.234819461308238
0.21388639916669963 0.652482269503546 0.32 2.238378978258685
0.22038901632430144 0.652482269503546 0.33 2.2420639036851635
0.22687470563044723 0.652482269503546 0.34 2.2458754938827243
0.2333429234237873 0.652482269503546 0.35 2.249815059657289
0.2397931228325418 0.652482269503546 0.36 2.253883968070015
0.24622475359393747 0.652482269503546 0.37 2.2580836444382872
0.2526372618718938 0.652482269503546 0.38 2.262415574298731
0.25903009005287897 0.652482269503546 0.39 2.2668813057043
0.2654026765416424 0.652482269503546 0.4 2.271482451446746
0.2717544555319384 0.652482269503546 0.41 2.276220691648467
0.2780848567705224 0.652482269503546 0.42 2.2810977763860367
0.28439330529928014 0.652482269503546 0.43 2.2861155286018557
0.2906792211815566 0.652482269503546 0.44 2.2912758471867654
0.29694201921364277 0.652482269503546 0.45 2.296580710215441
0.30318110860534114 0.652482269503546 0.46 2.302032178579228
0.3093958926475868 0.652482269503546 0.47 2.3076323997199117
0.3155857683456661 0.652482269503546 0.48 2.313383611789787
0.32175012603066655 0.652482269503546 0.49 2.3192881480297416
0.3278883489318871 0.652482269503546 0.5 2.3253484416114554
0.3339998127262196 0.652482269503546 0.51 2.3315670306962852
0.3400838850379015 0.652482269503546 0.52 2.3379465640830226
0.34613992490090884 0.652482269503546 0.53 2.3444898072483618
0.3521672821738092 0.652482269503546 0.54 2.351199648910695
0.35816529690430166 0.652482269503546 0.55 2.358079108139174
0.36413329863373467 0.652482269503546 0.56 2.3651313421220648
0.37007060563403643 0.652482269503546 0.57 2.372359654673546
0.37597652409304994 0.652482269503546 0.58 2.379767505257292
0.38185034593726846 0.652482269503546 0.59 2.387358534925898
0.38769134937710653 0.652482269503546 0.6 2.395136557350175
0.39349880855759406 0.652482269503546 0.61 2.4031054399226823
0.3992719402674378 0.652482269503546 0.62 2.411269753659252
0.40501003121783014 0.652482269503546 0.63 2.419633223859132
0.41071224382267585 0.652482269503546 0.64 2.4282010814634574
0.41637778198645764 0.652482269503546 0.65 2.4369780555577343
0.4220058098048054 0.652482269503546 0.66 2.4459693524810926
0.4275954767678122 0.652482269503546 0.67 2.455180355110233
0.4331458890100254 0.652482269503546 0.68 2.4646169542064875
0.4386561413031562 0.652482269503546 0.69 2.4742851779214488
0.4441252790757461 0.652482269503546 0.7 2.4841916246151103
0.44955232217050567 0.652482269503546 0.71 2.4943431902518407
0.4549362448705939 0.652482269503546 0.72 2.504747292176103
0.4602759802948015 0.652482269503546 0.73 2.515411817797392
0.46557040873924294 0.652482269503546 0.74 2.5263452517589133
0.47081836311328296 0.652482269503546 0.75 2.537556615590973
0.47601859598271273 0.652482269503546 0.76 2.549055823326347
0.48116981740091 0.652482269503546 0.77 2.560853272791555
0.48627063978002866 0.652482269503546 0.78 2.572960438646732
0.4913195718623892 0.652482269503546 0.79 2.585389931228283
0.4963151117271384 0.652482269503546 0.8 2.598154521365582
0.5012554907222113 0.652482269503546 0.81 2.611269835663592
0.5061389159605142 0.652482269503546 0.82 2.624751808303869
0.5109634812126598 0.652482269503546 0.83 2.6386176351114203
0.515726819593356 0.652482269503546 0.84 2.652889363519164
0.5204267565157226 0.652482269503546 0.85 2.667587158161929
0.5250606784352422 0.652482269503546 0.86 2.6827358428979142
0.5296254312674608 0.652482269503546 0.87 2.6983659249885905
0.5341179287386169 0.652482269503546 0.88 2.7145074126446858
0.5385343626049502 0.652482269503546 0.89 2.731197923896841
0.5428703896552206 0.652482269503546 0.9 2.748480819973677
0.5471210766201018 0.652482269503546 0.91 2.7664058479232714
0.5512802202256037 0.652482269503546 0.92 2.785036131844624
0.5553408535785622 0.652482269503546 0.93 2.8044432113515927
0.5592940572967406 0.652482269503546 0.94 2.8247193018629595
0.5631284933371078 0.652482269503546 0.95 2.845982371549661
0.5668292737582266 0.652482269503546 0.96 2.8683881767370956
0.5703755052508036 0.652482269503546 0.97 2.8921561391295016
0.5737354959091472 0.652482269503546 0.98 2.91761989701688
0.5768528248163937 0.652482269503546 0.99 2.94537327440796
0.0 0.6666666666666666 0.0 2.1904877808275187
0.0067565375464379625 0.6666666666666666 0.01 2.1905421337684157
0.013512572129145209 0.6666666666666666 0.02 2.1907052091234593
0.02026760071666335 0.6666666666666666 0.03 2.1909770564950235
0.02702112014173448 0.6666666666666666 0.04 2.1913577586469373
0.033772627033439 0.6666666666666666 0.05 2.1918474315203444
0.040521617748583705 0.6666666666666666 0.06 2.192446224391604
0.04726758830268889 0.6666666666666666 0.07 2.1931543200201453
0.054010034300682574 0.6666666666666666 0.08 2.193971934805957
0.0607484508668167 0.6666666666666666 0.09 2.194899319001912
0.06748233257287611 0.6666666666666666 0.1 2.1959367570192336
0.07421117336734588 0.6666666666666666 0.11 2.1970845676242927
0.0809344665014739 0.6666666666666666 0.12 2.1983431043243615
0.08765170445553812 0.6666666666666666 0.13 2.199712755688339
0.09436237886227611 0.6666666666666666 0.14 2.2011939457891754
0.10106598043102008 0.6666666666666666 0.15 2.2027871345693937
0.10776199886780526 0.6666666666666666 0.16 2.204492818368063
0.11444992279439747 0.6666666666666666 0.17 2.206311530441338
0.12112923966675694 0.6666666666666666 0.18 2.208243841471269
0.12779943568891622 0.6666666666666666 0.19 2.210290360216892
0.13445999572533981 0.6666666666666666 0.2 2.2124517341685266
0.1411104032117036 0.6666666666666666 0.21 2.214728650216797
0.14775014006145107 0.6666666666666666 0.22 2.2171218354214934
0.15437868656889742 0.6666666666666666 0.23 2.219632057839034
0.16099552131120148 0.6666666666666666 0.24 2.222260127338461
0.16760012104308333 0.6666666666666666 0.25 2.2250068965820704
0.17419196059083727 0.6666666666666666 0.26 2.22787326197117
0.18077051274055583 0.6666666666666666 0.27 2.2308601647018698
0.1873352481218331 0.6666666666666666 0.28 2.2339685918852266
0.19388563508487208 0.6666666666666666 0.29 2.237199577775973
0.2004211395750759 0.6666666666666666 0.3 2.2405542050060325
0.20694122499893344 0.6666666666666666 0.31 2.2440336059675614
0.2134453520857682 0.6666666666666666 0.32 2.247638964230507
0.21993297873964449 0.6666666666666666 0.33 2.251371516116846
0.22640355988513544 0.6666666666666666 0.34 2.255232552340388
0.2328565473047289 0.6666666666666666 0.35 2.259223419756248
0.23929138946948927 0.6666666666666666 0.36 2.263345523183267
0.24570753135158138 0.6666666666666666 0.37 2.267600327510963
0.25210441423997404 0.6666666666666666 0.38 2.271989359673968
0.25848147552970524 0.6666666666666666 0.39 2.276514211052121
0.264838148509127 0.6666666666666666 0.4 2.281176539824718
0.2711738621280985 0.6666666666666666 0.41 2.2859780735897135
0.2774880407520719 0.6666666666666666 0.42 2.2909206121445145
0.28378010389956027 0.6666666666666666 0.43 2.2960060304643464
0.2900494659651182 0.6666666666666666 0.44 2.3012362818362933
0.29629553591441826 0.6666666666666666 0.45 2.3066134013572617
0.302517716964399 0.6666666666666666 0.46 2.3121395095717268
0.3087154062408914 0.6666666666666666 0.47 2.3178168163685324
0.31488799440240584 0.6666666666666666 0.48 2.3236476252960276
0.3210348652401595 0.6666666666666666 0.49 2.329634338125341
0.3271553952464635 0.6666666666666666 0.5 2.3357794597732737
0.33324895314848935 0.6666666666666666 0.51 2.342085603615747
0.3393148993970384 0.6666666666666666 0.52 2.348555497324384
0.3453525856264347 0.6666666666666666 0.53 2.355191988985037
0.35136135404147983 0.6666666666666666 0.54 2.361998054098017
0.3573405367919321 0.6666666666666666 0.55 2.3689768026101863
0.36328945522334455 0.6666666666666666 0.56 2.3761314874721067
0.36920741917055827 0.6666666666666666 0.57 2.383465512477036
0.3750937311282559 0.6666666666666666 0.58 2.390982377863311
0.3809476578572447 0.6666666666666666 0.59 2.398686040548739
0.3867684925869775 0.6666666666666666 0.6 2.4065801217787537
0.3925554705729252 0.6666666666666666 0.61 2.4146689748647296
0.3983078416580156 0.6666666666666666 0.62 2.4229567707213158
0.40402481884372016 0.6666666666666666 0.63 2.4314481371395855
0.4097055927284995 0.6666666666666666 0.64 2.4401479731720235
0.4153493749157489 0.6666666666666666 0.65 2.4490609347119885
0.4209552940428967 0.6666666666666666 0.66 2.458192672112433
0.4265224687858743 0.6666666666666666 0.67 2.4675489501704
0.43205002567900225 0.6666666666666666 0.68 2.4771354519778614
0.4375370281838266 0.6666666666666666 0.69 2.486958602317877
0.44298251440632036 0.6666666666666666 0.7 2.497025124913136
0.4483854829129141 0.6666666666666666 0.71 2.5073422041797873
0.4537448999778097 0.6666666666666666 0.72 2.517917402904457
0.459059676439972 0.6666666666666666 0.73 2.5287589201946794
0.464328681048238 0.6666666666666666 0.74 2.5398754409473994
0.4695507242087408 0.6666666666666666 0.75 2.551276315583428
0.4747245523638875 0.6666666666666666 0.76 2.562971620140658
0.4798488426917276 0.6666666666666666 0.77 2.5749722135399016
0.4849221888688823 0.6666666666666666 0.78 2.58728989133575
0.48994312372011545 0.6666666666666666 0.79 2.599937146385664
0.4949100180492368 0.6666666666666666 0.8 2.61292824838671
0.4998211785105681 0.6666666666666666 0.81 2.626278203997099
0.5046747233147687 0.6666666666666666 0.82 2.640004077120006
0.5094687621126824 0.6666666666666666 0.83 2.6541231108777437
0.5142009917864951 0.6666666666666666 0.84 2.668656964805815
0.5188689743794989 0.6666666666666666 0.85 2.683628809572053
0.523470315621967 0.6666666666666666 0.86 2.6990615228391963
0.5280017941378434 0.6666666666666666 0.87 2.714986714271512
0.5324601931584912 0.6666666666666666 0.88 2.7314361540536627
0.53684171283448 0.6666666666666666 0.89 2.7484478859428116
0.5411422225715865 0.6666666666666666 0.9 2.766063696752548
0.5453561331234715 0.6666666666666666 0.91 2.7843407365031076
0.5494780173277417 0.6666666666666666 0.92 2.8033350669394506
0.5535005652897994 0.6666666666666666 0.93 2.823122735771744
0.557414903859136 0.6666666666666666 0.94 2.8437967547021703
0.5612098899830722 0.6666666666666666 0.95 2.865474704028283
0.5648707596115877 0.6666666666666666 0.96 2.8883131513590037
0.5683770776897384 0.6666666666666666 0.97 2.9125296751590533
0.571697853096967 0.6666666666666666 0.98 2.9384548953291287
0.5747786348103904 0.6666666666666666 0.99 2.9666694278021777
0.0 0.6808510638297872 0.0 2.1992737475533373
0.006743027361133805 0.6808510638297872 0.01 2.1993287739942313
0.013485548574269651 0.6808510638297872 0.02 2.1994938702437565
0.020227057421434935 0.6808510638297872 0.03 2.199769087193319
0.026967047544748813 0.6808510638297872 0.04 2.200154509676463
0.03370501237592093 0.6808510638297872 0.05 2.2006502566110635
0.04044044506590595 0.6808510638297872 0.06 2.2012564810620905
0.047172838413504406 0.6808510638297872 0.07 2.201973370440219
0.053901684793915855 0.6808510638297872 0.08 2.202801146655748
0.06062647608615217 0.6808510638297872 0.09 2.203740066360236
0.06734670359965397 0.6808510638297872 0.1 2.204790421208914
0.07406185800043517 0.6808510638297872 0.11 2.205952538126894
0.08077142923516796 0.6808510638297872 0.12 2.2072267796781637
0.0874749064550353 0.6808510638297872 0.13 2.2086135444038595
0.0941717779374035 0.6808510638297872 0.14 2.210113267249447
0.10086153100615072 0.6808510638297872 0.15 2.2117264200155473
0.10754365195053775 0.6808510638297872 0.16 2.2134535118389422
0.1142176259417348 0.6808510638297872 0.17 2.2152950897375296
0.12088293694720628 0.6808510638297872 0.18 2.21725173919879
0.12753906764376993 0.6808510638297872 0.19 2.219324084778837
0.1341854993264631 0.6808510638297872 0.2 2.2215127908143604
0.14082171181666206 0.6808510638297872 0.21 2.2238185621128532
0.14744718336471443 0.6808510638297872 0.22 2.226242144781848
0.15406139055202805 0.6808510638297872 0.23 2.228784327023957
0.1606638081891493 0.6808510638297872 0.24 2.231445940014577
0.16725390920663122 0.6808510638297872 0.25 2.2342278589362254
0.1738311645472551 0.6808510638297872 0.26 2.2371310039197794
0.18039504304969928 0.6808510638297872 0.27 2.2401563411728835
0.18694501132861985 0.6808510638297872 0.28 2.243304884143033
0.19348053364973303 0.6808510638297872 0.29 2.2465776947517777
0.2000010717999398 0.6808510638297872 0.3 2.2499758846952056
0.2065060849495832 0.6808510638297872 0.31 2.253500616872127
0.21299502950750812 0.6808510638297872 0.32 2.257153106911998
0.21946735897410471 0.6808510638297872 0.33 2.260934624688955
0.22592252377841474 0.6808510638297872 0.34 2.2648464961166748
0.23235997111272672 0.6808510638297872 0.35 2.2688901049237304
0.2387791447574608 0.6808510638297872 0.36 2.273066894564101
0.24517948489326014 0.6808510638297872 0.37 2.277378370311253
0.2515604279034166 0.6808510638297872 0.38 2.281826101463614
0.25792140616615644 0.6808510638297872 0.39 2.2864117236677433
0.26426184782997925 0.6808510638297872 0.4 2.2911369414752554
0.2705811765802651 0.6808510638297872 0.41 2.29600353097601
0.276878811385018 0.6808510638297872 0.42 2.3010133427161175
0.2831541662273035 0.6808510638297872 0.43 2.3061683047561496
0.28940664981973824 0.6808510638297872 0.44 2.3114704259444885
0.2956356652918146 0.6808510638297872 0.45 2.3169217995425955
0.3018406098734362 0.6808510638297872 0.46 2.32252460681933
0.3080208745230105 0.6808510638297872 0.47 2.328281121422558
0.3141758435642119 0.6808510638297872 0.48 2.3341937135058757
0.3203048942672038 0.6808510638297872 0.49 2.3402648546046385
0.32640739641007105 0.6808510638297872 0.5 2.3464971226894322
0.3324827118001776 0.6808510638297872 0.51 2.3528932076950877
0.33853019376178295 0.6808510638297872 0.52 2.3594559174181264
0.34454918656993777 0.6808510638297872 0.53 2.3661881840533936
0.35053902484613536 0.6808510638297872 0.54 2.3730930711330007
0.35649903290117535 0.6808510638297872 0.55 2.3801737810628323
0.3624285239769201 0.6808510638297872 0.56 2.3874336638796185
0.368326800310745 0.6808510638297872 0.57 2.394876215150542
0.3741931473958598 0.6808510638297872 0.58 2.40250514911601
0.38002684466292536 0.6808510638297872 0.59 2.410324258745921
0.3858271506954852 0.6808510638297872 0.6 2.418337605727319
0.39159331329458635 0.6808510638297872 0.61 2.426549389828282
0.39732455056338684 0.6808510638297872 0.62 2.434964183097257
0.4030200804095694 0.6808510638297872 0.63 2.4435865625068893
0.40867909142035974 0.6808510638297872 0.64 2.4524214702934444
0.4143007434495323 0.6808510638297872 0.65 2.461474199816637
0.41988419101109015 0.6808510638297872 0.66 2.470750115215691
0.4254285455005471 0.6808510638297872 0.67 2.4802551012251737
0.43093289908255267 0.6808510638297872 0.68 2.4899952766334175
0.43639631943728613 0.6808510638297872 0.69 2.4999770583599483
0.4418178079687411 0.6808510638297872 0.7 2.5102076384838274
0.44719636132817114 0.6808510638297872 0.71 2.5206942751362567
0.45253093128328803 0.6808510638297872 0.72 2.531444756008629
0.45782041877684043 0.6808510638297872 0.73 2.542467462255778
0.4630636749191995 0.6808510638297872 0.74 2.5537713554138173
0.46825949065836614 0.6808510638297872 0.75 2.5653660913432055
0.47340659769544813 0.6808510638297872 0.76 2.577262009859198
0.4785036537709986 0.6808510638297872 0.77 2.5894702968336984
0.4835492557070325 0.6808510638297872 0.78 2.6020028450449018
0.48854186013568657 0.6808510638297872 0.79 2.614873111368993
0.4934798750394126 0.6808510638297872 0.8 2.628095132045855
0.4983615579198357 0.6808510638297872 0.81 2.6416846226634796
0.5031850762982404 0.6808510638297872 0.82 2.6556583387306216
0.5079483653832474 0.6808510638297872 0.83 2.6700355919696963
0.5126492051516942 0.6808510638297872 0.84 2.684837440048422
0.5172852852422566 0.6808510638297872 0.85 2.7000860324543097
0.5218538178675045 0.6808510638297872 0.86 2.7158086815696283
0.52635188509858 0.6808510638297872 0.87 2.732034252112466
0.5307761199135801 0.6808510638297872 0.88 2.748796528165798
0.5351226357916452 0.6808510638297872 0.89 2.766134982424689
0.5393874651375019 0.6808510638297872 0.9 2.784090315435689
0.543565180608906 0.6808510638297872 0.91 2.802718797669679
0.5476500030946151 0.6808510638297872 0.92 2.822080941241581
0.5516347620584224 0.6808510638297872 0.93 2.8422524204033484
0.5555107457470541 0.6808510638297872 0.94 2.8633258796758274
0.5592668684901417 0.6808510638297872 0.95 2.885419924991711
0.5628886791571833 0.6808510638297872 0.96 2.908689999029346
0.5663560946533679 0.6808510638297872 0.97 2.9333528824006185
0.5696390670494434 0.6808510638297872 0.98 2.959733570175503
0.5726848289741324 0.6808510638297872 0.99 2.988402097105506
0.0 0.6950354609929078 0.0 2.208297249870095
0.0067292359326621585 0.6950354609929078 0.01 2.208352968734566
0.013457962486002032 0.6950354609929078 0.02 2.208520142722172
0.020185670208613987 0.6950354609929078 0.03 2.2087988239971663
0.026911849504818612 0.6950354609929078 0.04 2.20918909956178
0.033635990562238906 0.6950354609929078 0.05 2.209691091339257
0.04035758327888847 0.6950354609929078 0.06 2.2103049563099346
0.04707611719020509 0.6950354609929078 0.07 2.2110308866305663
0.05379108139460759 0.6950354609929078 0.08 2.2118691098895464
0.060501964479498425 0.6950354609929078 0.09 2.212819889271028
0.06720825444541143 0.6950354609929078 0.1 2.213883523860394
0.07390943862913552 0.6950354609929078 0.11 2.2150603489677643
0.08060500362689256 0.6950354609929078 0.12 2.216350736414938
0.08729443521481042 0.6950354609929078 0.13 2.217755094959581
0.09397721826839771 0.6950354609929078 0.14 2.21927387072154
0.10065283668095247 0.6950354609929078 0.15 2.2209075476263114
0.10732077327947244 0.6950354609929078 0.16 2.22265664793004
0.11398050973911225 0.6950354609929078 0.17 2.2245217327642783
0.12063152649448249 0.6950354609929078 0.18 2.22650340276775
0.12727330265031708 0.6950354609929078 0.19 2.228602298696884
0.13390531588849647 0.6950354609929078 0.2 2.2308191021342045
0.14052704237200872 0.6950354609929078 0.21 2.233154536255553
0.1471379566457999 0.6950354609929078 0.22 2.2356093666507677
0.15373753153587275 0.6950354609929078 0.23 2.2381844021538093
0.16032523804304905 0.6950354609929078 0.24 2.2408804957911412
0.16690054523338685 0.6950354609929078 0.25 2.243698545774283
0.17346292012564227 0.6950354609929078 0.26 2.2466394965265595
0.18001182757042897 0.6950354609929078 0.27 2.2497043398807697
0.18654673012980758 0.6950354609929078 0.28 2.2528941162080622
0.1930670879475464 0.6950354609929078 0.29 2.2562099157338293
0.1995723586148994 0.6950354609929078 0.3 2.2596528799018714
0.20606199702880226 0.6950354609929078 0.31 2.26322420285726
0.21253545524810197 0.6950354609929078 0.32 2.2669251329167968
0.2189921823327428 0.6950354609929078 0.33 2.2707569743552596
0.22543162418695864 0.6950354609929078 0.34 2.274721089036285
0.23185322338533929 0.6950354609929078 0.35 2.2788188983459645
0.23825641899037167 0.6950354609929078 0.36 2.283051885224928
0.24464064636415095 0.6950354609929078 0.37 2.287421596246946
0.2510053369647775 0.6950354609929078 0.38 2.2919296439252057
0.2573499181319012 0.6950354609929078 0.39 2.296577709146346
0.26367381285893277 0.6950354609929078 0.4 2.301367543772856
0.26997643955265443 0.6950354609929078 0.41 2.3063009733938795
0.2762572117751686 0.6950354609929078 0.42 2.311379900306208
0.2825155379671926 0.6950354609929078 0.43 2.3166063067288323
0.28875082115833217 0.6950354609929078 0.44 2.3219822581493026
0.29496245865073156 0.6950354609929078 0.45 2.3275099070209806
0.3011498416860261 0.6950354609929078 0.46 2.3331914966351808
0.3073123550765952 0.6950354609929078 0.47 2.339029365460221
0.31344937683229923 0.6950354609929078 0.48 2.3450259514502956
0.31956027772838086 0.6950354609929078 0.49 2.351183797154743
0.32564442086454387 0.6950354609929078 0.5 2.3575055548415205
0.3317011611750496 0.6950354609929078 0.51 2.3639939922377615
0.3377298449094099 0.6950354609929078 0.52 2.37065199857976
0.34372980905473227 0.6950354609929078 0.53 2.377482591376839
0.34970038070865594 0.6950354609929078 0.54 2.3844889237339713
0.35564087651252835 0.6950354609929078 0.55 2.3916742907462165
0.361550601591001 0.6950354609929078 0.56 2.399042142446035
0.3674288503802637 0.6950354609929078 0.57 2.4065960715460903
0.37327489981238965 0.6950354609929078 0.58 2.4143399015691394
0.3790880185009558 0.6950354609929078 0.59 2.422277564636626
0.38486745832892477 0.6950354609929078 0.6 2.4304132109702947
0.3906124457571076 0.6950354609929078 0.61 2.438751314863967
0.3963222233100071 0.6950354609929078 0.62 2.447296154827017
0.40199596328229387 0.6950354609929078 0.63 2.4560528893548157
0.4076328567269298 0.6950354609929078 0.64 2.465026446059838
0.4132320569527454 0.6950354609929078 0.65 2.4742222221765675
0.41879269924707174 0.6950354609929078 0.66 2.48364584009957
0.4243144177295332 0.6950354609929078 0.67 2.493297075834319
0.42979469979729507 0.6950354609929078 0.68 2.503200946910823
0.43523417342859505 0.6950354609929078 0.69 2.513345573061715
0.44063133569884233 0.6950354609929078 0.7 2.5237441316157563
0.4459851283137005 0.6950354609929078 0.71 2.5344045712525936
0.45129458304804676 0.6950354609929078 0.72 2.545333840603924
0.4565584658579526 0.6950354609929078 0.73 2.5565419288391196
0.4617756629347128 0.6950354609929078 0.74 2.568037483814472
0.4669449519937586 0.6950354609929078 0.75 2.579830407514427
0.4720650445749583 0.6950354609929078 0.76 2.5919313732572467
0.47713461576398536 0.6950354609929078 0.77 2.6043515025758484
0.48215214822730296 0.6950354609929078 0.78 2.6171040720288996
0.4871161876297489 0.6950354609929078 0.79 2.6302017258100685
0.4920250763972666 0.6950354609929078 0.8 2.643659385864274
0.4968770856344988 0.6950354609929078 0.81 2.657492820222395
0.5016703046094859 0.6950354609929078 0.82 2.671719840628145
0.5064026986286462 0.6950354609929078 0.83 2.686359689574505
0.5110720769050316 0.6950354609929078 0.84 2.7014334020089454
0.5156759646826402 0.6950354609929078 0.85 2.7169651762227094
0.5202117071902719 0.6950354609929078 0.86 2.732981294546546
0.5246762870154807 0.6950354609929078 0.87 2.7495120808275852
0.5290663412421616 0.6950354609929078 0.88 2.766591755391205
0.5333781991931966 0.6950354609929078 0.89 2.7842580997949886
0.5376073889900518 0.6950354609929078 0.9 2.802557686281774
0.5417489600412674 0.6950354609929078 0.91 2.8215426022134826
0.545796966006515 0.6950354609929078 0.92 2.841275983309176
0.5497443713941622 0.6950354609929078 0.93 2.861833177052575
0.5535824874063946 0.6950354609929078 0.94 2.883307898658881
0.5573004626071258 0.6950354609929078 0.95 2.905817958512818
0.5608840383448755 0.6950354609929078 0.96 2.929518898686793
0.5643137030563857 0.6950354609929078 0.97 2.954624373079639
0.5675600097097727 0.6950354609929078 0.98 2.981457180762202
0.5705731586906798 0.6950354609929078 0.99 3.010562962222444
0.0 0.7092198581560284 0.0 2.2175618185036376
0.00671516373678709 0.7092198581560284 0.01 2.2176182490311285
0.01342981481754752 0.7092198581560284 0.02 2.2177875584482134
0.020143440512044957 0.7092198581560284 0.03 2.218069800243925
0.026855527941519144 0.7092198581560284 0.04 2.218465063629091
0.03356556400411946 0.7092198581560284 0.05 2.218973473624587
0.04027303529993453 0.7092198581560284 0.06 2.2195951911915364
0.046977428055599506 0.7092198581560284 0.07 2.2203304133880684
0.05367822804792681 0.7092198581560284 0.08 2.2211793735971757
0.06037492052790178 0.7092198581560284 0.09 2.2221423416915314
0.06706699014194095 0.7092198581560284 0.1 2.2232196244028284
0.07375392085375701 0.7092198581560284 0.11 2.2244115655810934
0.08043519586423332 0.7092198581560284 0.12 2.225718546567165
0.08711029753035537 0.7092198581560284 0.13 2.227140986578937
0.09377870728214358 0.7092198581560284 0.14 2.228679343168732
0.10043990553873246 0.7092198581560284 0.15 2.2303341126815934
0.10709337162125511 0.7092198581560284 0.16 2.232105830824618
0.11373858366585941 0.7092198581560284 0.17 2.2339950731842717
0.12037501853220346 0.7092198581560284 0.18 2.2360024558966693
0.12700215171100346 0.7092198581560284 0.19 2.2381286363017083
0.1336194572289744 0.7092198581560284 0.2 2.2403743136541867
0.14022640754963475 0.7092198581560284 0.21 2.2427402299340513
0.14682247347256622 0.7092198581560284 0.22 2.245227170657626
0.15340712402789222 0.7092198581560284 0.23 2.247835965796127
0.15997982636906807 0.7092198581560284 0.24 2.2505674906959663
0.16654004565868882 0.7092198581560284 0.25 2.253422667155424
0.17308724495319214 0.7092198581560284 0.26 2.256402464476038
0.17962088508022728 0.7092198581560284 0.27 2.259507900663792
0.1861404245145326 0.7092198581560284 0.28 2.262740043614681
0.19264531924267803 0.7092198581560284 0.29 2.2661000125275335
0.19913502262795443 0.7092198581560284 0.3 2.2695889792497246
0.20560898526377538 0.7092198581560284 0.31 2.27320816984037
0.21206665482572337 0.7092198581560284 0.32 2.2769588661023503
0.21850747590957292 0.7092198581560284 0.33 2.280842407367515
0.22493088986889903 0.7092198581560284 0.34 2.2848601922246283
0.2313363346336576 0.7092198581560284 0.35 2.2890136805835772
0.23772324452839927 0.7092198581560284 0.36 2.293304395671312
0.24409105007875287 0.7092198581560284 0.37 2.2977339262011154
0.25043917779973185 0.7092198581560284 0.38 2.3023039288210634
0.25676704997993505 0.7092198581560284 0.39 2.307016130561164
0.2630740844492001 0.7092198581560284 0.4 2.311872331515986
0.269359694328815 0.7092198581560284 0.41 2.316874407761219
0.27562328777227896 0.7092198581560284 0.42 2.322024314355016
0.2818642676817825 0.7092198581560284 0.43 2.3273240886776447
0.28808203141151634 0.7092198581560284 0.44 2.3327758539047134
0.29427597044529574 0.7092198581560284 0.45 2.33838182281803
0.300445470056646 0.7092198581560284 0.46 2.344144301807615
0.30658990894352056 0.7092198581560284 0.47 2.3500656951865784
0.31270865882588095 0.7092198581560284 0.48 2.3561485099853376
0.31880108402503216 0.7092198581560284 0.49 2.362395360917835
0.324866541018114 0.7092198581560284 0.5 2.368808975627392
0.33090437791688393 0.7092198581560284 0.51 2.3753922009439234
0.33691393396638325 0.7092198581560284 0.52 2.3821480087276536
0.3428945389422936 0.7092198581560284 0.53 2.3890795030692398
0.3488455128733931 0.7092198581560284 0.54 2.396189922891283
0.35476616341224687 0.7092198581560284 0.55 2.403482676707156
0.3606557902367631 0.7092198581560284 0.56 2.410961281126759
0.36651367559544373 0.7092198581560284 0.57 2.418629487625731
0.37233909157193806 0.7092198581560284 0.58 2.4264911823534745
0.3781313020087843 0.7092198581560284 0.59 2.4345503628457856
0.3838895399045451 0.7092198581560284 0.6 2.4428114290312224
0.3896130413688685 0.7092198581560284 0.61 2.451278743308374
0.39530100099992105 0.7092198581560284 0.62 2.459957198900162
0.4009526223993362 0.7092198581560284 0.63 2.468851580564042
0.406567070110611 0.7092198581560284 0.64 2.4779671679583175
0.41214347508081134 0.7092198581560284 0.65 2.4873096570620934
0.41768098445141927 0.7092198581560284 0.66 2.4968845579728978
0.42317867906152257 0.7092198581560284 0.67 2.506698194478173
0.4286356253692814 0.7092198581560284 0.68 2.5167570718306855
0.4340508600487814 0.7092198581560284 0.69 2.5270680636474987
0.4394233880894938 0.7092198581560284 0.7 2.5376384345200442
0.4447521451235163 0.7092198581560284 0.71 2.5484762730153685
0.4500361061890335 0.7092198581560284 0.72 2.55958924124188
0.45527408744829223 0.7092198581560284 0.73 2.5709868489438357
0.46046493544441625 0.7092198581560284 0.74 2.582678286072073
0.4656074120258272 0.7092198581560284 0.75 2.594673738868863
0.4707002090305721 0.7092198581560284 0.76 2.6069842189027934
0.4757419892413033 0.7092198581560284 0.77 2.619621113018075
0.48073125881103684 0.7092198581560284 0.78 2.6325975975029827
0.48566649042460874 0.7092198581560284 0.79 2.6459272782005563
0.49054605164760445 0.7092198581560284 0.8 2.6596249904928
0.4953681551123721 0.7092198581560284 0.81 2.6737073440389225
0.5001309121570914 0.7092198581560284 0.82 2.6881921475882615
0.5048322859698963 0.7092198581560284 0.83 2.703098931708681
0.5094700136469149 0.7092198581560284 0.84 2.71844979833654
0.5140416789351627 0.7092198581560284 0.85 2.7342686601032353
0.5185445441980704 0.7092198581560284 0.86 2.750583060112681
0.5229756359659974 0.7092198581560284 0.87 2.7674232916063564
0.5273316454448711 0.7092198581560284 0.88 2.784823503032573
0.5316087260340406 0.7092198581560284 0.89 2.8028238945504484
0.5358025986497453 0.7092198581560284 0.9 2.8214696801838666
0.5399082320080874 0.7092198581560284 0.91 2.840814566503714
0.5439197954614049 0.7092198581560284 0.92 2.860921391307431
0.5478302580079142 0.7092198581560284 0.93 2.8818665466227564
0.5516311167153953 0.7092198581560284 0.94 2.903743127676577
0.5553116317465043 0.7092198581560284 0.95 2.926669419477293
0.5588579369269375 0.7092198581560284 0.96 2.9507989463754845
0.5622508312152017 0.7092198581560284 0.97 2.976344901486311
0.5654624668595977 0.7092198581560284 0.98 3.003617212421833
0.5684441518694949 0.7092198581560284 0.99 3.033156252702045
0.0 0.7234042553191489 0.0 2.227071079788237
0.006700811290841599 0.7234042553191489 0.01 2.2271282414999303
0.013401106605281784 0.7234042553191489 0.02 2.2272997449095944
0.020100369890581716 0.7234042553191489 0.03 2.227585644871745
0.02679808494138354 0.7234042553191489 0.04 2.2279860328404286
0.033493735322697865 0.7234042553191489 0.05 2.228501037033428
0.04018680429320666 0.7234042553191489 0.06 2.2291308224861717
0.046876774727475506 0.7234042553191489 0.07 2.229875591264948
0.05356312903778631 0.7234042553191489 0.08 2.2307355826637023
0.06024534909515856 0.7234042553191489 0.09 2.2317110734496466
0.06692291614930919 0.7234042553191489 0.1 2.232802378158963
0.07359531074820515 0.7234042553191489 0.11 2.2340098493884795
0.08026201265507713 0.7234042553191489 0.12 2.2353338782205006
0.08692250076551525 0.7234042553191489 0.13 2.2367748945900514
0.09357625302245862 0.7234042553191489 0.14 2.238333367742332
0.10022274632878868 0.7234042553191489 0.15 2.2400098067655443
0.10686145645993418 0.7234042553191489 0.16 2.241804761079084
0.11349185797146316 0.7234042553191489 0.17 2.2437188211068793
0.12011342410825902 0.7234042553191489 0.18 2.245752618831265
0.12672562670761017 0.7234042553191489 0.19 2.247906828555185
0.13332793610143395 0.7234042553191489 0.2 2.2501821676375413
0.13991982101650305 0.7234042553191489 0.21 2.2525793972592307
0.14650074846827774 0.7234042553191489 0.22 2.2550993233578414
0.15307018365548714 0.7234042553191489 0.23 2.2577427974827797
0.15962758984661174 0.7234042553191489 0.24 2.2605107178560786
0.16617242826729897 0.7234042553191489 0.25 2.263404030349701
0.17270415797735267 0.7234042553191489 0.26 2.2664237297114194
0.17922223574934487 0.7234042553191489 0.27 2.269570860685173
0.18572611593754734 0.7234042553191489 0.28 2.2728465193404057
0.19221525034203482 0.7234042553191489 0.29 2.2762518544605896
0.19868908806843516 0.7234042553191489 0.3 2.279788068980428
0.20514707538204194 0.7234042553191489 0.31 2.283456421503565
0.21158865555014605 0.7234042553191489 0.32 2.287258228030999
0.21801326868128101 0.7234042553191489 0.33 2.2911948636903268
0.22442035155413897 0.7234042553191489 0.34 2.295267764628698
0.23080933743775872 0.7234042553191489 0.35 2.2994784300227065
0.23717965590424656 0.7234042553191489 0.36 2.303828424175841
0.24353073262701624 0.7234042553191489 0.37 2.308319378837771
0.2498619891709017 0.7234042553191489 0.38 2.312952995608072
0.25617284276609564 0.7234042553191489 0.39 2.3177310485742924
0.2624627060739706 0.7234042553191489 0.4 2.3226553870239317
0.2687309869363508 0.7234042553191489 0.41 2.327727938384704
0.2749770881003106 0.7234042553191489 0.42 2.3329507115144583
0.28120040694033005 0.7234042553191489 0.43 2.3383257999498976
0.28740033515230284 0.7234042553191489 0.44 2.3438553855583506
0.29357625842623786 0.7234042553191489 0.45 2.3495417424530465
0.2997275560956414 0.7234042553191489 0.46 2.3553872411948724
0.30585360077426726 0.7234042553191489 0.47 2.3613943531066117
0.31195375793931346 0.7234042553191489 0.48 2.36756565533519
0.3180273855138692 0.7234042553191489 0.49 2.373903835815918
0.3240738334086043 0.7234042553191489 0.5 2.3804116987698887
0.3300924429893644 0.7234042553191489 0.51 2.38709217119122
0.3360825465656198 0.7234042553191489 0.52 2.3939483089027385
0.3420434661827081 0.7234042553191489 0.53 2.4009833123314603
0.34797451987670797 0.7234042553191489 0.54 2.408200438155511
0.3538749969529409 0.7234042553191489 0.55 2.415603341642865
0.35974419494998056 0.7234042553191489 0.56 2.423195561046742
0.36558139242152177 0.7234042553191489 0.57 2.4309808966899995
0.3713858489905249 0.7234042553191489 0.58 2.438963403242646
0.37715681955959934 0.7234042553191489 0.59 2.4471471998468957
0.3828935302716943 0.7234042553191489 0.6 2.4555367850392944
0.38859520348243765 0.7234042553191489 0.61 2.464136709153752
0.39426104458757166 0.7234042553191489 0.62 2.4729517480172443
0.3998902095312799 0.7234042553191489 0.63 2.481987305762388
0.4054818823499515 0.7234042553191489 0.64 2.4912484419834926
0.4110351899073198 0.7234042553191489 0.65 2.500740939322101
0.4165492436996009 0.7234042553191489 0.66 2.510470777870861
0.4220231286825879 0.7234042553191489 0.67 2.5204442737517545
0.42745589955788965 0.7234042553191489 0.68 2.5306681229328434
0.43284658306250373 0.7234042553191489 0.69 2.5411493737056516
0.43819415727921646 0.7234042553191489 0.7 2.551895669668507
0.44349758434146097 0.7234042553191489 0.71 2.5629148658112015
0.4487557726509503 0.7234042553191489 0.72 2.574215472675384
0.4539675680565312 0.7234042553191489 0.73 2.585806752734669
0.45913179084232064 0.7234042553191489 0.74 2.5976982972729687
0.4642471879904763 0.7234042553191489 0.75 2.6099005752509323
0.46931246142767624 0.7234042553191489 0.76 2.622424614515563
0.4743262013251932 0.7234042553191489 0.77 2.635282752773839
0.4792869551152754 0.7234042553191489 0.78 2.6484878668316827
0.4841931861595917 0.7234042553191489 0.79 2.662053844484734
0.4890431967720054 0.7234042553191489 0.8 2.6759964355943366
0.4938352341836113 0.7234042553191489 0.81 2.6903320921086347
0.4985673966888161 0.7234042553191489 0.82 2.7050790135070883
0.5032375950874719 0.7234042553191489 0.83 2.7202575745613387
0.5078436289274673 0.7234042553191489 0.84 2.7358895161816195
0.5123829581908241 0.7234042553191489 0.85 2.752000433602015
0.5168529509593265 0.7234042553191489 0.86 2.7686171327333446
0.5212506220110219 0.7234042553191489 0.87 2.7857704851286167
0.5255725824397064 0.7234042553191489 0.88 2.803496006022799
0.5298150935532606 0.7234042553191489 0.89 2.82183334000416
0.533973824826561 0.7234042553191489 0.9 2.840828927563991
0.5380438445918703 0.7234042553191489 0.91 2.8605362129151626
0.5420193173094575 0.7234042553191489 0.92 2.8810190169387817
0.5458933653454403 0.7234042553191489 0.93 2.9023532170094963
0.5496575520152245 0.7234042553191489 0.94 2.9246325454547484
0.5533014286843694 0.7234042553191489 0.95 2.9479738538031306
0.5568113181527014 0.7234042553191489 0.96 2.9725307578936264
0.5601689408468468 0.7234042553191489 0.97 2.9985094235066128
0.5633469039734648 0.7234042553191489 0.98 3.0262188187517816
0.5662990693881826 0.7234042553191489 0.99 3.0561783391687323
0.0 0.7375886524822695 0.0 2.236828756581875
0.006686179156065512 0.7375886524822695 0.01 2.2368866692873315
0.01337183897347965 0.7375886524822695 0.02 2.237060426130744
0.02005646003520405 0.7375886524822695 0.03 2.237350083351879
0.026739522767296336 0.7375886524822695 0.04 2.2377557347415458
0.03342050736018699 0.7375886524822695 0.05 2.2382775117350246
0.04009889368938178 0.7375886524822695 0.06 2.2389155835682786
0.04677416123595313 0.7375886524822695 0.07 2.2396701574260645
0.053445789006016126 0.7375886524822695 0.08 2.2405414786799835
0.06011325545013567 0.7375886524822695 0.09 2.241529831097307
0.06677603838007762 0.7375886524822695 0.1 2.2426355372340403
0.07343361488733643 0.7375886524822695 0.11 2.243858958642711
0.08008546125720316 0.7375886524822695 0.12 2.2452004963686476
0.08673105288432059 0.7375886524822695 0.13 2.2466605912883164
0.093369864184295 0.7375886524822695 0.14 2.248239724644627
0.10000136850516356 0.7375886524822695 0.15 2.249938418531761
0.1066250380369507 0.7375886524822695 0.16 2.251757236440009
0.11324034371792308 0.7375886524822695 0.17 2.2536967839050615
0.11984675513964287 0.7375886524822695 0.18 2.255757709156123
0.12644374044834397 0.7375886524822695 0.19 2.2579407038647266
0.13303076624682553 0.7375886524822695 0.2 2.2602465038301576
0.13960729748743794 0.7375886524822695 0.21 2.2626758899401924
0.1461727973684034 0.7375886524822695 0.22 2.2652296889553627
0.15272672722215236 0.7375886524822695 0.23 2.267908774517616
0.15926854640070295 0.7375886524822695 0.24 2.270714068189431
0.16579771216002376 0.7375886524822695 0.25 2.273646540474882
0.17231367953390586 0.7375886524822695 0.26 2.2767072120904253
0.1788159012088249 0.7375886524822695 0.27 2.279897155143995
0.1853038273921218 0.7375886524822695 0.28 2.2832174944465544
0.1917769056718651 0.7375886524822695 0.29 2.2866694089782253
0.19823458087317103 0.7375886524822695 0.3 2.2902541333784914
0.2046762949077366 0.7375886524822695 0.31 2.2939729595423284
0.21110148661545783 0.7375886524822695 0.32 2.2978272383395866
0.21750959159757818 0.7375886524822695 0.33 2.301818381460038
0.22390004204537295 0.7375886524822695 0.34 2.305947863293119
0.23027226655381147 0.7375886524822695 0.35 2.3102172230636415
0.2366256899302802 0.7375886524822695 0.36 2.3146280669972836
0.24295973299167709 0.7375886524822695 0.37 2.319182070655598
0.2492738123457222 0.7375886524822695 0.38 2.3238809815075143
0.25556734016784577 0.7375886524822695 0.39 2.328726621510958
0.2618397239564115 0.7375886524822695 0.4 2.333720890029628
0.26809036627713756 0.7375886524822695 0.41 2.3388657668651094
0.27431866449109243 0.7375886524822695 0.42 2.3441633155049146
0.2805240104629515 0.7375886524822695 0.43 2.3496156866336837
0.2867057902557647 0.7375886524822695 0.44 2.3552251217923006
0.2928633837943348 0.7375886524822695 0.45 2.3609939574785312
0.2989961645152608 0.7375886524822695 0.46 2.366924629372721
0.3051034989932961 0.7375886524822695 0.47 2.3730196768617255
0.31118474652185213 0.7375886524822695 0.48 2.379281748193042
0.31723925868035524 0.7375886524822695 0.49 2.3857136057246935
0.3232663788929063 0.7375886524822695 0.5 2.3923181312277935
0.32926544197863417 0.7375886524822695 0.51 2.399098331264575
0.3352357740212505 0.7375886524822695 0.52 2.4060573379675483
0.34117668833517834 0.7375886524822695 0.53 2.4131984654564693
0.3470874939680896 0.7375886524822695 0.54 2.420525087137709
0.3529674787071477 0.7375886524822695 0.55 2.428040874495631
0.358815946361204 0.7375886524822695 0.56 2.4357492803693885
0.36463212001242395 0.7375886524822695 0.57 2.4436548593836864
0.3704152964712242 0.7375886524822695 0.58 2.4517611643508346
0.3761647056524504 0.7375886524822695 0.59 2.460072657194036
0.381879548982004 0.7375886524822695 0.6 2.4685941690233846
0.38755909993274995 0.7375886524822695 0.61 2.477329605574421
0.39320248676352176 0.7375886524822695 0.62 2.486284756869741
0.39880889925016616 0.7375886524822695 0.63 2.495464621609577
0.4043774881774799 0.7375886524822695 0.64 2.5048747065674717
0.4099073787363012 0.7375886524822695 0.65 2.5145208499085694
0.41539767173541503 0.7375886524822695 0.66 2.524409204504323
0.4208474431092146 0.7375886524822695 0.67 2.534546243997559
0.4262557406203989 0.7375886524822695 0.68 2.5449388033131948
0.431621568143924 0.7375886524822695 0.69 2.555594265510625
0.43694391516677555 0.7375886524822695 0.7 2.5665202100070337
0.44222173845685736 0.7375886524822695 0.71 2.577724636753295
0.4474538594904486 0.7375886524822695 0.72 2.5892171563571194
0.4526392017362671 0.7375886524822695 0.73 2.6010062264403735
0.4577765389507618 0.7375886524822695 0.74 2.613102087204986
0.4628646326240795 0.7375886524822695 0.75 2.62551516643933
0.46790210375272817 0.7375886524822695 0.76 2.638257545273496
0.47288760242923816 0.7375886524822695 0.77 2.651341035650093
0.47781967887057 0.7375886524822695 0.78 2.6647786564940295
0.4826966566896571 0.7375886524822695 0.79 2.6785860397237857
0.4875169666718966 0.7375886524822695 0.8 2.692777715442985
0.49227880366745547 0.7375886524822695 0.81 2.707370950661941
0.496980222691139 0.7375886524822695 0.82 2.722384679623628
0.5016191078218816 0.7375886524822695 0.83 2.737839859175998
0.506193391881093 0.7375886524822695 0.84 2.753757097017929
0.510700418968843 0.7375886524822695 0.85 2.770163630671594
0.51513757725641 0.7375886524822695 0.86 2.787086452441088
0.5195018449140809 0.7375886524822695 0.87 2.8045572954326463
0.5237899156403967 0.7375886524822695 0.88 2.822611318052382
0.5279980089011397 0.7375886524822695 0.89 2.841289220631663
0.5321218821991512 0.7375886524822695 0.9 2.8606371984833845
0.5361565934138777 0.7375886524822695 0.91 2.8807096165502037
0.5400964370512188 0.7375886524822695 0.92 2.901569851397435
0.543934575329775 0.7375886524822695 0.93 2.923294474328546
0.5476627999535514 0.7375886524822695 0.94 2.9459761212350797
0.5512707852114911 0.7375886524822695 0.95 2.9697319787298793
0.5547454360047743 0.7375886524822695 0.96 2.9947114996762028
0.558068759205712 0.7375886524822695 0.97 3.0211204866638885
0.5612145939156614 0.7375886524822695 0.98 3.04925847427271
0.5641390290597756 0.7375886524822695 0.99 3.079626838042776
0.0 0.75177304964539 0.0 2.246838669107869
0.006671267940131514 0.75177304964539 0.01 2.2468973529093366
0.013342013139358469 0.75177304964539 0.02 2.2470734235145473
0.02001171277633704 0.75177304964539 0.03 2.247366938584325
0.02667984386877987 0.75177304964539 0.04 2.247777994268803
0.033345883192494534 0.75177304964539 0.05 2.2483067253393645
0.04000930720032694 0.75177304964539 0.06 2.248953305294783
0.046669591940281814 0.75177304964539 0.07 2.2497179465650716
0.053326212973022195 0.75177304964539 0.08 2.2506009007350363
0.05997864528909499 0.75177304964539 0.09 2.251602458768213
0.06662636322419548 0.75177304964539 0.1 2.252722951364991
0.07326884037446742 0.75177304964539 0.11 2.253962749265726
0.07990554950934016 0.75177304964539 0.12 2.2553222636891737
0.0865359624839078 0.75177304964539 0.13 2.2568019467457794
0.09315955015011235 0.75177304964539 0.14 2.258402291889736
0.09977578226412429 0.75177304964539 0.15 2.260123834524921
0.10638412739399046 0.75177304964539 0.16 2.2619671525397465
0.11298405282462691 0.75177304964539 0.17 2.2639328669310186
0.11957502445966557 0.75177304964539 0.18 2.266021642515044
0.12615650672101472 0.75177304964539 0.19 2.2682341886771167
0.13272796244646154 0.75177304964539 0.2 2.270571260148409
0.13928885278389208 0.75177304964539 0.21 2.273033657861084
0.14583863708135641 0.75177304964539 0.22 2.275622229894611
0.15237677277420703 0.75177304964539 0.23 2.2783378724628958
0.15890271526860092 0.75177304964539 0.24 2.2811815309643335
0.1654159178227695 0.75177304964539 0.25 2.284154201052324
0.17191583141729666 0.75177304964539 0.26 2.2872569299672807
0.17840190462946773 0.75177304964539 0.27 2.2904908176924144
0.18487358349511704 0.75177304964539 0.28 2.2938570184001326
0.1913303113667619 0.75177304964539 0.29 2.2973567419255785
0.19777152877004844 0.75177304964539 0.3 2.3009912552287486
0.2041966732454222 0.75177304964539 0.31 2.3047618841574753
0.21060517918927563 0.75177304964539 0.32 2.3086700151525736
0.2169964776845611 0.75177304964539 0.33 2.3127170971354736
0.22336999632245094 0.75177304964539 0.34 2.316904643526741
0.2297251590180251 0.75177304964539 0.35 2.321234234327812
0.23606138580913127 0.75177304964539 0.36 2.3257075184856135
0.2423780926557774 0.75177304964539 0.37 2.330326216175644
0.2486746912133086 0.75177304964539 0.38 2.3350921215376816
0.25495058860960296 0.75177304964539 0.39 2.3400071052557867
0.26120518718945407 0.75177304964539 0.4 2.3450731176881434
0.26743788426262255 0.75177304964539 0.41 2.350292191843884
0.2736480718253311 0.75177304964539 0.42 2.355666446771657
0.27983513626017986 0.75177304964539 0.43 2.3611980912406523
0.28599845803276325 0.75177304964539 0.44 2.366889427396153
0.2921374113473924 0.75177304964539 0.45 2.372742855029161
0.2982513637894533 0.75177304964539 0.46 2.378760875969059
0.3043396759597196 0.75177304964539 0.47 2.3849460985296864
0.3104017010188819 0.75177304964539 0.48 2.3913012432915206
0.316436784303518 0.75177304964539 0.49 2.397829147653291
0.3224442634054356 0.75177304964539 0.5 2.4045327634815936
0.3284234632103932 0.75177304964539 0.51 2.4114152294584326
0.3343737092405595 0.75177304964539 0.52 2.418479672628485
0.34029430461319554 0.75177304964539 0.53 2.4257295465891664
0.34618454845952906 0.75177304964539 0.54 2.43316835844813
0.3520437269743023 0.75177304964539 0.55 2.440799798754347
0.3578711177000456 0.75177304964539 0.56 2.4486276803158766
0.3636659809887914 0.75177304964539 0.57 2.4566560556381405
0.3694275618299472 0.75177304964539 0.58 2.464889187853571
0.375155100309834 0.75177304964539 0.59 2.4733314108456446
0.38084780829333237 0.75177304964539 0.6 2.4819874401154993
0.3865048864793299 0.75177304964539 0.61 2.4908621428260487
0.39212551753114566 0.75177304964539 0.62 2.4999606292121768
0.39770887125903215 0.75177304964539 0.63 2.5092881868369274
0.40325406419700094 0.75177304964539 0.64 2.5188507894900556
0.4087602362027398 0.75177304964539 0.65 2.5286541295413545
0.4142264732344025 0.75177304964539 0.66 2.5387045923791263
0.41965183933716194 0.75177304964539 0.67 2.5490088508676605
0.4250353736071265 0.75177304964539 0.68 2.5595739052719706
0.4303760673026271 0.75177304964539 0.69 2.5704073595260373
0.435672899540109 0.75177304964539 0.7 2.5815169914984755
0.44092480971754316 0.75177304964539 0.71 2.5929110893883762
0.44613065520361134 0.75177304964539 0.72 2.60459894632715
0.4512892919530347 0.75177304964539 0.73 2.616589911239723
0.45639949665305357 0.75177304964539 0.74 2.6288943068635464
0.4614600306865872 0.75177304964539 0.75 2.6415226901773194
0.4664695199952974 0.75177304964539 0.76 2.65448723845524
0.4714265651255309 0.75177304964539 0.77 2.6678004849498054
0.4763297167499591 0.75177304964539 0.78 2.681475616038655
0.48117735288551805 0.75177304964539 0.79 2.695527862676905
0.48596782846743536 0.75177304964539 0.8 2.7099728192795647
0.4906993153947891 0.75177304964539 0.81 2.724828252338057
0.49536990468120845 0.75177304964539 0.82 2.740112969140309
0.49997754756267576 0.75177304964539 0.83 2.755847496415732
0.5045199467362961 0.75177304964539 0.84 2.77205529933244
0.5089946776332028 0.75177304964539 0.85 2.7887614680468653
0.5133990193019942 0.75177304964539 0.86 2.805994613466068
0.5177300172573372 0.75177304964539 0.87 2.8237862180343876
0.5219843294272513 0.75177304964539 0.88 2.842172375125365
0.5261582540304431 0.75177304964539 0.89 2.8611935533627615
0.5302475355892696 0.75177304964539 0.9 2.880896801422936
0.5342473452030617 0.75177304964539 0.91 2.901336082665303
0.5381520018820309 0.75177304964539 0.92 2.9225754670815283
0.5419548516399443 0.75177304964539 0.93 2.944690668633193
0.5456477698126767 0.75177304964539 0.94 2.9677747686464535
0.5492208332633011 0.75177304964539 0.95 2.991942240159618
0.5526611540050812 0.75177304964539 0.96 3.0173423406419007
0.5559514363344199 0.75177304964539 0.97 3.0441759835008897
0.5590666564212923 0.75177304964539 0.98 3.0727340236189704
0.5619650452291431 0.75177304964539 0.99 3.1035002410466697
0.0 0.7659574468085106 0.0 2.25710473580583
0.006656078299651451 0.7659574468085106 0.01 2.257164211105378
0.013311630418123986 0.7659574468085106 0.02 2.2573426566843957
0.019966130091761285 0.7659574468085106 0.03 2.257640131663111
0.026619050891880006 0.7659574468085106 0.04 2.2580567346235645
0.03326986614201848 0.7659574468085106 0.05 2.2585926037115085
0.039918048834551724 0.7659574468085106 0.06 2.2592479168069675
0.04656307154690555 0.7659574468085106 0.07 2.260022891700899
0.0532044063573066 0.7659574468085106 0.08 2.2609177863032954
0.05984152475911162 0.7659574468085106 0.09 2.2619328989533707
0.0664738975752893 0.7659574468085106 0.1 2.2630685686743544
0.07310099487000618 0.7659574468085106 0.11 2.2643251756160336
0.07972228586108017 0.7659574468085106 0.12 2.265703141380367
0.08633723882941038 0.7659574468085106 0.13 2.26720292951403
0.09294532102683148 0.7659574468085106 0.14 2.268825046030651
0.09954599858395027 0.7659574468085106 0.15 2.270570039893657
0.1061387364135352 0.7659574468085106 0.16 2.272438503681343
0.11272299811350794 0.7659574468085106 0.17 2.274431074211463
0.11929824586740005 0.7659574468085106 0.18 2.276548433236732
0.12586394034117315 0.7659574468085106 0.19 2.2787913082394486
0.13241954057784336 0.7659574468085106 0.2 2.281160473255566
0.13896450388972081 0.7659574468085106 0.21 2.283656749738655
0.1454982857465314 0.7659574468085106 0.22 2.28628100751948
0.15202033966031908 0.7659574468085106 0.23 2.289034165819575
0.15853011706611878 0.7659574468085106 0.24 2.291917194346522
0.16502706719775256 0.7659574468085106 0.25 2.2949311144806948
0.17151063696136715 0.7659574468085106 0.26 2.298077000473702
0.1779802708018609 0.7659574468085106 0.27 2.30135598079513
0.18443541056437646 0.7659574468085106 0.28 2.304769239552226
0.1908754953507303 0.7659574468085106 0.29 2.308318017983606
0.197299961368239 0.7659574468085106 0.3 2.312003616085128
0.203708241775414 0.7659574468085106 0.31 2.3158273942535366
0.2100997665143063 0.7659574468085106 0.32 2.3197907751854445
0.2164739621417351 0.7659574468085106 0.33 2.3238952457348856
0.22283025164501863 0.7659574468085106 0.34 2.3281423590543864
0.22916805425551523 0.7659574468085106 0.35 2.3325337367138324
0.23548678524755445 0.7659574468085106 0.36 2.3370710710653126
0.24178585572709888 0.7659574468085106 0.37 2.3417561277460273
0.24806467240921842 0.7659574468085106 0.38 2.346590748332994
0.2543226373849421 0.7659574468085106 0.39 2.3515768531347363
0.2605591478712989 0.7659574468085106 0.4 2.3567164442313633
0.26677359594403693 0.7659574468085106 0.41 2.3620116087564997
0.27296536826953416 0.7659574468085106 0.42 2.367464522122425
0.27913384578192035 0.7659574468085106 0.43 2.373077452137841
0.2852784033938473 0.7659574468085106 0.44 2.3788527624471425
0.2913984096402067 0.7659574468085106 0.45 2.3847929170557567
0.2974932263196894 0.7659574468085106 0.46 2.3909004847866036
0.3035622081238539 0.7659574468085106 0.47 2.3971781438697914
0.30960470218790404 0.7659574468085106 0.48 2.4036286877018305
0.31562004777953007 0.7659574468085106 0.49 2.410255028367293
0.32160757585029404 0.7659574468085106 0.5 2.417060202349995
0.32756660674870935 0.7659574468085106 0.51 2.4240474033976054
0.3334964533719024 0.7659574468085106 0.52 2.4312199336516005
0.3393964190342444 0.7659574468085106 0.53 2.4385812355382597
0.34526579208807784 0.7659574468085106 0.54 2.4461349674474935
0.3511038582728558 0.7659574468085106 0.55 2.4538848260218598
0.35690987606083097 0.7659574468085106 0.56 2.461834893710714
0.36268310894127065 0.7659574468085106 0.57 2.4699891845572868
0.36842279239444575 0.7659574468085106 0.58 2.4783521035333154
0.3741281555114599 0.7659574468085106 0.59 2.486928146506653
0.37979839216935307 0.7659574468085106 0.6 2.495722285304805
0.3854327175167132 0.7659574468085106 0.61 2.5047392188207254
0.39103029393444766 0.7659574468085106 0.62 2.513984352298274
0.39659027732716573 0.7659574468085106 0.63 2.5234631837227917
0.4021117974796168 0.7659574468085106 0.64 2.533181560321795
0.40759397755060645 0.7659574468085106 0.65 2.543145432333725
0.41303586553413335 0.7659574468085106 0.66 2.553361710220137
0.41843654776489436 0.7659574468085106 0.67 2.5638368458996514
0.4237950382994142 0.7659574468085106 0.68 2.5745782134628716
0.4291103367152472 0.7659574468085106 0.69 2.585593390798733
0.43438137754004563 0.7659574468085106 0.7 2.596890774477942
0.43960715265632766 0.7659574468085106 0.71 2.608478115138538
0.4447864594488851 0.7659574468085106 0.72 2.6203655287903116
0.4499181549319329 0.7659574468085106 0.73 2.632562461204556
0.4550010304932744 0.7659574468085106 0.74 2.6450791912915967
0.4600337826417412 0.7659574468085106 0.75 2.6579271668688254
0.4650150802462365 0.7659574468085106 0.76 2.671118223842971
0.4699435220063293 0.7659574468085106 0.77 2.6846650903787057
0.474817590362419 0.7659574468085106 0.78 2.6985819177460746
0.47963577195822593 0.7659574468085106 0.79 2.712882915859688
0.4843962156347567 0.7659574468085106 0.8 2.727586240204737
0.48909727804512654 0.7659574468085106 0.81 2.742707827859066
0.4937369991705898 0.7659574468085106 0.82 2.758267348642928
0.4983132719742358 0.7659574468085106 0.83 2.7742862938243666
0.5028238705076817 0.7659574468085106 0.84 2.790787690099741
0.5072663201686921 0.7659574468085106 0.85 2.8077975751912008
0.5116379595145467 0.7659574468085106 0.86 2.825344345275927
0.515935800538808 0.7659574468085106 0.87 2.843460348156142
0.5201565763951002 0.7659574468085106 0.88 2.862181411911159
0.5242965671098946 0.7659574468085106 0.89 2.881548840630003
0.5283516199073852 0.7659574468085106 0.9 2.901609284987751
0.5323169182647888 0.7659574468085106 0.91 2.922417407392443
0.5361869356320387 0.7659574468085106 0.92 2.944036557843007
0.539955077625953 0.7659574468085106 0.93 2.966542933116693
0.543613515364081 0.7659574468085106 0.94 2.9900277287557193
0.5471524858789836 0.7659574468085106 0.95 3.0146052919580932
0.5505595281567014 0.7659574468085106 0.96 3.040422235028199
0.5538180746985703 0.7659574468085106 0.97 3.0676740849479005
0.5569041127564769 0.7659574468085106 0.98 3.096644147340798
0.5597781838252672 0.7659574468085106 0.99 3.1277962289384535
0.0 0.7801418439716312 0.0 2.2676309740725435
0.006640610942867032 0.7801418439716312 0.01 2.2676912615634035
0.013280692228239667 0.7801418439716312 0.02 2.267872144246627
0.0199197141142655 0.7801418439716312 0.03 2.2681736826937033
0.026557146690059735 0.7801418439716312 0.04 2.268595977972244
0.03319245979101212 0.7801418439716312 0.05 2.269139171703245
0.03982512291341611 0.7801418439716312 0.06 2.26980344624072
0.04645460512905918 0.7801418439716312 0.07 2.27058902481862
0.05308037499809101 0.7801418439716312 0.08 2.271496171863797
0.05970190048250351 0.7801418439716312 0.09 2.27252519319221
0.06631864885753475 0.7801418439716312 0.1 2.2736764363756197
0.07293008662166987 0.7801418439716312 0.11 2.274950291148705
0.07953567940767976 0.7801418439716312 0.12 2.276347189712308
0.0861348918882896 0.7801418439716312 0.13 2.277867607344655
0.09272718768410716 0.7801418439716312 0.14 2.2795120628098133
0.09931202926758868 0.7801418439716312 0.15 2.281281118958954
0.10588887786516492 0.7801418439716312 0.16 2.283175383365103
0.1124571933572421 0.7801418439716312 0.17 2.285195509004625
0.11901643417794933 0.7801418439716312 0.18 2.287342194910528
0.1255660572083379 0.7801418439716312 0.19 2.2896161870516596
0.13210551766897968 0.7801418439716312 0.2 2.2920182791685946
0.1386342690114453 0.7801418439716312 0.21 2.2945493136118347
0.14515176280155978 0.7801418439716312 0.22 2.2972101824203808
0.15165744860390915 0.7801418439716312 0.23 2.3000018282967187
0.15815077385882073 0.7801418439716312 0.24 2.3029252457772222
0.16463118375665264 0.7801418439716312 0.25 2.305981482424146
0.1710981211093322 0.7801418439716312 0.26 2.3091716400497773
0.17755102621192032 0.7801418439716312 0.27 2.3124968761673967
0.18398933670442055 0.7801418439716312 0.28 2.315958405372861
0.19041248742302802 0.7801418439716312 0.29 2.319557500950996
0.1968199102496645 0.7801418439716312 0.3 2.3232954964639974
0.2032110339494729 0.7801418439716312 0.31 2.3271737875779195
0.20958528400674037 0.7801418439716312 0.32 2.3311938338620894
0.2159420824492676 0.7801418439716312 0.33 2.335357160799311
0.2222808476610593 0.7801418439716312 0.34 2.3396653619865853
0.228600994197543 0.7801418439716312 0.35 2.3441201012180706
0.23490193257186828 0.7801418439716312 0.36 2.348723115118149
0.2411830690539854 0.7801418439716312 0.37 2.353476215435894
0.2474438054363078 0.7801418439716312 0.38 2.3583812919572655
0.2536835387944633 0.7801418439716312 0.39 2.3634403154254655
0.259901661244207 0.7801418439716312 0.4 2.36865534047066
0.26609755966245896 0.7801418439716312 0.41 2.374028509141453
0.27227061542145525 0.7801418439716312 0.42 2.37956205411812
0.27842020405996926 0.7801418439716312 0.43 2.385258302979878
0.28454569499316745 0.7801418439716312 0.44 2.3911196817019578
0.2906464511456341 0.7801418439716312 0.45 2.3971487194163132
0.2967218285941535 0.7801418439716312 0.46 2.4033480529000886
0.30277116807570587 0.7801418439716312 0.47 2.4097205605000886
0.30879383469105554 0.7801418439716312 0.48 2.4162687287120828
0.3147891415281166 0.7801418439716312 0.49 2.422995868686355
0.3207564100880756 0.7801418439716312 0.5 2.429905143223422
0.32669496671875753 0.7801418439716312 0.51 2.4369996409822163
0.33260411292668485 0.7801418439716312 0.52 2.4442828275052673
0.3384831471509238 0.7801418439716312 0.53 2.451758211606752
0.3443313473887438 0.7801418439716312 0.54 2.4594296002936487
0.35014799357554777 0.7801418439716312 0.55 2.4673007730333767
0.3559323456116129 0.7801418439716312 0.56 2.475375799578417
0.36168364105033074 0.7801418439716312 0.57 2.483659063638385
0.36740112546196474 0.7801418439716312 0.58 2.4921548426708444
0.3730840116318106 0.7801418439716312 0.59 2.5008678727206775
0.3787315015643688 0.7801418439716312 0.6 2.509803041841406
0.38434278033775304 0.7801418439716312 0.61 2.5189654745518713
0.38991701292978603 0.7801418439716312 0.62 2.528360572991058
0.395453344931922 0.7801418439716312 0.63 2.5379940065914672
0.4009509009906236 0.7801418439716312 0.64 2.547871732366286
0.40640877700271555 0.7801418439716312 0.65 2.558000093749654
0.4118260695015415 0.7801418439716312 0.66 2.5683854512947417
0.41720179678944347 0.7801418439716312 0.67 2.579035172827952
0.4225349905422423 0.7801418439716312 0.68 2.5899564836774114
0.4278246340628586 0.7801418439716312 0.69 2.601157241642595
0.43306969100459425 0.7801418439716312 0.7 2.612645583759094
0.4382690448364944 0.7801418439716312 0.71 2.6244306603936853
0.44342158288487477 0.7801418439716312 0.72 2.6365216201218233
0.44852613248971096 0.7801418439716312 0.73 2.6489283867114586
0.453581443591066 0.7801418439716312 0.74 2.661661861366225
0.4585862428667023 0.7801418439716312 0.75 2.6747332863329483
0.46353918786157616 0.7801418439716312 0.76 2.6881547946158824
0.4684388363043859 0.7801418439716312 0.77 2.7019397682352975
0.4732836930006703 0.7801418439716312 0.78 2.7161022992523645
0.4780722030852022 0.7801418439716312 0.79 2.730657284564669
0.4828026347943064 0.7801418439716312 0.8 2.7456217780936107
0.4874732176764908 0.7801418439716312 0.81 2.761013420498387
0.49208200028191634 0.7801418439716312 0.82 2.7768520801001575
0.4966269296871792 0.7801418439716312 0.83 2.7931589685642266
0.5011057360602809 0.7801418439716312 0.84 2.809957970172457
0.5055160058291426 0.7801418439716312 0.85 2.827274847560637
0.5098550386214821 0.7801418439716312 0.86 2.8451388857088165
0.5141199237995888 0.7801418439716312 0.87 2.863582081663162
0.5183073693531364 0.7801418439716312 0.88 2.882641116133382
0.5224137530432523 0.7801418439716312 0.89 2.902356858981375
0.5264349235614398 0.7801418439716312 0.9 2.922776681379341
0.5303661993075438 0.7801418439716312 0.91 2.943954598172267
0.534202095722151 0.7801418439716312 0.92 2.9659544687677606
0.537936247564182 0.7801418439716312 0.93 2.9888510935675208
0.5415609638777938 0.7801418439716312 0.94 3.012735480742285
0.5450667284830588 0.7801418439716312 0.95 3.0377208677485625
0.5484416405451893 0.7801418439716312 0.96 3.0639496450745094
0.5516696809938285 0.7801418439716312 0.97 3.0916137898458222
0.5547280385887937 0.7801418439716312 0.98 3.1209866854298327
0.5575794512579357 0.7801418439716312 0.99 3.152512875169341
0.0 0.7943262411347518 0.0 2.2784215009230935
0.006624866632358702 0.7943262411347518 0.01 2.278482621619647
0.01324920009709328 0.7943262411347518 0.02 2.2786660044050264
0.019872467140195044 0.7943262411347518 0.03 2.2789717113958448
0.026494134334996474 0.7943262411347518 0.04 2.27939984614875
0.03311366799515153 0.7943262411347518 0.05 2.279950553843842
0.03973053408759473 0.7943262411347518 0.06 2.2806240213932254
0.046344198144929544 0.7943262411347518 0.07 2.2814204776342764
0.05295412517684345 0.7943262411347518 0.08 2.2823401935953886
0.05955977958120011 0.7943262411347518 0.09 2.2833834827525563
0.06616062505316002 0.7943262411347518 0.1 2.284550701419346
0.07275612449499827 0.7943262411347518 0.11 2.28584224903883
0.07934573992143157 0.7943262411347518 0.12 2.2872585687526708
0.08592893236840257 0.7943262411347518 0.13 2.2888001476942756
0.09250516179399992 0.7943262411347518 0.14 2.2904675177205984
0.09907388698366462 0.7943262411347518 0.15 2.2922612558347466
0.10563456544870495 0.7943262411347518 0.16 2.2941819849258582
0.11218665332595458 0.7943262411347518 0.17 2.2962303743925188
0.1187296052724725 0.7943262411347518 0.18 2.2984071409458076
0.12526287435863823 0.7943262411347518 0.19 2.300713049418986
0.1317859119599168 0.7943262411347518 0.2 2.3031489135869263
0.13829816764146632 0.7943262411347518 0.21 2.3057155972010435
0.1447990890450596 0.7943262411347518 0.22 2.308414014885927
0.15128812176684042 0.7943262411347518 0.23 2.311245133303738
0.15776470923415778 0.7943262411347518 0.24 2.314209972283909
0.16422829257723434 0.7943262411347518 0.25 2.317309606062138
0.17067831049732474 0.7943262411347518 0.26 2.320545164570399
0.17711419912854173 0.7943262411347518 0.27 2.3239178348544973
0.18353539189352366 0.7943262411347518 0.28 2.327428862599839
0.18994131935559788 0.7943262411347518 0.29 2.33107955369132
0.1963314090642211 0.7943262411347518 0.3 2.334871275892387
0.2027050853899043 0.7943262411347518 0.31 2.338805460721819
0.20906176935864074 0.7943262411347518 0.32 2.3428836052803486
0.2154008784722191 0.7943262411347518 0.33 2.3471072743509196
0.22172182651870326 0.7943262411347518 0.34 2.3514781026476186
0.22802402338578556 0.7943262411347518 0.35 2.3559977969421704
0.23430687484900142 0.7943262411347518 0.36 2.360668138672804
0.24056978235434423 0.7943262411347518 0.37 2.3654909865884353
0.24681214279717556 0.7943262411347518 0.38 2.3704682794068077
0.25303334827179935 0.7943262411347518 0.39 2.375602038986694
0.25923278582480486 0.7943262411347518 0.4 2.3808943733489016
0.2654098371827774 0.7943262411347518 0.41 2.386347480120828
0.27156387846395774 0.7943262411347518 0.42 2.3919636501984343
0.2776942798699119 0.7943262411347518 0.43 2.3977452716889567
0.28380040538689894 0.7943262411347518 0.44 2.403694833620429
0.28988161240359045 0.7943262411347518 0.45 2.4098149310282846
0.2959372495349154 0.7943262411347518 0.46 2.416108299198862
0.30196666493100843 0.7943262411347518 0.47 2.422577676544161
0.3079691885149237 0.7943262411347518 0.48 2.42922609315384
0.31394415143544485 0.7943262411347518 0.49 2.436056553674941
0.3198908681701242 0.7943262411347518 0.5 2.443072321811748
0.32580865351226007 0.7943262411347518 0.51 2.450276654005985
0.33169679996091667 0.7943262411347518 0.52 2.4576731445377513
0.3375546030817872 0.7943262411347518 0.53 2.4652653402903084
0.34338133447628016 0.7943262411347518 0.54 2.473057143535646
0.34917626591247714 0.7943262411347518 0.55 2.481052455086858
0.35493864980311524 0.7943262411347518 0.56 2.4892554589383127
0.3606677258877565 0.7943262411347518 0.57 2.4976705225442193
0.36636272053554364 0.7943262411347518 0.58 2.5063022064519
0.3720228444047917 0.7943262411347518 0.59 2.5151552962156205
0.37764729267545144 0.7943262411347518 0.6 2.524234798524281
0.38323524170491313 0.7943262411347518 0.61 2.533545985781127
0.3887858510838981 0.7943262411347518 0.62 2.5430943681077487
0.3942982607139073 0.7943262411347518 0.63 2.5528857326008825
0.399771579992755 0.7943262411347518 0.64 2.5629262824345598
0.4052049056216888 0.7943262411347518 0.65 2.5732224056886683
0.4105973223968486 0.7943262411347518 0.66 2.5837806726335955
0.41594784170430904 0.7943262411347518 0.67 2.5946086111058375
0.42125548810865904 0.7943262411347518 0.68 2.605713611573829
0.4265192319645998 0.7943262411347518 0.69 2.6171037785169515
0.4317380430566605 0.7943262411347518 0.7 2.628787268152826
0.43691079017344153 0.7943262411347518 0.71 2.640773520728663
0.44203634441523876 0.7943262411347518 0.72 2.6530719957099276
0.4471135424905994 0.7943262411347518 0.73 2.665692632503282
0.45214111887170866 0.7943262411347518 0.74 2.6786466627688896
0.45711782835953835 0.7943262411347518 0.75 2.691945153045334
0.462042217020286 0.7943262411347518 0.76 2.7056017205486853
0.46691294850438664 0.7943262411347518 0.77 2.7196286918859602
0.47172850575541797 0.7943262411347518 0.78 2.734040628136361
0.4764872749441567 0.7943262411347518 0.79 2.748853335914607
0.48118759099455116 0.7943262411347518 0.8 2.764083355607423
0.4858276286553909 0.7943262411347518 0.81 2.7797492351546564
0.4904054915311965 0.7943262411347518 0.82 2.795870522743045
0.4949190768833342 0.7943262411347518 0.83 2.8124693375324097
0.49936618578391495 0.7943262411347518 0.84 2.829569137796455
0.5037443519757491 0.7943262411347518 0.85 2.8471967008841434
0.5080509649152646 0.7943262411347518 0.86 2.865380766504519
0.5122830738220908 0.7943262411347518 0.87 2.8841543045881703
0.5164374868039434 0.7943262411347518 0.88 2.9035534576897795
0.5205105725044552 0.7943262411347518 0.89 2.923619856322684
0.5244983014380646 0.7943262411347518 0.9 2.944400255175212
0.5283960198184585 0.7943262411347518 0.91 2.9659492079778853
0.5321984291968698 0.7943262411347518 0.92 2.9883294714363133
0.5358993335247481 0.7943262411347518 0.93 3.011615080964217
0.5394910243959283 0.7943262411347518 0.94 3.0358985861243766
0.5429646238587135 0.7943262411347518 0.95 3.0612876632331814
0.5463084716809634 0.7943262411347518 0.96 3.0879239479464644
0.5495073181345258 0.7943262411347518 0.97 3.115993244095226
0.5525394925211696 0.7943262411347518 0.98 3.145759395777659
0.5553697307557411 0.7943262411347518 0.99 3.1776493943099493
0.0 0.8085106382978723 0.0 2.289480533639821
0.006608846187901965 0.8085106382978723 0.01 2.2895425088373442
0.013217155666414522 0.8085106382978723 0.02 2.2897284556389548
0.019824391637906346 0.8085106382978723 0.03 2.29003843770491
0.026430017128127013 0.8085106382978723 0.04 2.290472561208273
0.03303349489808492 0.8085106382978723 0.05 2.291030974874859
0.03963428735391361 0.8085106382978723 0.06 2.2917138703255273
0.04623185645848802 0.8085106382978723 0.07 2.2925214820777104
0.05282566364047821 0.8085106382978723 0.08 2.293454087906268
0.059415169702964385 0.8085106382978723 0.09 2.294512009146082
0.06599983473239185 0.8085106382978723 0.1 2.2956956109461633
0.0725791180038307 0.8085106382978723 0.11 2.2970053027826274
0.07915247788825318 0.8085106382978723 0.12 2.2984415387688113
0.0857193717539361 0.8085106382978723 0.13 2.300004818313323
0.09227925587097068 0.8085106382978723 0.14 2.30169568652374
0.09883158531105146 0.8085106382978723 0.15 2.30351473485556
0.10537581384520743 0.8085106382978723 0.16 2.3054626018005244
0.11191139384070746 0.8085106382978723 0.17 2.3075399735639777
0.11843777615473274 0.8085106382978723 0.18 2.3097475848452023
0.12495441002553968 0.8085106382978723 0.19 2.312086219672346
0.1314607429602451 0.8085106382978723 0.2 2.314556712319246
0.13795622062053559 0.8085106382978723 0.21 2.317159948249152
0.14444028670375983 0.8085106382978723 0.22 2.3198968651738405
0.15091238282235075 0.8085106382978723 0.23 2.3227684541186164
0.15737194837470703 0.8085106382978723 0.24 2.3257757607097913
0.16381842041916442 0.8085106382978723 0.25 2.3289198863095826
0.17025123353515711 0.8085106382978723 0.26 2.332201989488709
0.17666981968598322 0.8085106382978723 0.27 2.3356232873878167
0.18307360807219564 0.8085106382978723 0.28 2.3391850572906234
0.18946202498119555 0.8085106382978723 0.29 2.3428886382386938
0.1958344936269324 0.8085106382978723 0.3 2.346735432841382
0.20219043399122233 0.8085106382978723 0.31 2.3507269089890834
0.20852926264232124 0.8085106382978723 0.32 2.354864602056912
0.21485039256820687 0.8085106382978723 0.33 2.3591501166981437
0.22115323297821868 0.8085106382978723 0.34 2.3635851293140235
0.22743718910529068 0.8085106382978723 0.35 2.368171390423868
0.23370166200717604 0.8085106382978723 0.36 2.372910727005792
0.2399460483398382 0.8085106382978723 0.37 2.377805045364639
0.24616974012859877 0.8085106382978723 0.38 2.382856333965826
0.25237212452391145 0.8085106382978723 0.39 2.3880666665114556
0.2585525835526953 0.8085106382978723 0.4 2.393438205041809
0.26471049383390316 0.8085106382978723 0.41 2.3989732036498803
0.2708452262967335 0.8085106382978723 0.42 2.404674012063534
0.27695614588816736 0.8085106382978723 0.43 2.410543079372421
0.28304260928647584 0.8085106382978723 0.44 2.416582991774073
0.28910398962366035 0.8085106382978723 0.45 2.422796053862563
0.2951395861382872 0.8085106382978723 0.46 2.429185809547836
0.30114876522128264 0.8085106382978723 0.47 2.4357546609226848
0.30713086023638786 0.8085106382978723 0.48 2.442505568058663
0.3130851626216306 0.8085106382978723 0.49 2.4494421507023154
0.3190110571297307 0.8085106382978723 0.5 2.4565665625996047
0.32490776611101135 0.8085106382978723 0.51 2.4638834920827364
0.3307746296526542 0.8085106382978723 0.52 2.471395795850104
0.33661090957391854 0.8085106382978723 0.53 2.479107529924462
0.3424158843216818 0.8085106382978723 0.54 2.4870224966568113
0.3481888426291678 0.8085106382978723 0.55 2.4951443638733757
0.353928939081532 0.8085106382978723 0.56 2.5034787273986887
0.3596355077761257 0.8085106382978723 0.57 2.5120286187640892
0.36530772778930437 0.8085106382978723 0.58 2.5207992921312403
0.37094479831354077 0.8085106382978723 0.59 2.529795713788556
0.37654595267476787 0.8085106382978723 0.6 2.539022403248074
0.38211029260452517 0.8085106382978723 0.61 2.5484856812367402
0.38763701179866855 0.8085106382978723 0.62 2.558190636049137
0.3931252291709142 0.8085106382978723 0.63 2.5681433809407053
0.3985740551455067 0.8085106382978723 0.64 2.578350159416594
0.40398258139353876 0.8085106382978723 0.65 2.5888174862615854
0.40934986596962436 0.8085106382978723 0.66 2.5995523398981057
0.4146749370593284 0.8085106382978723 0.67 2.610562111539524
0.41995680286978365 0.8085106382978723 0.68 2.621854482102022
0.42519444553444885 0.8085106382978723 0.69 2.633437504739644
0.4303867740453454 0.8085106382978723 0.7 2.645320188489356
0.43553270563152846 0.8085106382978723 0.71 2.657511490557949
0.44063110207382744 0.8085106382978723 0.72 2.6700211126021913
0.4456807507602817 0.8085106382978723 0.73 2.6828597266711345
0.45068041803402503 0.8085106382978723 0.74 2.6960383310018927
0.4556288307237524 0.8085106382978723 0.75 2.709568487090427
0.46052459502287946 0.8085106382978723 0.76 2.7234632912971195
0.4653663089795733 0.8085106382978723 0.77 2.7377360405119684
0.47015244378746207 0.8085106382978723 0.78 2.7524016509564895
0.4748814383114332 0.8085106382978723 0.79 2.767475553878974
0.4795515673760543 0.8085106382978723 0.8 2.7829752525413394
0.4841610884540605 0.8085106382978723 0.81 2.798918626827235
0.48870800758840255 0.8085106382978723 0.82 2.8153266706057614
0.49319035261573996 0.8085106382978723 0.83 2.832220352736413
0.49760580932763504 0.8085106382978723 0.84 2.849624842978698
0.5019520539536708 0.8085106382978723 0.85 2.867565720387812
0.5062263973771151 0.8085106382978723 0.86 2.886073098704201
0.5104260075437526 0.8085106382978723 0.87 2.905179130991041
0.5145476634446503 0.8085106382978723 0.88 2.9249208846583183
0.5185878516858337 0.8085106382978723 0.89 2.9453393221541235
0.5225425578178055 0.8085106382978723 0.9 2.966481780257688
0.5264072865322377 0.8085106382978723 0.91 2.9884018757555313
0.530176743817458 0.8085106382978723 0.92 3.011163293595288
0.5338450391023383 0.8085106382978723 0.93 3.0348377289051913
0.5374047601051218 0.8085106382978723 0.94 3.0595157228365584
0.5408471211365351 0.8085106382978723 0.95 3.085305446802992
0.5441610649400723 0.8085106382978723 0.96 3.1123436025142968
0.5473315744688486 0.8085106382978723 0.97 3.140815775677556
0.5503392757065177 0.8085106382978723 0.98 3.1709627151066035
0.5531500848312708 0.8085106382978723 0.99 3.2032027048985854
0.0 0.8226950354609929 0.0 2.3008123902544946
0.006592550489316241 0.8226950354609929 0.01 2.3008752415612377
0.013184560698155975 0.8226950354609929 0.02 2.3010638171946263
0.019775490256032004 0.8226950354609929 0.03 2.3013781823887096
0.026364798612206218 0.8226950354609929 0.04 2.301818445947837
0.03295194494535938 0.8226950354609929 0.05 2.302384760340082
0.03953638807293896 0.8226950354609929 0.06 2.303077321848381
0.04611758635928035 0.8226950354609929 0.07 2.30389637084492
0.052694997623645747 0.8226950354609929 0.08 2.3048421920101827
0.059268079047923465 0.8226950354609929 0.09 2.305915114585826
0.06583628708108637 0.8226950354609929 0.1 2.307115512864885
0.07239907734631724 0.8226950354609929 0.11 2.3084438064146444
0.07895590454232183 0.8226950354609929 0.12 2.3099004607038562
0.0855062223467892 0.8226950354609929 0.13 2.3114859875075746
0.09204948331632555 0.8226950354609929 0.14 2.313200945503664
0.09858513878560188 0.8226950354609929 0.15 2.3150459408616433
0.10511263876188444 0.8226950354609929 0.16 2.317021628013381
0.11163143182293542 0.8226950354609929 0.17 2.3191287102170417
0.11814096500487917 0.8226950354609929 0.18 2.321367940536249
0.12464068369445594 0.8226950354609929 0.19 2.3237401225631498
0.13113003151365085 0.8226950354609929 0.2 2.3262461114150907
0.1376084502030253 0.8226950354609929 0.21 2.328886814717645
0.14407537950279595 0.8226950354609929 0.22 2.33166319362498
0.15053025702659176 0.8226950354609929 0.23 2.334576264039368
0.15697251813575042 0.8226950354609929 0.24 2.337627097755624
0.1634015958054535 0.8226950354609929 0.25 2.34081682381574
0.16981692048860436 0.8226950354609929 0.26 2.344146629872588
0.17621791997314226 0.8226950354609929 0.27 2.3476177636914564
0.18260401923649866 0.8226950354609929 0.28 2.351231534677757
0.18897464028859434 0.8226950354609929 0.29 2.354989315655987
0.19532920201727547 0.8226950354609929 0.3 2.3588925445264617
0.20166712001815906 0.8226950354609929 0.31 2.3629427262654734
0.2079878064203041 0.8226950354609929 0.32 2.367141434957116
0.21429066970786603 0.8226950354609929 0.33 2.371490315865766
0.22057511452939405 0.8226950354609929 0.34 2.3759910877400356
0.22684054149482086 0.8226950354609929 0.35 2.380645545324359
0.23308634696828995 0.8226950354609929 0.36 2.3854555618953888
0.23931192284474087 0.8226950354609929 0.37 2.390423092081391
0.24551665632684302 0.8226950354609929 0.38 2.3955501746161043
0.2516999296727452 0.8226950354609929 0.39 2.4008389356233772
0.2578611199319031 0.8226950354609929 0.4 2.406291592052148
0.2639995986832882 0.8226950354609929 0.41 2.4119104550034045
0.27011473180125883 0.8226950354609929 0.42 2.4176979325378665
0.276205877681987 0.8226950354609929 0.43 2.4236565595633377
0.2822723944495164 0.8226950354609929 0.44 2.4297888701243333
0.2883136219238265 0.8226950354609929 0.45 2.4360977108141495
0.2943289035940728 0.8226950354609929 0.46 2.442585856702439
0.30031756953237093 0.8226950354609929 0.47 2.4492563053752203
0.30627894705916797 0.8226950354609929 0.48 2.4561120961558283
0.312212348663775 0.8226950354609929 0.49 2.4631565066559293
0.3181170827789373 0.8226950354609929 0.5 2.4703928760774505
0.3239924743700306 0.8226950354609929 0.51 2.477824295438914
0.3298377244522085 0.8226950354609929 0.52 2.48545575286987
0.33565219700489074 0.8226950354609929 0.53 2.4932897452630263
0.3414351296021536 0.8226950354609929 0.54 2.501330703507197
0.34718577467441475 0.8226950354609929 0.55 2.509582828835371
0.35290337400642346 0.8226950354609929 0.56 2.5180504837989552
0.35858715554336656 0.8226950354609929 0.57 2.526738238776708
0.3642363306561271 0.8226950354609929 0.58 2.535650909393307
0.3698500992255242 0.8226950354609929 0.59 2.544793484575573
0.3754276402040371 0.8226950354609929 0.6 2.5541712580590388
0.38096814344416013 0.8226950354609929 0.61 2.5637893966369836
0.3864706936113391 0.8226950354609929 0.62 2.5736545067634413
0.3919344665413446 0.8226950354609929 0.63 2.583771986536428
0.39735855139780846 0.8226950354609929 0.64 2.59414842348578
0.40274212498903667 0.8226950354609929 0.65 2.6047892979957608
0.4080839558930151 0.8226950354609929 0.66 2.615705406539619
0.41338335086924993 0.8226950354609929 0.67 2.6269006185605788
0.41863920931711296 0.8226950354609929 0.68 2.638384108386632
0.4238505235001593 0.8226950354609929 0.69 2.650163899254974
0.4290161945225278 0.8226950354609929 0.7 2.66224921411159
0.43413434681337876 0.8226950354609929 0.71 2.674658899295526
0.4392061678394889 0.8226950354609929 0.72 2.687374130316761
0.4442281206241597 0.8226950354609929 0.73 2.700434367508972
0.44919975336677587 0.8226950354609929 0.74 2.7138411361960584
0.45411974661245863 0.8226950354609929 0.75 2.7276067283257124
0.45898676429788504 0.8226950354609929 0.76 2.741743739269417
0.4637993406434884 0.8226950354609929 0.77 2.7562664359014795
0.46856000246279245 0.8226950354609929 0.78 2.7711419880461086
0.4732551538896845 0.8226950354609929 0.79 2.7865284280210645
0.4778950757961368 0.8226950354609929 0.8 2.802301522724548
0.48247407893373667 0.8226950354609929 0.81 2.818526135947238
0.4869901194915499 0.8226950354609929 0.82 2.835224185411522
0.4914412889411926 0.8226950354609929 0.83 2.8524162505567343
0.49582534102527737 0.8226950354609929 0.84 2.8701271281478915
0.5001397358150989 0.8226950354609929 0.85 2.8883853308902925
0.5043820795313494 0.8226950354609929 0.86 2.907218052293587
0.5085494311673817 0.8226950354609929 0.87 2.926659242462756
0.5126386997873056 0.8226950354609929 0.88 2.9467450805864557
0.5166463698095144 0.8226950354609929 0.89 2.967517227820545
0.5205685668162415 0.8226950354609929 0.9 2.989022176658814
0.524400825256638 0.8226950354609929 0.91 3.0113140586001736
0.528138143517877 0.8226950354609929 0.92 3.034454191291002
0.5317745641819352 0.8226950354609929 0.93 3.058516138530935
0.5353030799028224 0.8226950354609929 0.94 3.0835871196964524
0.5387152391017386 0.8226950354609929 0.95 3.1097730003753368
0.5420003483249914 0.8226950354609929 0.96 3.137208151574408
0.5451446504423448 0.8226950354609929 0.97 3.1660659653424186
0.5481285770470926 0.8226950354609929 0.98 3.1965923928276125
0.5509213771599882 0.8226950354609929 0.99 3.2291717192255947
0.0 0.8368794326241135 0.0 2.3124214898949838
0.006575980479649931 0.8368794326241135 0.01 2.3124852391996544
0.013151417080849062 0.8368794326241135 0.02 2.312676509370474
0.019725765833339414 0.8368794326241135 0.03 2.3129953672572308
0.02629848258327789 0.8368794326241135 0.04 2.3134419243164652
0.03286902290086721 0.8368794326241135 0.05 2.314016336785772
0.03943684198799848 0.8368794326241135 0.06 2.3147188058000805
0.0460013945847243 0.8368794326241135 0.07 2.3155495776607684
0.05256213487600627 0.8368794326241135 0.08 2.316508944026942
0.05911851639615836 0.8368794326241135 0.09 2.3175972423184863
0.06566999193392617 0.8368794326241135 0.1 2.3188148560003548
0.07221601343486121 0.8368794326241135 0.11 2.3201622150609307
0.07875603190384371 0.8368794326241135 0.12 2.321639796425162
0.08528949730454809 0.8368794326241135 0.13 2.3232481245322396
0.09181585845911736 0.8368794326241135 0.14 2.3249877718502567
0.09833456294370367 0.8368794326241135 0.15 2.3268593595809404
0.10484505698429018 0.8368794326241135 0.16 2.328863558294229
0.11134678534853731 0.8368794326241135 0.17 2.3310010887167634
0.11783919123562685 0.8368794326241135 0.18 2.3332727225543555
0.12432171616475622 0.8368794326241135 0.19 2.335679283328474
0.13079379985864295 0.8368794326241135 0.2 2.338221647368469
0.13725488012507314 0.8368794326241135 0.21 2.3409007448219006
0.14370439273450314 0.8368794326241135 0.22 2.3437175607586487
0.15014177129491033 0.8368794326241135 0.23 2.346673136320072
0.1565664471226941 0.8368794326241135 0.24 2.349768569952834
0.1629778491050963 0.8368794326241135 0.25 2.353005018851765
0.16937540356728756 0.8368794326241135 0.26 2.356383700208939
0.1757585341225976 0.8368794326241135 0.27 2.3599058929113053
0.18212666152744053 0.8368794326241135 0.28 2.3635729390382965
0.1884792035241602 0.8368794326241135 0.29 2.3673862456437647
0.19481557468108182 0.8368794326241135 0.3 2.371347286551469
0.20113518622116444 0.8368794326241135 0.31 2.375457604382618
0.2074374458531992 0.8368794326241135 0.32 2.3797188124670545
0.21372175758155468 0.8368794326241135 0.33 2.3841325972150833
0.21998752151443152 0.8368794326241135 0.34 2.388700720449069
0.22623413367012277 0.8368794326241135 0.35 2.3934250217333943
0.2324609857587478 0.8368794326241135 0.36 2.3983074211885214
0.23866746496203978 0.8368794326241135 0.37 2.403349922273649
0.2448529536983192 0.8368794326241135 0.38 2.40855461481914
0.251016829385561 0.8368794326241135 0.39 2.413923678044123
0.25715846419237626 0.8368794326241135 0.4 2.419459383777146
0.2632772244350449 0.8368794326241135 0.41 2.425164106172291
0.269372472076222 0.8368794326241135 0.42 2.4310402927015704
0.2754435596654116 0.8368794326241135 0.43 2.437090555041893
0.28148983746478706 0.8368794326241135 0.44 2.4433175383946586
0.2875106443050316 0.8368794326241135 0.45 2.449724083133126
0.29350531625865944 0.8368794326241135 0.46 2.4563130711391983
0.29947318129844747 0.8368794326241135 0.47 2.463087519344489
0.30541355231315465 0.8368794326241135 0.48 2.470050690679876
0.311325748733895 0.8368794326241135 0.49 2.477205739521681
0.3172090637499923 0.8368794326241135 0.5 2.484556243735226
0.32306279211252015 0.8368794326241135 0.51 2.4921057532630018
0.3288862156110157 0.8368794326241135 0.52 2.499858023528078
0.33467860611526495 0.8368794326241135 0.53 2.507816965668414
0.34043922177190905 0.8368794326241135 0.54 2.515986702879228
0.346167306790394 0.8368794326241135 0.55 2.524371570560958
0.35186210251396083 0.8368794326241135 0.56 2.5329759548454622
0.3575228288446272 0.8368794326241135 0.57 2.541804565546292
0.3631486933233348 0.8368794326241135 0.58 2.550862301187071
0.368738887054354 0.8368794326241135 0.59 2.560154307400431
0.3742925862093523 0.8368794326241135 0.6 2.5696859555771616
0.37980899504086674 0.8368794326241135 0.61 2.5794622600918795
0.3852871192779506 0.8368794326241135 0.62 2.5894909569441875
0.390726205152493 0.8368794326241135 0.63 2.599776538290898
0.396125310030455 0.8368794326241135 0.64 2.6103260877600025
0.40148351901107127 0.8368794326241135 0.65 2.6211463435056417
0.40679985571905075 0.8368794326241135 0.66 2.63224488628918
0.41207335989136423 0.8368794326241135 0.67 2.643629125178011
0.41730303189508483 0.8368794326241135 0.68 2.6553070299904085
0.42248780618697146 0.8368794326241135 0.69 2.6672874631857817
0.42762662542149266 0.8368794326241135 0.7 2.67957923791127
0.43271838796065754 0.8368794326241135 0.71 2.6921917954189256
0.4377619193688158 0.8368794326241135 0.72 2.705135558267905
0.4427560449162985 0.8368794326241135 0.73 2.718421032291938
0.447699487166924 0.8368794326241135 0.74 2.732060080517564
0.4525909434130112 0.8368794326241135 0.75 2.7460649710900884
0.4574291265054132 0.8368794326241135 0.76 2.760447903985629
0.4622125162332191 0.8368794326241135 0.77 2.7752240297078017
0.4669396660861853 0.8368794326241135 0.78 2.7904077443255777
0.4716089567408356 0.8368794326241135 0.79 2.806015679394385
0.4762187459786506 0.8368794326241135 0.8 2.8220649175087327
0.48076721907250947 0.8368794326241135 0.81 2.838574795012992
0.48525251656863116 0.8368794326241135 0.82 2.855565406166154
0.4896725586410316 0.8368794326241135 0.83 2.8730597057880276
0.4940252332510372 0.8368794326241135 0.84 2.891081324865717
0.4983081501504922 0.8368794326241135 0.85 2.9096575005160603
0.5025186828080178 0.8368794326241135 0.86 2.9288186206437072
0.5066541265008819 0.8368794326241135 0.87 2.9485964404116967
0.5107113491754011 0.8368794326241135 0.88 2.969028225773038
0.5146869702145728 0.8368794326241135 0.89 2.9901547543706752
0.5185771393171248 0.8368794326241135 0.9 3.0120229982455795
0.5223775888591891 0.8368794326241135 0.91 3.0346856543750507
0.5260833676119053 0.8368794326241135 0.92 3.0582044191599373
0.5296887308244267 0.8368794326241135 0.93 3.0826515051002055
0.5331869782060281 0.8368794326241135 0.94 3.1081118463401016
0.5365699086594669 0.8368794326241135 0.95 3.134689894367393
0.539827443545064 0.8368794326241135 0.96 3.1625146609666763
0.5429463351240026 0.8368794326241135 0.97 3.191755802165727
0.545908253031733 0.8368794326241135 0.98 3.222647702572975
0.5486845463997414 0.8368794326241135 0.99 3.2555542151879173
0.0 0.851063829787234 0.0 2.3243123531637426
0.00655913716806706 0.851063829787234 0.01 2.324377022663874
0.013117726835355357 0.851063829787234 0.02 2.324571053962671
0.01967522140753887 0.851063829787234 0.03 2.324894515562981
0.026231073103435993 0.851063829787234 0.04 2.3253475216365485
0.032784733860926944 0.851063829787234 0.05 2.3259302322380058
0.03933565524254084 0.851063829787234 0.06 2.326642853465641
0.04588328834118702 0.851063829787234 0.07 2.327485637609253
0.05242708368396078 0.851063829787234 0.08 2.328458883511183
0.058966491135859396 0.851063829787234 0.09 2.3295629368581885
0.06550095980308006 0.851063829787234 0.1 2.3307981905014494
0.0720299379331463 0.851063829787234 0.11 2.332165084988768
0.07855287281615156 0.851063829787234 0.12 2.3336641089534598
0.08506921068293588 0.851063829787234 0.13 2.335295799687192
0.09157839660195509 0.851063829787234 0.14 2.337060743735749
0.09807987437393877 0.851063829787234 0.15 2.3389595775695224
0.10457308642651683 0.851063829787234 0.16 2.3409929882174447
0.11105747370288095 0.851063829787234 0.17 2.3431617141474197
0.11753247555185911 0.851063829787234 0.18 2.345466546022364
0.12399752961271863 0.851063829787234 0.19 2.3479083276471786
0.1304520716977566 0.851063829787234 0.2 2.350487956948165
0.13689553567290552 0.851063829787234 0.21 2.3532063869835262
0.14332735333365837 0.851063829787234 0.22 2.3560646270807597
0.14974695427670012 0.851063829787234 0.23 2.359063744068137
0.15615376577054163 0.851063829787234 0.24 2.3622048634911206
0.16254721261759117 0.851063829787234 0.25 2.36548917105476
0.16892671701314602 0.851063829787234 0.26 2.3689179140972993
0.17529169840414582 0.851063829787234 0.27 2.3724924030279104
0.1816415733343095 0.851063829787234 0.28 2.376214013104328
0.18797575528842075 0.851063829787234 0.29 2.3800841861677298
0.19429365453398195 0.851063829787234 0.3 2.3841044324063443
0.20059467794152736 0.851063829787234 0.31 2.3882763326055145
0.20687822881744927 0.851063829787234 0.32 2.3926015400219587
0.21314370671416707 0.851063829787234 0.33 2.3970817827664446
0.21939050724365178 0.851063829787234 0.34 2.40171886604933
0.22561802186120006 0.851063829787234 0.35 2.406514675040982
0.23182563766564668 0.851063829787234 0.36 2.4114711772999153
0.23801273717732774 0.851063829787234 0.37 2.4165904256502277
0.24417869810169293 0.851063829787234 0.38 2.4218745613002217
0.25032289255556717 0.851063829787234 0.39 2.4273258273309404
0.25644468936032544 0.851063829787234 0.4 2.43294652262185
0.26254345085944447 0.851063829787234 0.41 2.4387390637114894
0.26861852601105785 0.851063829787234 0.42 2.4447061072094525
0.2746692755138485 0.851063829787234 0.43 2.4508500866616676
0.2806950317907337 0.851063829787234 0.44 2.4571739435147215
0.2866951361632338 0.851063829787234 0.45 2.463680450188044
0.2926689201565242 0.851063829787234 0.46 2.4703725504025495
0.2986157021752149 0.851063829787234 0.47 2.4772534087868254
0.30453479155989055 0.851063829787234 0.48 2.484326335805223
0.31042550064518815 0.851063829787234 0.49 2.4915945923903258
0.3162871214554239 0.851063829787234 0.5 2.4990617722767454
0.3221189391497842 0.851063829787234 0.51 2.50673157758121
0.3279202325074748 0.851063829787234 0.52 2.514607814151668
0.33369026544246605 0.851063829787234 0.53 2.522694523404796
0.33942829240044703 0.851063829787234 0.54 2.5309958967587676
0.345133556319249 0.851063829787234 0.55 2.5395163072543414
0.3508052836938753 0.851063829787234 0.56 2.548260381440042
0.3564427051025997 0.851063829787234 0.57 2.5572327013491685
0.36204500226675895 0.851063829787234 0.58 2.566438570418682
0.3676113671019962 0.851063829787234 0.59 2.575883156834366
0.37314097754462316 0.851063829787234 0.6 2.585571850331142
0.37863291503386504 0.851063829787234 0.61 2.5955113953988844
0.38408650930251165 0.851063829787234 0.62 2.605705157323153
0.389500677660224 0.851063829787234 0.63 2.6161621837272535
0.3948745773383129 0.851063829787234 0.64 2.626888261610856
0.400207290213243 0.851063829787234 0.65 2.637890247414763
0.40549783978049586 0.851063829787234 0.66 2.6491758127197387
0.41074524918848426 0.851063829787234 0.67 2.6607526753988546
0.415948527229004 0.851063829787234 0.68 2.6726287974446086
0.421106601727811 0.851063829787234 0.69 2.6848132444790753
0.4262184197032017 0.851063829787234 0.7 2.697314897363204
0.431282839524581 0.851063829787234 0.71 2.710143837180897
0.43629870868680315 0.851063829787234 0.72 2.723310356525571
0.44126488158639526 0.851063829787234 0.73 2.736824758015839
0.44618004266761374 0.851063829787234 0.74 2.75069956073581
0.45104293157614334 0.851063829787234 0.75 2.764946702960711
0.45585216185413746 0.851063829787234 0.76 2.779579801073058
0.46060633349485874 0.851063829787234 0.77 2.7946127724241405
0.4653039266675335 0.851063829787234 0.78 2.8100611473557087
0.46994338676613184 0.851063829787234 0.79 2.825941047824564
0.4745230238425584 0.851063829787234 0.8 2.842270421400601
0.4790410952013419 0.851063829787234 0.81 2.8590680651707414
0.4834956908876525 0.851063829787234 0.82 2.876355022736085
0.4878848342986864 0.851063829787234 0.83 2.894153409065677
0.49220630312029484 0.851063829787234 0.84 2.912488574297005
0.49645789343574637 0.851063829787234 0.85 2.931386011778582
0.5006369810987695 0.851063829787234 0.86 2.950876600310441
0.5047408188203176 0.851063829787234 0.87 2.9709931425800535
0.5087664304163243 0.851063829787234 0.88 2.991771692315934
0.5127104439298248 0.851063829787234 0.89 3.0132536065649
0.5165691722315855 0.851063829787234 0.9 3.03548470717398
0.5203384183437331 0.851063829787234 0.91 3.0585177103531387
0.524013346309605 0.851063829787234 0.92 3.0824139252357945
0.5275885109510454 0.851063829787234 0.93 3.107243140932985
0.5310573696062376 0.851063829787234 0.94 3.133089687690553
0.5344121659656498 0.851063829787234 0.95 3.1600542461479657
0.5376431972549224 0.851063829787234 0.96 3.1882631227484137
0.5407379578788024 0.851063829787234 0.97 3.2178793396321095
0.5436792707882672 0.851063829787234 0.98 3.249126363151269
0.5464404438287962 0.851063829787234 0.99 3.2823487149885273
0.0 0.8652482269503546 0.0 2.336489602257115
0.00654202163317093 0.8652482269503546 0.01 2.33655521444232
0.013083492121473089 0.8652482269503546 0.02 2.336752074352365
0.019623860224949323 0.8652482269503546 0.03 2.33708025214198
0.026162574513422212 0.8652482269503546 0.04 2.3375398647909305
0.03269908327108621 0.8652482269503546 0.05 2.3381310762389216
0.03923283440057488 0.8652482269503546 0.06 2.338854097573958
0.04576327532644669 0.8652482269503546 0.07 2.3397091872629323
0.0522898528982512 0.8652482269503546 0.08 2.340696651405281
0.05881201329220153 0.8652482269503546 0.09 2.3418168440983185
0.06532920191261318 0.8652482269503546 0.1 2.343070167779661
0.07184086329096769 0.8652482269503546 0.11 2.3444570737255335
0.07834644098582372 0.8652482269503546 0.12 2.345978062444624
0.08484537747754416 0.8652482269503546 0.13 2.347633684378612
0.09133711406632969 0.8652482269503546 0.14 2.3494245403415603
0.09782109076359372 0.8652482269503546 0.15 2.3513512823173897
0.104296746184821 0.8652482269503546 0.16 2.353414614112593
0.11076351743799867 0.8652482269503546 0.17 2.3556152921929523
0.11722084001008434 0.8652482269503546 0.18 2.3579541265529937
0.12366814765236811 0.8652482269503546 0.19 2.360431981591665
0.13010487226114664 0.8652482269503546 0.2 2.3630497771396954
0.13653044375536136 0.8652482269503546 0.21 2.365808489549665
0.1429442899519411 0.8652482269503546 0.22 2.3687091528223325
0.149345836436198 0.8652482269503546 0.23 2.371752859860142
0.15573450643083023 0.8652482269503546 0.24 2.3749407637211895
0.1621097206554817 0.8652482269503546 0.25 2.3782740791271393
0.16847089718788977 0.8652482269503546 0.26 2.3817540838656566
0.17481745131622692 0.8652482269503546 0.27 2.3853821204148904
0.18114879538580797 0.8652482269503546 0.28 2.3891595976717865
0.18746433864288609 0.8652482269503546 0.29 2.3930879927096846
0.1937634870705466 0.8652482269503546 0.3 2.397168852701072
0.20004564321491966 0.8652482269503546 0.31 2.401403797032534
0.20631020601353564 0.8652482269503546 0.32 2.405794519317097
0.21255657059994137 0.8652482269503546 0.33 2.410342789931038
0.21878412812042425 0.8652482269503546 0.34 2.4150504582058696
0.22499226552825918 0.8652482269503546 0.35 2.4199194551036785
0.23118036534034825 0.8652482269503546 0.36 2.4249517966299647
0.2373478067190697 0.8652482269503546 0.37 2.4301495599764116
0.243493959292668 0.8652482269503546 0.38 2.435515008601946
0.24961819551956052 0.8652482269503546 0.39 2.4410503381561113
0.2557198715473496 0.8652482269503546 0.4 2.4467580589484306
0.2617983520999403 0.8652482269503546 0.41 2.4526405053634854
0.2678529819264968 0.8652482269503546 0.42 2.458700387004056
0.2738831103823198 0.8652482269503546 0.43 2.464940318230573
0.27988806860574533 0.8652482269503546 0.44 2.4713632396905467
0.28586719947597994 0.8652482269503546 0.45 2.477971878208094
0.29181981760716796 0.8652482269503546 0.46 2.4847694568252914
0.29774524064866353 0.8652482269503546 0.47 2.491759137518623
0.3036427797575585 0.8652482269503546 0.48 2.4989441933966647
0.30951173192395975 0.8652482269503546 0.49 2.506328134099356
0.31535138772461213 0.8652482269503546 0.5 2.5139145739855353
0.32116102921931283 0.8652482269503546 0.51 2.5217072679832815
0.326939924054156 0.8652482269503546 0.52 2.529710203457214
0.3326873392753157 0.8652482269503546 0.53 2.537927384175159
0.338402516700242 0.8652482269503546 0.54 2.546363211424627
0.3440846992169896 0.8652482269503546 0.55 2.5550220787603997
0.34973310821313297 0.8652482269503546 0.56 2.563908715874446
0.3553469479136488 0.8652482269503546 0.57 2.573028117388834
0.36092544307135743 0.8652482269503546 0.58 2.5823850008397904
0.36646774187152176 0.8652482269503546 0.59 2.591985209692979
0.3719730194921641 0.8652482269503546 0.6 2.601834215078843
0.3774404689969217 0.8652482269503546 0.61 2.6119372773773475
0.3828690979176241 0.8652482269503546 0.62 2.622302257993314
0.38825812959997913 0.8652482269503546 0.63 2.632934061202381
0.3936059517134078 0.8652482269503546 0.64 2.6438489212499507
0.39891362793715457 0.8652482269503546 0.65 2.655027152407653
0.4041781917551221 0.8652482269503546 0.66 2.6665032535131385
0.4093993412107033 0.8652482269503546 0.67 2.6782759804198593
0.41457603471819626 0.8652482269503546 0.68 2.690354061803002
0.41970723373049557 0.8652482269503546 0.69 2.7027462449423796
0.42479189314857196 0.8652482269503546 0.7 2.715461440046702
0.4298288496794936 0.8652482269503546 0.71 2.7285101541831236
0.4348169774420558 0.8652482269503546 0.72 2.741902498409431
0.4397550560925503 0.8652482269503546 0.73 2.7556498799540674
0.4446418590453709 0.8652482269503546 0.74 2.7697638902812276
0.4494760664929147 0.8652482269503546 0.75 2.78425740679872
0.45425634421352984 0.8652482269503546 0.76 2.799143617503046
0.458981249199832 0.8652482269503546 0.77 2.8144372040107823
0.46364931547578786 0.8652482269503546 0.78 2.8301532938878537
0.46825895142284163 0.8652482269503546 0.79 2.846308737880319
0.4728085257325541 0.8652482269503546 0.8 2.8629210753432406
0.47729626188243623 0.8652482269503546 0.81 2.880009840459378
0.4817203226599059 0.8652482269503546 0.82 2.8975955607918014
0.4860786906447183 0.8652482269503546 0.83 2.915701230381499
0.4903692769132269 0.8652482269503546 0.84 2.934351035090474
0.4945897865146274 0.8652482269503546 0.85 2.953572011451031
0.4987376636770995 0.8652482269503546 0.86 2.9733947444180497
0.5028103070320414 0.8652482269503546 0.87 2.993850859854643
0.5068047116898943 0.8652482269503546 0.88 3.0149773697212034
0.5107176527293488 0.8652482269503546 0.89 3.036814571825922
0.5145457006941518 0.8652482269503546 0.9 3.0594059804670746
0.5182841497929356 0.8652482269503546 0.91 3.0828112119558764
0.5219290351332763 0.8652482269503546 0.92 3.107082176373049
0.5254747973048186 0.8652482269503546 0.93 3.132291085157202
0.5289152482174598 0.8652482269503546 0.94 3.1585192787329563
0.5322429108767021 0.8652482269503546 0.95 3.185865517486816
0.5354485759647097 0.8652482269503546 0.96 3.214451891059861
0.538520492741288 0.8652482269503546 0.97 3.2444344154031786
0.541442520041548 0.8652482269503546 0.98 3.276026715038336
0.544189883219948 0.8652482269503546 0.99 3.309553924448702
0.0 0.8794326241134751 0.0 2.348957960985598
0.006524635026255251 0.8794326241134751 0.01 2.3490245386504895
0.013048715244524946 0.8794326241134751 0.02 2.3492242955237113
0.019571685750211818 0.8794326241134751 0.03 2.3495573034697648
0.026092991445634067 0.8794326241134751 0.04 2.350023682264456
0.032612076942561755 0.8794326241134751 0.05 2.350623599856363
0.0391283864655896 0.8794326241134751 0.06 2.3513572723964833
0.04564136375327342 0.8794326241134751 0.07 2.3522249646218363
0.052150451960246154 0.8794326241134751 0.08 2.3532269900269727
0.05865509355722768 0.8794326241134751 0.09 2.3543637112655826
0.06515473023075798 0.8794326241134751 0.1 2.355635540516765
0.07164880278163975 0.8794326241134751 0.11 2.357042939930441
0.07813675102128034 0.8794326241134751 0.12 2.358586422178616
0.0846180136681697 0.8794326241134751 0.13 2.360266550953676
0.09109202824090083 0.8794326241134751 0.14 2.3620839416475876
0.09755823095094272 0.8794326241134751 0.15 2.3640392619934865
0.10401605659202594 0.8794326241134751 0.16 2.366133232848522
0.1104649384284062 0.8794326241134751 0.17 2.368366628982804
0.11690430807965543 0.8794326241134751 0.18 2.370740279986263
0.12333359540384974 0.8794326241134751 0.19 2.373255071197435
0.12975222837823838 0.8794326241134751 0.2 2.3759119446983963
0.13615963297441033 0.8794326241134751 0.21 2.378711900476594
0.14255523303229778 0.8794326241134751 0.22 2.3816559975751126
0.14893845012924237 0.8794326241134751 0.23 2.384745355373622
0.15530870344835362 0.8794326241134751 0.24 2.3879811548512464
0.16166540963792045 0.8794326241134751 0.25 2.391364640097819
0.1680079826687597 0.8794326241134751 0.26 2.3948971198316493
0.1743358336855156 0.8794326241134751 0.27 2.398579969050444
0.18064837085511937 0.8794326241134751 0.28 2.4024146307172596
0.18694499920858285 0.8794326241134751 0.29 2.40640261759094
0.19322512047223103 0.8794326241134751 0.3 2.4105455142859036
0.19948813289900777 0.8794326241134751 0.31 2.414844979275573
0.20573343108814787 0.8794326241134751 0.32 2.41930274714655
0.2119604058018483 0.8794326241134751 0.33 2.423920630877845
0.2181684437591319 0.8794326241134751 0.34 2.4287005246027573
0.22435692310088678 0.8794326241134751 0.35 2.4336445002047022
0.23052523415928802 0.8794326241134751 0.36 2.43875435455106
0.23667273886956425 0.8794326241134751 0.37 2.4440324895306467
0.2427988096071588 0.8794326241134751 0.38 2.4494810667610745
0.248902808300907 0.8794326241134751 0.39 2.455102455879023
0.2549840959105507 0.8794326241134751 0.4 2.460899037913674
0.261042019682054 0.8794326241134751 0.41 2.466873454089211
0.2670759298304951 0.8794326241134751 0.42 2.4730282796517913
0.27308517978052027 0.8794326241134751 0.43 2.479366035476672
0.27906905777902397 0.8794326241134751 0.44 2.485890420794041
0.285026936219383 0.8794326241134751 0.45 2.4926036028378284
0.2909581178551477 0.8794326241134751 0.46 2.4995090063670244
0.2968619154865929 0.8794326241134751 0.47 2.506609868199194
0.30273763051340785 0.8794326241134751 0.48 2.5139096198953133
0.3085845592169981 0.8794326241134751 0.49 2.5214117798144895
0.31440198662029145 0.8794326241134751 0.5 2.529120055877361
0.32018918762985066 0.8794326241134751 0.51 2.5370383240557794
0.32594543000058235 0.8794326241134751 0.52 2.5451705810608374
0.3316699099425879 0.8794326241134751 0.53 2.5535219388947086
0.3373620514077816 0.8794326241134751 0.54 2.5620940149993086
0.34302090366649723 0.8794326241134751 0.55 2.5708942062547395
0.3486457447102303 0.8794326241134751 0.56 2.5799263973510405
0.35423578396015665 0.8794326241134751 0.57 2.5891955423475186
0.35979022157276763 0.8794326241134751 0.58 2.5987067555731294
0.36530821688014836 0.8794326241134751 0.59 2.6084657667858693
0.370788940224266 0.8794326241134751 0.6 2.618478169111701
0.3762315445958509 0.8794326241134751 0.61 2.628749838058268
0.38163512779454023 0.8794326241134751 0.62 2.639287455387789
0.38699881583362994 0.8794326241134751 0.63 2.6500973427688277
0.39232169536540146 0.8794326241134751 0.64 2.661186413163052
0.39760281186691204 0.8794326241134751 0.65 2.6725621848482417
0.40284120289407893 0.8794326241134751 0.66 2.6842323298797286
0.4080359104765179 0.8794326241134751 0.67 2.6962045233796457
0.41318587853622174 0.8794326241134751 0.68 2.708487808023243
0.41829008323073713 0.8794326241134751 0.69 2.721090865705108
0.4233474256992517 0.8794326241134751 0.7 2.734023439276936
0.4283568098800461 0.8794326241134751 0.71 2.7472953198075527
0.4333170548565438 0.8794326241134751 0.72 2.760917486958034
0.43822699496963663 0.8794326241134751 0.73 2.7749008291459116
0.4430853449080693 0.8794326241134751 0.74 2.789257872947402
0.4478908562096882 0.8794326241134751 0.75 2.804000806107619
0.45264212703990014 0.8794326241134751 0.76 2.8191438881687603
0.4573377940121462 0.8794326241134751 0.77 2.834701053768316
0.46197633414346795 0.8794326241134751 0.78 2.850688401282971
0.4665562271178863 0.8794326241134751 0.79 2.8671221898929145
0.4710758023563215 0.8794326241134751 0.8 2.884020751631813
0.475533351481828 0.8794326241134751 0.81 2.901403126346176
0.47992700824997886 0.8794326241134751 0.82 2.919290560800328
0.48425483959309185 0.8794326241134751 0.83 2.937705425507411
0.48851469548839527 0.8794326241134751 0.84 2.956673077301794
0.49270442891059646 0.8794326241134751 0.85 2.976219234685902
0.4968215198570873 0.8794326241134751 0.86 2.9963745821142473
0.5008633350130113 0.8794326241134751 0.87 3.0171716848133228
0.504827026127196 0.8794326241134751 0.88 3.038646295719451
0.5087093746792174 0.8794326241134751 0.89 3.060839316328144
0.5125069484269935 0.8794326241134751 0.9 3.0837950234895004
0.5162157421329683 0.8794326241134751 0.91 3.1075655335193377
0.5198313013040256 0.8794326241134751 0.92 3.132209491503964
0.5233485516687092 0.8794326241134751 0.93 3.157794353677382
0.5267615202243119 0.8794326241134751 0.94 3.1844000529860916
0.530063070919042 0.8794326241134751 0.95 3.2121226066429234
0.5332445507563727 0.8794326241134751 0.96 3.2410789777244107
0.5362948541660251 0.8794326241134751 0.97 3.271419279722859
0.5391988367247355 0.8794326241134751 0.98 3.3033474692622136
0.5419337299919849 0.8794326241134751 0.99 3.337167646196998
0.0 0.8936170212765957 0.0 2.361722254745774
0.006506978574665383 0.8936170212765957 0.01 2.3617898209165644
0.013013398662071214 0.8936170212765957 0.02 2.361992543950404
0.019518701676934026 0.8936170212765957 0.03 2.3623304974077577
0.026022328837940912 0.8936170212765957 0.04 2.362803803953664
0.03252372106908546 0.8936170212765957 0.05 2.3634126355475367
0.03902231890126347 0.8936170212765957 0.06 2.364157213546117
0.04551756237268253 0.8936170212765957 0.07 2.3650378089953836
0.0520088909283913 0.8936170212765957 0.08 2.3660547429528695
0.05849574332027767 0.8936170212765957 0.09 2.3672083867387173
0.06497755750439656 0.8936170212765957 0.1 2.3684991624221423
0.07145377053807177 0.8936170212765957 0.11 2.3699275432583127
0.07792381847617506 0.8936170212765957 0.12 2.3714940541653142
0.08438713626278214 0.8936170212765957 0.13 2.3731992724565427
0.0908431576285186 0.8936170212765957 0.14 2.3750438281851642
0.09729131497578264 0.8936170212765957 0.15 2.377028405170689
0.10373103927140881 0.8936170212765957 0.16 2.3791537415366224
0.11016175993137392 0.8936170212765957 0.17 2.3814206306429084
0.11658290470611292 0.8936170212765957 0.18 2.3838299219313526
0.12299389955793708 0.8936170212765957 0.19 2.386382522064613
0.12939416854685065 0.8936170212765957 0.2 2.3890793956758576
0.1357831337011653 0.8936170212765957 0.21 2.3919215667049927
0.14216021488775135 0.8936170212765957 0.22 2.3949101196589844
0.14852482968776198 0.8936170212765957 0.23 2.3980462006492456
0.1548763932557413 0.8936170212765957 0.24 2.4013310189716006
0.16121431817862547 0.8936170212765957 0.25 2.4047658486093106
0.16753801434076152 0.8936170212765957 0.26 2.4083520295221845
0.17384688876438628 0.8936170212765957 0.27 2.4120909696407438
0.18014034546475763 0.8936170212765957 0.28 2.4159841463670104
0.18641778527706188 0.8936170212765957 0.29 2.420033108826802
0.19267860571947704 0.8936170212765957 0.3 2.4242394791096813
0.198922200774466 0.8936170212765957 0.31 2.4286049556080855
0.20514796076890748 0.8936170212765957 0.32 2.433131313768634
0.21135527373447144 0.8936170212765957 0.33 2.4378203729142585
0.21754351822203294 0.8936170212765957 0.34 2.442674160604779
0.22371207454598174 0.8936170212765957 0.35 2.447694648700115
0.22986031569429013 0.8936170212765957 0.36 2.45288396334628
0.23598761216897773 0.8936170212765957 0.37 2.4582442745492137
0.24209332799896155 0.8936170212765957 0.38 2.4637778813227986
0.24817681912551895 0.8936170212765957 0.39 2.4694872384686617
0.2542374416611978 0.8936170212765957 0.4 2.4753747881807087
0.260274542076497 0.8936170212765957 0.41 2.481443157921949
0.26628746385068297 0.8936170212765957 0.42 2.4876950267929914
0.2722755331329135 0.8936170212765957 0.43 2.494133392817993
0.2782380909314557 0.8936170212765957 0.44 2.5007609739051007
0.28417445481343195 0.8936170212765957 0.45 2.5075809196109895
0.2900839374275666 0.8936170212765957 0.46 2.514596461398281
0.2959658447480125 0.8936170212765957 0.47 2.521810946018897
0.3018194721070401 0.8936170212765957 0.48 2.529227903018266
0.30764413139917973 0.8936170212765957 0.49 2.5368505921842615
0.3134390699427632 0.8936170212765957 0.5 2.544683352917781
0.3192035778514807 0.8936170212765957 0.51 2.552729816357991
0.3249369138276617 0.8936170212765957 0.52 2.5609941393045954
0.33063832855101993 0.8936170212765957 0.53 2.5694806148570293
0.3363070897970646 0.8936170212765957 0.54 2.578193290281291
0.3419423443404644 0.8936170212765957 0.55 2.587138085191053
0.3475433841137353 0.8936170212765957 0.56 2.596318708289589
0.3531093835051217 0.8936170212765957 0.57 2.605740685968866
0.35863954236155554 0.8936170212765957 0.58 2.6154091800044843
0.3641330144041334 0.8936170212765957 0.59 2.6253300557254673
0.3695889659352916 0.8936170212765957 0.6 2.635509020324529
0.37500654329357314 0.8936170212765957 0.61 2.6459521063513254
0.3803848517600968 0.8936170212765957 0.62 2.656665965122208
0.38572299630932666 0.8936170212765957 0.63 2.6676572888791728
0.3910200803955397 0.8936170212765957 0.64 2.6789328431097617
0.3962751326173937 0.8936170212765957 0.65 2.690500476606556
0.4014872084300307 0.8936170212765957 0.66 2.7023677230377006
0.4066552983096885 0.8936170212765957 0.67 2.7145430605150693
0.41177841457866576 0.8936170212765957 0.68 2.7270347436367572
0.41685545529492707 0.8936170212765957 0.69 2.739852623039402
0.42188536085451106 0.8936170212765957 0.7 2.753006065280831
0.42686708043998106 0.8936170212765957 0.71 2.766504429802974
0.43179936482082093 0.8936170212765957 0.72 2.780359761294569
0.43668108726068106 0.8936170212765957 0.73 2.794582623608109
0.44151094957035986 0.8936170212765957 0.74 2.8091859145464166
0.446287725058949 0.8936170212765957 0.75 2.824181754235232
0.4510099436255454 0.8936170212765957 0.76 2.8395855037596958
0.45567644828371295 0.8936170212765957 0.77 2.8554087445574683
0.4602855547103876 0.8936170212765957 0.78 2.8716698888723102
0.4648357514607405 0.8936170212765957 0.79 2.8883853682065594
0.4693254678360359 0.8936170212765957 0.8 2.905572594034372
0.47375295315990806 0.8936170212765957 0.81 2.9232514744129086
0.4781164194781062 0.8936170212765957 0.82 2.9414426669993885
0.482413906200036 0.8936170212765957 0.83 2.9601692843437486
0.4866433912814063 0.8936170212765957 0.84 2.979455560960437
0.4908026485476678 0.8936170212765957 0.85 2.999328650764829
0.4948892638340369 0.8936170212765957 0.86 3.0198184759033055
0.4989007125793153 0.8936170212765957 0.87 3.0409568432501444
0.5028341471345613 0.8936170212765957 0.88 3.0627801162615524
0.506686530115458 0.8936170212765957 0.89 3.0853276781419323
0.5104544299935522 0.8936170212765957 0.9 3.1086445348023957
0.5141340286298278 0.8936170212765957 0.91 3.1327813616529734
0.5177210786408684 0.8936170212765957 0.92 3.1577951984028303
0.5212106808869479 0.8936170212765957 0.93 3.1837523851063625
0.5245970801408983 0.8936170212765957 0.94 3.210731354383206
0.5278736107261085 0.8936170212765957 0.95 3.238823693545214
0.5310321110599803 0.8936170212765957 0.96 3.268141858746242
0.5340618607264053 0.8936170212765957 0.97 3.2988330686641714
0.5369491318996131 0.8936170212765957 0.98 3.331086130652211
0.5396728165620893 0.8936170212765957 0.99 3.3651877783369697
0.0 0.9078014184397163 0.0 2.3747874100491537
0.006489053585247671 0.9078014184397163 0.01 2.374855988103255
0.012977544990733246 0.9078014184397163 0.02 2.375061747342488
0.019464911937290393 0.9078014184397163 0.03 2.3754047630981368
0.025950591947075146 0.9078014184397163 0.04 2.375885160950806
0.03243402224375503 0.9078014184397163 0.05 2.376503116920912
0.03891463965226555 0.9078014184397163 0.06 2.3772588576603404
0.04539188049837449 0.9078014184397163 0.07 2.3781526606591186
0.05186518050701628 0.9078014184397163 0.08 2.379184854584611
0.05833397470029359 0.9078014184397163 0.09 2.38035581960922
0.06479769729373 0.9078014184397163 0.1 2.3816659878679105
0.07125578159321852 0.9078014184397163 0.11 2.3831158438269564
0.07770765988765707 0.9078014184397163 0.12 2.384705924947918
0.08415276334377601 0.9078014184397163 0.13 2.386436822144255
0.09059052189527095 0.9078014184397163 0.14 2.3883091805717527
0.09702036413363482 0.9078014184397163 0.15 2.3903237002564315
0.10344171719584583 0.9078014184397163 0.16 2.3924811368752135
0.10985400664911393 0.9078014184397163 0.17 2.394782302638924
0.1162566563739055 0.9078014184397163 0.18 2.397228067208391
0.12264908844398316 0.9078014184397163 0.19 2.3998193587008134
0.12903072300601826 0.9078014184397163 0.2 2.4025571646797435
0.1354009781502845 0.9078014184397163 0.21 2.405442533454707
0.1417592697856766 0.9078014184397163 0.22 2.4084765751642836
0.148105011506458 0.9078014184397163 0.23 2.4116604631354606
0.15443761445285584 0.9078014184397163 0.24 2.4149954353944114
0.1607564871767534 0.9078014184397163 0.25 2.4184827959691124
0.16706103549142198 0.9078014184397163 0.26 2.422123916666939
0.17335066232949584 0.9078014184397163 0.27 2.4259202385524414
0.17962476757741075 0.9078014184397163 0.28 2.429873274075597
0.18588274792523035 0.9078014184397163 0.29 2.4339846087039607
0.1921239966848039 0.9078014184397163 0.3 2.4382559033819518
0.19834790367587313 0.9078014184397163 0.31 2.4426888952112633
0.20455385688350144 0.9078014184397163 0.32 2.447285355972456
0.21074123407565282 0.9078014184397163 0.33 2.4520472914626463
0.21690941402724642 0.9078014184397163 0.34 2.456976665168442
0.22305777414026848 0.9078014184397163 0.35 2.462075465566306
0.22918568341499726 0.9078014184397163 0.36 2.4673458634604284
0.23529249381857742 0.9078014184397163 0.37 2.4727903806755407
0.24137759354052352 0.9078014184397163 0.38 2.478410765347793
0.24744031163874125 0.9078014184397163 0.39 2.484210002561718
0.25348000404455323 0.9078014184397163 0.4 2.490190499548897
0.2594960142076673 0.9078014184397163 0.41 2.4963549138230463
0.2654876792997627 0.9078014184397163 0.42 2.5027060203819698
0.2714543294083782 0.9078014184397163 0.43 2.5092467250026878
0.27739528995328117 0.9078014184397163 0.44 2.5159800180909255
0.28330987606994895 0.9078014184397163 0.45 2.522909077195769
0.28919739924070365 0.9078014184397163 0.46 2.5300371447858376
0.2950571614790069 0.9078014184397163 0.47 2.5373676333715536
0.3008884568126372 0.9078014184397163 0.48 2.5449040970711456
0.3066905685207948 0.9078014184397163 0.49 2.552650277296141
0.3124627735664528 0.9078014184397163 0.5 2.5606100268888747
0.3182043483192955 0.9078014184397163 0.51 2.5687872210018363
0.3239145336045575 0.9078014184397163 0.52 2.5771863234055283
0.3295925868916654 0.9078014184397163 0.53 2.5858115382344287
0.33523773351896574 0.9078014184397163 0.54 2.594667595630989
0.34084921405641583 0.9078014184397163 0.55 2.6037590061683713
0.346426221316859 0.9078014184397163 0.56 2.6130910384762003
0.3519679600256051 0.9078014184397163 0.57 2.6226687967894864
0.3574736214901221 0.9078014184397163 0.58 2.6324976184170055
0.3629423600005752 0.9078014184397163 0.59 2.642583418377893
0.3683733332429529 0.9078014184397163 0.6 2.6529320904954825
0.3737656913288596 0.9078014184397163 0.61 2.6635496809586514
0.37911853163681225 0.9078014184397163 0.62 2.674443033626273
0.3844309716114763 0.9078014184397163 0.63 2.68561875029901
0.38970206848769234 0.9078014184397163 0.64 2.697084331366606
0.39493087887778977 0.9078014184397163 0.65 2.7088473355319045
0.4001164841096739 0.9078014184397163 0.66 2.720915052420191
0.4052578319208266 0.9078014184397163 0.67 2.733296668692541
0.4103539390406759 0.9078014184397163 0.68 2.746000501121921
0.41540373455559104 0.9078014184397163 0.69 2.7590361338018714
0.42040615965775324 0.9078014184397163 0.7 2.7724130786587056
0.42536007949769944 0.9078014184397163 0.71 2.7861419573672612
0.43026436425068504 0.9078014184397163 0.72 2.800233434873866
0.4351178012309171 0.9078014184397163 0.73 2.8146993824541418
0.4399191783060984 0.9078014184397163 0.74 2.829551797447808
0.44466718708195185 0.9078014184397163 0.75 2.844804069236922
0.4493605226267235 0.9078014184397163 0.76 2.8604697054448933
0.45399774447471575 0.9078014184397163 0.77 2.8765641252376106
0.45857747622098016 0.9078014184397163 0.78 2.8931021344465875
0.46309813282598977 0.9078014184397163 0.79 2.9101014053332728
0.4675580954618979 0.9078014184397163 0.8 2.9275802734274645
0.4719557182880429 0.9078014184397163 0.81 2.9455576892344686
0.47628918058530517 0.9078014184397163 0.82 2.964055098538413
0.4805566127862789 0.9078014184397163 0.83 2.9830948965819633
0.48475661949613075 0.9078014184397163 0.84 3.00269399681491
0.4888851037986333 0.9078014184397163 0.85 3.0229032128017734
0.4929416896865475 0.9078014184397163 0.86 3.043727748890462
0.4969231967201108 0.9078014184397163 0.87 3.0652080994882485
0.500826929556689 0.9078014184397163 0.88 3.087379374216662
0.5046498925367544 0.9078014184397163 0.89 3.1102811124914695
0.5083887588452628 0.9078014184397163 0.9 3.1339577736070474
0.5120399202535112 0.9078014184397163 0.91 3.1584582612502867
0.5155994795194689 0.9078014184397163 0.92 3.1838361839324385
0.5190620275619081 0.9078014184397163 0.93 3.210165177655733
0.5224228883277747 0.9078014184397163 0.94 3.23751146693044
0.5256753635377527 0.9078014184397163 0.95 3.265968285350596
0.5288118574777954 0.9078014184397163 0.96 3.2956425140194283
0.5318224709398682 0.9078014184397163 0.97 3.326672909226733
0.5346941103455326 0.9078014184397163 0.98 3.359242456882534
0.5374076974923183 0.9078014184397163 0.99 3.393615414138773
0.0 0.9219858156028369 0.0 2.3881584543511853
0.0064708614478249295 0.9219858156028369 0.01 2.388228067895766
0.012941157013207902 0.9219858156028369 0.02 2.388436934209254
0.019410320713092056 0.9219858156028369 0.03 2.388785130390797
0.025877786363288892 0.9219858156028369 0.04 2.389272784982274
0.03234298747729299 0.9219858156028369 0.05 2.3899000781767517
0.03880535716521174 0.9219858156028369 0.06 2.390667241947683
0.04526432803194827 0.9219858156028369 0.07 2.3915745603104748
0.051719332073928724 0.9219858156028369 0.08 2.3926223697029645
0.05816980057589967 0.9219858156028369 0.09 2.393811059300169
0.06461516400761454 0.9219858156028369 0.1 2.39514107135275
0.07105485191736803 0.9219858156028369 0.11 2.396612901766958
0.07748829282478356 0.9219858156028369 0.12 2.3982271006634304
0.0839149141140881 0.9219858156028369 0.13 2.399984272880413
0.09033414192178527 0.9219858156028369 0.14 2.401885078795992
0.09674540102872575 0.9219858156028369 0.15 2.40393023484807
0.10314811474297585 0.9219858156028369 0.16 2.4061205145383964
0.10954170478668453 0.9219858156028369 0.17 2.4084567491653845
0.11592559117493184 0.9219858156028369 0.18 2.4109398289097146
0.12229919210200155 0.9219858156028369 0.19 2.4135707035564273
0.12866192380761274 0.9219858156028369 0.2 2.4163503840286618
0.13501320045943607 0.9219858156028369 0.21 2.4192799431885645
0.14135243402345382 0.9219858156028369 0.22 2.422360517125671
0.147679034119814 0.9219858156028369 0.23 2.4255933068855984
0.15399240790504928 0.9219858156028369 0.24 2.42897957924702
0.160291959910495 0.9219858156028369 0.25 2.432520668950536
0.16657709192558162 0.9219858156028369 0.26 2.436217979433222
0.17284720279269922 0.9219858156028369 0.27 2.4400729862195107
0.17910167061166385 0.9219858156028369 0.28 2.4440877200405646
0.18533994048912775 0.9219858156028369 0.29 2.4482623690941985
0.19156134907543018 0.9219858156028369 0.3 2.452600066023665
0.1977652998494285 0.9219858156028369 0.31 2.4571021022601647
0.20395117670485663 0.9219858156028369 0.32 2.4617702893287934
0.2101183531889707 0.9219858156028369 0.33 2.466606678621209
0.21626620619230663 0.9219858156028369 0.34 2.471613225933472
0.22239410509779686 0.9219858156028369 0.35 2.476792054967947
0.22850141246741057 0.9219858156028369 0.36 2.4821454309307294
0.23458749118229194 0.9219858156028369 0.37 2.487675601726877
0.24065169550277393 0.9219858156028369 0.38 2.493384994856061
0.24669337525427285 0.9219858156028369 0.39 2.49927612212153
0.25271187497200265 0.9219858156028369 0.4 2.5053515973098475
0.25870653334275484 0.9219858156028369 0.41 2.511614146287355
0.26467668360445634 0.9219858156028369 0.42 2.5180665981105523
0.2706216515242577 0.9219858156028369 0.43 2.5247119228441472
0.2765407574929706 0.9219858156028369 0.44 2.5315531902151
0.2824333136550201 0.9219858156028369 0.45 2.5385936226197345
0.2882986260150998 0.9219858156028369 0.46 2.5458365550968747
0.2941359766553829 0.9219858156028369 0.47 2.5532857453396267
0.29994470554102765 0.9219858156028369 0.48 2.5609439530686475
0.30572403526166014 0.9219858156028369 0.49 2.568815976512218
0.31147326527217367 0.9219858156028369 0.5 2.5769052908794357
0.3171916499662652 0.9219858156028369 0.51 2.5852161487243914
0.3228784588691286 0.9219858156028369 0.52 2.5937525678110265
0.32853291443577254 0.9219858156028369 0.53 2.6025193456817073
0.3341542551610508 0.9219858156028369 0.54 2.6115210328500686
0.33974170581263197 0.9219858156028369 0.55 2.620762422055109
0.34529446372857814 0.9219858156028369 0.56 2.630248754999136
0.3508117270246908 0.9219858156028369 0.57 2.639985284339785
0.3562926858162801 0.9219858156028369 0.58 2.6499774183925213
0.36173649011838305 0.9219858156028369 0.59 2.660231199132804
0.3671423130715852 0.9219858156028369 0.6 2.6707523629073164
0.37250924544312736 0.9219858156028369 0.61 2.6815478917698026
0.37783643601625794 0.9219858156028369 0.62 2.6926239655136976
0.38312298931254496 0.9219858156028369 0.63 2.703987462891846
0.3883679564831524 0.9219858156028369 0.64 2.7156460729780205
0.3935704150394011 0.9219858156028369 0.65 2.727607172215133
0.3987293771155586 0.9219858156028369 0.66 2.7398791187511358
0.40384387079849526 0.9219858156028369 0.67 2.752470123042886
0.40891285692034707 0.9219858156028369 0.68 2.765389400833363
0.4139353107058369 0.9219858156028369 0.69 2.7786460609138004
0.41891013042400427 0.9219858156028369 0.7 2.7922503505324667
0.42383623025671835 0.9219858156028369 0.71 2.8062124108542204
0.4287124393231648 0.9219858156028369 0.72 2.8205436354227413
0.4335375955003712 0.9219858156028369 0.73 2.8352554314061567
0.4383104488109137 0.9219858156028369 0.74 2.850360505122903
0.4430297472880625 0.9219858156028369 0.75 2.865871745943271
0.4476941433076298 0.9219858156028369 0.76 2.8818034604375797
0.4523022837595849 0.9219858156028369 0.77 2.898170217366636
0.4568526617232263 0.9219858156028369 0.78 2.91498877204067
0.46134391248134227 0.9219858156028369 0.79 2.9322742986333075
0.4657743262728864 0.9219858156028369 0.8 2.9500466342720375
0.4701422579206167 0.9219858156028369 0.81 2.9683250712623663
0.4744459815904489 0.9219858156028369 0.82 2.9871302472343997
0.47868360091001894 0.9219858156028369 0.83 3.0064853089654786
0.48285318545574785 0.9219858156028369 0.84 3.026414230665966
0.48695258854777357 0.9219858156028369 0.85 3.0469441505287205
0.4909795320167055 0.9219858156028369 0.86 3.0681043560504646
0.49493160941038344 0.9219858156028369 0.87 3.0899263104213484
0.49880619973849816 0.9219858156028369 0.88 3.1124448067812676
0.5026002796512462 0.9219858156028369 0.89 3.1357004006438185
0.5063108277682796 0.9219858156028369 0.9 3.159734474496087
0.5099342398549784 0.9219858156028369 0.91 3.184596671119752
0.5134666659178019 0.9219858156028369 0.92 3.2103408536993867
0.5169035665843705 0.9219858156028369 0.93 3.237030858770049
0.5202397939206214 0.9219858156028369 0.94 3.2647397667728204
0.5234693729988047 0.9219858156028369 0.95 3.293552997758012
0.5265849734338925 0.9219858156028369 0.96 3.323575448452277
0.5295774612124414 0.9219858156028369 0.97 3.3549378706859514
0.5324348471436537 0.9219858156028369 0.98 3.387811266239431
0.5351393317288585 0.9219858156028369 0.99 3.4224463213228797
0.0 0.9361702127659575 0.0 2.4018405151176103
0.0064524036389767185 0.9361702127659575 0.01 2.4019111880340867
0.012904237685741733 0.9361702127659575 0.02 2.4021232331208817
0.01935493244662981 0.9361702127659575 0.03 2.4024767291894804
0.025803918024206163 0.9361702127659575 0.04 2.402971807860037
0.03225062421588278 0.9361702127659575 0.05 2.4036086534736683
0.03869448041093632 0.9361702127659575 0.06 2.4043875034387923
0.04513491548715687 0.9361702127659575 0.07 2.405308648489647
0.051571357708875706 0.9361702127659575 0.08 2.4063724328085887
0.05800323461972268 0.9361702127659575 0.09 2.4075792547034744
0.0644299729404887 0.9361702127659575 0.1 2.4089295667086943
0.07085099845941256 0.9361702127659575 0.11 2.4104238763661217
0.07726573592689927 0.9361702127659575 0.12 2.4120627465693505
0.08367360894472081 0.9361702127659575 0.13 2.4138467963039174
0.09007403985510386 0.9361702127659575 0.14 2.415776701321742
0.09646644963094782 0.9361702127659575 0.15 2.4178531947412334
0.10285025775701728 0.9361702127659575 0.16 2.4200770681050776
0.10922488211692902 0.9361702127659575 0.17 2.422449172075104
0.11558973887468138 0.9361702127659575 0.18 2.4249704173960267
0.12194424234823041 0.9361702127659575 0.19 2.427641776151009
0.12828780489215968 0.9361702127659575 0.2 2.430464282584683
0.13461983676621692 0.9361702127659575 0.21 2.433439034493547
0.14093974601003162 0.9361702127659575 0.22 2.436567194326615
0.147246938299751 0.9361702127659575 0.23 2.4398499909055933
0.15354081682879397 0.9361702127659575 0.24 2.443288720268625
0.1598207821324819 0.9361702127659575 0.25 2.446884748348935
0.1660862315040993 0.9361702127659575 0.26 2.4506395254405278
0.17233655935271933 0.9361702127659575 0.27 2.454554571146807
0.17857116122992345 0.9361702127659575 0.28 2.4586313616896276
0.18478942211190238 0.9361702127659575 0.29 2.4628716588581496
0.19099072614439203 0.9361702127659575 0.3 2.467277223644669
0.19717445777627446 0.9361702127659575 0.31 2.4718497977502816
0.20333998921689522 0.9361702127659575 0.32 2.4765914214551032
0.20948670607138753 0.9361702127659575 0.33 2.481503794690584
0.215613966435306 0.9361702127659575 0.34 2.4865892754196386
0.22172113941253202 0.9361702127659575 0.35 2.4918499388300646
0.22780758649191 0.9361702127659575 0.36 2.4972880307890133
0.23387266341278637 0.9361702127659575 0.37 2.5029059171094143
0.23991572114796558 0.9361702127659575 0.38 2.508706058973706
0.24593610436129254 0.9361702127659575 0.39 2.5146910437944414
0.25193315448629505 0.9361702127659575 0.4 2.520863520063706
0.2579062062388474 0.9361702127659575 0.41 2.5272262695266807
0.26385458734926476 0.9361702127659575 0.42 2.53378220915031
0.2697776201292427 0.9361702127659575 0.43 2.5405343588852105
0.2756746708947378 0.9361702127659575 0.44 2.547484929172337
0.2815449006599718 0.9361702127659575 0.45 2.5546399291297246
0.28738775396699195 0.9361702127659575 0.46 2.562000126700924
0.29320247889491496 0.9361702127659575 0.47 2.5695699241441172
0.2989883566265477 0.9361702127659575 0.48 2.5773531066013433
0.3047446791589724 0.9361702127659575 0.49 2.5853532830377968
0.3104706976425704 0.9361702127659575 0.5 2.5935747748925535
0.3161656728273429 0.9361702127659575 0.51 2.602021744351411
0.3218288667714784 0.9361702127659575 0.52 2.610698353485538
0.32745950141694735 0.9361702127659575 0.53 2.619609439651636
0.33305681255988207 0.9361702127659575 0.54 2.628759630834923
0.33862002313419576 0.9361702127659575 0.55 2.638153789646261
0.3441483234046257 0.9361702127659575 0.56 2.6477973169085884
0.3496409010606028 0.9361702127659575 0.57 2.6576956757026013
0.3550969692763822 0.9361702127659575 0.58 2.6678539814029842
0.3605156493781963 0.9361702127659575 0.59 2.678278779738078
0.36589611210523465 0.9361702127659575 0.6 2.6889759075850224
0.3712374744999534 0.9361702127659575 0.61 2.6999520475355476
0.37653886862360975 0.9361702127659575 0.62 2.7112137119627526
0.3817993645494451 0.9361702127659575 0.63 2.7227683675319954
0.38701812315302714 0.9361702127659575 0.64 2.734622249459055
0.39219400482244743 0.9361702127659575 0.65 2.7467859165518074
0.3973262028219142 0.9361702127659575 0.66 2.759265287980918
0.40241374392399265 0.9361702127659575 0.67 2.7720687389025636
0.4074555038658095 0.9361702127659575 0.68 2.7852068091284328
0.4124505462624586 0.9361702127659575 0.69 2.7986875459573093
0.4173978269087015 0.9361702127659575 0.7 2.812520603914371
0.4222959327622848 0.9361702127659575 0.71 2.826720705877281
0.42714406911495323 0.9361702127659575 0.72 2.841294376122884
0.43194091023822284 0.9361702127659575 0.73 2.856255422764831
0.436685279316795 0.9361702127659575 0.74 2.8716158072241234
0.44137588193201266 0.9361702127659575 0.75 2.8873892157560235
0.4460114313401971 0.9361702127659575 0.76 2.9035894167857026
0.4505905366615413 0.9361702127659575 0.77 2.920231743717755
0.45511180582276856 0.9361702127659575 0.78 2.9373317689079044
0.45957375281205826 0.9361702127659575 0.79 2.9549065315908782
0.46397474989860976 0.9361702127659575 0.8 2.972975165067269
0.46831324468933666 0.9361702127659575 0.81 2.9915561358118854
0.4725874656496822 0.9361702127659575 0.82 3.010671055499174
0.4767956208034979 0.9361702127659575 0.83 3.030342166175737
0.48093576861614634 0.9361702127659575 0.84 3.05059403020862
0.48500580752805594 0.9361702127659575 0.85 3.0714537037706764
0.4890035903224555 0.9361702127659575 0.86 3.0929493418718357
0.4929266904475738 0.9361702127659575 0.87 3.115113222719722
0.49677264094448964 0.9361702127659575 0.88 3.137978798341712
0.5005385780242281 0.9361702127659575 0.89 3.1615852902864763
0.5042214527493595 0.9361702127659575 0.9 3.185975121495998
0.5078179426209256 0.9361702127659575 0.91 3.211195165886365
0.5113242556353728 0.9361702127659575 0.92 3.237299387557659
0.5147361298396711 0.9361702127659575 0.93 3.264349054385004
0.5180487414809982 0.9361702127659575 0.94 3.2924141629471086
0.5212563724106378 0.9361702127659575 0.95 3.321578004659431
0.5243521797815665 0.9361702127659575 0.96 3.351940574718125
0.5273277371325974 0.9361702127659575 0.97 3.3836250958126524
0.5301718549801117 0.9361702127659575 0.98 3.416794141734828
0.5328682910608079 0.9361702127659575 0.99 3.451680853828549
0.0 0.9503546099290779 0.0 2.4158388192492612
0.006433681725442053 0.9503546099290779 0.01 2.4159105756740806
0.012866790145346595 0.9503546099290779 0.02 2.416125871913851
0.01929875185154371 0.9503546099290779 0.03 2.416484788642115
0.02572899323031747 0.9503546099290779 0.04 2.4169874604806654
0.03215694035956073 0.9503546099290779 0.05 2.417634076063065
0.03858201890532012 0.9503546099290779 0.06 2.4184248782635898
0.0450036540170055 0.9503546099290779 0.07 2.4193601645484244
0.051421270225109124 0.9503546099290779 0.08 2.4204402870195807
0.0578342913316911 0.9503546099290779 0.09 2.421665653240474
0.06424214030943919 0.9503546099290779 0.1 2.4230367261382946
0.07064423918820391 0.9503546099290779 0.11 2.424554025045081
0.07704000895102939 0.9503546099290779 0.12 2.4262181258588433
0.0834288694237391 0.9503546099290779 0.13 2.4280296617486603
0.0898102391601942 0.9503546099290779 0.14 2.4299893240443122
0.0961835353293306 0.9503546099290779 0.15 2.432097862941138
0.10254817360876593 0.9503546099290779 0.16 2.4343560878957025
0.10890356804835483 0.9503546099290779 0.17 2.436764869497374
0.11524913097564457 0.9503546099290779 0.18 2.439325139230804
0.12158427285744378 0.9503546099290779 0.19 2.442037891355362
0.12790840217277338 0.9503546099290779 0.2 2.444904184087164
0.1342209252924154 0.9503546099290779 0.21 2.447925140506956
0.1405212463314269 0.9503546099290779 0.22 2.4511019504717395
0.14680876712042798 0.9503546099290779 0.23 2.454435868381832
0.15308288686842275 0.9503546099290779 0.24 2.4579282216963816
0.15934300227426337 0.9503546099290779 0.25 2.4615804039575817
0.1655885110188158 0.9503546099290779 0.26 2.465393769001215
0.171818791660815 0.9503546099290779 0.27 2.4693702257591346
0.17803325201143794 0.9503546099290779 0.28 2.4735108113357835
0.18423125038459506 0.9503546099290779 0.29 2.4778179594557708
0.19041218857558606 0.9503546099290779 0.3 2.482292870088615
0.19657543890895116 0.9503546099290779 0.31 2.4869375492910795
0.20272037329713974 0.9503546099290779 0.32 2.491753988536644
0.20884636248390526 0.9503546099290779 0.33 2.4967441949723552
0.21495277232991303 0.9503546099290779 0.34 2.501910285750981
0.22103896263806966 0.9503546099290779 0.35 2.507254510457437
0.22710429108525207 0.9503546099290779 0.36 2.512779157720068
0.23314810972734032 0.9503546099290779 0.37 2.518486636137911
0.23916976460372152 0.9503546099290779 0.38 2.5243794788710945
0.245168598514199 0.9503546099290779 0.39 2.5304602826654814
0.2511439468626397 0.9503546099290779 0.4 2.5367317953100765
0.25709513810041046 0.9503546099290779 0.41 2.543196901555904
0.2630215067924703 0.9503546099290779 0.42 2.5498583666393952
0.26892235859494995 0.9503546099290779 0.43 2.5567195245086602
0.27479700791657613 0.9503546099290779 0.44 2.5637835322399476
0.28064476288360257 0.9503546099290779 0.45 2.5710536731476505
0.2864649217710656 0.9503546099290779 0.46 2.5785334210275983
0.29225676836657705 0.9503546099290779 0.47 2.58622651732929
0.2980195902396092 0.9503546099290779 0.48 2.594136642813559
0.30375266437488063 0.9503546099290779 0.49 2.602267680668379
0.3094552371408925 0.9503546099290779 0.5 2.6106240508604457
0.3151265784434714 0.9503546099290779 0.51 2.61920978252852
0.32076594060476127 0.9503546099290779 0.52 2.6280292292675855
0.32637254024773343 0.9503546099290779 0.53 2.63708735182213
0.33194561280553614 0.9503546099290779 0.54 2.6463888215689018
0.33748437789110747 0.9503546099290779 0.55 2.6559385988141058
0.3429880223078636 0.9503546099290779 0.56 2.665742192563618
0.34845575243115295 0.9503546099290779 0.57 2.6758048374463432
0.35388671565339275 0.9503546099290779 0.58 2.686132717730661
0.3592800878927355 0.9503546099290779 0.59 2.6967316154973098
0.3646350360271311 0.9503546099290779 0.6 2.707607507306935
0.3699506549154072 0.9503546099290779 0.61 2.7187674956968464
0.375226085495479 0.9503546099290779 0.62 2.730218050988366
0.38046040021766575 0.9503546099290779 0.63 2.741966712020888
0.3856526946983135 0.9503546099290779 0.64 2.7540207455494214
0.3908020066006025 0.9503546099290779 0.65 2.7663883267215175
0.3959073878263494 0.9503546099290779 0.66 2.7790775066284583
0.4009678307625446 0.9503546099290779 0.67 2.7920972659486454
0.4059823404515308 0.9503546099290779 0.68 2.8054565029381076
0.4109498550074805 0.9503546099290779 0.69 2.8191651517445924
0.4158693288477565 0.9503546099290779 0.7 2.8332330354414177
0.42073963022914895 0.9503546099290779 0.71 2.8476712823821253
0.42555966906477966 0.9503546099290779 0.72 2.862490591370137
0.43032826176748107 0.9503546099290779 0.73 2.877703080569256
0.4350441416701027 0.9503546099290779 0.74 2.8933221370347004
0.43970613414796433 0.9503546099290779 0.75 2.9093600978819376
0.44431289898453347 0.9503546099290779 0.76 2.925831703136223
0.44886311403325957 0.9503546099290779 0.77 2.942751665331603
0.45335534165492236 0.9503546099290779 0.78 2.9601364524190923
0.45778817132466554 0.9503546099290779 0.79 2.978002437378142
0.46216003209114104 0.9503546099290779 0.8 2.9963683744343377
0.4664693080939018 0.9503546099290779 0.81 3.015253911807962
0.4707143428078099 0.9503546099290779 0.82 3.034679574514222
0.47489323170688424 0.9503546099290779 0.83 3.0546694733819946
0.4790044002424312 0.9503546099290779 0.84 3.07524390347903
0.4830455454043667 0.9503546099290779 0.85 3.0964330090372756
0.4870146053765898 0.9503546099290779 0.86 3.1182643601760414
0.49090932957194855 0.9503546099290779 0.87 3.1407685510735397
0.4947272201928278 0.9503546099290779 0.88 3.1639800172732935
0.49846558211245257 0.9503546099290779 0.89 3.187936483862383
0.5021215277937646 0.9503546099290779 0.9 3.2126790092248356
0.5056918165433806 0.9503546099290779 0.91 3.238254169413274
0.5091728460163781 0.9503546099290779 0.92 3.264714326124868
0.5125606295062417 0.9503546099290779 0.93 3.2921181141329714
0.5158505487540372 0.9503546099290779 0.94 3.3205338621857727
0.5190372353331342 0.9503546099290779 0.95 3.3500414511724466
0.5221143603980374 0.9503546099290779 0.96 3.3807354639291316
0.5250740239665231 0.9503546099290779 0.97 3.4127336998108246
0.527905933012335 0.9503546099290779 0.98 3.4461887904973745
0.5305954206928554 0.9503546099290779 0.99 3.4813155842163326
0.0 0.9645390070921985 0.0 2.4301586918518234
0.006414697368059705 0.9645390070921985 0.01 2.4302315561854284
0.012828817716939379 0.9645390070921985 0.02 2.4304501767609374
0.01924178392391451 0.9645390070921985 0.03 2.4308146361100134
0.0256530186590056 0.9645390070921985 0.04 2.431325071927339
0.032061944281120365 0.9645390070921985 0.05 2.43198167717733
0.038467982733985565 0.9645390070921985 0.06 2.4327847002780314
0.044870555440198016 0.9645390070921985 0.07 2.43373444551167
0.0512690831980035 0.9645390070921985 0.08 2.4348312730666613
0.057662986073035896 0.9645390070921985 0.09 2.436075599689013
0.0640516832910538 0.9645390070921985 0.1 2.437467899091919
0.0704345931326365 0.9645390070921985 0.11 2.439008702240993
0.07681113282034213 0.9645390070921985 0.12 2.4406985982187357
0.08318071840792188 0.9645390070921985 0.13 2.44253823482282
0.08954276467313757 0.9645390070921985 0.14 2.4445283189716163
0.09589668499728363 0.9645390070921985 0.15 2.446669617891868
0.10224189125287451 0.9645390070921985 0.16 2.448962959747443
0.10857779368834447 0.9645390070921985 0.17 2.4514092344623672
0.1149038007978457 0.9645390070921985 0.18 2.454009395194728
0.12121932064908425 0.9645390070921985 0.19 2.4567644005458327
0.12752375324014475 0.9645390070921985 0.2 2.459675519881197
0.13381650672921416 0.9645390070921985 0.21 2.4627436760457466
0.14009697799891363 0.9645390070921985 0.22 2.4659702167474538
0.14636456455516828 0.9645390070921985 0.23 2.4693564352598028
0.15261866623924938 0.9645390070921985 0.24 2.4729035368013963
0.15885867105106652 0.9645390070921985 0.25 2.4766131078270037
0.16508396973373532 0.9645390070921985 0.26 2.4804866187693584
0.17129394528158368 0.9645390070921985 0.27 2.4845257592451473
0.17748799665372342 0.9645390070921985 0.28 2.488731746720043
0.18366548899170973 0.9645390070921985 0.29 2.493106763858878
0.18982580322514672 0.9645390070921985 0.3 2.4976525139818704
0.1959683141621244 0.9645390070921985 0.31 2.50237086258022
0.20209239175218308 0.9645390070921985 0.32 2.5072637927023753
0.20819736967983576 0.9645390070921985 0.33 2.5123341568017556
0.2142827061508223 0.9645390070921985 0.34 2.5175817940542755
0.22034765903550485 0.9645390070921985 0.35 2.5230113649727928
0.2263916154788369 0.9645390070921985 0.36 2.528624400921397
0.2324139239640542 0.9645390070921985 0.37 2.534423353840645
0.23841392702902847 0.9645390070921985 0.38 2.540410801886476
0.24439095474017522 0.9645390070921985 0.39 2.5465895818669164
0.2503443641569181 0.9645390070921985 0.4 2.552961967279712
0.2562734543873504 0.9645390070921985 0.41 2.559531434231814
0.262177556070172 0.9645390070921985 0.42 2.5663007991546545
0.268055961189334 0.9645390070921985 0.43 2.573273642380185
0.2739080490438304 0.9645390070921985 0.44 2.5804518739908975
0.2797330449775825 0.9645390070921985 0.45 2.5878403608068377
0.2855302670459887 0.9645390070921985 0.46 2.5954421920690374
0.2912990117690183 0.9645390070921985 0.47 2.60326088689696
0.2970385432177717 0.9645390070921985 0.48 2.6113005617627536
0.302748133263255 0.9645390070921985 0.49 2.6195651985535964
0.30842705910741275 0.9645390070921985 0.5 2.6280587100411306
0.31407455264218204 0.9645390070921985 0.51 2.6367858078767425
0.3196898716291038 0.9645390070921985 0.52 2.6457507798377566
0.3252722322380824 0.9645390070921985 0.53 2.6549586345539486
0.3308208644634853 0.9645390070921985 0.54 2.664414173985127
0.33633499101147546 0.9645390070921985 0.55 2.6741223572149324
0.3418137905604476 0.9645390070921985 0.56 2.684088881788503
0.3472564667270472 0.9645390070921985 0.57 2.6943190838053876
0.3526621764475658 0.9645390070921985 0.58 2.7048190735372324
0.3580300963810968 0.9645390070921985 0.59 2.7155947002743734
0.3633593519071352 0.9645390070921985 0.6 2.7266526488992127
0.3686490954023631 0.9645390070921985 0.61 2.737999250407732
0.3738984112895429 0.9645390070921985 0.62 2.749641914195592
0.37910642888900836 0.9645390070921985 0.63 2.7615874499939035
0.38427218601323987 0.9645390070921985 0.64 2.773844084330306
0.389394779121528 0.9645390070921985 0.65 2.7864192680305866
0.39447320877223396 0.9645390070921985 0.66 2.7993219238403135
0.39950651961069894 0.9645390070921985 0.67 2.812560436327391
0.4044936750360551 0.9645390070921985 0.68 2.826144447118741
0.40943366187849467 0.9645390070921985 0.69 2.840083379019764
0.41432539495157245 0.9645390070921985 0.7 2.85438778371642
0.4191678023896956 0.9645390070921985 0.71 2.8690681611072004
0.4239597332343359 0.9645390070921985 0.72 2.8841362454751347
0.42870006215158557 0.9645390070921985 0.73 2.8996035800765676
0.4333875809790307 0.9645390070921985 0.74 2.9154830116478903
0.43802100825601886 0.9645390070921985 0.75 2.9317885590387944
0.442599122144518 0.9645390070921985 0.76 2.948533647543162
0.4471205564743174 0.9645390070921985 0.77 2.9657338635918125
0.45158395727353107 0.9645390070921985 0.78 2.98340487705925
0.45598788960251646 0.9645390070921985 0.79 3.0015637065151894
0.46033077994804705 0.9645390070921985 0.8 3.0202294928832423
0.4646111388881812 0.9645390070921985 0.81 3.0394205989152234
0.46882726559649684 0.9645390070921985 0.82 3.05915852577179
0.47297746397178264 0.9645390070921985 0.83 3.07946511094841
0.47705987076634104 0.9645390070921985 0.84 3.1003648161124167
0.4810725261403121 0.9645390070921985 0.85 3.121883849411673
0.48501339437821284 0.9645390070921985 0.86 3.144049953106862
0.48888024726042867 0.9645390070921985 0.87 3.1668939802086187
0.4926706776615246 0.9645390070921985 0.88 3.190449788978367
0.4963821560376201 0.9645390070921985 0.89 3.214753598586249
0.5000118689948737 0.9645390070921985 0.9 3.239846183303408
0.5035567112043471 0.9645390070921985 0.91 3.265773102205193
0.5070133297460584 0.9645390070921985 0.92 3.292584276353206
0.5103778962036781 0.9645390070921985 0.93 3.3203371325804696
0.5136460528086483 0.9645390070921985 0.94 3.3490975465284154
0.5168128357828192 0.9645390070921985 0.95 3.378941148655307
0.5198722841324177 0.9645390070921985 0.96 3.4099588404763046
0.5228170873778926 0.9645390070921985 0.97 3.4422619946157935
0.5256378754495786 0.9645390070921985 0.98 3.4759926450093324
0.5283212322115435 0.9645390070921985 0.99 3.5113511279912384
0.0 0.9787234042553191 0.0 2.44480555476713
0.0063954523257593494 0.9787234042553191 0.01 2.4448795517169284
0.012790323921884329 0.9787234042553191 0.02 2.4451015705257273
0.01918403395435467 0.9787234042553191 0.03 2.4454716956974107
0.025576001381053138 0.9787234042553191 0.04 2.445990067919247
0.0319656448447868 0.9787234042553191 0.05 2.446656884763476
0.03835238257292638 0.9787234042553191 0.06 2.447472400005548
0.044735632266396846 0.9787234042553191 0.07 2.448436924876683
0.051114810996730015 0.9787234042553191 0.08 2.4495508278101803
0.05748933509888295 0.9787234042553191 0.09 2.450814534935734
0.06385862006276617 0.9787234042553191 0.1 2.45222853060741
0.07022208042694242 0.9787234042553191 0.11 2.4537933577339666
0.07657912966152802 0.9787234042553191 0.12 2.455509618886766
0.08292918006888578 0.9787234042553191 0.13 2.4573779761046293
0.08927164267680003 0.9787234042553191 0.14 2.4593991514601927
0.09560592609969451 0.9787234042553191 0.15 2.461573980812492
0.10193144107439538 0.9787234042553191 0.16 2.4639031737741517
0.10824759135338316 0.9787234042553191 0.17 2.466387778512046
0.11455378367094608 0.9787234042553191 0.18 2.4690286732436544
0.12084941869037705 0.9787234042553191 0.19 2.471826992750148
0.1271338993669676 0.9787234042553191 0.2 2.47478375268918
0.1334066229923233 0.9787234042553191 0.21 2.477900184434822
0.13966698574373126 0.9787234042553191 0.22 2.4811775377048266
0.1459143831604583 0.9787234042553191 0.23 2.4846170719184615
0.1521482062470921 0.9787234042553191 0.24 2.488220192775947
0.15836784254187863 0.9787234042553191 0.25 2.491988401687414
0.1645726792477426 0.9787234042553191 0.26 2.495923194242945
0.17076209929404074 0.9787234042553191 0.27 2.5000261872335114
0.17693548258343084 0.9787234042553191 0.28 2.504299073598887
0.18309220489084685 0.9787234042553191 0.29 2.5087436508789427
0.18923164117916313 0.9787234042553191 0.3 2.5133617274683964
0.19535315968745479 0.9787234042553191 0.31 2.518155283822744
0.20145612661865142 0.9787234042553191 0.32 2.5231263408113986
0.20753991002920671 0.9787234042553191 0.33 2.528276869847958
0.21360385110825672 0.9787234042553191 0.34 2.5336094910481313
0.2196473177182562 0.9787234042553191 0.35 2.5391261629584143
0.22566965492061694 0.9787234042553191 0.36 2.5448293909496824
0.23167020529918195 0.9787234042553191 0.37 2.550721724577094
0.23764831429060584 0.9787234042553191 0.38 2.5568056486651285
0.24360330724181373 0.9787234042553191 0.39 2.5630840839918223
0.2495345146455482 0.9787234042553191 0.4 2.569559831535309
0.2554412688831278 0.9787234042553191 0.41 2.576235661930333
0.26132286865071674 0.9787234042553191 0.42 2.5831150326869587
0.2671786384671726 0.9787234042553191 0.43 2.590200878977644
0.27300788906259643 0.9787234042553191 0.44 2.5974964283571755
0.2788098900529162 0.9787234042553191 0.45 2.605005695875358
0.2845839568238472 0.9787234042553191 0.46 2.6127318316964625
0.29032936905402107 0.9787234042553191 0.47 2.620678678159742
0.29604539133987107 0.9787234042553191 0.48 2.628850358106526
0.30173129401697335 0.9787234042553191 0.49 2.63725090150424
0.307386349296847 0.9787234042553191 0.5 2.6458843322635794
0.31300978611901387 0.9787234042553191 0.51 2.6547554473408024
0.3186008600358119 0.9787234042553191 0.52 2.6638686059277394
0.3241587858323742 0.9787234042553191 0.53 2.6732288854012785
0.32968286770364635 0.9787234042553191 0.54 2.682839928398584
0.33517209147813093 0.9787234042553191 0.55 2.6927106014454174
0.34062586583337834 0.9787234042553191 0.56 2.7028429211876173
0.34604332462156584 0.9787234042553191 0.57 2.7132434272599015
0.3514236131170406 0.9787234042553191 0.58 2.7239184917401214
0.35676591108765904 0.9787234042553191 0.59 2.7348739932195567
0.36206934400738333 0.9787234042553191 0.6 2.7461167076499295
0.3673330602591657 0.9787234042553191 0.61 2.7576531196570135
0.3725561533583431 0.9787234042553191 0.62 2.7694906117682927
0.37773774031956386 0.9787234042553191 0.63 2.781636285570354
0.3828768767784525 0.9787234042553191 0.64 2.794098233127221
0.3879726482481094 0.9787234042553191 0.65 2.806884192683449
0.3930240539589871 0.9787234042553191 0.66 2.8200032517252525
0.3980301746800835 0.9787234042553191 0.67 2.833463424746932
0.4029899630584897 0.9787234042553191 0.68 2.847274680124156
0.4079023646912382 0.9787234042553191 0.69 2.8614471921820255
0.41276637134230293 0.9787234042553191 0.7 2.8759906187140505
0.4175808664522194 0.9787234042553191 0.71 2.8909162829525448
0.4223447575810771 0.9787234042553191 0.72 2.906235324845115
0.4270568685351051 0.9787234042553191 0.73 2.921960211609593
0.4317160561901702 0.9787234042553191 0.74 2.9381031404018887
0.4363210727395226 0.9787234042553191 0.75 2.9546779426441834
0.4408706375787599 0.9787234042553191 0.76 2.9716991077320727
0.44536347622818173 0.9787234042553191 0.77 2.989181281877877
0.4497981939794551 0.9787234042553191 0.78 3.007140991472615
0.45417343127981374 0.9787234042553191 0.79 3.025594576196998
0.45848767570037596 0.9787234042553191 0.8 3.0445607317194896
0.4627393817894888 0.9787234042553191 0.81 3.06405893003
0.46692697076242945 0.9787234042553191 0.82 3.0841094622997782
0.4710487411634631 0.9787234042553191 0.83 3.1047346581137303
0.47510287651914374 0.9787234042553191 0.84 3.125958819022702
0.4790875387819502 0.9787234042553191 0.85 3.1478070353715255
0.4830007285037324 0.9787234042553191 0.86 3.170307082389284
0.48684023311832436 0.9787234042553191 0.87 3.19349015632558
0.4906038577014879 0.9787234042553191 0.88 3.21738791842836
0.4942891292296909 0.9787234042553191 0.89 3.242036461362292
0.49789328367700597 0.9787234042553191 0.9 3.267476577402874
0.5014135045434281 0.9787234042553191 0.91 3.293750749809538
0.5048465399291884 0.9787234042553191 0.92 3.3209083222711056
0.5081887466212514 0.9787234042553191 0.93 3.3490051052382124
0.5114361218746589 0.9787234042553191 0.94 3.3781031819015848
0.5145839610559992 0.9787234042553191 0.95 3.4082757083848745
0.517626719720734 0.9787234042553191 0.96 3.439609132115789
0.5205577222421589 0.9787234042553191 0.97 3.4722075867568343
0.5233683186819938 0.9787234042553191 0.98 3.5062048965609507
0.5260463495919387 0.9787234042553191 0.99 3.541786406114497
0.0 0.9929078014184397 0.0 2.4597849255150077
0.006375948459113223 0.9929078014184397 0.01 2.4598600798860586
0.012751312484773316 0.9929078014184397 0.02 2.4600855715706027
0.019125507539828106 0.9929078014184397 0.03 2.460461486633808
0.025497948875828038 0.9929078014184397 0.04 2.460987969294578
0.03186805142805364 0.9929078014184397 0.05 2.461665221521936
0.03823522971638015 0.9929078014184397 0.06 2.4624935024502888
0.044598897725371185 0.9929078014184397 0.07 2.4634731307795694
0.05095846879943364 0.9929078014184397 0.08 2.4646044841334476
0.05731335647423619 0.9929078014184397 0.09 2.465887918506203
0.06366296964617853 0.9929078014184397 0.1 2.4673241747684287
0.0700067223768178 0.9929078014184397 0.11 2.4689135332723997
0.07634402314716213 0.9929078014184397 0.12 2.47065671777688
0.08267428039619122 0.9929078014184397 0.13 2.4725544122910805
0.08899690141432998 0.9929078014184397 0.14 2.4746073528082033
0.09531129172087313 0.9929078014184397 0.15 2.476816357807904
0.10161685596182374 0.9929078014184397 0.16 2.479182273626783
0.1079129971055924 0.9929078014184397 0.17 2.4817060172957093
0.11419911635801193 0.9929078014184397 0.18 2.4843885743570286
0.12047461208667685 0.9929078014184397 0.19 2.487231038578271
0.12673888120257398 0.9929078014184397 0.2 2.490234543916183
0.13299131874050674 0.9929078014184397 0.21 2.4934002831977238
0.1392313048727904 0.9929078014184397 0.22 2.4967299728408
0.1454582696225748 0.9929078014184397 0.23 2.500223531138549
0.1516715588350018 0.9929078014184397 0.24 2.5038838717075897
0.15787057262877618 0.9929078014184397 0.25 2.507711946272247
0.16405469278832263 0.9929078014184397 0.26 2.51170933758711
0.1702232983494034 0.9929078014184397 0.27 2.5158776988990845
0.1763757721087288 0.9929078014184397 0.28 2.5202185670123476
0.18251146962348566 0.9929078014184397 0.29 2.524734249237391
0.18862977565139158 0.9929078014184397 0.3 2.52942620181319
0.19473005126274054 0.9929078014184397 0.31 2.534296543830378
0.20081165140368473 0.9929078014184397 0.32 2.539347528483408
0.20687395793162902 0.9929078014184397 0.33 2.544580723034098
0.2129162994792954 0.9929078014184397 0.34 2.5499990296527875
0.21893803401590345 0.9929078014184397 0.35 2.5556045976860773
0.22493851095248724 0.9929078014184397 0.36 2.561399791222789
0.23091706277390375 0.9929078014184397 0.37 2.56738736001054
0.23687302970135707 0.9929078014184397 0.38 2.573569870168451
0.24280574736603117 0.9929078014184397 0.39 2.5799499977997855
0.24871452579413375 0.9929078014184397 0.4 2.5865309651485293
0.25459869639915644 0.9929078014184397 0.41 2.5933155380391075
0.26045757447892626 0.9929078014184397 0.42 2.6003068322415017
0.2662904568502055 0.9929078014184397 0.43 2.6075083369720464
0.27209664740768424 0.9929078014184397 0.44 2.6149234005428377
0.2778754497647887 0.9929078014184397 0.45 2.6225553943435016
0.283626138496117 0.9929078014184397 0.46 2.630408256111993
0.28934801878053995 0.9929078014184397 0.47 2.6384853664667145
0.2950403065691893 0.9929078014184397 0.48 2.646791757240628
0.30070231607373976 0.9929078014184397 0.49 2.655330682357944
0.3063332956895947 0.9929078014184397 0.5 2.664106622235832
0.3119324783452793 0.9929078014184397 0.51 2.6731243418264503
0.31749911450563006 0.9929078014184397 0.52 2.6823883268660946
0.32303241852972153 0.9929078014184397 0.53 2.6919037115935427
0.32853162129681 0.9929078014184397 0.54 2.701675384154614
0.33399591677838886 0.9929078014184397 0.55 2.7117088851370457
0.33942451652950667 0.9929078014184397 0.56 2.7220095080178406
0.3448165821313105 0.9929078014184397 0.57 2.7325834006320924
0.35017131184069106 0.9929078014184397 0.58 2.7434361740063564
0.35548783399305156 0.9929078014184397 0.59 2.7545746012357055
0.3607653236634597 0.9929078014184397 0.6 2.766004783001361
0.36600288185588736 0.9929078014184397 0.61 2.7777340342767083
0.3711996487929056 0.9929078014184397 0.62 2.7897691390088513
0.376354700304843 0.9929078014184397 0.63 2.802117937767776
0.381467137137958 0.9929078014184397 0.64 2.814787980657111
0.3865360026713344 0.9929078014184397 0.65 2.827787764727804
0.39156035909702497 0.9929078014184397 0.66 2.841125609627868
0.396539207470545 0.9929078014184397 0.67 2.854810838159338
0.40147157432319286 0.9929078014184397 0.68 2.868852522770817
0.40635644856466263 0.9929078014184397 0.69 2.8832604141589426
0.4111926867634219 0.9929078014184397 0.7 2.8980462769072752
0.4159793218287621 0.9929078014184397 0.71 2.913219527076812
0.42071519737019636 0.9929078014184397 0.72 2.928792424059784
0.42539920263847775 0.9929078014184397 0.73 2.944776761010229
0.43003010116703516 0.9929078014184397 0.74 2.961186268670532
0.4346068431342679 0.9929078014184397 0.75 2.9780323167107947
0.4391280409862335 0.9929078014184397 0.76 2.995331156473064
0.44359243779651947 0.9929078014184397 0.77 3.0130974829167174
0.4479987290207337 0.9929078014184397 0.78 3.03134691926998
0.4523455232727647 0.9929078014184397 0.79 3.0500965665363418
0.45663134569955915 0.9929078014184397 0.8 3.069364974105028
0.46085474392030723 0.9929078014184397 0.81 3.089170742784501
0.4650057779572772 0.9929078014184397 0.82 3.1096463878389984
0.46910784584064974 0.9929078014184397 0.83 3.1304789768179577
0.47313418947396263 0.9929078014184397 0.84 3.15202684825787
0.4770912862919508 0.9929078014184397 0.85 3.174204348569854
0.48097731143844086 0.9929078014184397 0.86 3.1970374356959894
0.48479012124245563 0.9929078014184397 0.87 3.220556942639679
0.48852750357056507 0.9929078014184397 0.88 3.2447953144979085
0.4921872310142531 0.9929078014184397 0.89 3.2697859876514603
0.49576664516272656 0.9929078014184397 0.9 3.295569008582639
0.4992630884458105 0.9929078014184397 0.91 3.3221854109578057
0.5026732595683601 0.9929078014184397 0.92 3.3496859284963567
0.505994045651519 0.9929078014184397 0.93 3.3781200915438383
0.5092215515365881 0.9929078014184397 0.94 3.40754936055898
0.5123513776232184 0.9929078014184397 0.95 3.4380437112839957
0.515378468823099 0.9929078014184397 0.96 3.469684007042306
0.5182966143121668 0.9929078014184397 0.97 3.502569203094816
0.5210979174931811 0.9929078014184397 0.98 3.53682422263187
0.523771525512868 0.9929078014184397 0.99 3.57261831240318
0.0 1.0070921985815602 0.0 2.4751020765758875
0.0063561876976938325 1.0070921985815602 0.01 2.4751787804411265
0.012711787325651142 1.0070921985815602 0.02 2.475407798023748
0.01906621057456089 1.0070921985815602 0.03 2.4757896268528703
0.025418868946285252 1.0070921985815602 0.04 2.476324409785295
0.03176917392622748 1.0070921985815602 0.05 2.477012305388657
0.03811653624510853 1.0070921985815602 0.06 2.4778536063891132
0.044460365686039637 1.0070921985815602 0.07 2.4788486961925034
0.05080007284719749 1.0070921985815602 0.08 2.4799978473712394
0.05713506570338184 1.0070921985815602 0.09 2.4813016057640374
0.06346475298897118 1.0070921985815602 0.1 2.482760411868755
0.06978854146184035 1.0070921985815602 0.11 2.4843748633979104
0.07610583709558309 1.0070921985815602 0.12 2.486145591122186
0.08241604456928124 1.0070921985815602 0.13 2.488073294622268
0.0887185689168324 1.0070921985815602 0.14 2.49015864191885
0.09501280989063882 1.0070921985815602 0.15 2.4924025910399785
0.10129816954161644 1.0070921985815602 0.16 2.4948059425485973
0.10757404479776926 1.0070921985815602 0.17 2.497369743796571
0.11383983826265884 1.0070921985815602 0.18 2.500094761371781
0.1200949396077495 1.0070921985815602 0.19 2.5029823417001245
0.12633874404682782 1.0070921985815602 0.2 2.506033550287952
0.13257064488098286 1.0070921985815602 0.21 2.509249531303616
0.13879002515333613 1.0070921985815602 0.22 2.5126318044784237
0.1449962766242158 1.0070921985815602 0.23 2.5161815403114125
0.1511887814000944 1.0070921985815602 0.24 2.5199002537059814
0.15736692217465445 1.0070921985815602 0.25 2.5237894213309495
0.16353007540697223 1.0070921985815602 0.26 2.527850710885327
0.1696776170774706 1.0070921985815602 0.27 2.532085787264153
0.17580892819838648 1.0070921985815602 0.28 2.536496165241167
0.18192335432120765 1.0070921985815602 0.29 2.5410843754997234
0.1880202836940026 1.0070921985815602 0.3 2.54585170281927
0.19409906739074523 1.0070921985815602 0.31 2.5508004814573515
0.20015907584310308 1.0070921985815602 0.32 2.555932511852905
0.20619965005159502 1.0070921985815602 0.33 2.5612503571642136
0.21222014447222268 1.0070921985815602 0.34 2.566756215650523
0.21821991054470002 1.0070921985815602 0.35 2.572452367132046
0.22419828106680387 1.0070921985815602 0.36 2.5783415330983592
0.2301545791133061 1.0070921985815602 0.37 2.5844266350128224
0.23608819426433528 1.0070921985815602 0.38 2.5907091102769293
0.2419983923597172 1.0070921985815602 0.39 2.5971931709553933
0.24788452063137736 1.0070921985815602 0.4 2.6038812073466366
0.2537458863212413 1.0070921985815602 0.41 2.6107764879000825
0.25958180127981023 1.0070921985815602 0.42 2.6178821826465115
0.26539157901498206 1.0070921985815602 0.43 2.625201443296932
0.27117450610004107 1.0070921985815602 0.44 2.632737971947548
0.27692988113642364 1.0070921985815602 0.45 2.6404952404011857
0.2826569799637967 1.0070921985815602 0.46 2.648477175014542
0.28835511043230794 1.0070921985815602 0.47 2.6566871215617462
0.29402346958856884 1.0070921985815602 0.48 2.665130494429068
0.29966138240246243 1.0070921985815602 0.49 2.6738103662375057
0.3052680964719546 1.0070921985815602 0.5 2.6827312700419856
0.310842835620856 1.0070921985815602 0.51 2.6918981747781685
0.31638485144656986 1.0070921985815602 0.52 2.7013155885726157
0.3218933551722925 1.0070921985815602 0.53 2.710988753265319
0.3273675793292232 1.0070921985815602 0.54 2.7209225847064733
0.3328067128196911 1.0070921985815602 0.55 2.731122774891202
0.3382099661764756 1.0070921985815602 0.56 2.7415947011360884
0.3435765073218391 1.0070921985815602 0.57 2.752344490456474
0.3489055231081343 1.0070921985815602 0.58 2.763378017750227
0.35419615570458474 1.0070921985815602 0.59 2.774701933669726
0.3594475687978305 1.0070921985815602 0.6 2.7863226140924096
0.3646588702752278 1.0070921985815602 0.61 2.798247379102457
0.36982920657397556 1.0070921985815602 0.62 2.810483030796606
0.3749577062076992 1.0070921985815602 0.63 2.8230367477166234
0.3800433028049864 1.0070921985815602 0.64 2.835918727307583
0.3850852281619742 1.0070921985815602 0.65 2.8491347807960348
0.39008245790610113 1.0070921985815602 0.66 2.8626946753770297
0.39503404434687395 1.0070921985815602 0.67 2.876607147693206
0.39993897228246117 1.0070921985815602 0.68 2.8908820523744647
0.4047962510710544 1.0070921985815602 0.69 2.90552902366404
0.40960484545092046 1.0070921985815602 0.7 2.9205584948410617
0.41436362719907804 1.0070921985815602 0.71 2.9359823826973366
0.41907158027291214 1.0070921985815602 0.72 2.951811180391448
0.42372754205032476 1.0070921985815602 0.73 2.9680576528379605
0.42833038738470247 1.0070921985815602 0.74 2.9847342384129534
0.4328789205408511 1.0070921985815602 0.75 3.0018545882130234
0.4373718881838309 1.0070921985815602 0.76 3.0194333905066393
0.44180807033964975 1.0070921985815602 0.77 3.0374851329479116
0.4461861000926769 1.0070921985815602 0.78 3.0560266133553826
0.45050474111271344 1.0070921985815602 0.79 3.07507314728637
0.45476248281555354 1.0070921985815602 0.8 3.0946441433475087
0.4589578754912645 1.0070921985815602 0.81 3.1147585359709695
0.46308943919094514 1.0070921985815602 0.82 3.135436074883783
0.46715554850859364 1.0070921985815602 0.83 3.15669892163602
0.47115451939766967 1.0070921985815602 0.84 3.1785705079482827
0.47508463441335563 1.0070921985815602 0.85 3.2010752443284614
0.4789440107925088 1.0070921985815602 0.86 3.2242403519987355
0.48273066343178805 1.0070921985815602 0.87 3.248095070530969
0.4864425438716019 1.0070921985815602 0.88 3.272670203243959
0.49007737600641926 1.0070921985815602 0.89 3.2980004076468976
0.49363271463390523 1.0070921985815602 0.9 3.324123500936642
0.4971060253039292 1.0070921985815602 0.91 3.3510794946852482
0.5004943642601646 1.0070921985815602 0.92 3.378915037495746
0.5037946028251985 1.0070921985815602 0.93 3.4076805540551427
0.5070030952125789 1.0070921985815602 0.94 3.4374349303866065
0.5101158945824623 1.0070921985815602 0.95 3.4682428444776736
0.5131282432067613 1.0070921985815602 0.96 3.500182001421554
0.5160344400606254 1.0070921985815602 0.97 3.533345401204307
0.5188273819587 1.0070921985815602 0.98 3.567848247943018
0.5214972153468889 1.0070921985815602 0.99 3.603847471338857
0.0 1.0212765957446808 0.0 2.4907637255726147
0.006336172228222472 1.0212765957446808 0.01 2.4908412697030458
0.012671752673759855 1.0212765957446808 0.02 2.491073924362921
0.01900614937793114 1.0212765957446808 0.03 2.4914618007136617
0.02533877017972378 1.0212765957446808 0.04 2.492005047309545
0.03166902272450561 1.0212765957446808 0.05 2.492703855005639
0.037996314391608436 1.0212765957446808 0.06 2.4935584677349407
0.04432005135708005 1.0212765957446808 0.07 2.4945692815718994
0.05063963936824368 1.0212765957446808 0.08 2.4957367013132585
0.056954484517055266 1.0212765957446808 0.09 2.497061092730178
0.06326399218124784 1.0212765957446808 0.1 2.4985429080489254
0.06956756113169131 1.0212765957446808 0.11 2.5001830909845904
0.07586459835854663 1.0212765957446808 0.12 2.501981915391992
0.08215450357934476 1.0212765957446808 0.13 2.5039402023883897
0.08843667671685196 1.0212765957446808 0.14 2.5060587202118003
0.09471051567034519 1.0212765957446808 0.15 2.5083383357576694
0.10097541749506485 1.0212765957446808 0.16 2.5107799409190408
0.10723077868136681 1.0212765957446808 0.17 2.513384446920897
0.11347599056484566 1.0212765957446808 0.18 2.516152996574955
0.11971044577200589 1.0212765957446808 0.19 2.5190866472968474
0.12593353525862658 1.0212765957446808 0.2 2.5221865236698697
0.13214464436152018 1.0212765957446808 0.21 2.5254539655593016
0.13834315383436094 1.0212765957446808 0.22 2.528890455662012
0.1445284626866574 1.0212765957446808 0.23 2.5324968018953085
0.1506999338456954 1.0212765957446808 0.24 2.536275112097692
0.15685695395814372 1.0212765957446808 0.25 2.540226621836329
0.1629988916270979 1.0212765957446808 0.26 2.544353168990207
0.16912512292675375 1.0212765957446808 0.27 2.5486563311561166
0.1752350174841812 1.0212765957446808 0.28 2.5531378862693663
0.18132793758925672 1.0212765957446808 0.29 2.5577998167001863
0.1874032454653929 1.0212765957446808 0.3 2.5626440902707306
0.19346030484499535 1.0212765957446808 0.31 2.567672631992873
0.1994984635977893 1.0212765957446808 0.32 2.572887789326225
0.2055170795726498 1.0212765957446808 0.33 2.578291636986255
0.21151548974859044 1.0212765957446808 0.34 2.5838867781300743
0.2174930447844403 1.0212765957446808 0.35 2.5896754654289724
0.22344908149523401 1.0212765957446808 0.36 2.595660295228433
0.22938293030073792 1.0212765957446808 0.37 2.6018440088628854
0.23529392792405085 1.0212765957446808 0.38 2.608229206147573
0.24118138311490908 1.0212765957446808 0.39 2.6148191158460947
0.24704462191072968 1.0212765957446808 0.4 2.6216165795016644
0.2528829656037337 1.0212765957446808 0.41 2.628624561808978
0.25869570808939013 1.0212765957446808 0.42 2.6358466114208015
0.26448215904038463 1.0212765957446808 0.43 2.643285953689401
0.27024160771304206 1.0212765957446808 0.44 2.6509462436333258
0.275973349373024 1.0212765957446808 0.45 2.6588310302886318
0.28167665345800824 1.0212765957446808 0.46 2.6669443816751452
0.2873508160947621 1.0212765957446808 0.47 2.6752898760736525
0.2929950685180325 1.0212765957446808 0.48 2.683872333038072
0.29860866263259106 1.0212765957446808 0.49 2.6926961857684657
0.30419095750486935 1.0212765957446808 0.5 2.7017639893290237
0.3097410609261208 1.0212765957446808 0.51 2.711082845971247
0.315258295637208 1.0212765957446808 0.52 2.720656047638073
0.3207418195831168 1.0212765957446808 0.53 2.730489821251867
0.32619091683736523 1.0212765957446808 0.54 2.7405882585993515
0.33160566880312636 1.0212765957446808 0.55 2.7509423332363268
0.3369825014603476 1.0212765957446808 0.56 2.76160369072332
0.3423233927093376 1.0212765957446808 0.57 2.7725319267334494
0.3476265592035785 1.0212765957446808 0.58 2.7837490863640495
0.3528911921205747 1.0212765957446808 0.59 2.7952611311411815
0.3581164137812861 1.0212765957446808 0.6 2.8070751995521093
0.36330137766924325 1.0212765957446808 0.61 2.8191980122922744
0.36844518331157583 1.0212765957446808 0.62 2.8316372204603364
0.37354695416781314 1.0212765957446808 0.63 2.8444001947298143
0.3786057524158176 1.0212765957446808 0.64 2.857495344773774
0.3836206888802538 1.0212765957446808 0.65 2.8709304496746317
0.3885907912772725 1.0212765957446808 0.66 2.8847146619593587
0.39351507978908035 1.0212765957446808 0.67 2.8988573615972313
0.3983926009927293 1.0212765957446808 0.68 2.9133676755472337
0.4032223228023558 1.0212765957446808 0.69 2.9282560368255925
0.40800324539129884 1.0212765957446808 0.7 2.9435325643405172
0.4127343027736296 1.0212765957446808 0.71 2.959208510809816
0.41741439413571124 1.0212765957446808 0.72 2.9752958084304346
0.42204244987813583 1.0212765957446808 0.73 2.991806142519222
0.42661729354808264 1.0212765957446808 0.74 3.0087529355644556
0.43113782784872934 1.0212765957446808 0.75 3.026148723519322
0.43560279398680896 1.0212765957446808 0.76 3.044008572715367
0.4400109545034668 1.0212765957446808 0.77 3.0623475140270195
0.4443610643447781 1.0212765957446808 0.78 3.081180982854098
0.44865178449739507 1.0212765957446808 0.79 3.100526043309773
0.45288172892184636 1.0212765957446808 0.8 3.1204007549184207
0.457049510353904 1.0212765957446808 0.81 3.1408235725189093
0.46115363612874893 1.0212765957446808 0.82 3.161814815295231
0.4651925404995219 1.0212765957446808 0.83 3.1833962519154926
0.46916464906202604 1.0212765957446808 0.84 3.2055902596814008
0.4730682530179515 1.0212765957446808 0.85 3.228421591825508
0.4769015475864694 1.0212765957446808 0.86 3.2519168995153445
0.4806626899742155 1.0212765957446808 0.87 3.2761040002096524
0.4843496611393925 1.0212765957446808 0.88 3.3010138297921072
0.48796030662535883 1.0212765957446808 0.89 3.326679961623783
0.4914923836959523 1.0212765957446808 0.9 3.3531380536034225
0.49494338782394925 1.0212765957446808 0.91 3.3804283188859086
0.4983105427318193 1.0212765957446808 0.92 3.4085957915831138
0.5015911157245032 1.0212765957446808 0.93 3.4376861619051855
0.5047815736106426 1.0212765957446808 0.94 3.4677575092732975
0.5078782385738246 1.0212765957446808 0.95 3.49887156736233
0.5108767308635308 1.0212765957446808 0.96 3.531101666529732
0.5137719157385479 1.0212765957446808 0.97 3.5645338802857007
0.5165572782584985 1.0212765957446808 0.98 3.599276253908427
0.5192242955262696 1.0212765957446808 0.99 3.635468430346983
0.0 1.0354609929078014 0.0 2.5067746643212487
0.006315904102539648 1.0354609929078014 0.01 2.506853447000567
0.01263121276791817 1.0354609929078014 0.02 2.5070897994252612
0.018945330380660708 1.0354609929078014 0.03 2.5074838416203127
0.02525766123008073 1.0354609929078014 0.04 2.5080357040195818
0.0315676091853977 1.0354609929078014 0.05 2.508745613443513
0.03787457772221857 1.0354609929078014 0.06 2.5096138467858613
0.0441779695564956 1.0354609929078014 0.07 2.5106407691813124
0.0504771873677446 1.0354609929078014 0.08 2.5118267354749033
0.05677163235645434 1.0354609929078014 0.09 2.5131722490510886
0.06306070558024274 1.0354609929078014 0.1 2.514677804512496
0.06934380660213874 1.0354609929078014 0.11 2.516344010967706
0.07562033509619415 1.0354609929078014 0.12 2.5181714574692986
0.08188968549553528 1.0354609929078014 0.13 2.5201610683842817
0.0881512575766895 1.0354609929078014 0.14 2.52231339698255
0.09440444369495611 1.0354609929078014 0.15 2.5246294463214807
0.10064863870013283 1.0354609929078014 0.16 2.527110048809181
0.10688323263670228 1.0354609929078014 0.17 2.5297562759497985
0.1131076172171276 1.0354609929078014 0.18 2.5325690980057276
0.11932117805445232 1.0354609929078014 0.19 2.5355497539372487
0.12552330471896922 1.0354609929078014 0.2 2.5386992929725642
0.13171337531166719 1.0354609929078014 0.21 2.5420192267790456
0.13789077522556684 1.0354609929078014 0.22 2.5455107485311856
0.14405488512559556 1.0354609929078014 0.23 2.5491752373476007
0.15020507755845353 1.0354609929078014 0.24 2.5530143486035954
0.15634073045053626 1.0354609929078014 0.25 2.557029532161253
0.16246121119485343 1.0354609929078014 0.26 2.5612225834667566
0.16856589282232706 1.0354609929078014 0.27 2.5655951029124764
0.1746541332701321 1.0354609929078014 0.28 2.5701491502910945
0.18072529794157258 1.0354609929078014 0.29 2.574886540001081
0.18677875275248906 1.0354609929078014 0.3 2.57980908272453
0.1928138400414927 1.0354609929078014 0.31 2.5849192430249768
0.1988299214804506 1.0354609929078014 0.32 2.5902189397574418
0.20482633598138145 1.0354609929078014 0.33 2.595710699618888
0.21080243656254746 1.0354609929078014 0.34 2.6013966782234115
0.21675755008800177 1.0354609929078014 0.35 2.6072796876588877
0.2226910164583556 1.0354609929078014 0.36 2.6133622074888487
0.22860217880752273 1.0354609929078014 0.37 2.6196466609957323
0.23449034155652285 1.0354609929078014 0.38 2.6261363724259565
0.24035484068905766 1.0354609929078014 0.39 2.632833939624456
0.24619498141148535 1.0354609929078014 0.4 2.6397426610139467
0.25201008189749896 1.0354609929078014 0.41 2.6468655561167207
0.2577994373638453 1.0354609929078014 0.42 2.654206145628404
0.2635623560186445 1.0354609929078014 0.43 2.6617676893248614
0.26929811916698476 1.0354609929078014 0.44 2.6695540141169007
0.2750060251770675 1.0354609929078014 0.45 2.677568619491217
0.2806853381385597 1.0354609929078014 0.46 2.6858157017960447
0.2863353473135359 1.0354609929078014 0.47 2.6942989898543734
0.2919552992426553 1.0354609929078014 0.48 2.7030230539344884
0.2975444712905017 1.0354609929078014 0.49 2.711991912405071
0.30310209192347987 1.0354609929078014 0.5 2.721210519514407
0.30862742358277234 1.0354609929078014 0.51 2.730683244207939
0.3141196791896611 1.0354609929078014 0.52 2.7404153835235117
0.31957810145938265 1.0354609929078014 0.53 2.7504117484466697
0.3250018880883935 1.0354609929078014 0.54 2.7606779827457633
0.3303902595498949 1.0354609929078014 0.55 2.771219387950899
0.3357423951180967 1.0354609929078014 0.56 2.782042021102226
0.3410574943968665 1.0354609929078014 0.57 2.793151658467241
0.34633471309103736 1.0354609929078014 0.58 2.804554869082656
0.3515732329552798 1.0354609929078014 0.59 2.816257867801048
0.3567723812043297 1.0354609929078014 0.6 2.8282646590426053
0.3619307133073228 1.0354609929078014 0.61 2.8405915613394526
0.3670479435483421 1.0354609929078014 0.62 2.8532366149760677
0.3721229674320678 1.0354609929078014 0.63 2.866210930564374
0.3771548997909332 1.0354609929078014 0.64 2.879522255927686
0.38214279459597544 1.0354609929078014 0.65 2.8931793906090766
0.3870857433760424 1.0354609929078014 0.66 2.907190685870458
0.3919827707765957 1.0354609929078014 0.67 2.9215656419040124
0.3968328847033914 1.0354609929078014 0.68 2.9363141456736415
0.4016351197484967 1.0354609929078014 0.69 2.9514458441023312
0.40638842542089926 1.0354609929078014 0.7 2.966971809397263
0.4110918144334476 1.0354609929078014 0.71 2.9829023676448077
0.4157441829942593 1.0354609929078014 0.72 2.999249741607331
0.42034443834818835 1.0354609929078014 0.73 3.0160261945448164
0.42489149282418504 1.0354609929078014 0.74 3.033244145215555
0.42938419151559054 1.0354609929078014 0.75 3.0509172225107166
0.43382133061540856 1.0354609929078014 0.76 3.069060010183411
0.43820173928901557 1.0354609929078014 0.77 3.087686907779114
0.44252417038834985 1.0354609929078014 0.78 3.1068137047412194
0.44678727095761456 1.0354609929078014 0.79 3.126458005203107
0.45098978708261733 1.0354609929078014 0.8 3.1466363815720055
0.45513033771476324 1.0354609929078014 0.81 3.16736757981664
0.4592073955584128 1.0354609929078014 0.82 3.188672800248283
0.4632195792503093 1.0354609929078014 0.83 3.2105716704644096
0.467165309000164 1.0354609929078014 0.84 3.233087076885925
0.47104290333118987 1.0354609929078014 0.85 3.256243855341354
0.4748507252545449 1.0354609929078014 0.86 3.2800668210226296
0.4785869532345894 1.0354609929078014 0.87 3.3045839938712094
0.4822496564888898 1.0354609929078014 0.88 3.3298256191239513
0.48583685777456925 1.0354609929078014 0.89 3.3558233748038324
0.48934637211927406 1.0354609929078014 0.9 3.382612683919616
0.4927758454118824 1.0354609929078014 0.91 3.410232282361118
0.4961228114977146 1.0354609929078014 0.92 3.4387235458844265
0.49938445421371247 1.0354609929078014 0.93 3.4681339246375487
0.50255772586337 1.0354609929078014 0.94 3.498515477305653
0.505639097915348 1.0354609929078014 0.95 3.529928550286038
0.508624660931614 1.0354609929078014 0.96 3.5624406633526893
0.5115096534309193 1.0354609929078014 0.97 3.5961334514129533
0.5142881689597183 1.0354609929078014 0.98 3.631107312840872
0.5169524564959441 1.0354609929078014 0.99 3.6674920612451345
0.0 1.049645390070922 0.0 2.523141115135125
0.006295385699785662 1.049645390070922 0.01 2.5232211341370054
0.012590172351859405 1.049645390070922 0.02 2.5234612525030715
0.018883760600303875 1.049645390070922 0.03 2.523861608339825
0.025175551232743783 1.049645390070922 0.04 2.5244222872563564
0.03146494438038714 1.049645390070922 0.05 2.5251435490840644
0.03775133992213207 1.049645390070922 0.06 2.526025667153986
0.04403413719116001 1.049645390070922 0.07 2.527068985447809
0.05031273450204109 1.049645390070922 0.08 2.5282739512155437
0.05658653044776437 1.049645390070922 0.09 2.5296409680159093
0.06285492171239541 1.049645390070922 0.1 2.531170617259571
0.06911730364000723 1.049645390070922 0.11 2.532863557984404
0.07537307329109517 1.049645390070922 0.12 2.5347203095316964
0.08162162304621995 1.049645390070922 0.13 2.5367417210187577
0.08786234499623664 1.049645390070922 0.14 2.538928619102791
0.0940946316614868 1.049645390070922 0.15 2.5412817935007896
0.10031787049319806 1.049645390070922 0.16 2.5438023031476904
0.10653145314858667 1.049645390070922 0.17 2.546490970655273
0.1127347664479472 1.049645390070922 0.18 2.5493488700586533
0.11892718420695884 1.049645390070922 0.19 2.5523776270311265
0.12510810133063494 1.049645390070922 0.2 2.5555779067336495
0.13127689104197107 1.049645390070922 0.21 2.558951315557169
0.1374329360950941 1.049645390070922 0.22 2.5624990441175504
0.14357560599154587 1.049645390070922 0.23 2.5662227813399547
0.14970428227446722 1.049645390070922 0.24 2.570123759603313
0.15581832385311487 1.049645390070922 0.25 2.5742039995067207
0.1619171410901255 1.049645390070922 0.26 2.5784638194063025
0.16799999627375473 1.049645390070922 0.27 2.5829082778432784
0.1740663509820799 1.049645390070922 0.28 2.5875360692903837
0.18011552826303703 1.049645390070922 0.29 2.592350280846467
0.1861468839573273 1.049645390070922 0.3 2.597352943583543
0.1921597746015883 1.049645390070922 0.31 2.6025460717745763
0.19815354043508535 1.049645390070922 0.32 2.607932124216796
0.20412753278449097 1.049645390070922 0.33 2.6135132538978576
0.21008108503105952 1.049645390070922 0.34 2.6192920843337824
0.21601354111381385 1.049645390070922 0.35 2.625270968588376
0.22192422146406193 1.049645390070922 0.36 2.631452842363058
0.22781246485985165 1.049645390070922 0.37 2.6378401976391364
0.23367758491380078 1.049645390070922 0.38 2.644436130526714
0.2395189068123613 1.049645390070922 0.39 2.6512434731133774
0.2453357334619787 1.049645390070922 0.4 2.658265567754299
0.2511273827579725 1.049645390070922 0.41 2.665505435671968
0.2568931456563939 1.049645390070922 0.42 2.6729666941919175
0.26263232882310333 1.049645390070922 0.43 2.6806526412988334
0.26834421033591654 1.049645390070922 0.44 2.688567186111642
0.27402808613869234 1.049645390070922 0.45 2.6967138925767022
0.2796832204718794 1.049645390070922 0.46 2.7050969818742314
0.28530889619810623 1.049645390070922 0.47 2.713720333221789
0.2909043651930174 1.049645390070922 0.48 2.722588454269177
0.29646889458281506 1.049645390070922 0.49 2.7317055935472006
0.3020017212328674 1.049645390070922 0.5 2.741076600818739
0.3075020973403695 1.049645390070922 0.51 2.7507060818322473
0.31296924227388756 1.049645390070922 0.52 2.7605992803436035
0.3184023954992661 1.049645390070922 0.53 2.7707611285427642
0.323800747017996 1.049645390070922 0.54 2.7811974783476736
0.3291635401523819 1.049645390070922 0.55 2.791913315249517
0.3344899491828106 1.049645390070922 0.56 2.8029148787070066
0.3397791339098775 1.049645390070922 0.57 2.814208700198818
0.3450303095797561 1.049645390070922 0.58 2.8258004596948427
0.3502426138999631 1.049645390070922 0.59 2.8376972050513545
0.355415216886926 1.049645390070922 0.6 2.849905535723918
0.36054723412547723 1.049645390070922 0.61 2.862433022054265
0.3656378280690424 1.049645390070922 0.62 2.875286584086681
0.37068608740584175 1.049645390070922 0.63 2.888474421958069
0.37569109980515575 1.049645390070922 0.64 2.9020048547927764
0.38065197558056557 1.049645390070922 0.65 2.915885975310449
0.385567755011208 1.049645390070922 0.66 2.9301270895280127
0.39043752983233615 1.049645390070922 0.67 2.944736859349778
0.3952603050580644 1.049645390070922 0.68 2.9597254194521643
0.4000350886338606 1.049645390070922 0.69 2.9751030156042946
0.40476090262619796 1.049645390070922 0.7 2.9908798619124495
0.40943672519107316 1.049645390070922 0.71 3.007067020257544
0.41406145304106595 1.049645390070922 0.72 3.0236769496961573
0.4186340829496247 1.049645390070922 0.73 3.040720860039589
0.4231534568611963 1.049645390070922 0.74 3.058212458934953
0.42761855228679485 1.049645390070922 0.75 3.076163742827141
0.43202812880058306 1.049645390070922 0.76 3.0945901322956164
0.43638100790944157 1.049645390070922 0.77 3.1135064392530296
0.4406760272364075 1.049645390070922 0.78 3.132927568027514
0.44491189240902884 1.049645390070922 0.79 3.152870648957587
0.4490872976870529 1.049645390070922 0.8 3.173353337052767
0.45320096447225866 1.049645390070922 0.81 3.194393304501187
0.45725146556823987 1.049645390070922 0.82 3.2160107553175914
0.461237331273414 1.049645390070922 0.83 3.2382269545764837
0.46515719023759783 1.049645390070922 0.84 3.261062295142347
0.4690093753801778 1.049645390070922 0.85 3.284541873786279
0.47279231129475724 1.049645390070922 0.86 3.308690099430073
0.47650420391683485 1.049645390070922 0.87 3.333535099036752
0.48014334338706693 1.049645390070922 0.88 3.359104538950269
0.4837077827778627 1.049645390070922 0.89 3.385430191453528
0.4871954579527711 1.049645390070922 0.9 3.412546338471794
0.4906042300593704 1.049645390070922 0.91 3.440489270315649
0.4939317105954102 1.049645390070922 0.92 3.469299846108373
0.49717636256916325 1.049645390070922 0.93 3.499008131964468
0.5003322145053442 1.049645390070922 0.94 3.529707961017149
0.5033992174556496 1.049645390070922 0.95 3.561411349630199
0.506372671258854 1.049645390070922 0.96 3.5941975864142996
0.5092482489871105 1.049645390070922 0.97 3.628142863911719
0.5120207321798055 1.049645390070922 0.98 3.663338572141992
0.5146830769558781 1.049645390070922 0.99 3.699905330186526
0.0 1.0638297872340425 0.0 2.53986894673703
0.0062746194890283685 1.0638297872340425 0.01 2.539950259658258
0.012548636244679333 1.0638297872340425 0.02 2.540194262199224
0.018821447502854048 1.0638297872340425 0.03 2.540601019536142
0.025092450230287888 1.0638297872340425 0.04 2.541170703460247
0.031361041143775165 1.0638297872340425 0.05 2.541903529756544
0.03762661585031781 1.0638297872340425 0.06 2.5427998771691076
0.04388857107157653 1.0638297872340425 0.07 2.5438599473892523
0.05014630140027906 1.0638297872340425 0.08 2.545084234412389
0.05639920112722357 1.0638297872340425 0.09 2.5464732245399104
0.0626466619657706 1.0638297872340425 0.1 2.5480276096893744
0.06888808130282596 1.0638297872340425 0.11 2.549747606333878
0.07512284624059189 1.0638297872340425 0.12 2.551634256252123
0.08135034918622969 1.0638297872340425 0.13 2.5536881531691358
0.08756997573255791 1.0638297872340425 0.14 2.5559103265524517
0.09378111760539014 1.0638297872340425 0.15 2.5583014095881285
0.09998315770762259 1.0638297872340425 0.16 2.560862543271696
0.10617548389739988 1.0638297872340425 0.17 2.5635945805132074
0.112357476544638 1.0638297872340425 0.18 2.566498747857023
0.11852851509000568 1.0638297872340425 0.19 2.569576280012915
0.12468798113345674 1.0638297872340425 0.2 2.572828304843733
0.13083524894888124 1.0638297872340425 0.21 2.5762562552020403
0.1369696959523117 1.0638297872340425 0.22 2.5798614213624975
0.14309068952127693 1.0638297872340425 0.23 2.583645469867723
0.1491976056465787 1.0638297872340425 0.24 2.5876097348408833
0.15528980267524742 1.0638297872340425 0.25 2.5917561702224505
0.16136665724390076 1.0638297872340425 0.26 2.5960860936688923
0.16742750719816518 1.0638297872340425 0.27 2.6006020827919483
0.17347175188361563 1.0638297872340425 0.28 2.6053047652419146
0.1794987280313257 1.0638297872340425 0.29 2.6101967522768885
0.18550774349853907 1.0638297872340425 0.3 2.615281393291988
0.19149820003905757 1.0638297872340425 0.31 2.6205593211734945
0.19746943282567575 1.0638297872340425 0.32 2.6260331192861406
0.20342078700698393 1.0638297872340425 0.33 2.6317050833522586
0.20935156000199964 1.0638297872340425 0.34 2.6375787259403927
0.2152611354293455 1.0638297872340425 0.35 2.643655345223576
0.22114880723814484 1.0638297872340425 0.36 2.649938523909264
0.2270139239121271 1.0638297872340425 0.37 2.656430494987516
0.23285578409518826 1.0638297872340425 0.38 2.6631346966154585
0.2386737209921569 1.0638297872340425 0.39 2.6700537627650913
0.24446702808746146 1.0638297872340425 0.4 2.677191248850244
0.25023502456922353 1.0638297872340425 0.41 2.684550145503419
0.25597699647141126 1.0638297872340425 0.42 2.692134185963567
0.26169224934085406 1.0638297872340425 0.43 2.6999467007200915
0.2673800595103929 1.0638297872340425 0.44 2.7079916553852645
0.2730397195958349 1.0638297872340425 0.45 2.7162727016605617
0.2786704940222498 1.0638297872340425 0.46 2.7247940881065924
0.2842716631139382 1.0638297872340425 0.47 2.733559775838308
0.28984247645945116 1.0638297872340425 0.48 2.742574358622185
0.29538220211987 1.0638297872340425 0.49 2.751842110670223
0.30089006783623384 1.0638297872340425 0.5 2.7613681047384744
0.30636534771090906 1.0638297872340425 0.51 2.771156600537549
0.31180724996576276 1.0638297872340425 0.52 2.7812131196516092
0.3172149852833193 1.0638297872340425 0.53 2.791543171640692
0.32258779648981445 1.0638297872340425 0.54 2.802151756154575
0.32792486942068894 1.0638297872340425 0.55 2.81304494067952
0.33322541733543076 1.0638297872340425 0.56 2.8242283805287567
0.3384886059585506 1.0638297872340425 0.57 2.8357086165155785
0.34371364466963206 1.0638297872340425 0.58 2.847491531230035
0.348899677726819 1.0638297872340425 0.59 2.859584186088016
0.3540458491146995 1.0638297872340425 0.6 2.8719937252776737
0.35915132740465594 1.0638297872340425 0.61 2.8847269921642025
0.3642152209613696 1.0638297872340425 0.62 2.897791912552038
0.36923667722190545 1.0638297872340425 0.63 2.9111958987736775
0.37421478414975023 1.0638297872340425 0.64 2.9249474339386157
0.37914861993108173 1.0638297872340425 0.65 2.9390552768389933
0.38403728839735696 1.0638297872340425 0.66 2.953527928800913
0.38887975818242665 1.0638297872340425 0.67 2.9683761218228644
0.3936753070683596 1.0638297872340425 0.68 2.983606025743268
0.39842274056545873 1.0638297872340425 0.69 2.999231195186269
0.4031211247664017 1.0638297872340425 0.7 3.015261384288036
0.40776948471327235 1.0638297872340425 0.71 3.03170718270183
0.41236676868059075 1.0638297872340425 0.72 3.048580543898149
0.41691191427696456 1.0638297872340425 0.73 3.0658938028247786
0.4214038772611222 1.0638297872340425 0.74 3.0836592745437126
0.42584154493293574 1.0638297872340425 0.75 3.1018905468033378
0.4302237744314589 1.0638297872340425 0.76 3.1206019272195107
0.4345494461010082 1.0638297872340425 0.77 3.13980769128015
0.43881736141190536 1.0638297872340425 0.78 3.1595235875810954
0.4430262843939995 1.0638297872340425 0.79 3.179766253546629
0.4471749993897138 1.0638297872340425 0.8 3.200552414079404
0.45126219711667853 1.0638297872340425 0.81 3.2219005473253257
0.45528652557896354 1.0638297872340425 0.82 3.243830179930168
0.45924664566424306 1.0638297872340425 0.83 3.266361131072905
0.4631410996833749 1.0638297872340425 0.84 3.289515424306179
0.4669683652278295 1.0638297872340425 0.85 3.3133165581100403
0.47072698411229646 1.0638297872340425 0.86 3.337787724907395
0.47441524779887545 1.0638297872340425 0.87 3.3629563275174728
0.478031480818908 1.0638297872340425 0.88 3.38885001555427
0.4815738305401195 1.0638297872340425 0.89 3.415499734906463
0.48504044560351395 1.0638297872340425 0.9 3.442937273853788
0.48842925370464574 1.0638297872340425 0.91 3.4711985025033982
0.4917380227827809 1.0638297872340425 0.92 3.5003226108225993
0.4949644399358187 1.0638297872340425 0.93 3.5303511056120236
0.4981058182960856 1.0638297872340425 0.94 3.561332129484185
0.5011592507671591 1.0638297872340425 0.95 3.5933184555934172
0.5041213747249536 1.0638297872340425 0.96 3.6263710773593356
0.5069883544320052 1.0638297872340425 0.97 3.6605597594672665
0.5097554178115454 1.0638297872340425 0.98 3.695970114316103
0.5124163695349172 1.0638297872340425 0.99 3.7327112775076725
0.0 1.0780141843971631 0.0 2.5569643088099525
0.006253607933430239 1.0780141843971631 0.01 2.557046938247949
0.012506609567293573 1.0780141843971631 0.02 2.5572948669966213
0.018758398563299628 1.0780141843971631 0.03 2.557708172274729
0.02500836859385337 1.0780141843971631 0.04 2.5582869721648622
0.031255911281476645 1.0780141843971631 0.05 2.5590317703784633
0.03750042130819143 1.0780141843971631 0.06 2.5599424783576388
0.043741289829895454 1.0780141843971631 0.07 2.561019643254686
0.04997790836622889 1.0780141843971631 0.08 2.562263683441628
0.05620966791799768 1.0780141843971631 0.09 2.56367506787522
0.0624359568023167 1.0780141843971631 0.1 2.5652544937241424
0.06865616736004886 1.0780141843971631 0.11 2.567002304863031
0.07486968481507934 1.0780141843971631 0.12 2.568919423278606
0.08107589688544298 1.0780141843971631 0.13 2.5710065394224104
0.08727418717713213 1.0780141843971631 0.14 2.573264602216864
0.09346394270917198 1.0780141843971631 0.15 2.5756943372644603
0.09964454416309981 1.0780141843971631 0.16 2.5782968367128785
0.1058153721249078 1.0780141843971631 0.17 2.5810731652930223
0.11197580692331044 1.0780141843971631 0.18 2.5840243909132083
0.11812526358468246 1.0780141843971631 0.19 2.587150067646018
0.12426300183617447 1.0780141843971631 0.2 2.5904565362558323
0.13038851224635895 1.0780141843971631 0.21 2.593940019261818
0.1365011228298514 1.0780141843971631 0.22 2.59760381846552
0.14260020754859198 1.0780141843971631 0.23 2.6014492432008622
0.1486851282133501 1.0780141843971631 0.24 2.6054780576603966
0.1547552529590884 1.0780141843971631 0.25 2.609691784497749
0.16080994309125576 1.0780141843971631 0.26 2.6140921892328537
0.16684854535084584 1.0780141843971631 0.27 2.618681493346651
0.17287042893427365 1.0780141843971631 0.28 2.6234611877659804
0.17887493651540667 1.0780141843971631 0.29 2.6284336016464995
0.18486142460647145 1.0780141843971631 0.3 2.6336006357066597
0.19082922866498495 1.0780141843971631 0.31 2.6389648031990163
0.1967776994910422 1.0780141843971631 0.32 2.6445281769203204
0.20270616811835343 1.0780141843971631 0.33 2.650293380126222
0.20861397517082703 1.0780141843971631 0.34 2.6562627785908672
0.2145004422474181 1.0780141843971631 0.35 2.66243923626754
0.22036490671588915 1.0780141843971631 0.36 2.6688252239352708
0.22620666500486122 1.0780141843971631 0.37 2.6754242197247033
0.23202508309574282 1.0780141843971631 0.38 2.682238052421244
0.23781943335953523 1.0780141843971631 0.39 2.689270785812054
0.24358902087022588 1.0780141843971631 0.4 2.696525696201496
0.24933316846414405 1.0780141843971631 0.41 2.7040056921526396
0.255051158668434 1.0780141843971631 0.42 2.711714598566352
0.2607422937512331 1.0780141843971631 0.43 2.719655828926006
0.26640585043778287 1.0780141843971631 0.44 2.7278333646302007
0.27204111839566847 1.0780141843971631 0.45 2.7362509434247366
0.27764735831005605 1.0780141843971631 0.46 2.7449129235056353
0.28322385578678383 1.0780141843971631 0.47 2.7538231974640537
0.2887698771752195 1.0780141843971631 0.48 2.762986089780642
0.29428462170329694 1.0780141843971631 0.49 2.7724072388074212
0.29976739961848853 1.0780141843971631 0.5 2.782090206965235
0.30521741980819067 1.0780141843971631 0.51 2.7920405333717015
0.31063392957472974 1.0780141843971631 0.52 2.802263086853986
0.31601613636970666 1.0780141843971631 0.53 2.812763521300804
0.32136327761413325 1.0780141843971631 0.54 2.823547013339893
0.32667455275568935 1.0780141843971631 0.55 2.8346194882663904
0.33194913698254164 1.0780141843971631 0.56 2.8459873556786635
0.3371862530338749 1.0780141843971631 0.57 2.857656281967008
0.3423850574852015 1.0780141843971631 0.58 2.8696331562924695
0.3475447409253524 1.0780141843971631 0.59 2.88192438036477
0.3526644563141302 1.0780141843971631 0.6 2.894537088956584
0.3577433271614664 1.0780141843971631 0.61 2.9074789988457144
0.3627805252557453 1.0780141843971631 0.62 2.9207571496530034
0.36777514673321215 1.0780141843971631 0.63 2.9343799330796365
0.3727263412952914 1.0780141843971631 0.64 2.948355009293411
0.37763318195956896 1.0780141843971631 0.65 2.9626914032136398
0.38249474836745495 1.0780141843971631 0.66 2.97739817411604
0.3873101373743786 1.0780141843971631 0.67 2.992484274491586
0.39207839838061276 1.0780141843971631 0.68 3.0079595695240755
0.396798548335618 1.0780141843971631 0.69 3.0238346005355217
0.4014696478396869 1.0780141843971631 0.7 3.040119436148404
0.40609070820296345 1.0780141843971631 0.71 3.0568251122873042
0.41066065145451125 1.0780141843971631 0.72 3.073964228475994
0.4151785247443512 1.0780141843971631 0.73 3.091547741151436
0.4196432897607731 1.0780141843971631 0.74 3.1095881562055543
0.4240537350710743 1.0780141843971631 0.75 3.128100812864892
0.42840891269608056 1.0780141843971631 0.76 3.1470974406178573
0.4327076689203291 1.0780141843971631 0.77 3.1665931336751854
0.436948776226699 1.0780141843971631 0.78 3.1866043942854803
0.4411311453582872 1.0780141843971631 0.79 3.2071460635953137
0.4452535387756529 1.0780141843971631 0.8 3.228235539523416
0.4493146771257914 1.0780141843971631 0.81 3.249891239290735
0.45331332514677286 1.0780141843971631 0.82 3.2721313898353785
0.45724813926307606 1.0780141843971631 0.83 3.2949762692250477
0.46111772728569805 1.0780141843971631 0.84 3.3184473751094603
0.4649207118588479 1.0780141843971631 0.85 3.342566553650576
0.4686555889580411 1.0780141843971631 0.86 3.367358081860605
0.4723204700700283 1.0780141843971631 0.87 3.3928524181580015
0.4759147791674303 1.0780141843971631 0.88 3.4190618796975394
0.4794357945928125 1.0780141843971631 0.89 3.4460303873771907
0.48288206147623625 1.0780141843971631 0.9 3.4737845124978044
0.48625164325996406 1.0780141843971631 0.91 3.5023586805801283
0.4895425466637482 1.0780141843971631 0.92 3.531789159035025
0.4927525309073332 1.0780141843971631 0.93 3.56211691675404
0.4958791994394861 1.0780141843971631 0.94 3.5933864382545684
0.49891981546127073 1.0780141843971631 0.95 3.6256485564469756
0.5018714290501914 1.0780141843971631 0.96 3.65895881441938
0.5047304952333106 1.0780141843971631 0.97 3.6933832760758922
0.5074928140250633 1.0780141843971631 0.98 3.728999774821406
0.5101527575543517 1.0780141843971631 0.99 3.7659097867384586
0.0 1.0921985815602837 0.0 2.5744333016453
0.006232353743324925 1.0921985815602837 0.01 2.5745172665948965
0.012464097666447854 1.0921985815602837 0.02 2.5747691951481566
0.01869462180920774 1.0921985815602837 0.03 2.5751891968112677
0.024923316092206403 1.0921985815602837 0.04 2.575777419599359
0.031149566911751834 1.0921985815602837 0.05 2.5765346243362726
0.0373727722183542 1.0921985815602837 0.06 2.577459636826684
0.04359231213432883 1.0921985815602837 0.07 2.5785542376764137
0.04980757750477727 1.0921985815602837 0.08 2.579818395140246
0.05601795531580817 1.0921985815602837 0.09 2.5812526405328544
0.06222283208387217 1.0921985815602837 0.1 2.5828575320464497
0.06842159243053131 1.0921985815602837 0.11 2.584633773791432
0.0746136225730623 1.0921985815602837 0.12 2.586581935381556
0.08079830426547883 1.0921985815602837 0.13 2.5887029115747726
0.086975020948514 1.0921985815602837 0.14 2.590997460430585
0.093143149148205 1.0921985815602837 0.15 2.593466745310662
0.09930207299507417 1.0921985815602837 0.16 2.596111468902976
0.10545116807020348 1.0921985815602837 0.17 2.5989328185474894
0.11158980782355138 1.0921985815602837 0.18 2.601932051293521
0.11771736958888235 1.0921985815602837 0.19 2.605110225524442
0.12383322496911048 1.0921985815602837 0.2 2.6084686689717507
0.12993673910816905 1.0921985815602837 0.21 2.612008960422217
0.1360272855506288 1.0921985815602837 0.22 2.6157323178585314
0.14210422341999612 1.0921985815602837 0.23 2.619640528759164
0.14816692575932922 1.0921985815602837 0.24 2.6237348469661907
0.1542147450481197 1.0921985815602837 0.25 2.6280172823801093
0.16024703687241434 1.0921985815602837 0.26 2.6324896991975306
0.16626316335831143 1.0921985815602837 0.27 2.6371537458861503
0.17226246840927237 1.0921985815602837 0.28 2.6420116634257815
0.1782443088070341 1.0921985815602837 0.29 2.647065279661122
0.18420814247836814 1.0921985815602837 0.3 2.6523135438014687
0.19015296121988254 1.0921985815602837 0.31 2.657768817253536
0.19607845660165918 1.0921985815602837 0.32 2.663423314602794
0.20198384106304026 1.0921985815602837 0.33 2.6692830346201104
0.20786845411713442 1.0921985815602837 0.34 2.675350340584659
0.21373161517630712 1.0921985815602837 0.35 2.681628133263691
0.21957265572710483 1.0921985815602837 0.36 2.688119009986811
0.22539088146886763 1.0921985815602837 0.37 2.6948262188282603
0.2311856294499404 1.0921985815602837 0.38 2.701752261969894
0.23695619477239585 1.0921985815602837 0.39 2.708900666608952
0.242701873118657 1.0921985815602837 0.4 2.7162749367863115
0.24842198380715014 1.0921985815602837 0.41 2.7238780643529488
0.2541158083897298 1.0921985815602837 0.42 2.7317139132235306
0.2597826479734392 1.0921985815602837 0.43 2.7397859399559334
0.2654217730753879 1.0921985815602837 0.44 2.7480982838815406
0.2710324824126099 1.0921985815602837 0.45 2.756654524031966
0.2766140382279865 1.0921985815602837 0.46 2.7654590349595862
0.28216569289735205 1.0921985815602837 0.47 2.774516410972555
0.287686730100676 1.0921985815602837 0.48 2.783830666998789
0.2931763871715193 1.0921985815602837 0.49 2.7934067783396688
0.29863392532959077 1.0921985815602837 0.5 2.803249304557134
0.30405851094281094 1.0921985815602837 0.51 2.8133646327166817
0.30944957026431996 1.0921985815602837 0.52 2.823754392058488
0.3148061425695646 1.0921985815602837 0.53 2.8344274388193678
0.3201274961671753 1.0921985815602837 0.54 2.845388447557368
0.3254128576299226 1.0921985815602837 0.55 2.8566429504039768
0.33066128092226654 1.0921985815602837 0.56 2.868199570470194
0.3358723672162551 1.0921985815602837 0.57 2.8800575166613904
0.3410448990136225 1.0921985815602837 0.58 2.8922302940076587
0.34617817138329315 1.0921985815602837 0.59 2.904722603377872
0.35127136954649535 1.0921985815602837 0.6 2.9175411677498175
0.3563236403633144 1.0921985815602837 0.61 2.930693470301158
0.36133410569266505 1.0921985815602837 0.62 2.944187519640533
0.3663019298451156 1.0921985815602837 0.63 2.9580307573726183
0.37122615074428716 1.0921985815602837 0.64 2.972232807613415
0.3761060786702338 1.0921985815602837 0.65 2.9867990745500084
0.3809406187876893 1.0921985815602837 0.66 3.001741608779029
0.38572889919205017 1.0921985815602837 0.67 3.01706904955932
0.39047003037048267 1.0921985815602837 0.68 3.0327905136357005
0.39516303838672334 1.0921985815602837 0.69 3.0489166319533556
0.3998069558065555 1.0921985815602837 0.7 3.065458130477001
0.4044008415764012 1.0921985815602837 0.71 3.0824255512097194
0.40894368238777096 1.0921985815602837 0.72 3.0998307791907505
0.4134344564081367 1.0921985815602837 0.73 3.117686071966992
0.4178721720097192 1.0921985815602837 0.74 3.136003498445456
0.4222557586416612 1.0921985815602837 0.75 3.1547966033781116
0.42658413147556173 1.0921985815602837 0.76 3.174079443352235
0.43085624818046336 1.0921985815602837 0.77 3.193865767849197
0.4350709578147312 1.0921985815602837 0.78 3.2141712903680593
0.439227057657149 1.0921985815602837 0.79 3.235012852676849
0.44332357775084813 1.0921985815602837 0.8 3.256404266386879
0.44735913275715145 1.0921985815602837 0.81 3.2783658877111264
0.4513325588009712 1.0921985815602837 0.82 3.300915265199402
0.4552425454064801 1.0921985815602837 0.83 3.324072587281784
0.4590878415285014 1.0921985815602837 0.84 3.3478576989233746
0.4628670713343769 1.0921985815602837 0.85 3.372292833821
0.46657880873866553 1.0921985815602837 0.86 3.3974015656840266
0.47022165277525785 1.0921985815602837 0.87 3.423207759745344
0.47379404255916696 1.0921985815602837 0.88 3.4497383208760213
0.477294404541199 1.0921985815602837 0.89 3.4770211083659572
0.48072101572271114 1.0921985815602837 0.9 3.5050869961469515
0.4840721634098038 1.0921985815602837 0.91 3.533967621678259
0.4873459255014407 1.0921985815602837 0.92 3.5636986766010987
0.49054056366585536 1.0921985815602837 0.93 3.5943142571075053
0.49365295582961327 1.0921985815602837 0.94 3.6258699547914874
0.4966815838290681 1.0921985815602837 0.95 3.658399221040347
0.49962339325683686 1.0921985815602837 0.96 3.691959572921114
0.5024751562132249 1.0921985815602837 0.97 3.7266128810339225
0.5052332808998448 1.0921985815602837 0.98 3.7624284502590046
0.5078927600870934 1.0921985815602837 0.99 3.799499091632878
0.0 1.1063829787234043 0.0 2.5922821035558736
0.006210859739239005 1.1063829787234043 0.01 2.5923674320056134
0.01242110614653695 1.1063829787234043 0.02 2.5926234512337683
0.018630125808187212 1.1063829787234043 0.03 2.5930502569969924
0.024837305082559845 1.1063829787234043 0.04 2.59364802341181
0.031042029918394345 1.1063829787234043 0.05 2.5944170057792277
0.03724368613165965 1.1063829787234043 0.06 2.5953574769201033
0.0434416567551928 1.1063829787234043 0.07 2.5964700680743618
0.04963533169008385 1.1063829787234043 0.08 2.5977545678599303
0.05582408928644899 1.1063829787234043 0.09 2.5992121319144044
0.062007314653041025 1.1063829787234043 0.1 2.600843093653335
0.06818438980758515 1.1063829787234043 0.11 2.602648111658197
0.0743546745434788 1.1063829787234043 0.12 2.6046293979645427
0.08051760958996591 1.1063829787234043 0.13 2.6067834705708943
0.0866725137663798 1.1063829787234043 0.14 2.609115387795254
0.09281878394119272 1.1063829787234043 0.15 2.611624713490844
0.0989557935791729 1.1063829787234043 0.16 2.6143125836889602
0.10508292069926992 1.1063829787234043 0.17 2.617179876981921
0.1111995357503176 1.1063829787234043 0.18 2.6202278718494263
0.11730500596210575 1.1063829787234043 0.19 2.6234579653896914
0.12339870767841894 1.1063829787234043 0.2 2.6268711351613985
0.129480001297068 1.1063829787234043 0.21 2.6304690683825034
0.13554825101937773 1.1063829787234043 0.22 2.6342532537593852
0.1416028226875701 1.1063829787234043 0.23 2.6382251179556913
0.14764307507908406 1.1063829787234043 0.24 2.6423863632707016
0.15366835965522474 1.1063829787234043 0.25 2.646738937638242
0.1596780393496545 1.1063829787234043 0.26 2.65128438004896
0.16567146559642776 1.1063829787234043 0.27 2.6560246414169577
0.1716479742397378 1.1063829787234043 0.28 2.6609621556783885
0.17760692744206535 1.1063829787234043 0.29 2.666098518184553
0.18354765680099094 1.1063829787234043 0.3 2.6714362832697196
0.18946950934307208 1.1063829787234043 0.31 2.6769775357690144
0.1953718311954626 1.1063829787234043 0.32 2.6827244193508037
0.20125391160866093 1.1063829787234043 0.33 2.6886806364472875
0.20711512544276023 1.1063829787234043 0.34 2.694847549270534
0.21295477672645827 1.1063829787234043 0.35 2.7012284588866056
0.218772194877273 1.1063829787234043 0.36 2.7078259978417143
0.22456668121568643 1.1063829787234043 0.37 2.714643515993871
0.23033757694185433 1.1063829787234043 0.38 2.7216834057449817
0.23608416652609507 1.1063829787234043 0.39 2.7289494538902477
0.24180575254842163 1.1063829787234043 0.4 2.736445012700424
0.2475016456372859 1.1063829787234043 0.41 2.744173282158176
0.25317112734233055 1.1063829787234043 0.42 2.752138145651545
0.2588135012611915 1.1063829787234043 0.43 2.760343027771154
0.2644280432033632 1.1063829787234043 0.44 2.768791994507075
0.2700140190209199 1.1063829787234043 0.45 2.777489343021691
0.27557071998985466 1.1063829787234043 0.46 2.78643888124255
0.28109739723371596 1.1063829787234043 0.47 2.795645287646732
0.28659332603945353 1.1063829787234043 0.48 2.805112796730959
0.2920577582825107 1.1063829787234043 0.49 2.814846165937026
0.29748991591468116 1.1063829787234043 0.5 2.8248507749938567
0.30288907264064857 1.1063829787234043 0.51 2.835131068167131
0.3082544409633847 1.1063829787234043 0.52 2.845692721348486
0.31358526701263867 1.1063829787234043 0.53 2.8565408469373006
0.318880760888125 1.1063829787234043 0.54 2.8676813003169435
0.3241401204299645 1.1063829787234043 0.55 2.8791202275045427
0.3293625731870782 1.1063829787234043 0.56 2.8908633288493584
0.3345472759076076 1.1063829787234043 0.57 2.9029176469395512
0.3396934955554697 1.1063829787234043 0.58 2.9152884026210995
0.3448003395975763 1.1063829787234043 0.59 2.9279836919603923
0.3498669879653444 1.1063829787234043 0.6 2.9410104556433043
0.3548926250992062 1.1063829787234043 0.61 2.9543756893748467
0.35987638890943713 1.1063829787234043 0.62 2.968087302272389
0.3648174071771921 1.1063829787234043 0.63 2.9821535000735166
0.36971483520946646 1.1063829787234043 0.64 2.9965821835044557
0.3745677853550458 1.1063829787234043 0.65 3.011382115798868
0.37937534131016165 1.1063829787234043 0.66 3.026562681691374
0.38413663443121127 1.1063829787234043 0.67 3.042132678725348
0.38885074272402387 1.1063829787234043 0.68 3.0581019506783553
0.39351670101999103 1.1063829787234043 0.69 3.074481216045953
0.3981336142188 1.1063829787234043 0.7 3.0912803070974837
0.402700515595694 1.1063829787234043 0.71 3.1085104101865495
0.40721639814940985 1.1063829787234043 0.72 3.1261835708652965
0.41168032300182833 1.1063829787234043 0.73 3.144311043328257
0.4160912719353161 1.1063829787234043 0.74 3.1629055804822133
0.4204481993938271 1.1063829787234043 0.75 3.1819806399557273
0.42475010602309227 1.1063829787234043 0.76 3.201549291487119
0.4289959165146148 1.1063829787234043 0.77 3.2216260905645115
0.43318453272893737 1.1063829787234043 0.78 3.242226287994326
0.4373148923524676 1.1063829787234043 0.79 3.2633649777299656
0.44138584609286174 1.1063829787234043 0.8 3.285058961902844
0.44539618432334993 1.1063829787234043 0.81 3.3073263689451053
0.4493448961996284 1.1063829787234043 0.82 3.3301828380506877
0.45323061443447266 1.1063829787234043 0.83 3.3536497970179364
0.45705214600589356 1.1063829787234043 0.84 3.377746613658401
0.46080817679273967 1.1063829787234043 0.85 3.4024950167869705
0.4644974288225356 1.1063829787234043 0.86 3.427916810354255
0.4681185039596018 1.1063829787234043 0.87 3.4540362280423316
0.47167036755606867 1.1063829787234043 0.88 3.4808728432759253
0.4751503404984853 1.1063829787234043 0.89 3.508471262705695
0.4785580644364821 1.1063829787234043 0.9 3.536842662861844
0.4818914870687919 1.1063829787234043 0.91 3.5660241179963976
0.48514882663087633 1.1063829787234043 0.92 3.596049688719024
0.4883282902869793 1.1063829787234043 0.93 3.6269546651377285
0.49142779287826466 1.1063829787234043 0.94 3.658779846012932
0.49444513362271514 1.1063829787234043 0.95 3.6915690550945013
0.49737780477840227 1.1063829787234043 0.96 3.7253721509501525
0.5002230454779519 1.1063829787234043 0.97 3.760244429657992
0.5029774480013405 1.1063829787234043 0.98 3.796252800634971
0.5056367828943464 1.1063829787234043 0.99 3.8334788388015464
0.0 1.1205673758865249 0.0 2.6105169866596047
0.006189128869909389 1.1205673758865249 0.01 2.610603696899815
0.01237764103034172 1.1205673758865249 0.02 2.6108638473024777
0.018564919352010892 1.1205673758865249 0.03 2.611297635828273
0.024750346962220622 1.1205673758865249 0.04 2.611905138139269
0.030933306408963093 1.1205673758865249 0.05 2.6126866230731918
0.03711317981709472 1.1205673758865249 0.06 2.6136424133664637
0.043289348938543956 1.1205673758865249 0.07 2.614772878729165
0.04946119514016013 1.1205673758865249 0.08 2.616078440906006
0.055628098745476494 1.1205673758865249 0.09 2.617559636387779
0.061789436240448255 1.1205673758865249 0.1 2.6192173231246865
0.06794459055018642 1.1205673758865249 0.11 2.6210517676851
0.07409293761262178 1.1205673758865249 0.12 2.6230638627030323
0.08023385392714195 1.1205673758865249 0.13 2.6252544159677735
0.08636674354744368 1.1205673758865249 0.14 2.627622558171157
0.09249089067108017 1.1205673758865249 0.15 2.6301746933682586
0.09860575896654152 1.1205673758865249 0.16 2.632906307442702
0.10471068820735434 1.1205673758865249 0.17 2.6358203993272813
0.11080504500061096 1.1205673758865249 0.18 2.63891827859505
0.116888202244031 1.1205673758865249 0.19 2.6422009449744586
0.12295952189951906 1.1205673758865249 0.2 2.645669920125375
0.12901836131798705 1.1205673758865249 0.21 2.6493268831444117
0.1350640964393607 1.1205673758865249 0.22 2.653172740186643
0.14109607463510176 1.1205673758865249 0.23 2.6572095754180465
0.14711365145554084 1.1205673758865249 0.24 2.6614391019182015
0.15311619093727552 1.1205673758865249 0.25 2.6658627360604035
0.15910303705380313 1.1205673758865249 0.26 2.6704826230780814
0.16507353678746547 1.1205673758865249 0.27 2.6753007763000807
0.17102704353715723 1.1205673758865249 0.28 2.680319006356469
0.17696289663031398 1.1205673758865249 0.29 2.685539588625706
0.1828804308604059 1.1205673758865249 0.3 2.6909649244792084
0.1887789917616815 1.1205673758865249 0.31 2.696597100071621
0.19465789597008196 1.1205673758865249 0.32 2.7024390448878703
0.20051650786950367 1.1205673758865249 0.33 2.7084923595027903
0.2063541227117044 1.1205673758865249 0.34 2.7147605785077853
0.21217006775022537 1.1205673758865249 0.35 2.7212463440286574
0.21796367067491365 1.1205673758865249 0.36 2.727952319549029
0.22373426762784743 1.1205673758865249 0.37 2.7348810043585865
0.22948108569242162 1.1205673758865249 0.38 2.7420375729492923
0.23520351919420598 1.1205673758865249 0.39 2.749423136975625
0.24090083327808962 1.1205673758865249 0.4 2.757041975377638
0.2465723366066873 1.1205673758865249 0.41 2.764897348427235
0.2522173239869547 1.1205673758865249 0.42 2.7729928752070383
0.2578350516333281 1.1205673758865249 0.43 2.7813330466722643
0.2634248388112894 1.1205673758865249 0.44 2.7899210073253786
0.26898594169627454 1.1205673758865249 0.45 2.798761314892908
0.2745176470898183 1.1205673758865249 0.46 2.8078579153969874
0.28001921495569165 1.1205673758865249 0.47 2.8172153656317027
0.28548989181056517 1.1205673758865249 0.48 2.8268385336867925
0.29092895334160884 1.1205673758865249 0.49 2.8367317596979302
0.2963356253246634 1.1205673758865249 0.5 2.8469004305037204
0.3017091847703067 1.1205673758865249 0.51 2.857349003887499
0.30704883939008004 1.1205673758865249 0.52 2.868083341340192
0.31235381606875334 1.1205673758865249 0.53 2.879108998595822
0.3176233550517399 1.1205673758865249 0.54 2.8904313691393018
0.322856666747731 1.1205673758865249 0.55 2.9020564877519974
0.32805293658746953 1.1205673758865249 0.56 2.913990922588669
0.3332113952019363 1.1205673758865249 0.57 2.9262405302236343
0.33833109311146037 1.1205673758865249 0.58 2.938814427886244
0.3434115950934971 1.1205673758865249 0.59 2.951712902894917
0.34845170460935226 1.1205673758865249 0.6 2.9649495903396117
0.35345069482006813 1.1205673758865249 0.61 2.978530081132743
0.3584077645600584 1.1205673758865249 0.62 2.992461417580821
0.3633220321438926 1.1205673758865249 0.63 3.006752146225356
0.3681926314984086 1.1205673758865249 0.64 3.021410695274492
0.3730187246695772 1.1205673758865249 0.65 3.0364451986023004
0.37779941042367915 1.1205673758865249 0.66 3.051865005667698
0.3825337874426184 1.1205673758865249 0.67 3.0676796444085377
0.3872209889705015 1.1205673758865249 0.68 3.0838982872520417
0.39186007931644184 1.1205673758865249 0.69 3.100531424561749
0.39645011948955633 1.1205673758865249 0.7 3.1175898142254432
0.4009902181437209 1.1205673758865249 0.71 3.135083703362941
0.40547939212032125 1.1205673758865249 0.72 3.1530250372920987
0.40991663881554063 1.1205673758865249 0.73 3.1714263207744975
0.41430111187673596 1.1205673758865249 0.74 3.190297927834342
0.41863169974712616 1.1205673758865249 0.75 3.2096546405531567
0.4229074437247441 1.1205673758865249 0.76 3.229509198226442
0.42712726809475643 1.1205673758865249 0.77 3.2498764770801043
0.4312901940733429 1.1205673758865249 0.78 3.270770238341763
0.4353951361470213 1.1205673758865249 0.79 3.292206258916834
0.43944099031031625 1.1205673758865249 0.8 3.3142010039102727
0.44342669435504056 1.1205673758865249 0.81 3.3367707468593037
0.4473510942417196 1.1205673758865249 0.82 3.35993361530346
0.45121308632354373 1.1205673758865249 0.83 3.383707477882494
0.4550113320326079 1.1205673758865249 0.84 3.40811425952421
0.4587447844006292 1.1205673758865249 0.85 3.4331720806663815
0.4624121321354976 1.1205673758865249 0.86 3.4589036331790872
0.46601205573438376 1.1205673758865249 0.87 3.485332380834209
0.469543280162011 1.1205673758865249 0.88 3.512481820920515
0.47300436898681203 1.1205673758865249 0.89 3.5403786157797295
0.47639388617806916 1.1205673758865249 0.9 3.5690502308225893
0.4797102772081675 1.1205673758865249 0.91 3.598526780201516
0.4829519868070717 1.1205673758865249 0.92 3.6288393362060174
0.4861172704012397 1.1205673758865249 0.93 3.6600228423197434
0.48920429529629783 1.1205673758865249 0.94 3.69211469688772
0.492211016469464 1.1205673758865249 0.95 3.7251567428990033
0.4951352670521778 1.1205673758865249 0.96 3.75919404579614
0.4979744878614251 1.1205673758865249 0.97 3.794279166890915
0.500725717289547 1.1205673758865249 0.98 3.830472569803535
0.5033852122287954 1.1205673758865249 0.99 3.867848747528259
0.0 1.1347517730496453 0.0 2.629144183629107
0.0061671643032589355 1.1347517730496453 0.01 2.6292323199254697
0.012333708406331995 1.1347517730496453 0.02 2.6294967483225764
0.01849901206678921 1.1347517730496453 0.03 2.6299375629849475
0.024662454706952386 1.1347517730496453 0.04 2.6305549684881337
0.030823415543665342 1.1347517730496453 0.05 2.631349200731316
0.03698126738000078 1.1347517730496453 0.06 2.6323214293580444
0.04313540572511548 1.1347517730496453 0.07 2.6334695761764526
0.049285191633206875 1.1347517730496453 0.08 2.634796482046329
0.05543000748289581 1.1347517730496453 0.09 2.636301910888319
0.06156922925462147 1.1347517730496453 0.1 2.637986483938729
0.06770223228336006 1.1347517730496453 0.11 2.6398508688823292
0.07382839288902453 1.1347517730496453 0.12 2.641895667475566
0.07994707636110833 1.1347517730496453 0.13 2.644122257107925
0.08605766368559734 1.1347517730496453 0.14 2.6465308949757675
0.09215952164484133 1.1347517730496453 0.15 2.649122823747394
0.09825202074815816 1.1347517730496453 0.16 2.6518990197182957
0.10433452270468425 1.1347517730496453 0.17 2.654860925029796
0.11040640132647116 1.1347517730496453 0.18 2.658009332536182
0.1164670168162478 1.1347517730496453 0.19 2.66134574330128
0.12251573860832088 1.1347517730496453 0.2 2.6648712173690257
0.12855190446493342 1.1347517730496453 0.21 2.668588188685222
0.13457489695682656 1.1347517730496453 0.22 2.6724971438493794
0.14058406410707414 1.1347517730496453 0.23 2.676600063356235
0.14657875394354797 1.1347517730496453 0.24 2.680898875210232
0.1525583257351034 1.1347517730496453 0.25 2.685395084489637
0.15852212618684375 1.1347517730496453 0.26 2.690090671963569
0.16446949403458494 1.1347517730496453 0.27 2.6949878747268414
0.1703997821964043 1.1347517730496453 0.28 2.700088455931996
0.17631233152431533 1.1347517730496453 0.29 2.705394599669035
0.1822064625487745 1.1347517730496453 0.3 2.7109091053203875
0.18808152873778258 1.1347517730496453 0.31 2.716633772720938
0.19393684604462555 1.1347517730496453 0.32 2.722571535545869
0.1997717630227437 1.1347517730496453 0.33 2.728724404472597
0.20558558553131426 1.1347517730496453 0.34 2.735095605420137
0.21137763407059426 1.1347517730496453 0.35 2.741687951685023
0.2171472351980747 1.1347517730496453 0.36 2.748504126121184
0.2228936979190614 1.1347517730496453 0.37 2.755547293640579
0.22861632160078116 1.1347517730496453 0.38 2.762820868686624
0.23431442493828367 1.1347517730496453 0.39 2.7703278173235266
0.23998728493435043 1.1347517730496453 0.4 2.778072131392976
0.2456342447836133 1.1347517730496453 0.41 2.7860562906312016
0.25125455336149294 1.1347517730496453 0.42 2.7942849959356035
0.25684750303216836 1.1347517730496453 0.43 2.802761963832803
0.26241238987078086 1.1347517730496453 0.44 2.81149088561912
0.2679484848429863 1.1347517730496453 0.45 2.8204760504828874
0.2734550472894675 1.1347517730496453 0.46 2.829722029647926
0.27893136268109914 1.1347517730496453 0.47 2.839232900097803
0.28437664791288353 1.1347517730496453 0.48 2.849014197155847
0.2897902604232852 1.1347517730496453 0.49 2.859068691376094
0.2951713542902103 1.1347517730496453 0.5 2.8694032962286755
0.3005191935406303 1.1347517730496453 0.51 2.880022779124665
0.3058330372467886 1.1347517730496453 0.52 2.890932102358571
0.3111121041036576 1.1347517730496453 0.53 2.9021370863550042
0.3163556101815196 1.1347517730496453 0.54 2.913643675367799
0.3215627942086809 1.1347517730496453 0.55 2.925457487766805
0.32673286119970896 1.1347517730496453 0.56 2.9375848667751834
0.33186499838341393 1.1347517730496453 0.57 2.950032572949736
0.3369584302412258 1.1347517730496453 0.58 2.9628068121846143
0.34201234448312856 1.1347517730496453 0.59 2.9759145723084557
0.34702588913125004 1.1347517730496453 0.6 2.9893636516290587
0.35199828326768473 1.1347517730496453 0.61 3.003160749853246
0.35692869180002845 1.1347517730496453 0.62 3.0173136574647748
0.361816220213212 1.1347517730496453 0.63 3.031831313620161
0.3666600822430105 1.1347517730496453 0.64 3.046720992366046
0.37145940888825174 1.1347517730496453 0.65 3.0619915417514894
0.3762132858098794 1.1347517730496453 0.66 3.07765273040928
0.38092089443733623 1.1347517730496453 0.67 3.093712945121454
0.3855813334314155 1.1347517730496453 0.68 3.1101821434840478
0.39019367745131056 1.1347517730496453 0.69 3.1270708814480157
0.394757062047273 1.1347517730496453 0.7 3.1443889674235423
0.39927055601509925 1.1347517730496453 0.71 3.1621475315912986
0.40373321253345845 1.1347517730496453 0.72 3.180358207780354
0.40814412748877477 1.1347517730496453 0.73 3.1990322331904655
0.41250233205101616 1.1347517730496453 0.74 3.21818216131579
0.41680684131988394 1.1347517730496453 0.75 3.2378211033886823
0.4210567348256006 1.1347517730496453 0.76 3.2579615006473808
0.4252509784676431 1.1347517730496453 0.77 3.278617911997904
0.4293885916864645 1.1347517730496453 0.78 3.2998044371627016
0.4334684981143924 1.1347517730496453 0.79 3.3215370450886
0.4374897279429663 1.1347517730496453 0.8 3.343830487052878
0.4414511975259207 1.1347517730496453 0.81 3.3667017072692973
0.44535180502012484 1.1347517730496453 0.82 3.3901683967048823
0.4491905110192431 1.1347517730496453 0.83 3.4142477980776436
0.4529661496399003 1.1347517730496453 0.84 3.438959614533452
0.4566775884357608 1.1347517730496453 0.85 3.4643236080245914
0.4603236160876194 1.1347517730496453 0.86 3.490361343798521
0.4639030729764808 1.1347517730496453 0.87 3.517094249443199
0.46741468289595767 1.1347517730496453 0.88 3.5445462115128956
0.4708571714897165 1.1347517730496453 0.89 3.5727418273636156
0.47422913155335444 1.1347517730496453 0.9 3.6017085030222904
0.4775292395399123 1.1347517730496453 0.91 3.631473227186489
0.4807559852077451 1.1347517730496453 0.92 3.662066742721982
0.48390782715625213 1.1347517730496453 0.93 3.6935212623078506
0.48698301463847676 1.1347517730496453 0.94 3.725873275224532
0.48997983232243175 1.1347517730496453 0.95 3.7591599155586
0.49289624583128544 1.1347517730496453 0.96 3.793424505345456
0.49573002105859465 1.1347517730496453 0.97 3.828714896371492
0.49847849105498604 1.1347517730496453 0.98 3.865087268866049
0.5011385007376963 1.1347517730496453 0.99 3.90260728093948
0.0 1.1489361702127658 0.0 2.648170254959569
0.006144969093465457 1.1489361702127658 0.01 2.6482598371192214
0.012289314684416765 1.1489361702127658 0.02 2.6485285646432497
0.01843241305670521 1.1489361702127658 0.03 2.6489765961582985
0.024573640422279268 1.1489361702127658 0.04 2.6496040836562993
0.03071237256390817 1.1489361702127658 0.05 2.650411295557003
0.036847984963178974 1.1489361702127658 0.06 2.651398547189849
0.04297985250222491 1.1489361702127658 0.07 2.652566243645328
0.0491073496425008 1.1489361702127658 0.08 2.653914839285856
0.055229849998451215 1.1489361702127658 0.09 2.6554448826104022
0.06134672703200705 1.1489361702127658 0.1 2.657156937560338
0.0674573501208069 1.1489361702127658 0.11 2.6590519124136183
0.07356109259061061 1.1489361702127658 0.12 2.661130360819967
0.0796573243288427 1.1489361702127658 0.13 2.663393133041513
0.08574541324624668 1.1489361702127658 0.14 2.6658412015353044
0.0918247274446703 1.1489361702127658 0.15 2.6684755150395842
0.0978946291626424 1.1489361702127658 0.16 2.6712973553755215
0.10395448797987315 1.1489361702127658 0.17 2.674307580787822
0.11000366455675724 1.1489361702127658 0.18 2.6775075496528444
0.11604151942998044 1.1489361702127658 0.19 2.680898602995909
0.12206740874494745 1.1489361702127658 0.2 2.684482273054735
0.12808069581319897 1.1489361702127658 0.21 2.688259770485516
0.13408073260741257 1.1489361702127658 0.22 2.692232813068235
0.14006686870849783 1.1489361702127658 0.23 2.6964031909962047
0.1460384634269248 1.1489361702127658 0.24 2.7007723195921294
0.15199485866338586 1.1489361702127658 0.25 2.7053422908328586
0.157935443675775 1.1489361702127658 0.26 2.7101135425255682
0.1638594336169325 1.1489361702127658 0.27 2.71509249675866
0.16976629963162884 1.1489361702127658 0.28 2.720276800153221
0.17565533857416535 1.1489361702127658 0.29 2.725670091337096
0.18152587204466325 1.1489361702127658 0.3 2.731275102916464
0.18737724784936532 1.1489361702127658 0.31 2.737093768880512
0.1932087633130579 1.1489361702127658 0.32 2.7431295291807842
0.1990198158796827 1.1489361702127658 0.33 2.74938297786345
0.20480965867742898 1.1489361702127658 0.34 2.7558588273522995
0.21057762448035047 1.1489361702127658 0.35 2.7625595244401753
0.21632304697691762 1.1489361702127658 0.36 2.7694875591129295
0.22204522244172462 1.1489361702127658 0.37 2.776646430744711
0.22774345597896342 1.1489361702127658 0.38 2.784039416761335
0.23341706338421242 1.1489361702127658 0.39 2.791669567324124
0.23906533680729947 1.1489361702127658 0.4 2.799540547527418
0.2446875651088097 1.1489361702127658 0.41 2.8076561216018265
0.25028305146471375 1.1489361702127658 0.42 2.816019762025692
0.2558510807597539 1.1489361702127658 0.43 2.8246354118147803
0.2613909147743392 1.1489361702127658 0.44 2.8335075600158897
0.26690185567594443 1.1489361702127658 0.45 2.8426398564620867
0.27238309346048606 1.1489361702127658 0.46 2.85203839377354
0.2778341054212307 1.1489361702127658 0.47 2.861703292708373
0.28325394914455343 1.1489361702127658 0.48 2.871643527887666
0.28864193636536406 1.1489361702127658 0.49 2.8818628020899535
0.29399734623272944 1.1489361702127658 0.5 2.892365603113885
0.29931940385076583 1.1489361702127658 0.51 2.9031575771746554
0.3046073443324454 1.1489361702127658 0.52 2.914244239093952
0.30986042385504614 1.1489361702127658 0.53 2.925630790114604
0.31507785826547663 1.1489361702127658 0.54 2.9373232996617884
0.3202588611612389 1.1489361702127658 0.55 2.949327967111551
0.32540267086859487 1.1489361702127658 0.56 2.9616506414490247
0.330508486573829 1.1489361702127658 0.57 2.97429800891623
0.3355755004426459 1.1489361702127658 0.58 2.9872769928834497
0.34060293337608866 1.1489361702127658 0.59 3.0005941307988877
0.34558996468037845 1.1489361702127658 0.6 3.0142568398435547
0.35053576504831824 1.1489361702127658 0.61 3.028272823159956
0.35543953672900713 1.1489361702127658 0.62 3.0426493894793016
0.3603004367347105 1.1489361702127658 0.63 3.0573947944630326
0.36511761345588584 1.1489361702127658 0.64 3.0725176042491213
0.3698902504203356 1.1489361702127658 0.65 3.088025974242454
0.3746174779967323 1.1489361702127658 0.66 3.1039291500150483
0.3792984194882074 1.1489361702127658 0.67 3.120236690340455
0.3839322470074534 1.1489361702127658 0.68 3.136957566905461
0.3885180528723811 1.1489361702127658 0.69 3.1541022950431987
0.39305475217151215 1.1489361702127658 0.7 3.171684480924806
0.3975420565208758 1.1489361702127658 0.71 3.1897051336720863
0.40197846601577775 1.1489361702127658 0.72 3.2081850873616706
0.40636326799702466 1.1489361702127658 0.73 3.2271327569522947
0.41069550968046903 1.1489361702127658 0.74 3.246560724041884
0.4149743001730987 1.1489361702127658 0.75 3.2664809097258516
0.4191986753618493 1.1489361702127658 0.76 3.2869067350434333
0.4233676539117061 1.1489361702127658 0.77 3.307852245103925
0.4274803321599762 1.1489361702127658 0.78 3.329330650782561
0.43153567842086377 1.1489361702127658 0.79 3.3513575663602335
0.435532717864087 1.1489361702127658 0.8 3.3739481420707818
0.43947040885014377 1.1489361702127658 0.81 3.397119014909174
0.44334777535488973 1.1489361702127658 0.82 3.4208862827527056
0.447163751540119 1.1489361702127658 0.83 3.4452679383125857
0.45091733366662146 1.1489361702127658 0.84 3.4702815519219734
0.4546072585240643 1.1489361702127658 0.85 3.4959492556473575
0.4582326157162326 1.1489361702127658 0.86 3.5222883540990515
0.46179220236589646 1.1489361702127658 0.87 3.5493212937594882
0.4652847840127183 1.1489361702127658 0.88 3.577071687185713
0.46870935804840286 1.1489361702127658 0.89 3.6055603085722527
0.4720645033671494 1.1489361702127658 0.9 3.6348151424640176
0.47534898587981195 1.1489361702127658 0.91 3.6648621286409404
0.47856137400254856 1.1489361702127658 0.92 3.6957311417251737
0.4817004745121609 1.1489361702127658 0.93 3.727449333220001
0.4847645643119055 1.1489361702127658 0.94 3.7600530757490156
0.4877520810587723 1.1489361702127658 0.95 3.793577392377393
0.4906612976258611 1.1489361702127658 0.96 3.8280610911128967
0.49349004919722234 1.1489361702127658 0.97 3.863551171357331
0.4962362347198008 1.1489361702127658 0.98 3.9000951773856447
0.49889698672814764 1.1489361702127658 0.99 3.937754418247472
0.0 1.1631205673758864 0.0 2.667601416182294
0.006122546895982261 1.1631205673758864 0.01 2.6676924482291167
0.012244466942758575 1.1631205673758864 0.02 2.667965597514497
0.018365133214753075 1.1631205673758864 0.03 2.668420961752609
0.024483918566483225 1.1631205673758864 0.04 2.6690587288338934
0.03060019554689609 1.1631205673758864 0.05 2.669879157801566
0.03671333637183005 1.1631205673758864 0.06 2.6708825706198738
0.0428227127981358 1.1631205673758864 0.07 2.672069363496928
0.04892769643542317 1.1631205673758864 0.08 2.673439962179455
0.055027654322855175 1.1631205673758864 0.09 2.674995267491719
0.06112196101100448 1.1631205673758864 0.1 2.67673539040408
0.0672099827427947 1.1631205673758864 0.11 2.6786612955903366
0.0732910875892236 1.1631205673758864 0.12 2.6807737320576646
0.07936464178021839 1.1631205673758864 0.13 2.683073586542471
0.08543001225745205 1.1631205673758864 0.14 2.685561696228872
0.09148655814825962 1.1631205673758864 0.15 2.688239386518006
0.09753364926107046 1.1631205673758864 0.16 2.6911073206822897
0.10357064310268793 1.1631205673758864 0.17 2.694166904513657
0.10959690022445762 1.1631205673758864 0.18 2.697419347707713
0.1156117753048138 1.1631205673758864 0.19 2.700866148272672
0.12161463094108123 1.1631205673758864 0.2 2.704508426424006
0.1276048172852285 1.1631205673758864 0.21 2.70834789189116
0.13358168791560235 1.1631205673758864 0.22 2.7123860866740723
0.13954458851178558 1.1631205673758864 0.23 2.7166248766768004
0.14549287476402473 1.1631205673758864 0.24 2.7210657332044335
0.15142588803478782 1.1631205673758864 0.25 2.7257106987367736
0.15734296309535356 1.1631205673758864 0.26 2.730562029754464
0.16324346495300193 1.1631205673758864 0.27 2.735620940758675
0.16912671008311858 1.1631205673758864 0.28 2.740890344173528
0.17499204726815093 1.1631205673758864 0.29 2.746372056570984
0.18083878468673958 1.1631205673758864 0.3 2.752069200435101
0.18666627947157752 1.1631205673758864 0.31 2.757983380309581
0.19247385158942926 1.1631205673758864 0.32 2.764117385364777
0.19826080982612604 1.1631205673758864 0.33 2.77047431500333
0.2040264926509473 1.1631205673758864 0.34 2.7770564408741456
0.20977021449126923 1.1631205673758864 0.35 2.783866751652061
0.21549126958915343 1.1631205673758864 0.36 2.790908779314858
0.22118899087575808 1.1631205673758864 0.37 2.798185060848696
0.22686268536691487 1.1631205673758864 0.38 2.805698863381981
0.23251162059480712 1.1631205673758864 0.39 2.813454446128009
0.23813513410801498 1.1631205673758864 0.4 2.8214543766299536
0.24373269109446435 1.1631205673758864 0.41 2.829698380007763
0.24930302139705346 1.1631205673758864 0.42 2.8382032757916758
0.25484597611943915 1.1631205673758864 0.43 2.8469598979517423
0.26036062822523 1.1631205673758864 0.44 2.8559771695838525
0.2658463061358826 1.1631205673758864 0.45 2.865258219014012
0.271302237107698 1.1631205673758864 0.46 2.874808455745062
0.27672768999264236 1.1631205673758864 0.47 2.884632420666728
0.28212195980514576 1.1631205673758864 0.48 2.894734189632938
0.28748427987905506 1.1631205673758864 0.49 2.905119199776895
0.29281389881374076 1.1631205673758864 0.5 2.9157926317312683
0.29811009219639967 1.1631205673758864 0.51 2.926759215463358
0.3033720837282142 1.1631205673758864 0.52 2.9380248054121574
0.3085991042088074 1.1631205673758864 0.53 2.9495951945784826
0.3137904134302462 1.1631205673758864 0.54 2.9614757234643725
0.3189452200662231 1.1631205673758864 0.55 2.9736728191089634
0.3240627364344835 1.1631205673758864 0.56 2.986192938571555
0.32914220979017217 1.1631205673758864 0.57 2.99904201610412
0.3341828283538568 1.1631205673758864 0.58 3.0122272041948257
0.3391837837462241 1.1631205673758864 0.59 3.0257557135803785
0.3441443199304625 1.1631205673758864 0.6 3.0396339661057046
0.3490635934573226 1.1631205673758864 0.61 3.0538700975498756
0.35394073558077166 1.1631205673758864 0.62 3.0684728200268543
0.35877511215345426 1.1631205673758864 0.63 3.083446951939844
0.3635657214477268 1.1631205673758864 0.64 3.0988038676338676
0.3683117996389068 1.1631205673758864 0.65 3.114551009559886
0.3730124607066729 1.1631205673758864 0.66 3.1306981112752044
0.37766691698559063 1.1631205673758864 0.67 3.1472534581332288
0.3822742965359669 1.1631205673758864 0.68 3.1642269841933524
0.38683372076065825 1.1631205673758864 0.69 3.1816289625816974
0.39134435802654843 1.1631205673758864 0.7 3.19946914284263
0.3958053170808211 1.1631205673758864 0.71 3.2177585233609682
0.40021568817140174 1.1631205673758864 0.72 3.23650867576703
0.40457466485145516 1.1631205673758864 0.73 3.25572979620373
0.4088812819109639 1.1631205673758864 0.74 3.2754349621324206
0.41313466083729455 1.1631205673758864 0.75 3.295636177239161
0.41733385956526303 1.1631205673758864 0.76 3.3163468101471274
0.42147800223314796 1.1631205673758864 0.77 3.3375795412473503
0.42556613717148717 1.1631205673758864 0.78 3.3593486448274628
0.4295971510751493 1.1631205673758864 0.79 3.381671343914642
0.43357060539900316 1.1631205673758864 0.8 3.4045546688547277
0.43748504078482714 1.1631205673758864 0.81 3.4280221763347214
0.4413396472341155 1.1631205673758864 0.82 3.4520876784579353
0.44513341032572656 1.1631205673758864 0.83 3.4767687076210043
0.4488653908749603 1.1631205673758864 0.84 3.5020821559046116
0.45253452585924103 1.1631205673758864 0.85 3.5280474162252053
0.45613979345377714 1.1631205673758864 0.86 3.5546838358812503
0.4596801078801868 1.1631205673758864 0.87 3.5820123931182626
0.46315444484897117 1.1631205673758864 0.88 3.610053779648391
0.4665616593424474 1.1631205673758864 0.89 3.6388312816073443
0.4699006198371434 1.1631205673758864 0.9 3.6683687327606007
0.47317011369435646 1.1631205673758864 0.91 3.6986920403637207
0.47636897532728406 1.1631205673758864 0.92 3.7298272379594786
0.4794958743506548 1.1631205673758864 0.93 3.761803858095865
0.48254945967649127 1.1631205673758864 0.94 3.794652752235756
0.48552822627286246 1.1631205673758864 0.95 3.828408264140916
0.48843071482518363 1.1631205673758864 0.96 3.86310518082569
0.49125506911834704 1.1631205673758864 0.97 3.898785830310959
0.4939993133109104 1.1631205673758864 0.98 3.9354958695875815
0.4966610581784651 1.1631205673758864 0.99 3.9732891397386663
0.0 1.177304964539007 0.0 2.687444268335433
0.006099901052156311 1.177304964539007 0.01 2.6875367984556275
0.012199172043450576 1.177304964539007 0.02 2.687814416555271
0.01829718279437618 1.177304964539007 0.03 2.688277243852204
0.024393303000420214 1.177304964539007 0.04 2.688925451414254
0.030486902034984133 1.177304964539007 0.05 2.689759302684129
0.03657735225033704 1.177304964539007 0.06 2.6907786390864956
0.042664010295137215 1.177304964539007 0.07 2.6919855792772105
0.04874625741549856 1.177304964539007 0.08 2.6933786851863015
0.05482345563248815 1.177304964539007 0.09 2.6949592695905005
0.06089497158992975 1.177304964539007 0.1 2.6967279452831017
0.06696017086872326 1.177304964539007 0.11 2.6986854271772764
0.07301841813163173 1.177304964539007 0.12 2.7008325047231008
0.07906907790591337 1.177304964539007 0.13 2.703169983702092
0.08511150743969634 1.177304964539007 0.14 2.705699156821653
0.09114507548028186 1.177304964539007 0.15 2.7084205495913967
0.09716913763029829 1.177304964539007 0.16 2.711335550493589
0.10318305289673127 1.177304964539007 0.17 2.714445311101398
0.10918617944627193 1.177304964539007 0.18 2.7177510402753904
0.11517786554558616 1.177304964539007 0.19 2.7212544353023094
0.1211574738957143 1.177304964539007 0.2 2.724956486862425
0.12712435141874254 1.177304964539007 0.21 2.7288589548221953
0.13307784967965902 1.177304964539007 0.22 2.732963377841032
0.13901730929237927 1.177304964539007 0.23 2.7372717495981482
0.14494208519762405 1.177304964539007 0.24 2.7417854883937536
0.15085151607735192 1.177304964539007 0.25 2.746506674971932
0.15674492538629678 1.177304964539007 0.26 2.7514379114456835
0.16262170110603957 1.177304964539007 0.27 2.7565795434255977
0.16848113205036377 1.177304964539007 0.28 2.761935414783999
0.17432256827544926 1.177304964539007 0.29 2.7675072317304847
0.18014533091791823 1.177304964539007 0.3 2.773297682153052
0.185948760383695 1.177304964539007 0.31 2.7793088649181024
0.19173217635471806 1.177304964539007 0.32 2.785543549656124
0.19749489392598732 1.177304964539007 0.33 2.7920046433388546
0.2032362436237922 1.177304964539007 0.34 2.798694635983915
0.2089555339476949 1.177304964539007 0.35 2.8056166735265196
0.214652071849042 1.177304964539007 0.36 2.8127739555712097
0.22032517929507564 1.177304964539007 0.37 2.820169320152644
0.22597415241618468 1.177304964539007 0.38 2.8278063215028597
0.2315982868877927 1.177304964539007 0.39 2.835688544752713
0.23719689715641376 1.177304964539007 0.4 2.843819157084378
0.2427692659771555 1.177304964539007 0.41 2.8522021506027655
0.24831467663110438 1.177304964539007 0.42 2.8608415336799236
0.25383243605599237 1.177304964539007 0.43 2.869740822281344
0.2593218116371097 1.177304964539007 0.44 2.878904503475405
0.2647820744785598 1.177304964539007 0.45 2.8883370206428802
0.2702125220555809 1.177304964539007 0.46 2.8980423077855773
0.2756124065497741 1.177304964539007 0.47 2.908025359228972
0.28098098440336594 1.177304964539007 0.48 2.918291131535704
0.2863175476129832 1.177304964539007 0.49 2.9288439233554038
0.2916213277708952 1.177304964539007 0.5 2.939689374736339
0.29689156502934894 1.177304964539007 0.51 2.950833016559111
0.30212755216360787 1.177304964539007 0.52 2.962279432195494
0.3073284928204677 1.177304964539007 0.53 2.9740350803486395
0.3124935853091014 1.177304964539007 0.54 2.9861065904266946
0.31762220421070103 1.177304964539007 0.55 2.998497343221512
0.3227134430468682 1.177304964539007 0.56 3.011216214167248
0.327766587462171 1.177304964539007 0.57 3.0242685443389346
0.3327807857370988 1.177304964539007 0.58 3.0376623714222672
0.3377553285664331 1.177304964539007 0.59 3.051403250822021
0.34268939995396175 1.177304964539007 0.6 3.0654988576802378
0.3475821784389071 1.177304964539007 0.61 3.0799571076740695
0.3524328954133666 1.177304964539007 0.62 3.0947851430403883
0.35724072947150914 1.177304964539007 0.63 3.109991226774498
0.3620048519649263 1.177304964539007 0.64 3.1255839283335094
0.3667244758913608 1.177304964539007 0.65 3.1415712955573616
0.3713987587988244 1.177304964539007 0.66 3.15796254724699
0.37602683279409466 1.177304964539007 0.67 3.174767544884073
0.3806079789589364 1.177304964539007 0.68 3.1919938686527645
0.3851412532573935 1.177304964539007 0.69 3.2096531489856965
0.3896258471096208 1.177304964539007 0.7 3.2277549885265087
0.39406088358074054 1.177304964539007 0.71 3.2463104056353607
0.3984455467571349 1.177304964539007 0.72 3.2653296985861675
0.40277895598130764 1.177304964539007 0.73 3.2848245398990734
0.40706020000234916 1.177304964539007 0.74 3.304807413266693
0.4112885280262918 1.177304964539007 0.75 3.325288533506284
0.41546295106023173 1.177304964539007 0.76 3.3462823393715078
0.41958261896006643 1.177304964539007 0.77 3.367801387300004
0.42364661585786345 1.177304964539007 0.78 3.389859686980712
0.4276540875937539 1.177304964539007 0.79 3.4124706727964886
0.43160410068457966 1.177304964539007 0.8 3.435649485030358
0.43549575352970793 1.177304964539007 0.81 3.4594112112450555
0.4393280863277692 1.177304964539007 0.82 3.4837723457954346
0.44310022147021993 1.177304964539007 0.83 3.508748585401386
0.44681119082296117 1.177304964539007 0.84 3.5343575981244104
0.4504600555342214 1.177304964539007 0.85 3.5606171502655886
0.45404579525141836 1.177304964539007 0.86 3.587546890026298
0.457567498101692 1.177304964539007 0.87 3.615165376844265
0.4610241325733372 1.177304964539007 0.88 3.6434937220098025
0.4644146892611367 1.177304964539007 0.89 3.6725533856632353
0.4677380741137014 1.177304964539007 0.9 3.7023679060281913
0.47099327695513427 1.177304964539007 0.91 3.7329602781850872
0.47417915043120873 1.177304964539007 0.92 3.764356500782461
0.4772945404348027 1.177304964539007 0.93 3.7965835679640985
0.48033819107594417 1.177304964539007 0.94 3.8296710409773764
0.48330886946001317 1.177304964539007 0.95 3.8636491327698788
0.4862051366188717 1.177304964539007 0.96 3.8985524423894784
0.48902546290342835 1.177304964539007 0.97 3.9344182223037243
0.4917678377732762 1.177304964539007 0.98 3.9712927919095837
0.49443097812397496 1.177304964539007 0.99 4.009212194770518
0.0 1.1914893617021276 0.0 2.7077051952680105
0.006077035454285122 1.1914893617021276 0.01 2.7077992263427086
0.012153437530342514 1.1914893617021276 0.02 2.7080814684262484
0.018228574430504314 1.1914893617021276 0.03 2.7085515002663856
0.02430180733729028 1.1914893617021276 0.04 2.7092110336930464
0.03037250940809895 1.1914893617021276 0.05 2.7100584525037505
0.03644004294769993 1.1914893617021276 0.06 2.711095027561845
0.04250377384015494 1.1914893617021276 0.07 2.7123210589623916
0.04856306682803865 1.1914893617021276 0.08 2.7137370466199715
0.05461728602838177 1.1914893617021276 0.09 2.7153435619004496
0.06066579488937521 1.1914893617021276 0.1 2.7171412464593216
0.06670795581482983 1.1914893617021276 0.11 2.719130839116874
0.07274313082435596 1.1914893617021276 0.12 2.7213131123073233
0.07877067495940922 1.1914893617021276 0.13 2.7236893395041295
0.08478996035516616 1.1914893617021276 0.14 2.7262595941901986
0.09080033472317015 1.1914893617021276 0.15 2.729025659565926
0.09680115742898633 1.1914893617021276 0.16 2.731988488783184
0.10279178459034734 1.1914893617021276 0.17 2.7351492569720146
0.10877159118328067 1.1914893617021276 0.18 2.7385082066976385
0.11473986240897821 1.1914893617021276 0.19 2.742070095037971
0.12069601843958304 1.1914893617021276 0.2 2.745832897585721
0.12663938402134992 1.1914893617021276 0.21 2.749799385636391
0.13256930799697333 1.1914893617021276 0.22 2.7539711289154396
0.1384851273358876 1.1914893617021276 0.23 2.7583501957427345
0.14438619575544046 1.1914893617021276 0.24 2.762937975456575
0.15027184900161894 1.1914893617021276 0.25 2.767736601311975
0.1561414330169953 1.1914893617021276 0.26 2.7727478308464786
0.16199425925843206 1.1914893617021276 0.27 2.777974658667064
0.16782968897579179 1.1914893617021276 0.28 2.783418331860739
0.1736470434935333 1.1914893617021276 0.29 2.789081525202142
0.1794456453615094 1.1914893617021276 0.3 2.7949668550598528
0.1852248322664362 1.1914893617021276 0.31 2.801076482934277
0.19098391953425092 1.1914893617021276 0.32 2.8074132967341723
0.19672294449845693 1.1914893617021276 0.33 2.8139595313216135
0.20243907305334843 1.1914893617021276 0.34 2.820779599005098
0.20813377400260774 1.1914893617021276 0.35 2.827814847005059
0.21380564218279638 1.1914893617021276 0.36 2.83508887645356
0.21945397084195686 1.1914893617021276 0.37 2.842605298545543
0.225078083618525 1.1914893617021276 0.38 2.8503669626905475
0.2306772742953078 1.1914893617021276 0.39 2.8583775475768127
0.2362508317516969 1.1914893617021276 0.4 2.8666408828505636
0.24179806531369832 1.1914893617021276 0.41 2.8751603467234044
0.24731825771881089 1.1914893617021276 0.42 2.8839400223285536
0.2528106875089836 1.1914893617021276 0.43 2.8929841335171234
0.2582746559431509 1.1914893617021276 0.44 2.902296443298979
0.2637094307636292 1.1914893617021276 0.45 2.9118815518461676
0.2691142777749336 1.1914893617021276 0.46 2.9217441549629246
0.2744884950950359 1.1914893617021276 0.47 2.931888321324835
0.2798313301715813 1.1914893617021276 0.48 2.9423193031630666
0.2851420233025496 1.1914893617021276 0.49 2.953042560133434
0.2904199098087227 1.1914893617021276 0.5 2.964061676486544
0.2956641755752603 1.1914893617021276 0.51 2.9753834305150204
0.3008741108297485 1.1914893617021276 0.52 2.9870125522420232
0.3060489010143782 1.1914893617021276 0.53 2.9989559764524607
0.3111878575707868 1.1914893617021276 0.54 3.011218253344946
0.3162901973283133 1.1914893617021276 0.55 3.023805931513824
0.3213551344892322 1.1914893617021276 0.56 3.036725717443724
0.32638192837078384 1.1914893617021276 0.57 3.049983593928477
0.33136979215115187 1.1914893617021276 0.58 3.0635865655640933
0.3363179334683905 1.1914893617021276 0.59 3.077541880330295
0.34122559789972035 1.1914893617021276 0.6 3.09185624944303
0.34609198088689114 1.1914893617021276 0.61 3.1065374737158913
0.3509162528690301 1.1914893617021276 0.62 3.1215939654108444
0.3556977323969218 1.1914893617021276 0.63 3.137031689450287
0.3604355152563524 1.1914893617021276 0.64 3.1528607741401964
0.3651288350846847 1.1914893617021276 0.65 3.1690891033810886
0.3697768579472831 1.1914893617021276 0.66 3.185725966065868
0.3743788100516394 1.1914893617021276 0.67 3.2027798407394616
0.37893385870361124 1.1914893617021276 0.68 3.2202604688189616
0.38344115829561154 1.1914893617021276 0.69 3.238178058089938
0.3878999521485602 1.1914893617021276 0.7 3.256541582224661
0.3923093580609921 1.1914893617021276 0.71 3.275362419840694
0.39666856400284584 1.1914893617021276 0.72 3.2946510608856543
0.4009767097480365 1.1914893617021276 0.73 3.314419111289261
0.4052329974016741 1.1914893617021276 0.74 3.334677471768293
0.4094365636594996 1.1914893617021276 0.75 3.355438471617099
0.41358659367613104 1.1914893617021276 0.76 3.3767140048780364
0.41768213705586205 1.1914893617021276 0.77 3.3985185583448416
0.4217224541983125 1.1914893617021276 0.78 3.4208635766406967
0.4257066445204147 1.1914893617021276 0.79 3.4437635500230095
0.42963376398610403 1.1914893617021276 0.8 3.467234101140792
0.4335031767168704 1.1914893617021276 0.81 3.491286338987041
0.4373137940682568 1.1914893617021276 0.82 3.515939164631066
0.4410648064014349 1.1914893617021276 0.83 3.5412074823635034
0.44475527294352024 1.1914893617021276 0.84 3.5671088394011066
0.4483844545729798 1.1914893617021276 0.85 3.5936581073004055
0.45195131395381055 1.1914893617021276 0.86 3.6208755289358128
0.455454981717423 1.1914893617021276 0.87 3.648779269753914
0.4588981975148973 1.1914893617021276 0.88 3.6773303032579965
0.4622690173863038 1.1914893617021276 0.89 3.7067256203094505
0.4655775080693435 1.1914893617021276 0.9 3.736810166966588
0.46881900987235464 1.1914893617021276 0.91 3.767665669975542
0.47199253084091125 1.1914893617021276 0.92 3.799315876956388
0.47509696610813745 1.1914893617021276 0.93 3.8317872051148485
0.47813130724072395 1.1914893617021276 0.94 3.865105424228903
0.48109436740139216 1.1914893617021276 0.95 3.8993001464944106
0.48398492162165907 1.1914893617021276 0.96 3.93440264128084
0.486801588229428 1.1914893617021276 0.97 3.9704478448197698
0.48954294642185414 1.1914893617021276 0.98 4.007472552783361
0.49220717031197636 1.1914893617021276 0.99 4.04552153232803
0.0 1.2056737588652482 0.0 2.7283913232212433
0.006053953126475269 1.2056737588652482 0.01 2.7284870187741284
0.012107270309765106 1.2056737588652482 0.02 2.7287736578351356
0.018159314745683528 1.2056737588652482 0.03 2.7292517487968144
0.0242094498725672 1.2056737588652482 0.04 2.729921387901847
0.030257038841646103 1.2056737588652482 0.05 2.73078282746269
0.03630144447231965 1.2056737588652482 0.06 2.731836403246598
0.04234202894556207 1.2056737588652482 0.07 2.7330825581607527
0.04837815407132968 1.2056737588652482 0.08 2.7345217836941553
0.05440918114094277 1.2056737588652482 0.09 2.736154642297902
0.060434470203311684 1.2056737588652482 0.1 2.7379818288877167
0.06645338114577405 1.2056737588652482 0.11 2.740004050669563
0.07246527383310766 1.2056737588652482 0.12 2.742222038118075
0.07846949943342782 1.2056737588652482 0.13 2.7446371675806542
0.08446542351985314 1.2056737588652482 0.14 2.747249755102466
0.09045239686433186 1.2056737588652482 0.15 2.7500612015875356
0.09642977395374742 1.2056737588652482 0.16 2.7530726239013155
0.1023969077591649 1.2056737588652482 0.17 2.7562852386538927
0.10835312228830275 1.2056737588652482 0.18 2.759701752680701
0.11429784512976202 1.2056737588652482 0.19 2.763319594382969
0.12023034901129903 1.2056737588652482 0.2 2.767144099700781
0.12615000427352074 1.2056737588652482 0.21 2.7711756249695916
0.1320561565321941 1.2056737588652482 0.22 2.775415794753961
0.13794814194170316 1.2056737588652482 0.23 2.779866638648039
0.14382531130235915 1.2056737588652482 0.24 2.7845295944850545
0.14968699734532834 1.2056737588652482 0.25 2.7894068553408253
0.15553253804538916 1.2056737588652482 0.26 2.7945004110229097
0.16136126108448673 1.2056737588652482 0.27 2.7998126383597515
0.16717250864970512 1.2056737588652482 0.28 2.805345420560644
0.17296560395974164 1.2056737588652482 0.29 2.8111013289876623
0.1787398820701512 1.2056737588652482 0.3 2.817082562073317
0.18449464195873413 1.2056737588652482 0.31 2.82329248166949
0.19022923367947617 1.2056737588652482 0.32 2.8297328718358967
0.19594296566417987 1.2056737588652482 0.33 2.836406851966055
0.20163514663233187 1.2056737588652482 0.34 2.8433175343182766
0.20730510446863387 1.2056737588652482 0.35 2.85046752168905
0.2129521394974129 1.2056737588652482 0.36 2.8578602382452125
0.21857563538202662 1.2056737588652482 0.37 2.8654969404592547
0.22417466709385586 1.2056737588652482 0.38 2.87338702441088
0.22974876900431873 1.2056737588652482 0.39 2.8815278926745473
0.23529716175967536 1.2056737588652482 0.4 2.8899252228247208
0.24081912687056317 1.2056737588652482 0.41 2.898583118541255
0.24631397421803256 1.2056737588652482 0.42 2.9075050502250193
0.2517809831232653 1.2056737588652482 0.43 2.9166952957265764
0.25721942840637874 1.2056737588652482 0.44 2.92615828903277
0.26262861057830167 1.2056737588652482 0.45 2.9358979480592597
0.26800779404006353 1.2056737588652482 0.46 2.945919092967744
0.27335623345977594 1.2056737588652482 0.47 2.9562268174378996
0.278673255728254 1.2056737588652482 0.48 2.966824739458586
0.28395807687614044 1.2056737588652482 0.49 2.9777189695276784
0.28920998314202123 1.2056737588652482 0.5 2.988914200358258
0.2944282008403635 1.2056737588652482 0.51 3.0004164782220037
0.2996120257050951 1.2056737588652482 0.52 3.0122305266182727
0.3047606954357533 1.2056737588652482 0.53 3.0243623808120326
0.3098734443305871 1.2056737588652482 0.54 3.0368182500784497
0.31494954186922147 1.2056737588652482 0.55 3.049603778670693
0.31998821564847457 1.2056737588652482 0.56 3.062725572313763
0.3249886851863882 1.2056737588652482 0.57 3.076190521616303
0.3299502346079154 1.2056737588652482 0.58 3.090004444755912
0.3348720530370176 1.2056737588652482 0.59 3.1041751208326827
0.3397533869854582 1.2056737588652482 0.6 3.1187094123751664
0.34459342701962803 1.2056737588652482 0.61 3.133615391044935
0.3493914371691861 1.2056737588652482 0.62 3.1488999693423256
0.3541466177425254 1.2056737588652482 0.63 3.164571423367379
0.35885816476946325 1.2056737588652482 0.64 3.180638301140178
0.3635253310535052 1.2056737588652482 0.65 3.197108359519918
0.36814729558123893 1.2056737588652482 0.66 3.213990895038937
0.3727232795110524 1.2056737588652482 0.67 3.2312946976605024
0.3772524495920666 1.2056737588652482 0.68 3.2490297539193973
0.38173405522669007 1.2056737588652482 0.69 3.267204884139742
0.3861672742849349 1.2056737588652482 0.7 3.285830424244093
0.3905512608204904 1.2056737588652482 0.71 3.3049173959426046
0.39488532532402065 1.2056737588652482 0.72 3.32447447767161
0.39916855600323053 1.2056737588652482 0.73 3.3445144318581184
0.4034001763420434 1.2056737588652482 0.74 3.365048065938884
0.40757935156882413 1.2056737588652482 0.75 3.3860875168700857
0.411705317412157 1.2056737588652482 0.76 3.407644116777586
0.4157772265169136 1.2056737588652482 0.77 3.429730965580228
0.419794273608101 1.2056737588652482 0.78 3.452360867063994
0.42375561416971547 1.2056737588652482 0.79 3.47554769320185
0.42766047697184745 1.2056737588652482 0.8 3.499304554373509
0.43150801317317056 1.2056737588652482 0.81 3.523646298174696
0.4352974088474822 1.2056737588652482 0.82 3.5485876830531207
0.4390278086390619 1.2056737588652482 0.83 3.574144649382007
0.44269843754042165 1.2056737588652482 0.84 3.6003323584227718
0.4463084327637463 1.2056737588652482 0.85 3.6271679560753305
0.4498569662163097 1.2056737588652482 0.86 3.654668603461749
0.4533431649490188 1.2056737588652482 0.87 3.6828527986085886
0.4567662435850786 1.2056737588652482 0.88 3.7117382536872574
0.46012529966613014 1.2056737588652482 0.89 3.7413452509210936
0.4634194729654049 1.2056737588652482 0.9 3.771694087263291
0.4666477321302814 1.2056737588652482 0.91 3.802808584100349
0.4698095849144902 1.2056737588652482 0.92 3.834704551475858
0.4729037018827914 1.2056737588652482 0.93 3.867412260955812
0.4759292406949225 1.2056737588652482 0.94 3.900954911119555
0.4788851955226642 1.2056737588652482 0.95 3.9353592842128835
0.48177044537184194 1.2056737588652482 0.96 3.9706550319545935
0.4845838942534535 1.2056737588652482 0.97 4.006872442996459
0.4873242112182107 1.2056737588652482 0.98 4.044046814015862
0.4899899070488024 1.2056737588652482 0.99 4.082217314335205
0.0 1.2198581560283688 0.0 2.749508313597096
0.00603065950615944 1.2198581560283688 0.01 2.7496054668685854
0.012060679713406665 1.2198581560283688 0.02 2.7498969705672196
0.018089421230799204 1.2198581560283688 0.03 2.7503829410745637
0.024116244502021617 1.2198581560283688 0.04 2.751063570764703
0.03014050961577703 1.2198581560283688 0.05 2.7519391487237748
0.03616157641456877 1.2198581560283688 0.06 2.7530100156112005
0.042178804215252115 1.2198581560283688 0.07 2.75427660810516
0.04819155183928553 1.2198581560283688 0.08 2.755739434985485
0.05419917748734959 1.2198581560283688 0.09 2.7573990852728114
0.06020103862891031 1.2198581560283688 0.1 2.7592562304751342
0.06619649207288603 1.2198581560283688 0.11 2.7613116108732374
0.0721848961307633 1.2198581560283688 0.12 2.7635658687342377
0.07816559523984683 1.2198581560283688 0.13 2.7660206989568046
0.08413795585720477 1.2198581560283688 0.14 2.7686761411388043
0.09010132524689293 1.2198581560283688 0.15 2.7715336796317778
0.09605505483210891 1.2198581560283688 0.16 2.774594472894555
0.10199849492216904 1.2198581560283688 0.17 2.7778597555089464
0.1079310037217439 1.2198581560283688 0.18 2.781330373070347
0.11385189647753403 1.2198581560283688 0.19 2.7850093877718107
0.11976055302769063 1.2198581560283688 0.2 2.7888965541431223
0.1256563046599628 1.2198581560283688 0.21 2.7929941243303102
0.13153849413818186 1.2198581560283688 0.22 2.7973037671876444
0.13740645253949615 1.2198581560283688 0.23 2.8018276518500165
0.1432595407481828 1.2198581560283688 0.24 2.8065667403926886
0.14909707575100223 1.2198581560283688 0.25 2.81152381113382
0.15491839751922631 1.2198581560283688 0.26 2.816700714718981
0.1607228063848103 1.2198581560283688 0.27 2.8221007505834286
0.16650972341506634 1.2198581560283688 0.28 2.827722997095492
0.1722783885009029 1.2198581560283688 0.29 2.8335729266033947
0.178028155182338 1.2198581560283688 0.3 2.839652039550216
0.18375833656783544 1.2198581560283688 0.31 2.845963238483347
0.18946827629181978 1.2198581560283688 0.32 2.8525085081043233
0.1951572729830019 1.2198581560283688 0.33 2.8592912679002693
0.20082464834403724 1.2198581560283688 0.34 2.8663142563905972
0.20646970486833754 1.2198581560283688 0.35 2.8735808098270885
0.2120917673144698 1.2198581560283688 0.36 2.8810936783612635
0.21769013471234816 1.2198581560283688 0.37 2.8888563836201486
0.223264086096624 1.2198581560283688 0.38 2.896872997974144
0.22881299349326875 1.2198581560283688 0.39 2.9051452323382287
0.23433608869737807 1.2198581560283688 0.4 2.913678497687472
0.23983268915134767 1.2198581560283688 0.41 2.9224760403762655
0.24530207417280422 1.2198581560283688 0.42 2.9315421299450017
0.25074355206921256 1.2198581560283688 0.43 2.9408804035473812
0.25615639901603104 1.2198581560283688 0.44 2.9504953474358846
0.2615398856849493 1.2198581560283688 0.45 2.9603916351050157
0.26689332137962907 1.2198581560283688 0.46 2.970573145959284
0.2722159591728217 1.2198581560283688 0.47 2.9810451239680495
0.277507086632562 1.2198581560283688 0.48 2.9918121296659974
0.2827659405100852 1.2198581560283688 0.49 3.002879921460579
0.2879918278317389 1.2198581560283688 0.5 3.0142528500677948
0.29318399757699637 1.2198581560283688 0.51 3.025936624334271
0.2983416970566374 1.2198581560283688 0.52 3.0379370863946336
0.30346420932717083 1.2198581560283688 0.53 3.050259469199774
0.30855077305291573 1.2198581560283688 0.54 3.06291004365126
0.31360082614213936 1.2198581560283688 0.55 3.0758912933138194
0.31861305768633186 1.2198581560283688 0.56 3.0892205349648276
0.323587281281517 1.2198581560283688 0.57 3.102893181130386
0.32852255015852044 1.2198581560283688 0.58 3.1169197179546533
0.3334180877205675 1.2198581560283688 0.59 3.1313074452991296
0.33827316186908785 1.2198581560283688 0.6 3.146062999905427
0.34308699108964424 1.2198581560283688 0.61 3.1611941369000673
0.34785889565901207 1.2198581560283688 0.62 3.1767069358478195
0.3525878418693604 1.2198581560283688 0.63 3.1926141461928275
0.3572733337350385 1.2198581560283688 0.64 3.2089189144025374
0.3619145049237569 1.2198581560283688 0.65 3.2256313753946237
0.36651056164727996 1.2198581560283688 0.66 3.2427605642363173
0.3710607681346315 1.2198581560283688 0.67 3.26031473552783
0.37556432020354635 1.2198581560283688 0.68 3.278303617966747
0.38002045091493686 1.2198581560283688 0.69 3.2967365543577083
0.38442835187209634 1.2198581560283688 0.7 3.3156238931524404
0.3887872866752179 1.2198581560283688 0.71 3.33497503548748
0.3930964544124154 1.2198581560283688 0.72 3.3548008126347164
0.3973550984888608 1.2198581560283688 0.73 3.3751116228649543
0.40156236085300967 1.2198581560283688 0.74 3.3959199298113854
0.4057175527932282 1.2198581560283688 0.75 3.417235680236353
0.4098198595902299 1.2198581560283688 0.76 3.4390713342657873
0.4138685690444722 1.2198581560283688 0.77 3.4614380184763784
0.4178626914725079 1.2198581560283688 0.78 3.484351908240497
0.42180167586333694 1.2198581560283688 0.79 3.507822268498542
0.4256846658552512 1.2198581560283688 0.8 3.5318639155347498
0.4295109264267964 1.2198581560283688 0.81 3.5564901064988104
0.4332795494396453 1.2198581560283688 0.82 3.581717448931428
0.43698991113942587 1.2198581560283688 0.83 3.6075583464890935
0.44064118240949113 1.2198581560283688 0.84 3.6340291296974514
0.4442326035487917 1.2198581560283688 0.85 3.66114552979976
0.44776334796209355 1.2198581560283688 0.86 3.6889249535907664
0.4512327118566801 1.2198581560283688 0.87 3.717383381878792
0.45463988380931714 1.2198581560283688 0.88 3.746539193380404
0.4579840875739055 1.2198581560283688 0.89 3.7764108387810293
0.4612644994491137 1.2198581560283688 0.9 3.8070182328587907
0.4644803877604664 1.2198581560283688 0.91 3.838380484520331
0.46763089498545524 1.2198581560283688 0.92 3.8705195259399843
0.47071520044926257 1.2198581560283688 0.93 3.9034574652559773
0.47373248530398043 1.2198581560283688 0.94 3.937217201656341
0.47668172984874463 1.2198581560283688 0.95 3.9718258422258397
0.4795621463487511 1.2198581560283688 0.96 4.007307558211565
0.4823726711647307 1.2198581560283688 0.97 4.043692092864027
0.4851122054274488 1.2198581560283688 0.98 4.081010838139169
0.48777943131489704 1.2198581560283688 0.99 4.119300011988152
0.0 1.2340425531914894 0.0 2.7710632978683565
0.006007157776305881 1.2340425531914894 0.01 2.771162047955135
0.012013673338458937 1.2340425531914894 0.02 2.7714583315321777
0.018018904391991733 1.2340425531914894 0.03 2.7719522678073356
0.024022208445091002 1.2340425531914894 0.04 2.7726440608470844
0.03002294272947685 1.2340425531914894 0.05 2.7735339929915312
0.0360204641614523 1.2340425531914894 0.06 2.7746224189163193
0.04201412924565346 1.2340425531914894 0.07 2.775909772617997
0.04800329389271126 1.2340425531914894 0.08 2.777396579434231
0.05398731349900392 1.2340425531914894 0.09 2.7790834334522105
0.05996554276587319 1.2340425531914894 0.1 2.780971012907049
0.06593733549749885 1.2340425531914894 0.11 2.78306008939205
0.07190204696670975 1.2340425531914894 0.12 2.785351333958241
0.07785902040697008 1.2340425531914894 0.13 2.787846348467512
0.08380761841919829 1.2340425531914894 0.14 2.7905452718024497
0.08974718547073103 1.2340425531914894 0.15 2.79344961643387
0.09567707069340246 1.2340425531914894 0.16 2.7965605366194746
0.10159662186282266 1.2340425531914894 0.17 2.7998792848007947
0.10750518587564656 1.2340425531914894 0.18 2.8034071804077354
0.11340210078109027 1.2340425531914894 0.19 2.8071460067701914
0.1192867212519549 1.2340425531914894 0.2 2.811096718013617
0.12515838159829143 1.2340425531914894 0.21 2.8152613109388533
0.13101642308943953 1.2340425531914894 0.22 2.819641439713405
0.136860185583275 1.2340425531914894 0.23 2.824238850330176
0.14268899653773096 1.2340425531914894 0.24 2.8290558151838097
0.14850220310739998 1.2340425531914894 0.25 2.8340938259705646
0.15429913132014733 1.2340425531914894 0.26 2.8393552533944164
0.16007911302981687 1.2340425531914894 0.27 2.844842253347409
0.16584146905744787 1.2340425531914894 0.28 2.850557398556283
0.17158553990069655 1.2340425531914894 0.29 2.8565026062662477
0.17731063957879914 1.2340425531914894 0.3 2.8626807441372093
0.18301609268732935 1.2340425531914894 0.31 2.8690943447279205
0.1887012100079827 1.2340425531914894 0.32 2.8757464122503804
0.19436532403065587 1.2340425531914894 0.33 2.882639320888019
0.20000773887454798 1.2340425531914894 0.34 2.8897763595060906
0.20562777045531203 1.2340425531914894 0.35 2.897160500111981
0.2112247161856882 1.2340425531914894 0.36 2.9047952855823804
0.21679790001330768 1.2340425531914894 0.37 2.9126835687724415
0.2223466175523397 1.2340425531914894 0.38 2.9208290473088687
0.22786954914386398 1.2340425531914894 0.39 2.929251277187812
0.23336785275431357 1.2340425531914894 0.4 2.9379061760175356
0.23883896989195674 1.2340425531914894 0.41 2.946845281338969
0.24428281108308483 1.2340425531914894 0.42 2.9560567192013294
0.2496986563246337 1.2340425531914894 0.43 2.9655448768174573
0.2550858126557729 1.2340425531914894 0.44 2.975313573471851
0.2604435529340325 1.2340425531914894 0.45 2.9853675299863522
0.2657711811553898 1.2340425531914894 0.46 2.9957108358224414
0.27106790961708055 1.2340425531914894 0.47 3.006349741740611
0.27633308865522493 1.2340425531914894 0.48 3.0172874903046862
0.28156596612260104 1.2340425531914894 0.49 3.0285297360487076
0.28676580044631383 1.2340425531914894 0.5 3.040081986279953
0.2919318852882884 1.2340425531914894 0.51 3.0519491144966726
0.2970634708448546 1.2340425531914894 0.52 3.064137044247286
0.3021598378131613 1.2340425531914894 0.53 3.0766511909302463
0.3072201960951751 1.2340425531914894 0.54 3.089498549103066
0.31224386395223314 1.2340425531914894 0.55 3.1026840546902212
0.317230075957332 1.2340425531914894 0.56 3.116214496890564
0.3221780708726124 1.2340425531914894 0.57 3.1300967230788594
0.3270871362295024 1.2340425531914894 0.58 3.1443367983328336
0.33195649785483644 1.2340425531914894 0.59 3.1589421669238344
0.3367854157329491 1.2340425531914894 0.6 3.17391979523352
0.3415731108038719 1.2340425531914894 0.61 3.1892775812531715
0.34631886706668147 1.2340425531914894 0.62 3.205022441954417
0.3510219122272787 1.2340425531914894 0.63 3.2211625660125045
0.3556785980375496 1.2340425531914894 0.64 3.237758714251617
0.3602968375053751 1.2340425531914894 0.65 3.2546613982486026
0.36486721492800783 1.2340425531914894 0.66 3.2720368623951805
0.36939185669075497 1.2340425531914894 0.67 3.2898414729734826
0.37386998193191473 1.2340425531914894 0.68 3.3080847818821164
0.37830088958656977 1.2340425531914894 0.69 3.326775208190362
0.38268378047532786 1.2340425531914894 0.7 3.3459232038453677
0.3870179122050251 1.2340425531914894 0.71 3.365538522237374
0.3913025076360729 1.2340425531914894 0.72 3.385631843199772
0.3955368597662512 1.2340425531914894 0.73 3.406212965208395
0.3997201878594836 1.2340425531914894 0.74 3.427293314271212
0.4038517521899709 1.2340425531914894 0.75 3.448883970413096
0.40793078077576206 1.2340425531914894 0.76 3.4709969440690016
0.411956578627234 1.2340425531914894 0.77 3.49364332886823
0.41592837450093184 1.2340425531914894 0.78 3.5168359300163203
0.41984543912391137 1.2340425531914894 0.79 3.540587266923763
0.42370700985501303 1.2340425531914894 0.8 3.564910867959621
0.4275124154237581 1.2340425531914894 0.81 3.58981918727027
0.43126088754952596 1.2340425531914894 0.82 3.615326795835973
0.43495171305724434 1.2340425531914894 0.83 3.6414478394663967
0.4385841113740396 1.2340425531914894 0.84 3.6681981146904072
0.44215752744627035 1.2340425531914894 0.85 3.695590188612457
0.44567110255143433 1.2340425531914894 0.86 3.7236422732593755
0.4491241675892017 1.2340425531914894 0.87 3.752369995835394
0.4525160263116692 1.2340425531914894 0.88 3.7817900486874327
0.4558459083459041 1.2340425531914894 0.89 3.8119209987792937
0.4591131804071996 1.2340425531914894 0.9 3.8427797828914123
0.46231708911020936 1.2340425531914894 0.91 3.8743860346260477
0.4654569157832749 1.2340425531914894 0.92 3.906759525934708
0.4685318754284175 1.2340425531914894 0.93 3.9399218936457716
0.47154133768742024 1.2340425531914894 0.94 3.9738929597556956
0.4744844255138264 1.2340425531914894 0.95 4.008697517893456
0.47736035544422445 1.2340425531914894 0.96 4.044359657526819
0.4801682731446066 1.2340425531914894 0.97 4.080905581177503
0.48290720274053045 1.2340425531914894 0.98 4.118364533250803
0.4855761656206199 1.2340425531914894 0.99 4.156766855228179
0.0 1.24822695035461 0.0 2.79306281131226
0.0059834524960176005 1.24822695035461 0.01 2.7931631588419354
0.01196625994416121 1.24822695035461 0.02 2.793464300974431
0.017947777275549092 1.24822695035461 0.03 2.7939663193047175
0.023927359110118944 1.24822695035461 0.04 2.7946694489657333
0.029904359984016523 1.24822695035461 0.05 2.795573947858987
0.03587813390902741 1.24822695035461 0.06 2.7966802009046416
0.04184803467611113 1.24822695035461 0.07 2.7979886358858486
0.04781341542861976 1.24822695035461 0.08 2.799499788063915
0.053773628844487324 1.24822695035461 0.09 2.8012142587740105
0.05972802686606074 1.24822695035461 0.1 2.8031327415504066
0.0656759607509499 1.24822695035461 0.11 2.805256007043803
0.0716167813690608 1.24822695035461 0.12 2.807584876495895
0.07754983134199296 1.24822695035461 0.13 2.810120798830378
0.08347447421536536 1.24822695035461 0.14 2.8128636895612167
0.08939004573148475 1.24822695035461 0.15 2.8158155256791675
0.0952958947569254 1.24822695035461 0.16 2.818977315529065
0.10119136665610469 1.24822695035461 0.17 2.8223503270048655
0.10707580539378331 1.24822695035461 0.18 2.825935926904458
0.11294856314696212 1.24822695035461 0.19 2.8297350940743375
0.11880894753120383 1.24822695035461 0.2 2.833751049148347
0.12465633457238068 1.24822695035461 0.21 2.837983617966573
0.13049004838216352 1.24822695035461 0.22 2.8424352303051936
0.13630942555430225 1.24822695035461 0.23 2.8471077066709083
0.14211381013020935 1.24822695035461 0.24 2.852002599245044
0.14790250194717489 1.24822695035461 0.25 2.8571232546998364
0.15367486817492182 1.24822695035461 0.26 2.8624703538133685
0.15943022386721292 1.24822695035461 0.27 2.8680466859074216
0.1651678976426582 1.24822695035461 0.28 2.873854529471441
0.17088720553628317 1.24822695035461 0.29 2.879896631706523
0.17658748505321092 1.24822695035461 0.3 2.886175040544125
0.18226804781782555 1.24822695035461 0.31 2.892692725848022
0.18792821482417627 1.24822695035461 0.32 2.8994523775893106
0.19356729302583922 1.24822695035461 0.33 2.9064571631141387
0.1991846131432381 1.24822695035461 0.34 2.9137095750064312
0.2047794758892442 1.24822695035461 0.35 2.9212130656374877
0.21035119404512767 1.24822695035461 0.36 2.9289707748095704
0.21589906366103812 1.24822695035461 0.37 2.9369863660611877
0.22142240672986443 1.24822695035461 0.38 2.9452628486974586
0.2269205155879394 1.24822695035461 0.39 2.953804111985582
0.2323926967222656 1.24822695035461 0.4 2.9626137317105647
0.23783822378451627 1.24822695035461 0.41 2.971696192245816
0.2432564210064624 1.24822695035461 0.42 2.981054770260838
0.24864656852725978 1.24822695035461 0.43 2.990693941912408
0.25400793221968376 1.24822695035461 0.44 3.0006185847816584
0.2593398643936629 1.24822695035461 0.45 3.010831622266163
0.26464159187883673 1.24822695035461 0.46 3.0213390429063076
0.2699124161651539 1.24822695035461 0.47 3.0321451696514012
0.2751516043592058 1.24822695035461 0.48 3.0432552216516218
0.2803584587149021 1.24822695035461 0.49 3.0546737476823
0.2855322409760321 1.24822695035461 0.5 3.066406317083198
0.29067223630158345 1.24822695035461 0.51 3.0784581104490085
0.2957776809927792 1.24822695035461 0.52 3.0908354741809188
0.30084788924845357 1.24822695035461 0.53 3.1035432471304456
0.30588211161588214 1.24822695035461 0.54 3.1165877578865877
0.31087959147010674 1.24822695035461 0.55 3.1299756138281345
0.31583965459870716 1.24822695035461 0.56 3.143711920914311
0.32076151305898193 1.24822695035461 0.57 3.1578042471925514
0.32564444594432407 1.24822695035461 0.58 3.172258985966319
0.3304876968758733 1.24822695035461 0.59 3.1870834136453827
0.33529055940873487 1.24822695035461 0.6 3.2022840332533202
0.3400522736751036 1.24822695035461 0.61 3.217868585912666
0.34477210925638174 1.24822695035461 0.62 3.2338444585053256
0.34944929560745586 1.24822695035461 0.63 3.250220013020353
0.3540831346146293 1.24822695035461 0.64 3.267002489048236
0.3586728668694997 1.24822695035461 0.65 3.284200516518032
0.36321777585523995 1.24822695035461 0.66 3.3018221881866996
0.36771704901405544 1.24822695035461 0.67 3.3198776074484946
0.3721700358460842 1.24822695035461 0.68 3.338374211450048
0.37657596823059747 1.24822695035461 0.69 3.3573218634891284
0.38093418391387307 1.24822695035461 0.7 3.3767288362347765
0.3852437289578727 1.24822695035461 0.71 3.396608886702179
0.3895041114861168 1.24822695035461 0.72 3.4169679103058446
0.3937145238468249 1.24822695035461 0.73 3.4378177409674584
0.3978742995185704 1.24822695035461 0.74 3.4591680850329767
0.4019825445020473 1.24822695035461 0.75 3.481032972718171
0.4060387364470632 1.24822695035461 0.76 3.5034203582748247
0.4100420980148547 1.24822695035461 0.77 3.526343028415738
0.4139919434372637 1.24822695035461 0.78 3.549812597610008
0.41788750953068204 1.24822695035461 0.79 3.5738424382592666
0.42172818474952356 1.24822695035461 0.8 3.5984437713308073
0.42551324807322216 1.24822695035461 0.81 3.6236301587977433
0.42924202593401006 1.24822695035461 0.82 3.649414832169185
0.4329138097471098 1.24822695035461 0.83 3.6758121175091776
0.43652798775185947 1.24822695035461 0.84 3.702835213401378
0.44008386474276584 1.24822695035461 0.85 3.730499273160113
0.4435807905274668 1.24822695035461 0.86 3.7588192416141
0.44701804261507455 1.24822695035461 0.87 3.7878118652853763
0.45039516471975155 1.24822695035461 0.88 3.817489976583616
0.453711341550012 1.24822695035461 0.89 3.8478731109124364
0.4569659838117629 1.24822695035461 0.9 3.8789776154712308
0.46015845859674837 1.24822695035461 0.91 3.9108212420427098
0.46328808369749735 1.24822695035461 0.92 3.9434232721631406
0.46635427936137575 1.24822695035461 0.93 3.976801963191638
0.4693563498887118 1.24822695035461 0.94 4.010978293061164
0.47229363004346775 1.24822695035461 0.95 4.045973502905601
0.4751654411747777 1.24822695035461 0.96 4.081809878458656
0.47797098016272427 1.24822695035461 0.97 4.118512702346856
0.4807095561229542 1.24822695035461 0.98 4.156106234913535
0.48338025349235947 1.24822695035461 0.99 4.19461957222289
0.0 1.2624113475177305 0.0 2.815513420380727
0.0059595481497185954 1.2624113475177305 0.01 2.8156154138781817
0.011918448552950534 1.2624113475177305 0.02 2.815921469577343
0.017876053345010544 1.2624113475177305 0.03 2.8164317105594003
0.023831714620081174 1.2624113475177305 0.04 2.817146313033185
0.029784783982728102 1.2624113475177305 0.05 2.8180656048626886
0.03573461288580813 1.2624113475177305 0.06 2.8191899419200737
0.04168055238819012 1.2624113475177305 0.07 2.8205197690527424
0.04762195298334096 1.2624113475177305 0.08 2.8220556273093327
0.05355816472112279 1.2624113475177305 0.09 2.8237981258266367
0.05948853690081488 1.2624113475177305 0.1 2.825747971576136
0.06541241826835364 1.2624113475177305 0.11 2.827905939785765
0.07132915676970497 1.2624113475177305 0.12 2.8302728946176137
0.07723809917795244 1.2624113475177305 0.13 2.832849810051071
0.0831385877694688 1.2624113475177305 0.14 2.835637983706294
0.08902997647366763 1.2624113475177305 0.15 2.8386379257713976
0.09491160282963483 1.2624113475177305 0.16 2.8418513019618468
0.10078281058682392 1.2624113475177305 0.17 2.8452793475254845
0.10664294167750943 1.2624113475177305 0.18 2.8489234342644103
0.11249133654306849 1.2624113475177305 0.19 2.8527850395224417
0.11832731254496778 1.2624113475177305 0.2 2.8568667829816734
0.12415026661133595 1.2624113475177305 0.21 2.861167454870044
0.12995947885209638 1.2624113475177305 0.22 2.8656915256378706
0.13575430072785052 1.2624113475177305 0.23 2.8704400304949194
0.141534065457528 1.2624113475177305 0.24 2.875414908683625
0.14729813707335845 1.2624113475177305 0.25 2.880616930730465
0.15304574092211454 1.2624113475177305 0.26 2.8860523170262775
0.15877631252910873 1.2624113475177305 0.27 2.891719111351747
0.16448913978319132 1.2624113475177305 0.28 2.897621156177911
0.17018354783901446 1.2624113475177305 0.29 2.9037608754805877
0.17585884965101403 1.2624113475177305 0.3 2.9101411466414646
0.18151438083355018 1.2624113475177305 0.31 2.9167641305764556
0.18714944936939434 1.2624113475177305 0.32 2.9236329598246114
0.1927633731085144 1.2624113475177305 0.33 2.9307504826944952
0.19835545497541798 1.2624113475177305 0.34 2.938120051398036
0.2039250309440547 1.2624113475177305 0.35 2.9457440893517215
0.20947139137549314 1.2624113475177305 0.36 2.9536264373766494
0.21499384896215346 1.2624113475177305 0.37 2.961770332316832
0.22049169744779107 1.2624113475177305 0.38 2.9701796039031363
0.22596426474237896 1.2624113475177305 0.39 2.9788572264883038
0.23141083286237576 1.2624113475177305 0.4 2.987807491541311
0.23683070600119638 1.2624113475177305 0.41 2.9970341678804
0.24222316923213832 1.2624113475177305 0.42 3.006541594706724
0.2475875392681436 1.2624113475177305 0.43 3.0163334078409942
0.25292309385203254 1.2624113475177305 0.44 3.0264143094354012
0.2582291290955561 1.2624113475177305 0.45 3.036788642276663
0.2635049171644347 1.2624113475177305 0.46 3.047461415990574
0.26874976923995825 1.2624113475177305 0.47 3.0584368368428336
0.27396295731542164 1.2624113475177305 0.48 3.0697201400939433
0.27914377644805133 1.2624113475177305 0.49 3.0813161541853025
0.28429146784736636 1.2624113475177305 0.5 3.0932310214148924
0.28940535918166 1.2624113475177305 0.51 3.105469112437315
0.2944847098787683 1.2624113475177305 0.52 3.118036439851567
0.29952875105605875 1.2624113475177305 0.53 3.130939732447321
0.30453688789578026 1.2624113475177305 0.54 3.1441822311888203
0.3095082746334152 1.2624113475177305 0.55 3.1577725883233585
0.3144422236022029 1.2624113475177305 0.56 3.1717163173544884
0.3193379900510973 1.2624113475177305 0.57 3.1860202838276455
0.3241948878020673 1.2624113475177305 0.58 3.2006903663969832
0.3290121592439428 1.2624113475177305 0.59 3.215734066903201
0.33378908665025364 1.2624113475177305 0.6 3.2311582930162004
0.3385249239930503 1.2624113475177305 0.61 3.2469707138936914
0.343218980599569 1.2624113475177305 0.62 3.263178154036933
0.34787050883158793 1.2624113475177305 0.63 3.2797887663954945
0.3524787919379419 1.2624113475177305 0.64 3.2968103526618124
0.3570430841073635 1.2624113475177305 0.65 3.3142515097685266
0.3615627034272828 1.2624113475177305 0.66 3.3321199064867693
0.3660369090418405 1.2624113475177305 0.67 3.350424584283047
0.37046499227219465 1.2624113475177305 0.68 3.3691742726382086
0.3748462142588455 1.2624113475177305 0.69 3.3883785464478002
0.3791799076955561 1.2624113475177305 0.7 3.4080459920728448
0.3834653431913453 1.2624113475177305 0.71 3.428186644040504
0.3877018259575693 1.2624113475177305 0.72 3.448810245718332
0.3918886324540325 1.2624113475177305 0.73 3.4699273987785744
0.3960251177514375 1.2624113475177305 0.74 3.4915476707387585
0.4001105671503055 1.2624113475177305 0.75 3.513682242367548
0.40414430741777285 1.2624113475177305 0.76 3.53634194866928
0.40812563494135895 1.2624113475177305 0.77 3.559538558742953
0.41205394696614445 1.2624113475177305 0.78 3.5832824984841025
0.4159285361683307 1.2624113475177305 0.79 3.6075864524719097
0.41974876209501333 1.2624113475177305 0.8 3.632462386614375
0.42351409578649174 1.2624113475177305 0.81 3.657920805994535
0.4272235385489127 1.2624113475177305 0.82 3.683980808872342
0.43087684173015794 1.2624113475177305 0.83 3.7106490341362637
0.4344732537445991 1.2624113475177305 0.84 3.737941320656125
0.438012170629211 1.2624113475177305 0.85 3.7658714878329
0.44149295474468736 1.2624113475177305 0.86 3.7944544810193896
0.44491507342321457 1.2624113475177305 0.87 3.823704005874007
0.44827790414838614 1.2624113475177305 0.88 3.8536358960700854
0.4515808745587819 1.2624113475177305 0.89 3.8842657254472877
0.4548234470726183 1.2624113475177305 0.9 3.9156090911341344
0.4580049264620831 1.2624113475177305 0.91 3.947684947970459
0.46112489336565576 1.2624113475177305 0.92 3.980508164820039
0.4641827241044672 1.2624113475177305 0.93 4.014097816786962
0.46717785375435017 1.2624113475177305 0.94 4.048472679748757
0.47010954956590384 1.2624113475177305 0.95 4.083655183784936
0.4729776591997435 1.2624113475177305 0.96 4.1196584458926075
0.4757811481942977 1.2624113475177305 0.97 4.156511710543236
0.4785194944143033 1.2624113475177305 0.98 4.194236168137508
0.481191986142915 1.2624113475177305 0.99 4.232857200445596
0.0 1.2765957446808511 0.0 2.8384207210414116
0.005935451119303835 1.2765957446808511 0.01 2.838523764103702
0.011870246248141729 1.2765957446808511 0.02 2.8388375058642605
0.01780374618549945 1.2765957446808511 0.03 2.8393551692064314
0.023735293364756323 1.2765957446808511 0.04 2.840081316577457
0.029664238095399146 1.2765957446808511 0.05 2.8410155586756956
0.035589929241272564 1.2765957446808511 0.06 2.842158224385729
0.0415117153415976 1.2765957446808511 0.07 2.8435097440136694
0.047428944378986475 1.2765957446808511 0.08 2.8450706572610005
0.05334096389729854 1.2765957446808511 0.09 2.846841578971657
0.059247120684363 1.2765957446808511 0.1 2.84882322754316
0.06514676099190003 1.2765957446808511 0.11 2.851016391338027
0.07103923029793958 1.2765957446808511 0.12 2.853421948879688
0.07692387332885464 1.2765957446808511 0.13 2.8560408609403414
0.08280003419741168 1.2765957446808511 0.14 2.858874158371706
0.08866704944063383 1.2765957446808511 0.15 2.8619233934432637
0.09452427326782799 1.2765957446808511 0.16 2.8651889739345777
0.10037103762172818 1.2765957446808511 0.17 2.8686727966526355
0.10620668361678252 1.2765957446808511 0.18 2.87237616602082
0.11203054956080481 1.2765957446808511 0.19 2.876300581827706
0.11784197287164526 1.2765957446808511 0.2 2.880447618505854
0.12364047127402354 1.2765957446808511 0.21 2.88481047221386
0.1294248269661785 1.2765957446808511 0.22 2.8894166802741625
0.13519492862238203 1.2765957446808511 0.23 2.8942421922240746
0.14094992032788511 1.2765957446808511 0.24 2.8992977197607583
0.14668913236403558 1.2765957446808511 0.25 2.904585317534236
0.15241189893299326 1.2765957446808511 0.26 2.910106934169052
0.15811752234333562 1.2765957446808511 0.27 2.9158657684698084
0.163805355867898 1.2765957446808511 0.28 2.9218631251218676
0.16947471049130258 1.2765957446808511 0.29 2.9281019540515305
0.17512490867217811 1.2765957446808511 0.3 2.9345848140965587
0.18075525801205092 1.2765957446808511 0.31 2.9413148044742683
0.1863651024628154 1.2765957446808511 0.32 2.9482938857532486
0.1919537363527445 1.2765957446808511 0.33 2.9555256971344432
0.19752047905888684 1.2765957446808511 0.34 2.96301311374257
0.2030646645268546 1.2765957446808511 0.35 2.9707586663138077
0.20858552986807294 1.2765957446808511 0.36 2.9787677797146457
0.21408246139675147 1.2765957446808511 0.37 2.9870415888382764
0.21955473705557438 1.2765957446808511 0.38 2.9955844651282457
0.22500167103838165 1.2765957446808511 0.39 3.0043998179017546
0.23042253037794672 1.2765957446808511 0.4 3.013492393923439
0.2358166572517336 1.2765957446808511 0.41 3.022865024555761
0.2411833338870828 1.2765957446808511 0.42 3.0325222255621482
0.24652187033282671 1.2765957446808511 0.43 3.0424678880486966
0.25183151756825756 1.2765957446808511 0.44 3.052707458477333
0.25711162054450143 1.2765957446808511 0.45 3.0632441740149665
0.2623614517555968 1.2765957446808511 0.46 3.0740831655269276
0.2675803387916562 1.2765957446808511 0.47 3.0852283777283542
0.27276745305620936 1.2765957446808511 0.48 3.0966874760279044
0.27792220842581106 1.2765957446808511 0.49 3.108462667234856
0.28304384719892656 1.2765957446808511 0.5 3.120560244865956
0.288131598209516 1.2765957446808511 0.51 3.132986877359189
0.29318490958899696 1.2765957446808511 0.52 3.1457446089442787
0.2982029110552732 1.2765957446808511 0.53 3.1588425673432345
0.30318493571132504 1.2765957446808511 0.54 3.1722856163600044
0.3081302420171437 1.2765957446808511 0.55 3.186080385059824
0.31303817814051443 1.2765957446808511 0.56 3.2002318217388246
0.31790797224234174 1.2765957446808511 0.57 3.2147475459346984
0.3227389248343806 1.2765957446808511 0.58 3.2296338730119754
0.32753029842469955 1.2765957446808511 0.59 3.244898087519039
0.33228143011814887 1.2765957446808511 0.6 3.260546204051444
0.33699156575628403 1.2765957446808511 0.61 3.2765862701284703
0.34166000519787326 1.2765957446808511 0.62 3.293025491933019
0.34628601494446565 1.2765957446808511 0.63 3.309871960545708
0.35086894118227413 1.2765957446808511 0.64 3.32713249070504
0.3554080367602891 1.2765957446808511 0.65 3.3448159454560376
0.3599026112153021 1.2765957446808511 0.66 3.36293037445688
0.3643519359292319 1.2765957446808511 0.67 3.3814848231081474
0.3687553875235452 1.2765957446808511 0.68 3.40048667396125
0.37311221653200805 1.2765957446808511 0.69 3.419945957893555
0.37742175313225695 1.2765957446808511 0.7 3.4398715432851654
0.38168321138816036 1.2765957446808511 0.71 3.4602747383987404
0.38589621540953634 1.2765957446808511 0.72 3.481159755661522
0.39005981003758694 1.2765957446808511 0.73 3.5025416666308713
0.3941734235855497 1.2765957446808511 0.74 3.524428955553345
0.3982364176314322 1.2765957446808511 0.75 3.546831702797115
0.40224807963359016 1.2765957446808511 0.76 3.5697617003536637
0.4062078500519068 1.2765957446808511 0.77 3.5932284231759883
0.41011506378960694 1.2765957446808511 0.78 3.617243645593079
0.41396910437398415 1.2765957446808511 0.79 3.641818712189489
0.417769327910777 1.2765957446808511 0.8 3.6669658972465906
0.42151518928733145 1.2765957446808511 0.81 3.692696201719368
0.42520605855465854 1.2765957446808511 0.82 3.7190225945043256
0.4288413612427833 1.2765957446808511 0.83 3.74595756220141
0.4324205792382741 1.2765957446808511 0.84 3.773513115014025
0.43594297308572866 1.2765957446808511 0.85 3.8017056478688276
0.4394081894139828 1.2765957446808511 0.86 3.830545355409303
0.44281561588886176 1.2765957446808511 0.87 3.860047505023657
0.44616472802190116 1.2765957446808511 0.88 3.8902264006018012
0.4494549650032744 1.2765957446808511 0.89 3.921097565656234
0.4526859121519977 1.2765957446808511 0.9 3.952674577299086
0.4558569925726241 1.2765957446808511 0.91 3.984974462938782
0.4589677292461711 1.2765957446808511 0.92 4.018013146202465
0.4620176362594696 1.2765957446808511 0.93 4.051807363415828
0.4650061838465718 1.2765957446808511 0.94 4.086375299766915
0.46793295771988896 1.2765957446808511 0.95 4.12173381346035
0.4707974068557294 1.2765957446808511 0.96 4.157902889597166
0.47359902861994285 1.2765957446808511 0.97 4.194902417263253
0.47633729030587363 1.2765957446808511 0.98 4.2327536001591906
0.4790115681602457 1.2765957446808511 0.99 4.2714800825278605
0.0 1.2907801418439715 0.0 2.8617939493428737
0.005911161498478685 1.2907801418439715 0.01 2.8618993124506447
0.011821670113160713 1.2907801418439715 0.02 2.8622154334838035
0.017730872924928042 1.2907801418439715 0.03 2.8627424296843462
0.0236381168558492 1.2907801418439715 0.04 2.863480514241755
0.029542749531463353 1.2907801418439715 0.05 2.864429803277528
0.03544411060090105 1.2907801418439715 0.06 2.8655918584925533
0.04134155732981568 1.2907801418439715 0.07 2.8669651592603924
0.04723442870868555 1.2907801418439715 0.08 2.8685514249615953
0.05312207050143577 1.2907801418439715 0.09 2.870351155779556
0.059003827366253724 1.2907801418439715 0.1 2.8723650427881595
0.06487904330852974 1.2907801418439715 0.11 2.87459387469012
0.07074706140845573 1.2907801418439715 0.12 2.8770385503286593
0.07660722405946128 1.2907801418439715 0.13 2.879700047560291
0.08245887284427716 1.2907801418439715 0.14 2.8825794310597237
0.08830134879319121 1.2907801418439715 0.15 2.8856778324820396
0.09413391469050522 1.2907801418439715 0.16 2.889001223025099
0.0999561341403903 1.2907801418439715 0.17 2.89253711595495
0.1057671236545995 1.2907801418439715 0.18 2.8963005219209994
0.11156629149625256 1.2907801418439715 0.19 2.9002885461839134
0.11735297325301033 1.2907801418439715 0.2 2.904502780892658
0.12312650305680753 1.2907801418439715 0.21 2.908944927189124
0.1288862166776917 1.2907801418439715 0.22 2.9136166511583808
0.13463143084190235 1.2907801418439715 0.23 2.918520506622147
0.14036149448857496 1.2907801418439715 0.24 2.923657644210683
0.14607572714366393 1.2907801418439715 0.25 2.929030565050148
0.15177345640161674 1.2907801418439715 0.26 2.9346414454276992
0.15745400910135748 1.2907801418439715 0.27 2.940492540674823
0.16311669910190105 1.2907801418439715 0.28 2.9465866311478845
0.16876086523006306 1.2907801418439715 0.29 2.952925628870784
0.174385818214567 1.2907801418439715 0.3 2.9595125275336533
0.17999087866951377 1.2907801418439715 0.31 2.966350009085218
0.1855753706923804 1.2907801418439715 0.32 2.973440710046928
0.19113858350325272 1.2907801418439715 0.33 2.9807884404723177
0.1966798631875887 1.2907801418439715 0.34 2.9883952610954108
0.20219850864105152 1.2907801418439715 0.35 2.996264802731133
0.20769383274341652 1.2907801418439715 0.36 3.004400322628704
0.21316513255539773 1.2907801418439715 0.37 3.012805607561459
0.21861173705436945 1.2907801418439715 0.38 3.0214836119518105
0.2240329382831551 1.2907801418439715 0.39 3.0304384267283213
0.2294280438681994 1.2907801418439715 0.4 3.039673785399245
0.2347963424735841 1.2907801418439715 0.41 3.04919401442099
0.240137167002217 1.2907801418439715 0.42 3.0590023825687385
0.24544979313470414 1.2907801418439715 0.43 3.0691037533820453
0.25073352584618497 1.2907801418439715 0.44 3.0795023322466535
0.25598764218971826 1.2907801418439715 0.45 3.0902031228297004
0.26121149001618427 1.2907801418439715 0.46 3.101209533257445
0.26640432070898784 1.2907801418439715 0.47 3.112527429938456
0.2715654412259145 1.2907801418439715 0.48 3.12416146349397
0.27669411801922167 1.2907801418439715 0.49 3.1361173569856513
0.2817897158717489 1.2907801418439715 0.5 3.148398743177466
0.28685146385121685 1.2907801418439715 0.51 3.1610124851699273
0.2918786732962944 1.2907801418439715 0.52 3.1739637341471627
0.2968706017250243 1.2907801418439715 0.53 3.187258982263139
0.3018266347527358 1.2907801418439715 0.54 3.2009021381782827
0.3067459810258859 1.2907801418439715 0.55 3.214901093117901
0.3116279592906937 1.2907801418439715 0.56 3.229261557801285
0.3164718117443979 1.2907801418439715 0.57 3.243991030372114
0.32127697834341057 1.2907801418439715 0.58 3.259093154307889
0.3260426211917426 1.2907801418439715 0.59 3.274577484682066
0.3307680806243134 1.2907801418439715 0.6 3.290450140927533
0.3354539212987701 1.2907801418439715 0.61 3.3066933664248475
0.34009564248866536 1.2907801418439715 0.62 3.323389504101369
0.34469636474501986 1.2907801418439715 0.63 3.3404708968101344
0.34925412169994197 1.2907801418439715 0.64 3.357970432160937
0.3537682500577644 1.2907801418439715 0.65 3.3758955929187393
0.3582379830962587 1.2907801418439715 0.66 3.394256112858024
0.36266273769924184 1.2907801418439715 0.67 3.4130585149088883
0.3670418028912754 1.2907801418439715 0.68 3.4323120616029046
0.37137451850448183 1.2907801418439715 0.69 3.452025363455152
0.3756601866513511 1.2907801418439715 0.7 3.4722080540059914
0.37989820216824843 1.2907801418439715 0.71 3.49286838150457
0.3840878906132191 1.2907801418439715 0.72 3.514016227156096
0.38822861549527643 1.2907801418439715 0.73 3.5356611292276487
0.3923197153756161 1.2907801418439715 0.74 3.5578134501214302
0.3963606213525694 1.2907801418439715 0.75 3.5804822548098905
0.40035067835410465 1.2907801418439715 0.76 3.603678569880197
0.4042892888232198 1.2907801418439715 0.77 3.627412787275336
0.4081759098079497 1.2907801418439715 0.78 3.6516947445772034
0.41200977938322214 1.2907801418439715 0.79 3.6765386306526553
0.41579051573236653 1.2907801418439715 0.8 3.701952282378809
0.4195174849316081 1.2907801418439715 0.81 3.7279485077811874
0.42319014098896307 1.2907801418439715 0.82 3.754539017316293
0.42680791174490434 1.2907801418439715 0.83 3.7817364722928355
0.4303703380950269 1.2907801418439715 0.84 3.809552030237125
0.4338768602490389 1.2907801418439715 0.85 3.837999147932281
0.437326987749924 1.2907801418439715 0.86 3.8670905810693132
0.44072024281142336 1.2907801418439715 0.87 3.8968394029778186
0.4440561017626713 1.2907801418439715 0.88 3.927260053787799
0.4473341733909964 1.2907801418439715 0.89 3.958365200537845
0.4505539695510654 1.2907801418439715 0.9 3.9901698082372734
0.4537150548446693 1.2907801418439715 0.91 4.022688507389568
0.4568170148447455 1.2907801418439715 0.92 4.055936169946277
0.4598593557871958 1.2907801418439715 0.93 4.089929707214124
0.4628417540566588 1.2907801418439715 0.94 4.124683654337689
0.46576375227169653 1.2907801418439715 0.95 4.160215587259467
0.4686249391697386 1.2907801418439715 0.96 4.196542946707926
0.4714249048860838 1.2907801418439715 0.97 4.233683852981347
0.4741631539848395 1.2907801418439715 0.98 4.271658694907291
0.4768393099847258 1.2907801418439715 0.99 4.310486482329825
0.0 1.304964539007092 0.0 2.8856372028806456
0.0058866888155267305 1.304964539007092 0.01 2.8857442757740768
0.011772722331020766 1.304964539007092 0.02 2.8860655406259688
0.01765744518334272 1.304964539007092 0.03 2.8866011219109247
0.02354020186180668 1.304964539007092 0.04 2.8873512347890697
0.029420336686782837 1.304964539007092 0.05 2.8883161704706715
0.03529719364528245 1.304964539007092 0.06 2.889496319871265
0.041170116737289604 1.304964539007092 0.07 2.8908921056171604
0.04703845121758929 1.304964539007092 0.08 2.8925038550041697
0.05290152792924015 1.304964539007092 0.09 2.8943336072961943
0.058758707834593735 1.304964539007092 0.1 2.8963799119117053
0.0646093215028988 1.304964539007092 0.11 2.898644863717609
0.07045271172241373 1.304964539007092 0.12 2.9011291621365594
0.07628821889103907 1.304964539007092 0.13 2.9038337838822352
0.08211518248363772 1.304964539007092 0.14 2.9067598088175326
0.08793294116467779 1.304964539007092 0.15 2.909908404768694
0.09374083277430999 1.304964539007092 0.16 2.9132808262490735
0.09953819503536415 1.304964539007092 0.17 2.916878371802781
0.10532435532128892 1.304964539007092 0.18 2.9207029622144045
0.11109866338824521 1.304964539007092 0.19 2.924755281069945
0.11686044301689026 1.304964539007092 0.2 2.929037517805617
0.12260902822698928 1.304964539007092 0.21 2.9335513105120876
0.12834375042968985 1.304964539007092 0.22 2.93829847466202
0.13406394032059463 1.304964539007092 0.23 2.943280902641154
0.13976891527801805 1.304964539007092 0.24 2.9485010992603495
0.14545802795614055 1.304964539007092 0.25 2.9539601122081693
0.1511305841553911 1.304964539007092 0.26 2.959661028500402
0.15678591333298403 1.304964539007092 0.27 2.9656059734847404
0.16242333920959698 1.304964539007092 0.28 2.971797364030767
0.1680422741885948 1.304964539007092 0.29 2.978234532842273
0.173641760470582 1.304964539007092 0.3 2.984929986036811
0.1792214001210038 1.304964539007092 0.31 2.9918764550567585
0.18478041403863432 1.304964539007092 0.32 2.9990802360730675
0.19031811928801978 1.304964539007092 0.33 3.0065442837074934
0.19583381765107233 1.304964539007092 0.34 3.01427209841321
0.2013268511239994 1.304964539007092 0.35 3.0222660094389995
0.2067965086845925 1.304964539007092 0.36 3.030530064669629
0.21224210644829639 1.304964539007092 0.37 3.039067551943685
0.2176629600750528 1.304964539007092 0.38 3.0478818745897445
0.22305835047825648 1.304964539007092 0.39 3.0569774950547903
0.2284276178804351 1.304964539007092 0.4 3.066357317100919
0.23377005309007703 1.304964539007092 0.41 3.0760257201851378
0.2390849630462287 1.304964539007092 0.42 3.085986740295853
0.24437163631502506 1.304964539007092 0.43 3.096244993812342
0.2496294008336609 1.304964539007092 0.44 3.106804205185517
0.25485754241693587 1.304964539007092 0.45 3.117669294919038
0.26005536560431936 1.304964539007092 0.46 3.1288448314916897
0.2652221539212854 1.304964539007092 0.47 3.1403360184811966
0.27035724365809455 1.304964539007092 0.48 3.152146942126825
0.27545990699576883 1.304964539007092 0.49 3.164283357084005
0.28052945022695913 1.304964539007092 0.5 3.176750357530419
0.2855651439950625 1.304964539007092 0.51 3.189553999880513
0.29056636491608623 1.304964539007092 0.52 3.202698134057733
0.29553234545931667 1.304964539007092 0.53 3.2161900064602595
0.30046240709227773 1.304964539007092 0.54 3.230035052033946
0.30535597764449735 1.304964539007092 0.55 3.2442366535830023
0.31021197285288005 1.304964539007092 0.56 3.2588092667355024
0.31503009567681345 1.304964539007092 0.57 3.2737508270524565
0.31980951697421844 1.304964539007092 0.58 3.2890707855412336
0.3245495595787326 1.304964539007092 0.59 3.3047755967351327
0.3292494850265878 1.304964539007092 0.6 3.3208731898826684
0.33390866987429624 1.304964539007092 0.61 3.337369394232912
0.3385264065105535 1.304964539007092 0.62 3.3542719980105833
0.34310202305292636 1.304964539007092 0.63 3.3715883246653133
0.347634817622349 1.304964539007092 0.64 3.38932655194307
0.35212416373794037 1.304964539007092 0.65 3.407493657304613
0.35656937441739267 1.304964539007092 0.66 3.4260980912153864
0.3609697957453076 1.304964539007092 0.67 3.445147956386235
0.36532474881599275 1.304964539007092 0.68 3.4646521387521454
0.3696336431999411 1.304964539007092 0.69 3.4846181617071794
0.37389579919700217 1.304964539007092 0.7 3.5050555755648953
0.37811059518970164 1.304964539007092 0.71 3.5259731697394825
0.3822774636612185 1.304964539007092 0.72 3.5473790846380533
0.3863956087383767 1.304964539007092 0.73 3.5692860608415153
0.39046462137690635 1.304964539007092 0.74 3.591700037919466
0.39448383508227564 1.304964539007092 0.75 3.6146321200897713
0.39845267058712175 1.304964539007092 0.76 3.6380921951557927
0.40237052345824076 1.304964539007092 0.77 3.66209101986595
0.4062368874935918 1.304964539007092 0.78 3.6866379829367393
0.41005117728173246 1.304964539007092 0.79 3.7117443518718494
0.4138128625594371 1.304964539007092 0.8 3.737420836705919
0.41752144199222013 1.304964539007092 0.81 3.7636780846250786
0.42117631820769785 1.304964539007092 0.82 3.7905289436114935
0.42477709913711525 1.304964539007092 0.83 3.8179830436648965
0.4283232585021461 1.304964539007092 0.84 3.846052928063466
0.4318143319997982 1.304964539007092 0.85 3.874750529795881
0.43524971803716817 1.304964539007092 0.86 3.9040907623569416
0.43862939710189097 1.304964539007092 0.87 3.934078626271181
0.44195254399720807 1.304964539007092 0.88 3.964734117105489
0.44521887445071884 1.304964539007092 0.89 3.9960680795403176
0.44842799543469497 1.304964539007092 0.9 4.028093874295971
0.45157944426759034 1.304964539007092 0.91 4.06082669227435
0.454673058671896 1.304964539007092 0.92 4.094276912168226
0.4577082895655248 1.304964539007092 0.93 4.128462470971597
0.46068484044873637 1.304964539007092 0.94 4.1633973792283285
0.4636023695719174 1.304964539007092 0.95 4.199097090809886
0.4664607716897147 1.304964539007092 0.96 4.235573410007543
0.4692589709512835 1.304964539007092 0.97 4.272856431708666
0.4719973764938051 1.304964539007092 0.98 4.310949962408615
0.47467536465144566 1.304964539007092 0.99 4.349877271146995
0.0 1.3191489361702127 0.0 2.909957701290515
0.0058620368265654916 1.3191489361702127 0.01 2.9100665110254584
0.011723416074496168 1.3191489361702127 0.02 2.910392977512568
0.01758348010329573 1.3191489361702127 0.03 2.9109372309020305
0.023441571127621175 1.3191489361702127 0.04 2.911699490439974
0.02929703120036764 1.3191489361702127 0.05 2.912680052309937
0.03514920209405 1.3191489361702127 0.06 2.9138793067385724
0.040997425284662575 1.3191489361702127 0.07 2.9152977261981383
0.04684104188323407 1.3191489361702127 0.08 2.9169358692825824
0.05267939255379085 1.3191489361702127 0.09 2.9187943838639567
0.058511817869058624 1.3191489361702127 0.1 2.9208739650394664
0.06433762020945741 1.3191489361702127 0.11 2.9231788306990327
0.07015624434556135 1.3191489361702127 0.12 2.9257002449245406
0.07596692684226487 1.3191489361702127 0.13 2.9284484866082288
0.08176903742159561 1.3191489361702127 0.14 2.931421715766228
0.08756191308470283 1.3191489361702127 0.15 2.934621093637554
0.09334488992831336 1.3191489361702127 0.16 2.938047883100302
0.09911730301741653 1.3191489361702127 0.17 2.941703451210562
0.10487848652932567 1.3191489361702127 0.18 2.9455892561731662
0.1106277763350562 1.3191489361702127 0.19 2.949706708809127
0.11636449143567199 1.3191489361702127 0.2 2.954058147875408
0.12208798135125093 1.3191489361702127 0.21 2.9586443529377555
0.12779756654623828 1.3191489361702127 0.22 2.9634676658817867
0.13349257689559602 1.3191489361702127 0.23 2.968529976318746
0.1391723402472623 1.3191489361702127 0.24 2.973833319628564
0.14483618497596273 1.3191489361702127 0.25 2.9793797634177284
0.15048342458605182 1.3191489361702127 0.26 2.985172031166981
0.1561134017216305 1.3191489361702127 0.27 2.9912117218421987
0.16172542845225404 1.3191489361702127 0.28 2.9975017266728177
0.16731882795947756 1.3191489361702127 0.29 3.004044545231333
0.17289292147369095 1.3191489361702127 0.3 3.0108428182021
0.1784470160322491 1.3191489361702127 0.31 3.017899738273575
0.1839804546506742 1.3191489361702127 0.32 3.0252173408092697
0.1894925352259592 1.3191489361702127 0.33 3.0327992724397306
0.19498257721711842 1.3191489361702127 0.34 3.040648519000593
0.20044989678012812 1.3191489361702127 0.35 3.0487682624441588
0.20589379373707448 1.3191489361702127 0.36 3.0571622609297475
0.21131360306147862 1.3191489361702127 0.37 3.0658333055632805
0.21670862133099628 1.3191489361702127 0.38 3.0747854321570096
0.22207816122422902 1.3191489361702127 0.39 3.0840222898695684
0.22742156266666294 1.3191489361702127 0.4 3.093546895710834
0.23273803310935479 1.3191489361702127 0.41 3.103365972905019
0.23802698770569222 1.3191489361702127 0.42 3.113480712848465
0.2432876944611046 1.3191489361702127 0.43 3.123896421278105
0.24851946301183786 1.3191489361702127 0.44 3.134617399237949
0.2537215821383326 1.3191489361702127 0.45 3.145648598433405
0.2588933851149251 1.3191489361702127 0.46 3.156993990503368
0.2640341618393328 1.3191489361702127 0.47 3.168658772012867
0.26914322133564406 1.3191489361702127 0.48 3.1806478082384633
0.27421984991577786 1.3191489361702127 0.49 3.1929666500757787
0.27926339846971204 1.3191489361702127 0.5 3.2056194981730415
0.28427313903279244 1.3191489361702127 0.51 3.218612561514868
0.2892483884784359 1.3191489361702127 0.52 3.231951174980691
0.29418851740659874 1.3191489361702127 0.53 3.245639678187178
0.2990926419425769 1.3191489361702127 0.54 3.2596882102273073
0.3039602780778267 1.3191489361702127 0.55 3.274098287615412
0.30879066828201823 1.3191489361702127 0.56 3.288877662826984
0.3135831363201975 1.3191489361702127 0.57 3.3040325145467353
0.31833697059204813 1.3191489361702127 0.58 3.3195699841693305
0.32305153623718363 1.3191489361702127 0.59 3.3354958300074857
0.32772613804995865 1.3191489361702127 0.6 3.351817315966531
0.3323601093650857 1.3191489361702127 0.61 3.3685413560373756
0.3369527611433329 1.3191489361702127 0.62 3.385675571092735
0.34150347652238267 1.3191489361702127 0.63 3.403226392199055
0.3460115678709872 1.3191489361702127 0.64 3.421201952407427
0.3504763911199817 1.3191489361702127 0.65 3.439609793407939
0.35489791560948913 1.3191489361702127 0.66 3.458445799040968
0.35927364485458635 1.3191489361702127 0.67 3.477754213936754
0.3636048185963254 1.3191489361702127 0.68 3.497506783133281
0.36789018448229727 1.3191489361702127 0.69 3.5177241470653
0.3721291329252962 1.3191489361702127 0.7 3.53841476011864
0.37632102647455207 1.3191489361702127 0.71 3.5595879515183055
0.3804653177412149 1.3191489361702127 0.72 3.5812516995985595
0.3845613911440317 1.3191489361702127 0.73 3.603415645767169
0.3886086748278026 1.3191489361702127 0.74 3.6260889835280254
0.39260701182845026 1.3191489361702127 0.75 3.649273584101977
0.39655460374217644 1.3191489361702127 0.76 3.673002232541197
0.40045216909368553 1.3191489361702127 0.77 3.6972613388904256
0.4042987527361559 1.3191489361702127 0.78 3.7220688496534335
0.40809384343042904 1.3191489361702127 0.79 3.747434895994237
0.4118369055411735 1.3191489361702127 0.8 3.7733705006631753
0.41552752330418186 1.3191489361702127 0.81 3.7998849437664153
0.4191651725715839 1.3191489361702127 0.82 3.8269899593324337
0.42274940797383076 1.3191489361702127 0.83 3.8546963144610533
0.426279794532817 1.3191489361702127 0.84 3.8830150746932337
0.4297558674632586 1.3191489361702127 0.85 3.91195834545719
0.43317728388613125 1.3191489361702127 0.86 3.941536519528129
0.43654360997980834 1.3191489361702127 0.87 3.971762163381988
0.4398544751619565 1.3191489361702127 0.88 4.002647219378969
0.44310952435729917 1.3191489361702127 0.89 4.034203884802805
0.4463083691351285 1.3191489361702127 0.9 4.0664455116172995
0.44945074974455523 1.3191489361702127 0.91 4.099383664629354
0.4525363061622689 1.3191489361702127 0.92 4.133032301539642
0.4555647413655345 1.3191489361702127 0.93 4.167404808718178
0.45853576739631247 1.3191489361702127 0.94 4.20251499346532
0.461449057498889 1.3191489361702127 0.95 4.238377973893218
0.4643044270937547 1.3191489361702127 0.96 4.275006868234451
0.46710154025783723 1.3191489361702127 0.97 4.312418195458425
0.46984014023863807 1.3191489361702127 0.98 4.3506276582179755
0.4725199534340817 1.3191489361702127 0.99 4.38965192238379
0.0 1.3333333333333333 0.0 2.9347618980172245
0.005837210880664178 1.3333333333333333 0.01 2.9348724624820552
0.01167376203265906 1.3333333333333333 0.02 2.935204193454534
0.017508993663919958 1.3333333333333333 0.03 2.9357572246672485
0.023342245857012698 1.3333333333333333 0.04 2.9365317752872535
0.029172858533071125 1.3333333333333333 0.05 2.937528147060026
0.035000171322743565 1.3333333333333333 0.06 2.9387467401820015
0.040823523669562975 1.3333333333333333 0.07 2.940188022437784
0.046642254568903196 1.3333333333333333 0.08 2.941852567699144
0.052455702638555375 1.3333333333333333 0.09 2.943741032010058
0.058263206060455486 1.3333333333333333 0.1 2.945854157363694
0.06406410251236411 1.3333333333333333 0.11 2.948192774736519
0.06985772920338501 1.3333333333333333 0.12 2.9507577972473933
0.07564342378314946 1.3333333333333333 0.13 2.9535501486084206
0.08142051246388704 1.3333333333333333 0.14 2.9565716506772466
0.08718834707058504 1.3333333333333333 0.15 2.9598222422704747
0.09294625136531384 1.3333333333333333 0.16 2.963304002601946
0.09869356043350566 1.3333333333333333 0.17 2.9670181932235806
0.10442960712366615 1.3333333333333333 0.18 2.9709662749907118
0.11015372323063785 1.3333333333333333 0.19 2.975149816003233
0.11586523988044829 1.3333333333333333 0.2 2.9795704679958446
0.1215634902376248 1.3333333333333333 0.21 2.984229835656516
0.12724778742395035 1.3333333333333333 0.22 2.9891305447537304
0.13291748089576275 1.3333333333333333 0.23 2.9942735123011257
0.13857188688058636 1.3333333333333333 0.24 2.9996613142331423
0.14421033219301033 1.3333333333333333 0.25 3.005296065746021
0.1498321418479556 1.3333333333333333 0.26 3.0111800217817275
0.15543664315910502 1.3333333333333333 0.27 3.017315412507328
0.16102314160008951 1.3333333333333333 0.28 3.023705372176203
0.16659098230967193 1.3333333333333333 0.29 3.030351577631416
0.1721394740640368 1.3333333333333333 0.3 3.0372571700053856
0.17766793758852067 1.3333333333333333 0.31 3.0444249026556522
0.18317569260820715 1.3333333333333333 0.32 3.051857645315146
0.18866204413154067 1.3333333333333333 0.33 3.0595588306811887
0.1941263317422599 1.3333333333333333 0.34 3.067530841615079
0.1995678556668979 1.3333333333333333 0.35 3.075777437959129
0.20498593328271775 1.3333333333333333 0.36 3.084301907219692
0.21037988153039872 1.3333333333333333 0.37 3.093107654343508
0.21574899711616985 1.3333333333333333 0.38 3.102198774781286
0.2210926179058793 1.3333333333333333 0.39 3.1115782697539833
0.22641004155334232 1.3333333333333333 0.4 3.1212504201564717
0.23170058168929455 1.3333333333333333 0.41 3.1312191561485427
0.2369635791960184 1.3333333333333333 0.42 3.141487809743003
0.2421982462992035 1.3333333333333333 0.43 3.152063244319621
0.24740399982822234 1.3333333333333333 0.44 3.162947035808797
0.2525801119181436 1.3333333333333333 0.45 3.17414472750811
0.25772589587433475 1.3333333333333333 0.46 3.1856609172602597
0.2628406464333144 1.3333333333333333 0.47 3.197500805926525
0.2679237058663066 1.3333333333333333 0.48 3.209668584303935
0.2729743671255841 1.3333333333333333 0.49 3.2221698120164133
0.27799194799232735 1.3333333333333333 0.5 3.2350096094586203
0.2829752795420449 1.3333333333333333 0.51 3.2482044497307294
0.28792511759218475 1.3333333333333333 0.52 3.2617267961637597
0.2928393502929207 1.3333333333333333 0.53 3.2756151412017713
0.29771777060525123 1.3333333333333333 0.54 3.289864441187716
0.30255970663913223 1.3333333333333333 0.55 3.304480536210837
0.3073644577425768 1.3333333333333333 0.56 3.3194701040445267
0.31213139038613535 1.3333333333333333 0.57 3.3348385829046783
0.3168598164258234 1.3333333333333333 0.58 3.3505928284457807
0.32154907449770664 1.3333333333333333 0.59 3.366739353694502
0.32619847517004646 1.3333333333333333 0.6 3.383285501153647
0.3308074326433108 1.3333333333333333 0.61 3.4002367146567685
0.33537523823389986 1.3333333333333333 0.62 3.4176012561114852
0.3399012621566563 1.3333333333333333 0.63 3.435386023188707
0.344384875836406 1.3333333333333333 0.64 3.4535981810811247
0.348825402425929 1.3333333333333333 0.65 3.4722461530519637
0.35322227438937437 1.3333333333333333 0.66 3.4913364766657944
0.3575748469818127 1.3333333333333333 0.67 3.510877548174675
0.36188251392241233 1.3333333333333333 0.68 3.5308773191163505
0.3661446393844715 1.3333333333333333 0.69 3.5513446462541234
0.3703607130748799 1.3333333333333333 0.7 3.5722862901423538
0.3745300858789936 1.3333333333333333 0.71 3.5937120602456294
0.3786522035903799 1.3333333333333333 0.72 3.615630287279204
0.38272651211639896 1.3333333333333333 0.73 3.638049677685495
0.3867524268031778 1.3333333333333333 0.74 3.660979899941696
0.3907294664691608 1.3333333333333333 0.75 3.684429052100832
0.39465707645779574 1.3333333333333333 0.76 3.708407030689158
0.3985347509634172 1.3333333333333333 0.77 3.7329232206560214
0.4023620183697981 1.3333333333333333 0.78 3.757986791452056
0.40613830337859275 1.3333333333333333 0.79 3.78360928097598
0.40986324988860207 1.3333333333333333 0.8 3.8097985774300938
0.41353636128884835 1.3333333333333333 0.81 3.836565645752537
0.4171572053835401 1.3333333333333333 0.82 3.863920711535845
0.4207254801440118 1.3333333333333333 0.83 3.8918720627238126
0.42424041040152355 1.3333333333333333 0.84 3.920437219842392
0.4277020024436309 1.3333333333333333 0.85 3.94961973535442
0.43110974958600207 1.3333333333333333 0.86 3.979433149071197
0.4344633040449795 1.3333333333333333 0.87 4.009888567202784
0.43776239828644187 1.3333333333333333 0.88 4.040996127941499
0.44100649404240766 1.3333333333333333 0.89 4.072771489400314
0.4441955340035651 1.3333333333333333 0.9 4.105221959114305
0.44732914461607176 1.3333333333333333 0.91 4.138361219956222
0.45040706135875314 1.3333333333333333 0.92 4.172201485755014
0.45342904582038235 1.3333333333333333 0.93 4.206755038401168
0.45639479202560745 1.3333333333333333 0.94 4.2420359744914595
0.45930416468489327 1.3333333333333333 0.95 4.278055789870603
0.46215690264676024 1.3333333333333333 0.96 4.31482889336573
0.464952801245682 1.3333333333333333 0.97 4.352369230485465
0.46769166061400713 1.3333333333333333 0.98 4.390691252707928
0.47037322595984676 1.3333333333333333 0.99 4.429811053347624
0.0 1.3475177304964538 0.0 2.960056462340566
0.005812216224300056 1.3475177304964538 0.01 2.9601687883350025
0.011623770877714356 1.3475177304964538 0.02 2.9605057559573513
0.01743400206955734 1.3475177304964538 0.03 2.961067605168574
0.023242247875249762 1.3475177304964538 0.04 2.9618545366512703
0.029047846110759872 1.3475177304964538 0.05 2.9628668741636766
0.034850134457372964 1.3475177304964538 0.06 2.9641050053054516
0.04064845034188497 1.3475177304964538 0.07 2.9655694089609024
0.046442130910152785 1.3475177304964538 0.08 2.967260650595678
0.05223051288555892 1.3475177304964538 0.09 2.969179394116439
0.0580129325390291 1.3475177304964538 0.1 2.9713263956221008
0.06378872578506904 1.3475177304964538 0.11 2.9737024892058272
0.0695572278973912 1.3475177304964538 0.12 2.9763086127285554
0.07531777370273246 1.3475177304964538 0.13 2.9791457844351834
0.08106969741612585 1.3475177304964538 0.14 2.982215116256565
0.08681233280531528 1.3475177304964538 0.15 2.985517799662495
0.09254502177307988 1.3475177304964538 0.16 2.9890545533590367
0.09826706329888361 1.3475177304964538 0.17 2.992828893235234
0.10397782679836008 1.3475177304964538 0.18 2.996839869621032
0.10967662768203172 1.3475177304964538 0.19 3.001090037542048
0.11536279623493716 1.3475177304964538 0.2 3.005581043495316
0.12103566140044843 1.3475177304964538 0.21 3.0103146628510653
0.12669455149849904 1.3475177304964538 0.22 3.0152927588291147
0.13233879572769464 1.3475177304964538 0.23 3.0205172164062715
0.13796770738795403 1.3475177304964538 0.24 3.0259906939757375
0.14358063206499624 1.3475177304964538 0.25 3.031714463649321
0.14917688282213656 1.3475177304964538 0.26 3.037691318634019
0.1547557847180404 1.3475177304964538 0.27 3.0439235787764534
0.16031666070213801 1.3475177304964538 0.28 3.0504137247736676
0.16585883566025644 1.3475177304964538 0.29 3.0571642420003657
0.1713816140299547 1.3475177304964538 0.3 3.0641784383220236
0.17688433964209727 1.3475177304964538 0.31 3.071458264954083
0.1823663195792329 1.3475177304964538 0.32 3.079007095022866
0.18782687362240538 1.3475177304964538 0.33 3.086827923888301
0.19326532111091255 1.3475177304964538 0.34 3.094923857242831
0.19868096550543876 1.3475177304964538 0.35 3.1032985969564963
0.2040731494034679 1.3475177304964538 0.36 3.1119547096104196
0.20944117091085138 1.3475177304964538 0.37 3.120896267009309
0.21478434924834147 1.3475177304964538 0.38 3.130126782820715
0.2201020018040239 1.3475177304964538 0.39 3.139649945293805
0.22539342809985954 1.3475177304964538 0.4 3.1494700641355644
0.23065796991359594 1.3475177304964538 0.41 3.159590378983467
0.23589492551983252 1.3475177304964538 0.42 3.1700154842201966
0.2411036128019774 1.3475177304964538 0.43 3.180749554253181
0.24628335402760332 1.3475177304964538 0.44 3.1917967936025224
0.2514334350255397 1.3475177304964538 0.45 3.203162491091064
0.2565532115221733 1.3475177304964538 0.46 3.2148502823161955
0.2616419827809912 1.3475177304964538 0.47 3.2268654164190242
0.26669906960554285 1.3475177304964538 0.48 3.2392127520771625
0.2717237638969681 1.3475177304964538 0.49 3.251898011846498
0.2767154560669968 1.3475177304964538 0.5 3.2649247312077163
0.28167340939843694 1.3475177304964538 0.51 3.2782996783767215
0.2865969655670294 1.3475177304964538 0.52 3.2920279328938022
0.2914854571330026 1.3475177304964538 0.53 3.3061149983500604
0.29633818853265814 1.3475177304964538 0.54 3.3205672182109436
0.3011545312241149 1.3475177304964538 0.55 3.3353896358930277
0.3059338013109628 1.3475177304964538 0.56 3.350588766309248
0.31067534242683936 1.3475177304964538 0.57 3.3661707349191725
0.3153784370351701 1.3475177304964538 0.58 3.382143218230984
0.32004260425684655 1.3475177304964538 0.59 3.398509058803454
0.3246670392160556 1.3475177304964538 0.6 3.4152783082156484
0.32925114955930257 1.3475177304964538 0.61 3.4324567217470636
0.33379430530263204 1.3475177304964538 0.62 3.4500511407164822
0.3382958513855507 1.3475177304964538 0.63 3.468069203505297
0.3427552101761648 1.3475177304964538 0.64 3.4865172448983457
0.3471717415063461 1.3475177304964538 0.65 3.5054031882188332
0.35154484369515093 1.3475177304964538 0.66 3.524734476650197
0.3558739543247421 1.3475177304964538 0.67 3.5445180908652554
0.3601583625828738 1.3475177304964538 0.68 3.564764293195506
0.36439762562743916 1.3475177304964538 0.69 3.585478350083196
0.36859112262151694 1.3475177304964538 0.7 3.6066694204747685
0.37273829899344785 1.3475177304964538 0.71 3.6283457052769377
0.37683856954710115 1.3475177304964538 0.72 3.650516365196109
0.38089149110145276 1.3475177304964538 0.73 3.673188183033923
0.38489646654158016 1.3475177304964538 0.74 3.6963713133365506
0.38885300669215095 1.3475177304964538 0.75 3.720074214810532
0.3927606213039786 1.3475177304964538 0.76 3.744305775835474
0.39661879673129213 1.3475177304964538 0.77 3.769075743034266
0.4004271303045296 1.3475177304964538 0.78 3.794392174013325
0.4041851301192763 1.3475177304964538 0.79 3.8202652568865334
0.4078923705262048 1.3475177304964538 0.8 3.8467043610186904
0.41154843943241576 1.3475177304964538 0.81 3.8737190498077085
0.4151528998872847 1.3475177304964538 0.82 3.9013198105110805
0.4187054342598502 1.3475177304964538 0.83 3.929515351022947
0.4222056360613819 1.3475177304964538 0.84 3.9583165232529636
0.4256531649277016 1.3475177304964538 0.85 3.9877334160189393
0.42904769633693063 1.3475177304964538 0.86 4.017776308341403
0.43238887907586687 1.3475177304964538 0.87 4.04845647244851
0.43567649972051625 1.3475177304964538 0.88 4.079783100167058
0.4389102277950796 1.3475177304964538 0.89 4.1117680813531345
0.4420898177375863 1.3475177304964538 0.9 4.144422227650836
0.445215032986391 1.3475177304964538 0.91 4.177756699554911
0.448285542456579 1.3475177304964538 0.92 4.211784957384772
0.45130143446589754 1.3475177304964538 0.93 4.246513110501524
0.45426224468661636 1.3475177304964538 0.94 4.281958185921599
0.45716787748249177 1.3475177304964538 0.95 4.31813082287813
0.46001817012529733 1.3475177304964538 0.96 4.355043466028121
0.4628129780417469 1.3475177304964538 0.97 4.392708768102867
0.46555209626225896 1.3475177304964538 0.98 4.431141089420423
0.4682354702130037 1.3475177304964538 0.99 4.470352499777479
0.0 1.3617021276595744 0.0 2.985846642163184
0.00578705954144865 1.3617021276595744 0.01 2.9859607765712917
0.011573455442560105 1.3617021276595744 0.02 2.986303225866683
0.017358524020386703 1.3617021276595744 0.03 2.986874120284783
0.023141601492245648 1.3617021276595744 0.04 2.9876736820935776
0.02892202393890875 1.3617021276595744 0.05 2.9887022200416444
0.034699127310882844 1.3617021276595744 0.06 2.9899601221965537
0.04047224747894358 1.3617021276595744 0.07 2.991447848652178
0.0462407277172187 1.3617021276595744 0.08 2.9931649677469556
0.05200387335199727 1.3617021276595744 0.09 2.9951159159357776
0.05776105385476955 1.3617021276595744 0.1 2.9972970293740437
0.06351158916665614 1.3617021276595744 0.11 2.9997109678271467
0.0692548135559392 1.3617021276595744 0.12 3.002358602461018
0.07499006044904805 1.3617021276595744 0.13 3.00524094487509
0.08071666253753726 1.3617021276595744 0.14 3.00835911972563
0.0864339518959396 1.3617021276595744 0.15 3.011714347924826
0.09214126017556011 1.3617021276595744 0.16 3.015307931535488
0.09783791828961715 1.3617021276595744 0.17 3.019141275692409
0.10352325722457549 1.3617021276595744 0.18 3.023215838086488
0.10919659296466458 1.3617021276595744 0.19 3.0275339752263855
0.11485728553997566 1.3617021276595744 0.2 3.0320956324352633
0.12050463766199629 1.3617021276595744 0.21 3.036904024262463
0.12613798291684933 1.3617021276595744 0.22 3.041960692473022
0.1317566483445158 1.3617021276595744 0.23 3.0472676051112204
0.13735995987068736 1.3617021276595744 0.24 3.0528268511053764
0.14294724354788005 1.3617021276595744 0.25 3.0586405844963584
0.1485178109375258 1.3617021276595744 0.26 3.0647116356699313
0.15407101320239475 1.3617021276595744 0.27 3.071041258854106
0.15960615221324048 1.3617021276595744 0.28 3.0776328379610063
0.16512255501242307 1.3617021276595744 0.29 3.08448878664797
0.17061954350806383 1.3617021276595744 0.3 3.0916118132917974
0.17609644040723554 1.3617021276595744 0.31 3.0990046872564245
0.18155255249766888 1.3617021276595744 0.32 3.1066708205478473
0.186987223678046 1.3617021276595744 0.33 3.1146124333695817
0.19239975805791804 1.3617021276595744 0.34 3.122833222038428
0.19778947710029698 1.3617021276595744 0.35 3.131336382857789
0.20315570061208943 1.3617021276595744 0.36 3.1401252781489633
0.20849772532540112 1.3617021276595744 0.37 3.1492040813982443
0.2138149231802257 1.3617021276595744 0.38 3.1585748015354307
0.21910656665561215 1.3617021276595744 0.39 3.1682425827423235
0.22437198639747324 1.3617021276595744 0.4 3.178210930834154
0.22961050271583833 1.3617021276595744 0.41 3.1884837984861867
0.23482141321150854 1.3617021276595744 0.42 3.1990658958178084
0.2400040884309049 1.3617021276595744 0.43 3.2099600793463283
0.2451578065048042 1.3617021276595744 0.44 3.2211718794572732
0.2502818996189778 1.3617021276595744 0.45 3.2327055020905755
0.25537569253329206 1.3617021276595744 0.46 3.244565519968928
0.2604384902432798 1.3617021276595744 0.47 3.256757168120347
0.2654696533752578 1.3617021276595744 0.48 3.269284453207353
0.2704684849983957 1.3617021276595744 0.49 3.282153008746039
0.275434319015287 1.3617021276595744 0.5 3.2953678792999326
0.2803664934405073 1.3617021276595744 0.51 3.3089342098208987
0.28526431190529383 1.3617021276595744 0.52 3.322858152170767
0.2901271535699407 1.3617021276595744 0.53 3.337144289598677
0.2949543383261666 1.3617021276595744 0.54 3.3517988137961594
0.29974521273799826 1.3617021276595744 0.55 3.3668275143954682
0.30449887152569205 1.3617021276595744 0.56 3.3822420065797547
0.3092154130102504 1.3617021276595744 0.57 3.3980318441993997
0.31389345991070383 1.3617021276595744 0.58 3.414219613765011
0.31853261500871227 1.3617021276595744 0.59 3.4308063823370065
0.3231322498109253 1.3617021276595744 0.6 3.4477986237322336
0.3276917140921003 1.3617021276595744 0.61 3.4652035435584816
0.33221043818355533 1.3617021276595744 0.62 3.483026918666537
0.3366877756895671 1.3617021276595744 0.63 3.501276443779528
0.34112313020015994 1.3617021276595744 0.64 3.519959054260253
0.34551591311894997 1.3617021276595744 0.65 3.5390818355756437
0.34986550130476357 1.3617021276595744 0.66 3.5586528942373925
0.354171370021882 1.3617021276595744 0.67 3.578678651643809
0.35843292417684103 1.3617021276595744 0.68 3.599167302737644
0.3626496104579094 1.3617021276595744 0.69 3.6201265358218757
0.36682090876751894 1.3617021276595744 0.7 3.6415637323778394
0.3709461899902392 1.3617021276595744 0.71 3.6634887977371213
0.37502504269507503 1.3617021276595744 0.72 3.6859076898963052
0.3790569134094632 1.3617021276595744 0.73 3.7088295662638777
0.38304130979350914 1.3617021276595744 0.74 3.7322627634912684
0.38697791837799644 1.3617021276595744 0.75 3.756212542355192
0.3908657486232708 1.3617021276595744 0.76 3.780697711339783
0.3947048899010635 1.3617021276595744 0.77 3.8057165314028123
0.39849471932049324 1.3617021276595744 0.78 3.8312815127850435
0.40223482090218504 1.3617021276595744 0.79 3.857401582199687
0.40592495582524024 1.3617021276595744 0.8 3.8840827130310838
0.4095642263167983 1.3617021276595744 0.81 3.91134393252404
0.41315279683758704 1.3617021276595744 0.82 3.9391843935889965
0.41669013339409267 1.3617021276595744 0.83 3.9676170738705467
0.4201759081255907 1.3617021276595744 0.84 3.996651472872936
0.42360983536355384 1.3617021276595744 0.85 4.026296758550974
0.4269915214331473 1.3617021276595744 0.86 4.056564628007829
0.4303208141199567 1.3617021276595744 0.87 4.0874626704999
0.43359740703113164 1.3617021276595744 0.88 4.119001892532472
0.43682106706696183 1.3617021276595744 0.89 4.151192398812628
0.439991582994221 1.3617021276595744 0.9 4.184044373833526
0.4431087100393655 1.3617021276595744 0.91 4.21756913997165
0.4461723427084262 1.3617021276595744 0.92 4.251775872738715
0.4491822696526034 1.3617021276595744 0.93 4.2866762682439425
0.4521383488456265 1.3617021276595744 0.94 4.322281213214823
0.4550404488843037 1.3617021276595744 0.95 4.358601904780782
0.45788865014970076 1.3617021276595744 0.96 4.395645991888652
0.4606822121479066 1.3617021276595744 0.97 4.433437407141363
0.4634216925569712 1.3617021276595744 0.98 4.471975682249521
0.4661067717848381 1.3617021276595744 0.99 4.511277724050163
0.0 1.375886524822695 0.0 3.012139841852197
0.0057617455607918 1.375886524822695 0.01 3.0122557927854796
0.011522825735152958 1.375886524822695 0.02 3.0126036887002217
0.01728257508859138 1.375886524822695 0.03 3.013183665930617
0.02304032810389802 1.375886524822695 0.04 3.0139959471668436
0.02879541913922502 1.375886524822695 0.05 3.015040844562954
0.034547182365640056 1.375886524822695 0.06 3.016318763590947
0.04029495174175978 1.375886524822695 0.07 3.0178301983608566
0.04603806098437719 1.375886524822695 0.08 3.0195757313093647
0.05177584351293144 1.375886524822695 0.09 3.02155603650494
0.057507632462852426 1.375886524822695 0.1 3.023771874118358
0.0632327607438186 1.375886524822695 0.11 3.026224083973107
0.06895056226931622 1.375886524822695 0.12 3.0289134797500874
0.07466035719653415 1.375886524822695 0.13 3.0318420901614127
0.0803614964724913 1.375886524822695 0.14 3.035009399249112
0.08605329927868358 1.375886524822695 0.15 3.0384176241181904
0.09173509756428705 1.375886524822695 0.16 3.0420679525917804
0.09740622137904745 1.375886524822695 0.17 3.0459617831558505
0.10306600003624447 1.375886524822695 0.18 3.0501006242705584
0.10871376232495464 1.375886524822695 0.19 3.0544860786494072
0.11434883643201788 1.375886524822695 0.2 3.059119848111307
0.11997055171015661 1.375886524822695 0.21 3.0640036432679834
0.12557822228056792 1.375886524822695 0.22 3.06914000495248
0.13117119546222358 1.375886524822695 0.23 3.0745298848587486
0.13674878432559584 1.375886524822695 0.24 3.0801760168324237
0.1423103157813075 1.375886524822695 0.25 3.0860805162151905
0.14785511447837701 1.375886524822695 0.26 3.092245685279659
0.15338250479864848 1.375886524822695 0.27 3.09867392004108
0.15889182098346408 1.375886524822695 0.28 3.105367318304132
0.16438234562153267 1.375886524822695 0.29 3.112330074338008
0.1698534481791617 1.375886524822695 0.3 3.119563093471138
0.17530443170592835 1.375886524822695 0.31 3.127069957639799
0.18073461880513034 1.375886524822695 0.32 3.1348535854208888
0.18614333156335738 1.375886524822695 0.33 3.1429170183283475
0.19152985273554216 1.375886524822695 0.34 3.151264700114404
0.19689360898901637 1.375886524822695 0.35 3.1598964404205616
0.2022338232593004 1.375886524822695 0.36 3.168818879338505
0.20754984632975662 1.375886524822695 0.37 3.1780345608318457
0.21284100045074722 1.375886524822695 0.38 3.187547094247022
0.21810661650313448 1.375886524822695 0.39 3.197359966156411
0.22334598027894625 1.375886524822695 0.4 3.207478112902191
0.2285584595379908 1.375886524822695 0.41 3.2179042168300067
0.23374335815910086 1.375886524822695 0.42 3.228642969298981
0.2389000022489455 1.375886524822695 0.43 3.2396985646819996
0.2440277246513262 1.375886524822695 0.44 3.2510751756468146
0.2491258203802627 1.375886524822695 0.45 3.262778139104222
0.2541936598590139 1.375886524822695 0.46 3.2748109596259685
0.25923055420779145 1.375886524822695 0.47 3.2871788896137604
0.26423583751651175 1.375886524822695 0.48 3.299886754982286
0.26920886124166127 1.375886524822695 0.49 3.312939142549385
0.2741489013661935 1.375886524822695 0.5 3.3263426862089465
0.2790553696132029 1.375886524822695 0.51 3.340100887544788
0.2839275805804372 1.375886524822695 0.52 3.354219843038223
0.2887648832995675 1.375886524822695 0.53 3.3687050228140447
0.2935665025791323 1.375886524822695 0.54 3.3835649842252433
0.2983321572158595 1.375886524822695 0.55 3.3987971235772387
0.30306085467799954 1.375886524822695 0.56 3.4144154795690635
0.3077520728634404 1.375886524822695 0.57 3.430423491571495
0.31240518468012507 1.375886524822695 0.58 3.4468272796941957
0.3170195390334051 1.375886524822695 0.59 3.4636337515393847
0.32159458071537494 1.375886524822695 0.6 3.480847985599177
0.32612965117325976 1.375886524822695 0.61 3.498477604606927
0.3306241591341951 1.375886524822695 0.62 3.516529048577926
0.3350775137095571 1.375886524822695 0.63 3.535009052749314
0.33948910178970004 1.375886524822695 0.64 3.553925123486856
0.3438583947578992 1.375886524822695 0.65 3.573283306466217
0.3481847936361938 1.375886524822695 0.66 3.5930914496504442
0.3524677463306969 1.375886524822695 0.67 3.613356750833036
0.35670671227865786 1.375886524822695 0.68 3.6340865140772705
0.3609011219944822 1.375886524822695 0.69 3.655288979139894
0.365050505882125 1.375886524822695 0.7 3.676970713503731
0.3691543225319391 1.375886524822695 0.71 3.699140111561624
0.3732120785975653 1.375886524822695 0.72 3.721804968627949
0.3772232975351961 1.375886524822695 0.73 3.7449731289466666
0.38118746980449525 1.375886524822695 0.74 3.768653480602623
0.3851042012063184 1.375886524822695 0.75 3.792853024287496
0.3889730197996323 1.375886524822695 0.76 3.817580709319894
0.39279350684589226 1.375886524822695 0.77 3.842844846970376
0.3965652617386677 1.375886524822695 0.78 3.868653815393654
0.4002878565439255 1.375886524822695 0.79 3.8950169522422424
0.40396098308996453 1.375886524822695 0.8 3.921941695930391
0.40758425020564254 1.375886524822695 0.81 3.9494375436784126
0.4111573277676638 1.375886524822695 0.82 3.9775132512344595
0.41467990319080866 1.375886524822695 0.83 4.006177687419562
0.418151637762292 1.375886524822695 0.84 4.03544068213923
0.4215723381756032 1.375886524822695 0.85 4.065309719659038
0.42494168249399483 1.375886524822695 0.86 4.095795234043818
0.4282594446011156 1.375886524822695 0.87 4.126906279859841
0.43152540657305405 1.375886524822695 0.88 4.158652227667422
0.4347394458014363 1.375886524822695 0.89 4.191041087025604
0.43790111769637086 1.375886524822695 0.9 4.224087555280738
0.4410105431874265 1.375886524822695 0.91 4.257795907537416
0.444067471739235 1.375886524822695 0.92 4.292178064998423
0.44707177818347626 1.375886524822695 0.93 4.327244016897991
0.45002335601318255 1.375886524822695 0.94 4.363003878920822
0.45292206242704375 1.375886524822695 0.95 4.39946896149729
0.455767909524182 1.375886524822695 0.96 4.436648059229124
0.45856076355377884 1.375886524822695 0.97 4.474553290955272
0.4613005809063163 1.375886524822695 0.98 4.513195520015567
0.4639873160322935 1.375886524822695 0.99 4.5525861441624285
0.0 1.3900709219858156 0.0 3.0389417597617583
0.005736280709147018 1.3900709219858156 0.01 3.0390595394010407
0.011471894443732885 1.3900709219858156 0.02 3.03941293078493
0.017206174179169212 1.3900709219858156 0.03 3.040002071095704
0.022938452825491243 1.3900709219858156 0.04 3.0408271832895433
0.02866806316326691 1.3900709219858156 0.05 3.041888586436122
0.03439433781156622 1.3900709219858156 0.06 3.0431866903326945
0.04011660921694443 1.3900709219858156 0.07 3.0447219918576245
0.04583420962804398 1.3900709219858156 0.08 3.046495076297015
0.05154647098478863 1.3900709219858156 0.09 3.0485066282438487
0.05725272499209286 1.3900709219858156 0.1 3.0507574167265834
0.06295230300978223 1.3900709219858156 0.11 3.0532483066093548
0.06864453605490207 1.3900709219858156 0.12 3.055980254745146
0.07432875483335995 1.3900709219858156 0.13 3.0589543058939457
0.08000428963164484 1.3900709219858156 0.14 3.0621716014907148
0.08567047067195058 1.3900709219858156 0.15 3.0656333522347734
0.09132663464733878 1.3900709219858156 0.16 3.0693404057312246
0.0969720813469192 1.3900709219858156 0.17 3.0732961258854488
0.10260617473462916 1.3900709219858156 0.18 3.0774996788781595
0.10822822762491856 1.3900709219858156 0.19 3.081953693569797
0.11383756845954866 1.3900709219858156 0.2 3.0866598283476208
0.11943352426097685 1.3900709219858156 0.21 3.091619899691307
0.12501542185545877 1.3900709219858156 0.22 3.09683580959421
0.1305825875293815 1.3900709219858156 0.23 3.102309566011185
0.13613435171547728 1.3900709219858156 0.24 3.108043069252762
0.14167001802154733 1.3900709219858156 0.25 3.1140395141527075
0.14718894019613643 1.3900709219858156 0.26 3.1202999161143503
0.1526904288901587 1.3900709219858156 0.27 3.126827323536134
0.15817380932872685 1.3900709219858156 0.28 3.1336242167833896
0.16363840567772453 1.3900709219858156 0.29 3.1406932181380776
0.1690835426767767 1.3900709219858156 0.3 3.148037028463775
0.17450852790465374 1.3900709219858156 0.31 3.1556590758946896
0.17991271911919468 1.3900709219858156 0.32 3.1635610655186395
0.18529541310343542 1.3900709219858156 0.33 3.1717470334657927
0.1906559393839126 1.3900709219858156 0.34 3.1802199367724806
0.1959936220369771 1.3900709219858156 0.35 3.1889830498474203
0.20130778766622232 1.3900709219858156 0.36 3.1980396904987227
0.20659774253496688 1.3900709219858156 0.37 3.20739394256654
0.21186284016682744 1.3900709219858156 0.38 3.217048536192398
0.2171023893212136 1.3900709219858156 0.39 3.2270077457126938
0.22231571853466958 1.3900709219858156 0.4 3.2372753671656644
0.22750215639725307 1.3900709219858156 0.41 3.2478553472616047
0.23266100955501337 1.3900709219858156 0.42 3.258752402217298
0.23779165750931444 1.3900709219858156 0.43 3.2699693573283364
0.2428933913006468 1.3900709219858156 0.44 3.2815116906836868
0.2479655539057558 1.3900709219858156 0.45 3.2933835915757173
0.2530074818875352 1.3900709219858156 0.46 3.3055896108017087
0.2580184755730616 1.3900709219858156 0.47 3.31813541508124
0.26299797104579425 1.3900709219858156 0.48 3.3310233624030703
0.2679452248568205 1.3900709219858156 0.49 3.344260633053618
0.27285960763035094 1.3900709219858156 0.5 3.3578516733622603
0.2777404704493596 1.3900709219858156 0.51 3.3718016481411794
0.28258712925176116 1.3900709219858156 0.52 3.3861167821450833
0.287399035805868 1.3900709219858156 0.53 3.4008002636387715
0.2921754686101081 1.3900709219858156 0.54 3.4158596729827466
0.2969158176126773 1.3900709219858156 0.55 3.431300157314766
0.3016194571084374 1.3900709219858156 0.56 3.4471274927542526
0.3062857334844697 1.3900709219858156 0.57 3.463348341992391
0.3109141046133639 1.3900709219858156 0.58 3.4799671041998885
0.3155038997631866 1.3900709219858156 0.59 3.4969913650339413
0.32005453249648025 1.3900709219858156 0.6 3.514427082422063
0.3245654105277603 1.3900709219858156 0.61 3.532280640490096
0.32903591850483954 1.3900709219858156 0.62 3.5505592166285806
0.3334655421159684 1.3900709219858156 0.63 3.569268106961737
0.33785366353502394 1.3900709219858156 0.64 3.5884151602292165
0.34219973541580684 1.3900709219858156 0.65 3.6080070249093805
0.3465032121905915 1.3900709219858156 0.66 3.6280506466219777
0.3507635253371641 1.3900709219858156 0.67 3.648553785450856
0.35498021425766385 1.3900709219858156 0.68 3.669522297651839
0.3591527158658939 1.3900709219858156 0.69 3.6909645307579715
0.3632805398719731 1.3900709219858156 0.7 3.7128876801297235
0.3673632012361454 1.3900709219858156 0.71 3.735299207322179
0.37140018939932334 1.3900709219858156 0.72 3.7582074671350494
0.37539112570663596 1.3900709219858156 0.73 3.7816185267675952
0.37933550222886914 1.3900709219858156 0.74 3.805541466346292
0.38323290503776364 1.3900709219858156 0.75 3.82998386368828
0.3870829239881773 1.3900709219858156 0.76 3.854953630990058
0.39088508821271317 1.3900709219858156 0.77 3.8804602983431855
0.3946392173667829 1.3900709219858156 0.78 3.9065080449773584
0.39834476994773943 1.3900709219858156 0.79 3.933108648934605
0.40200145577007473 1.3900709219858156 0.8 3.9602693295795817
0.40560895260440116 1.3900709219858156 0.81 3.987998381568242
0.4091669811890052 1.3900709219858156 0.82 4.016303696368621
0.41267515322687504 1.3900709219858156 0.83 4.0451957503788565
0.4161333240582395 1.3900709219858156 0.84 4.07468068777829
0.41954119493038267 1.3900709219858156 0.85 4.104768130482606
0.4228985409801355 1.3900709219858156 0.86 4.13546670716967
0.4262051590878175 1.3900709219858156 0.87 4.16678507989548
0.4294608177941342 1.3900709219858156 0.88 4.198732925605416
0.43266543023802734 1.3900709219858156 0.89 4.231317556578895
0.4358187905978439 1.3900709219858156 0.9 4.264549075079449
0.43892077851781325 1.3900709219858156 0.91 4.2984363771805105
0.4419712835745408 1.3900709219858156 0.92 4.332988630096971
0.4449702311249336 1.3900709219858156 0.93 4.368214765389249
0.44791745524922943 1.3900709219858156 0.94 4.404125974443937
0.4508130074046787 1.3900709219858156 0.95 4.440729645857125
0.45365678883993 1.3900709219858156 0.96 4.478036584882656
0.45644876975729437 1.3900709219858156 0.97 4.516056708555242
0.45918893067025957 1.3900709219858156 0.98 4.554800197276443
0.46187733635622014 1.3900709219858156 0.99 4.594276023978172
0.0 1.4042553191489362 0.0 3.066258111489819
0.0057106714229532935 1.4042553191489362 0.01 3.0663777471523153
0.011420674420633497 1.4042553191489362 0.02 3.066736693443573
0.017129340520970624 1.4042553191489362 0.03 3.0673350940969004
0.022836001240844613 1.4042553191489362 0.04 3.0681731623292405
0.028539987970101335 1.4042553191489362 0.05 3.0692512206425198
0.034240632031524 1.4042553191489362 0.06 3.0705696695797062
0.03993726519957372 1.4042553191489362 0.07 3.072128912936794
0.045629192198135715 1.4042553191489362 0.08 3.0739331144182507
0.05131581356004641 1.4042553191489362 0.09 3.075973443788578
0.0569963958280434 1.4042553191489362 0.1 3.078259384947486
0.06267028812932067 1.4042553191489362 0.11 3.080789231041525
0.06833682067322198 1.4042553191489362 0.12 3.083563900938993
0.07399532322182598 1.4042553191489362 0.13 3.086584432533598
0.07964512504899654 1.4042553191489362 0.14 3.089851976041432
0.08528555518281433 1.4042553191489362 0.15 3.093367769896551
0.09091594222324519 1.4042553191489362 0.16 3.097133154900019
0.09653561442663848 1.4042553191489362 0.17 3.101149566800596
0.10214389986909812 1.4042553191489362 0.18 3.1054185269493213
0.1077401272612148 1.4042553191489362 0.19 3.1099415986361154
0.11332361053718444 1.4042553191489362 0.2 3.1147212482830176
0.11889370314832352 1.4042553191489362 0.21 3.1197578146324276
0.12444971248611239 1.4042553191489362 0.22 3.12505428936884
0.12999096848668795 1.4042553191489362 0.23 3.130612486888316
0.13551679747593595 1.4042553191489362 0.24 3.1364345094098627
0.14102652513026748 1.4042553191489362 0.25 3.142522581736158
0.1465194772674035 1.4042553191489362 0.26 3.148879015888596
0.15199498995018773 1.4042553191489362 0.27 3.155505796837229
0.15745234729328106 1.4042553191489362 0.28 3.162407153679536
0.16289092271613687 1.4042553191489362 0.29 3.1695837304089145
0.16831002119612998 1.4042553191489362 0.3 3.1770391023714812
0.17370896872677521 1.4042553191489362 0.31 3.184776087230432
0.1790870909627699 1.4042553191489362 0.32 3.192797632274055
0.1844437160035605 1.4042553191489362 0.33 3.2011067188832234
0.18977815180448498 1.4042553191489362 0.34 3.2097071404212296
0.1950897532869605 1.4042553191489362 0.35 3.218601205979828
0.20037783061827313 1.4042553191489362 0.36 3.2277928904971396
0.2056417135786964 1.4042553191489362 0.37 3.237285633233157
0.21088073132595372 1.4042553191489362 0.38 3.247083039059623
0.2160942293823458 1.4042553191489362 0.39 3.257188366095416
0.22128147866966588 1.4042553191489362 0.4 3.2676072646960233
0.22644187971054258 1.4042553191489362 0.41 3.2783416461227093
0.23157473861314862 1.4042553191489362 0.42 3.2893964225204577
0.23667939163969373 1.4042553191489362 0.43 3.3007757696204436
0.24175517907666058 1.4042553191489362 0.44 3.312483926977434
0.2468014193050425 1.4042553191489362 0.45 3.3245259078541705
0.2518174896504619 1.4042553191489362 0.46 3.3369053099624923
0.2568027129690329 1.4042553191489362 0.47 3.349627403602018
0.26175644036999857 1.4042553191489362 0.48 3.362696893233196
0.2666780247009151 1.4042553191489362 0.49 3.3761186483410146
0.27156679837644443 1.4042553191489362 0.5 3.3898982613745003
0.2764221664772352 1.4042553191489362 0.51 3.4040397221154906
0.28124345735185263 1.4042553191489362 0.52 3.4185491713092406
0.2860300462124695 1.4042553191489362 0.53 3.4334318114916043
0.29078130789292705 1.4042553191489362 0.54 3.448693102389058
0.2954965924678053 1.4042553191489362 0.55 3.464339332798868
0.3001753483319928 1.4042553191489362 0.56 3.480374736066444
0.3048169144873969 1.4042553191489362 0.57 3.496806381996518
0.30942070098848407 1.4042553191489362 0.58 3.5136399450367293
0.31398611468178705 1.4042553191489362 0.59 3.530881461057128
0.3185125294291939 1.4042553191489362 0.6 3.5485379877408034
0.32299946152093306 1.4042553191489362 0.61 3.566613699663656
0.3274462586645771 1.4042553191489362 0.62 3.58511683765535
0.33185238200294465 1.4042553191489362 0.63 3.604053426060605
0.33621728277347246 1.4042553191489362 0.64 3.623430035890824
0.34054034422534407 1.4042553191489362 0.65 3.643255019380406
0.3448212441298728 1.4042553191489362 0.66 3.663530758247387
0.349059271832871 1.4042553191489362 0.67 3.6842682939309404
0.35325397997591623 1.4042553191489362 0.68 3.7054733851514787
0.35740487765225365 1.4042553191489362 0.69 3.727153086765652
0.36151156397683265 1.4042553191489362 0.7 3.74931295115198
0.3655733171125254 1.4042553191489362 0.71 3.771965558486137
0.36958995843358006 1.4042553191489362 0.72 3.7951126063653904
0.373560953452595 1.4042553191489362 0.73 3.8187635611236286
0.3774858844335698 1.4042553191489362 0.74 3.8429258665229997
0.38136435972195054 1.4042553191489362 0.75 3.8676068367444913
0.3851959337358627 1.4042553191489362 0.76 3.8928152841736363
0.3889803144883323 1.4042553191489362 0.77 3.9185573216701908
0.3927171124900026 1.4042553191489362 0.78 3.9448414568244146
0.3964059966371162 1.4042553191489362 0.79 3.971675439578751
0.40004665550203394 1.4042553191489362 0.8 3.999067053189126
0.4036387531855757 1.4042553191489362 0.81 4.027025000233989
0.4071820880169305 1.4042553191489362 0.82 4.055555738331203
0.4106763491515548 1.4042553191489362 0.83 4.084668344207921
0.41412130844265066 1.4042553191489362 0.84 4.114370686086331
0.4175167493350951 1.4042553191489362 0.85 4.144670846488461
0.4208625119053733 1.4042553191489362 0.86 4.175576229821876
0.42415827486454194 1.4042553191489362 0.87 4.207097889555192
0.42740404339273563 1.4042553191489362 0.88 4.239240849909361
0.4305996122132508 1.4042553191489362 0.89 4.272014760130824
0.43374486366790754 1.4042553191489362 0.9 4.305427980300603
0.4368396993262073 1.4042553191489362 0.91 4.339488937962449
0.4398839730341763 1.4042553191489362 0.92 4.374207458730876
0.4428777712524139 1.4042553191489362 0.93 4.409589190921659
0.4458209174547696 1.4042553191489362 0.94 4.445645458782569
0.4487134123078129 1.4042553191489362 0.95 4.482384508343879
0.451555239887154 1.4042553191489362 0.96 4.519815358939692
0.4543464002749596 1.4042553191489362 0.97 4.55794715282702
0.45708684769554025 1.4042553191489362 0.98 4.596790397138029
0.45977671299740924 1.4042553191489362 0.99 4.636352491094579
0.0 1.4184397163120568 0.0 3.09409522823761
0.0056849236329504374 1.4184397163120568 0.01 3.094216729199883
0.011369177541565795 1.4184397163120568 0.02 3.0945812820920633
0.017052091986532302 1.4184397163120568 0.03 3.095189018868345
0.022732997151775864 1.4184397163120568 0.04 3.0960401753392373
0.028411223172227766 1.4184397163120568 0.05 3.0971350675045715
0.03408610007058409 1.4184397163120568 0.06 3.09847410834064
0.039756957749170624 1.4184397163120568 0.07 3.100057801934817
0.045423125951125555 1.4184397163120568 0.08 3.1018867465404574
0.0510839342623604 1.4184397163120568 0.09 3.103961631012703
0.056738712089740295 1.4184397163120568 0.1 3.106283236352301
0.0623867887269995 1.4184397163120568 0.11 3.1088524280583503
0.06802749330110465 1.4184397163120568 0.12 3.1116701635857114
0.07366015613228291 1.4184397163120568 0.13 3.1147373772390354
0.07928409265063459 1.4184397163120568 0.14 3.118056285799776
0.08489865442587123 1.4184397163120568 0.15 3.1216262489633926
0.0905031544457455 1.4184397163120568 0.16 3.125449831042055
0.09609692300292332 1.4184397163120568 0.17 3.1295282694981936
0.10167928771849478 1.4184397163120568 0.18 3.13386309229199
0.1072495759959296 1.4184397163120568 0.19 3.138455925665736
0.1128071148200629 1.4184397163120568 0.2 3.1433085063701958
0.11835123116658976 1.4184397163120568 0.21 3.1484226585432014
0.12388125219399392 1.4184397163120568 0.22 3.153800288150473
0.12939653789914068 1.4184397163120568 0.23 3.159441793879372
0.13489630445904546 1.4184397163120568 0.24 3.165354673156312
0.14037999560109307 1.4184397163120568 0.25 3.171535437586099
0.14584689494653474 1.4184397163120568 0.26 3.1779884971435273
0.15129632936150006 1.4184397163120568 0.27 3.184716258763472
0.1567276252921944 1.4184397163120568 0.28 3.19172125741965
0.16214010976609175 1.4184397163120568 0.29 3.1990061162000316
0.16753312316024074 1.4184397163120568 0.3 3.2065730636751337
0.17290594128907988 1.4184397163120568 0.31 3.214426906356176
0.17825795062773409 1.4184397163120568 0.32 3.222568354953398
0.18358845534795423 1.4184397163120568 0.33 3.2310013841502703
0.18889678459705803 1.4184397163120568 0.34 3.2397291477473393
0.19418226827591759 1.4184397163120568 0.35 3.2487549109267793
0.19944424219004683 1.4184397163120568 0.36 3.258081886711523
0.2046820095652697 1.4184397163120568 0.37 3.267714488407464
0.20989494061522257 1.4184397163120568 0.38 3.2776551057395236
0.2150823502329434 1.4184397163120568 0.39 3.287908077977729
0.2202435753430963 1.4184397163120568 0.4 3.29847719237056
0.22537795373497949 1.4184397163120568 0.41 3.309366379016743
0.23048413735956466 1.4184397163120568 0.42 3.320599500978366
0.23556351459551278 1.4184397163120568 0.43 3.3321217428356933
0.24061339096966078 1.4184397163120568 0.44 3.3439961259365365
0.24563378743723718 1.4184397163120568 0.45 3.3562076129604304
0.25062405408769445 1.4184397163120568 0.46 3.368760697856761
0.2555835476774081 1.4184397163120568 0.47 3.381659899463659
0.26051159737833623 1.4184397163120568 0.48 3.394910668592207
0.2654076027021857 1.4184397163120568 0.49 3.4085168210152466
0.27027090538680487 1.4184397163120568 0.5 3.422483914777785
0.27510087631976227 1.4184397163120568 0.51 3.4368169736256955
0.27989689091184833 1.4184397163120568 0.52 3.45152114663496
0.28465830267018954 1.4184397163120568 0.53 3.4666023594760036
0.2893845460231492 1.4184397163120568 0.54 3.4820648087849175
0.2940749742460574 1.4184397163120568 0.55 3.497914934277112
0.2987289916559554 1.4184397163120568 0.56 3.5141581960434496
0.3033460036350598 1.4184397163120568 0.57 3.530800307537772
0.3079253729464215 1.4184397163120568 0.58 3.5478482434356513
0.3124666439562029 1.4184397163120568 0.59 3.5653050760019545
0.31696913200707943 1.4184397163120568 0.6 3.583179457549404
0.3214323053769799 1.4184397163120568 0.61 3.601476818585196
0.32585561165178306 1.4184397163120568 0.62 3.6202033839043484
0.33023855501828847 1.4184397163120568 0.63 3.639364447921348
0.33458043876304433 1.4184397163120568 0.64 3.6589700552203808
0.3388809181753846 1.4184397163120568 0.65 3.6790228317825173
0.34313941617825916 1.4184397163120568 0.66 3.6995308656836015
0.34735543618356246 1.4184397163120568 0.67 3.7205008258893684
0.35152850240378264 1.4184397163120568 0.68 3.741939292987719
0.3556580945954509 1.4184397163120568 0.69 3.7638541538867614
0.35974382088009477 1.4184397163120568 0.7 3.7862509381845926
0.3637852043108476 1.4184397163120568 0.71 3.809137361673997
0.3677818195275245 1.4184397163120568 0.72 3.832520431125773
0.37173325743790114 1.4184397163120568 0.73 3.8564072042755915
0.3756390852530386 1.4184397163120568 0.74 3.8808056229692482
0.3794989921902668 1.4184397163120568 0.75 3.9057215050672487
0.38331256700342486 1.4184397163120568 0.76 3.9311631546135053
0.3870794736694773 1.4184397163120568 0.77 3.957137732749286
0.3907993870923115 1.4184397163120568 0.78 3.9836525943809615
0.39447208260097794 1.4184397163120568 0.79 4.010713470994361
0.3980969933070726 1.4184397163120568 0.8 4.0383334746523065
0.40167414516013145 1.4184397163120568 0.81 4.066514091381304
0.4052031788824635 1.4184397163120568 0.82 4.095265070096611
0.4086838651057687 1.4184397163120568 0.83 4.124593952370276
0.4121159966068842 1.4184397163120568 0.84 4.154508266552931
0.41549933877940687 1.4184397163120568 0.85 4.185016527474045
0.41883380213254917 1.4184397163120568 0.86 4.216124761847337
0.4221191772104936 1.4184397163120568 0.87 4.247841850428314
0.4253553425298104 1.4184397163120568 0.88 4.280175338223776
0.4285421868521186 1.4184397163120568 0.89 4.313133000346175
0.4316796270078671 1.4184397163120568 0.9 4.346722482031355
0.43476752817829845 1.4184397163120568 0.91 4.380952903096334
0.43780592094615817 1.4184397163120568 0.92 4.4158304839739895
0.4407947193741472 1.4184397163120568 0.93 4.451364222469264
0.44373390537305274 1.4184397163120568 0.94 4.487562177497103
0.4466234733507975 1.4184397163120568 0.95 4.524432581312739
0.4494634456538718 1.4184397163120568 0.96 4.5619835235845425
0.45225376866449263 1.4184397163120568 0.97 4.600225059263046
0.4549945775683018 1.4184397163120568 0.98 4.639163827620716
0.45768586216605867 1.4184397163120568 0.99 4.6788098387298875
0.0 1.4326241134751774 0.0 3.1224587797077064
0.005659043895406207 1.4326241134751774 0.01 3.1225821641252707
0.011317417015593351 1.4326241134751774 0.02 3.1229523215213555
0.01697444845576849 1.4326241134751774 0.03 3.1235694444826265
0.022629467325925016 1.4326241134751774 0.04 3.1244337485275118
0.028281802630940486 1.4326241134751774 0.05 3.125545563761429
0.03393078332544737 1.4326241134751774 0.06 3.1269053029893814
0.03957573821929786 1.4326241134751774 0.07 3.12851348105057
0.0452159961298781 1.4326241134751774 0.08 3.130370685860837
0.05085088561612212 1.4326241134751774 0.09 3.1324776205417613
0.056479735200751995 1.4326241134751774 0.1 3.134835066619174
0.06210187326866815 1.4326241134751774 0.11 3.137443900257238
0.06771662802011083 1.4326241134751774 0.12 3.140305095752739
0.07332332748494919 1.4326241134751774 0.13 3.1434197226184537
0.0789212995654703 1.4326241134751774 0.14 3.1467889420563124
0.08450987199917673 1.4326241134751774 0.15 3.150414011202322
0.09008837253860154 1.4326241134751774 0.16 3.1542962710443923
0.09565612898988295 1.4326241134751774 0.17 3.158437148237346
0.10121251997577253 1.4326241134751774 0.18 3.1628349864925065
0.10675670979343553 1.4326241134751774 0.19 3.16750158509755
0.11228819535406315 1.4326241134751774 0.2 3.1724280934787696
0.11780624385928533 1.4326241134751774 0.21 3.17762007977176
0.12331018279971884 1.4326241134751774 0.22 3.1830794479120277
0.128799339297076 1.4326241134751774 0.23 3.18880822525866
0.1342730404017527 1.4326241134751774 0.24 3.1948085463808207
0.13973061350769506 1.4326241134751774 0.25 3.2010826356507094
0.14517138838842514 1.4326241134751774 0.26 3.2076327223879257
0.15059467510365662 1.4326241134751774 0.27 3.2144620037759006
0.15599982906230117 1.4326241134751774 0.28 3.2215718201259382
0.16138616253207785 1.4326241134751774 0.29 3.2289655075797907
0.1667530059161855 1.4326241134751774 0.3 3.2366457366449137
0.17209968856912794 1.4326241134751774 0.31 3.244615352567059
0.1774255407936935 1.4326241134751774 0.32 3.252877296739458
0.18272990062632805 1.4326241134751774 0.33 3.2614343704420703
0.18801206592735958 1.4326241134751774 0.34 3.2702909377817755
0.19327141200598896 1.4326241134751774 0.35 3.2794487599469204
0.19850725302093575 1.4326241134751774 0.36 3.2889119167516623
0.2037189250668058 1.4326241134751774 0.37 3.298683865612472
0.20890576516177764 1.4326241134751774 0.38 3.3087681951863988
0.21406711728130648 1.4326241134751774 0.39 3.3191684418617635
0.2192022925547419 1.4326241134751774 0.4 3.3298893216802905
0.22431067267794375 1.4326241134751774 0.41 3.3409335512398646
0.22939158272814902 1.4326241134751774 0.42 3.352305773324648
0.23444437124184025 1.4326241134751774 0.43 3.364010096973751
0.23946838909751839 1.4326241134751774 0.44 3.3760507583543413
0.24446325561271742 1.4326241134751774 0.45 3.388424749967748
0.24942751363017454 1.4326241134751774 0.46 3.401159102653843
0.2543613469169048 1.4326241134751774 0.47 3.4142355796958808
0.25926384000481023 1.4326241134751774 0.48 3.4276666299594325
0.2641343622705298 1.4326241134751774 0.49 3.4414570366227024
0.26897229060433575 1.4326241134751774 0.5 3.4556116196863873
0.2737769769485663 1.4326241134751774 0.51 3.470136072005324
0.27854784723485704 1.4326241134751774 0.52 3.4850344424366253
0.28328426505005444 1.4326241134751774 0.53 3.500312624555104
0.28798562970796626 1.4326241134751774 0.54 3.515975863468108
0.2926513447458257 1.4326241134751774 0.55 3.5320295704784996
0.2972807782648743 1.4326241134751774 0.56 3.5484802751026088
0.3018734503314569 1.4326241134751774 0.57 3.5653311538225183
0.3064286955664931 1.4326241134751774 0.58 3.5825901064646546
0.31094597187006023 1.4326241134751774 0.59 3.6002623845578405
0.31542472310024355 1.4326241134751774 0.6 3.618353885048007
0.31986441897558104 1.4326241134751774 0.61 3.6368702258246683
0.32426445058140907 1.4326241134751774 0.62 3.65581912655965
0.32862437649486254 1.4326241134751774 0.63 3.6752048305094336
0.33294364347114475 1.4326241134751774 0.64 3.6950344547134812
0.3372217493736159 1.4326241134751774 0.65 3.7153143010716922
0.341458205989151 1.4326241134751774 0.66 3.7360507124296647
0.3456525013755538 1.4326241134751774 0.67 3.757250900796161
0.3498042261101116 1.4326241134751774 0.68 3.778920203258714
0.35391289238913337 1.4326241134751774 0.69 3.801066034819903
0.357978068041726 1.4326241134751774 0.7 3.8236949745771365
0.36199933271793344 1.4326241134751774 0.71 3.846813730052452
0.3659761402146217 1.4326241134751774 0.72 3.8704320545328645
0.36990849209687515 1.4326241134751774 0.73 3.8945485028772793
0.3737956390988653 1.4326241134751774 0.74 3.9191779112619174
0.37763734158119716 1.4326241134751774 0.75 3.944324737709339
0.38143326158007745 1.4326241134751774 0.76 3.9699959298793805
0.3851830842083407 1.4326241134751774 0.77 3.9961983647923645
0.38888646312821895 1.4326241134751774 0.78 4.022939983308299
0.3925431828424125 1.4326241134751774 0.79 4.050226431708327
0.3961529379085957 1.4326241134751774 0.8 4.078065640473767
0.3997154874591135 1.4326241134751774 0.81 4.106464625876488
0.40323060693752505 1.4326241134751774 0.82 4.135430493117788
0.4066981461404708 1.4326241134751774 0.83 4.164969248883881
0.41011772155900117 1.4326241134751774 0.84 4.19509210339784
0.413489383695386 1.4326241134751774 0.85 4.225801805321129
0.41681290207231625 1.4326241134751774 0.86 4.257107284533688
0.4200881514355074 1.4326241134751774 0.87 4.289015742856843
0.42331502617149125 1.4326241134751774 0.88 4.321534406033579
0.4264933353334294 1.4326241134751774 0.89 4.354672665945805
0.42962328060560284 1.4326241134751774 0.9 4.388432318609562
0.43270456161446197 1.4326241134751774 0.91 4.422825831722956
0.4357372174167211 1.4326241134751774 0.92 4.457859158520282
0.43872123299886845 1.4326241134751774 0.93 4.493539770105858
0.44165661034024845 1.4326241134751774 0.94 4.529875200803758
0.4445432489837451 1.4326241134751774 0.95 4.5668754981632755
0.4473814862428802 1.4326241134751774 0.96 4.604542121641188
0.4501710800328879 1.4326241134751774 0.97 4.642888835027377
0.4529121663752384 1.4326241134751774 0.98 4.681922032785852
0.4556048074907179 1.4326241134751774 0.99 4.721650020981008
0.0 1.4468085106382977 0.0 3.1513536881851056
0.005633039457856694 1.4468085106382977 0.01 3.1514789691825285
0.011265407101369569 1.4468085106382977 0.02 3.151854858289194
0.01689643111662889 1.4468085106382977 0.03 3.1524814894343267
0.022525439634610265 1.4468085106382977 0.04 3.1533591023676655
0.028151760797718684 1.4468085106382977 0.05 3.1544880119364205
0.0337747226535823 1.4468085106382977 0.06 3.1558686405881993
0.039393653216502754 1.4468085106382977 0.07 3.1575014965006636
0.04500788047867322 1.4468085106382977 0.08 3.1593871754581806
0.05061673249024258 1.4468085106382977 0.09 3.1615263532126194
0.0562195375279294 1.4468085106382977 0.1 3.163919772758772
0.06181559243250027 1.4468085106382977 0.11 3.166571499947023
0.0674043079722971 1.4468085106382977 0.12 3.169473928005559
0.0729849353801553 1.4468085106382977 0.13 3.1726360077080136
0.07855682466413118 1.4468085106382977 0.14 3.1760565773378664
0.08411930371306897 1.4468085106382977 0.15 3.1797368481150134
0.08967169997244845 1.4468085106382977 0.16 3.1836781671200773
0.09521334071639734 1.4468085106382977 0.17 3.1878819889988748
0.100743553248896 1.4468085106382977 0.18 3.192349861867339
0.10626166492793074 1.4468085106382977 0.19 3.1970834286343184
0.11176700308289493 1.4468085106382977 0.2 3.202084434485367
0.11725889564028429 1.4468085106382977 0.21 3.207354694014295
0.122736687334962 1.4468085106382977 0.22 3.212895251323267
0.12819964431723996 1.4468085106382977 0.23 3.2187113505250857
0.13364716385046094 1.4468085106382977 0.24 3.224801517553468
0.13907854707240336 1.4468085106382977 0.25 3.231169399696358
0.1444931231495921 1.4468085106382977 0.26 3.237817301833668
0.14989022115718692 1.4468085106382977 0.27 3.2447476572968017
0.1552691706409062 1.4468085106382977 0.28 3.251963003813662
0.1606293025648274 1.4468085106382977 0.29 3.259465948851147
0.16596992096943497 1.4468085106382977 0.3 3.26726029479411
0.1712904230779737 1.4468085106382977 0.31 3.2753462937336524
0.17659008444937133 1.4468085106382977 0.32 3.283729149154808
0.18186825360929748 1.4468085106382977 0.33 3.2924113240429462
0.18712426571609037 1.4468085106382977 0.34 3.3013959620031543
0.19235745722125155 1.4468085106382977 0.35 3.3106863157066164
0.1975671686114442 1.4468085106382977 0.36 3.3202856599663035
0.2027527169588183 1.4468085106382977 0.37 3.3301982088283193
0.20791347798850515 1.4468085106382977 0.38 3.340426393404881
0.21304877455404367 1.4468085106382977 0.39 3.3509745776271127
0.21815795425916246 1.4468085106382977 0.4 3.3618464836336814
0.22324036531574284 1.4468085106382977 0.41 3.373046003403873
0.22829536169068804 1.4468085106382977 0.42 3.3845770469491274
0.23332227290944021 1.4468085106382977 0.43 3.3964444366211413
0.23832049371482467 1.4468085106382977 0.44 3.4086512790798214
0.2432893615369651 1.4468085106382977 0.45 3.421202574587837
0.24822824344474026 1.4468085106382977 0.46 3.43410267030343
0.2531365082383453 1.4468085106382977 0.47 3.447356089797087
0.25801354239390945 1.4468085106382977 0.48 3.460967107728692
0.2628586666976912 1.4468085106382977 0.49 3.474941987763264
0.2676713323665345 1.4468085106382977 0.5 3.4892837452856065
0.2724508974893218 1.4468085106382977 0.51 3.503998135973354
0.2771967578197683 1.4468085106382977 0.52 3.5190901673328847
0.28190831538050126 1.4468085106382977 0.53 3.534564950014985
0.2865849478971122 1.4468085106382977 0.54 3.550428463634371
0.2912261340511925 1.4468085106382977 0.55 3.5666844535073916
0.2958312449027868 1.4468085106382977 0.56 3.583339622829949
0.3003997221186263 1.4468085106382977 0.57 3.6003992135035747
0.3049310053710999 1.4468085106382977 0.58 3.61786882045881
0.309424555368037 1.4468085106382977 0.59 3.635753845890079
0.31387977329241906 1.4468085106382977 0.6 3.654061396879466
0.31829619723428243 1.4468085106382977 0.61 3.6727956887680717
0.32267327346813746 1.4468085106382977 0.62 3.691963417597528
0.32701049282172967 1.4468085106382977 0.63 3.7115705716928096
0.3313073591167839 1.4468085106382977 0.64 3.73162318370803
0.3355633519315672 1.4468085106382977 0.65 3.752128172923717
0.33977806704686536 1.4468085106382977 0.66 3.773090206181823
0.3439509910302686 1.4468085106382977 0.67 3.7945167578048644
0.3480816883436661 1.4468085106382977 0.68 3.816413925111094
0.35216972798758733 1.4468085106382977 0.69 3.838788080866212
0.3562147099322723 1.4468085106382977 0.7 3.8616453008842004
0.3602161587022493 1.4468085106382977 0.71 3.884993675444986
0.3641737803186995 1.4468085106382977 0.72 3.9088377520188926
0.36808716407202335 1.4468085106382977 0.73 3.933185000116268
0.37195596028989747 1.4468085106382977 0.74 3.958041968167612
0.37577983625033573 1.4468085106382977 0.75 3.9834152448112827
0.37955842308160165 1.4468085106382977 0.76 4.009312585489606
0.3832915448053707 1.4468085106382977 0.77 4.035738075380531
0.3869788175351007 1.4468085106382977 0.78 4.0627006061276365
0.390620006175996 1.4468085106382977 0.79 4.090206339276979
0.3942148699618574 1.4468085106382977 0.8 4.118261974788819
0.3977631913804051 1.4468085106382977 0.81 4.146874143464351
0.40126472312833217 1.4468085106382977 0.82 4.176050513555296
0.40471935731973907 1.4468085106382977 0.83 4.2057962673935485
0.4081268817120028 1.4468085106382977 0.84 4.236119180020553
0.41148715939039154 1.4468085106382977 0.85 4.267025876436013
0.4148000668530115 1.4468085106382977 0.86 4.298523120891988
0.41806550835634304 1.4468085106382977 0.87 4.330617517962648
0.421283341645764 1.4468085106382977 0.88 4.363317049434444
0.42445358405410744 1.4468085106382977 0.89 4.396626802721731
0.4275761402350683 1.4468085106382977 0.9 4.4305546083829235
0.43065098444952454 1.4468085106382977 0.91 4.46510726087675
0.4336781043644572 1.4468085106382977 0.92 4.5002916792848495
0.43665751129219965 1.4468085106382977 0.93 4.536114690886875
0.43958916837827433 1.4468085106382977 0.94 4.572584519955329
0.4424731985609214 1.4468085106382977 0.95 4.609706460225063
0.44530959585223906 1.4468085106382977 0.96 4.64748887273011
0.44809842597425886 1.4468085106382977 0.97 4.685939010559923
0.45083975870906157 1.4468085106382977 0.98 4.72506442128827
0.4535336732876217 1.4468085106382977 0.99 4.764872831132757
0.0 1.4609929078014183 0.0 3.180786204150718
0.005606916356163449 1.4609929078014183 0.01 3.1809133973880797
0.011213160113964964 1.4609929078014183 0.02 3.181295009937061
0.01681805865411127 1.4609929078014183 0.03 3.1819311913958335
0.022420939360071 1.4609929078014183 0.04 3.1828221700536816
0.02802112960897263 1.4609929078014183 0.05 3.1839682681543873
0.03361795671327732 1.4609929078014183 0.06 3.185369911487501
0.03921074799028017 1.4609929078014183 0.07 3.187027610319526
0.044798830744963505 1.4609929078014183 0.08 3.1889419672486343
0.050381532234678665 1.4609929078014183 0.09 3.1911136824826287
0.05595817968533956 1.4609929078014183 0.1 3.193543550464991
0.061528100336851 1.4609929078014183 0.11 3.1962324556804442
0.06709062140491415 1.4609929078014183 0.12 3.1991813788964794
0.0726450700914372 1.4609929078014183 0.13 3.2023913966735584
0.07819077372752721 1.4609929078014183 0.14 3.2058636706266985
0.08372705957607152 1.4609929078014183 0.15 3.209599467396705
0.08925325638736661 1.4609929078014183 0.16 3.2136000454740747
0.09476867529533751 1.4609929078014183 0.17 3.217867984142672
0.10027267754872052 1.4609929078014183 0.18 3.2224025041395814
0.10576456536526657 1.4609929078014183 0.19 3.2272070072859087
0.11124367219344923 1.4609929078014183 0.2 3.2322828508367056
0.11670932625006296 1.4609929078014183 0.21 3.237631863808973
0.12216085577783105 1.4609929078014183 0.22 3.2432559892960686
0.12759758949666328 1.4609929078014183 0.23 3.249157261510351
0.13301885633932573 1.4609929078014183 0.24 3.255337823720794
0.13842398658705665 1.4609929078014183 0.25 3.2617998766067036
0.1438123908450132 1.4609929078014183 0.26 3.2685420998189296
0.14918314551410106 1.4609929078014183 0.27 3.27557847365336
0.15453584467171472 1.4609929078014183 0.28 3.2828996082676087
0.15986972883243022 1.4609929078014183 0.29 3.2905123046739706
0.16518413159442416 1.4609929078014183 0.3 3.298419280533725
0.17047838723039183 1.4609929078014183 0.31 3.3066233733468766
0.17575183123342344 1.4609929078014183 0.32 3.3151275225635057
0.18100380551969725 1.4609929078014183 0.33 3.3239345839807806
0.1862336207267316 1.4609929078014183 0.34 3.333048708562652
0.19144065471267385 1.4609929078014183 0.35 3.342471762382134
0.19662422941272667 1.4609929078014183 0.36 3.352207815962209
0.20178368998233978 1.4609929078014183 0.37 3.3622602704015176
0.2069183822838253 1.4609929078014183 0.38 3.372632684457796
0.21202765563006798 1.4609929078014183 0.39 3.3833286877804034
0.2171108351207035 1.4609929078014183 0.4 3.3943528560733016
0.22216733212374284 1.4609929078014183 0.41 3.4057072486684916
0.22719645613998554 1.4609929078014183 0.42 3.417397324255209
0.23219757835415333 1.4609929078014183 0.43 3.4294268127651977
0.23717006301860197 1.4609929078014183 0.44 3.4417998791964175
0.24211327908444605 1.4609929078014183 0.45 3.4545207703578313
0.24702656896828964 1.4609929078014183 0.46 3.467594701238221
0.25190937627056204 1.4609929078014183 0.47 3.4810242656485193
0.25676102695074365 1.4609929078014183 0.48 3.494815608462262
0.26158092110701864 1.4609929078014183 0.49 3.508973032939069
0.26636845159857425 1.4609929078014183 0.5 3.523501302331999
0.27112301944189915 1.4609929078014183 0.51 3.53840522109034
0.27584400320207025 1.4609929078014183 0.52 3.553690435707304
0.2805308608562388 1.4609929078014183 0.53 3.5693608049016747
0.2851829805065908 1.4609929078014183 0.54 3.585422276321681
0.28979979333827033 1.4609929078014183 0.55 3.6018799695409967
0.294380734949227 1.4609929078014183 0.56 3.618739188623324
0.29892526350518694 1.4609929078014183 0.57 3.6360049839148623
0.3034327690437229 1.4609929078014183 0.58 3.653684362138121
0.30790279041972624 1.4609929078014183 0.59 3.6717810296328874
0.3123347656387404 1.4609929078014183 0.6 3.690301461749654
0.3167281793527558 1.4609929078014183 0.61 3.7092513323112772
0.32108252719739877 1.4609929078014183 0.62 3.7286363901176953
0.32539727213132996 1.4609929078014183 0.63 3.748463473142077
0.3296720342196413 1.4609929078014183 0.64 3.7687361387643725
0.33390625726259665 1.4609929078014183 0.65 3.7894623632577775
0.3380995072394856 1.4609929078014183 0.66 3.8106476649627603
0.3422513430231762 1.4609929078014183 0.67 3.832298095746396
0.34636134249747785 1.4609929078014183 0.68 3.85441965086951
0.35042905296156973 1.4609929078014183 0.69 3.8770193766641277
0.354454138426052 1.4609929078014183 0.7 3.9001021081380434
0.3584361810369225 1.4609929078014183 0.71 3.9236748835773607
0.36237481943956207 1.4609929078014183 0.72 3.947743879852723
0.3662697062653473 1.4609929078014183 0.73 3.972315362821523
0.37012054261303323 1.4609929078014183 0.74 3.997394946354774
0.37392689123580036 1.4609929078014183 0.75 4.022991629911421
0.37768859855165576 1.4609929078014183 0.76 4.04910869291114
0.38140532912241754 1.4609929078014183 0.77 4.075753748318909
0.3850768262222655 1.4609929078014183 0.78 4.102933121183456
0.3887028516959324 1.4609929078014183 0.79 4.1306531504099935
0.3922830352917877 1.4609929078014183 0.8 4.158923385511604
0.395817593470095 1.4609929078014183 0.81 4.187741345191003
0.3993059466610056 1.4609929078014183 0.82 4.217121841036591
0.4027480555469631 1.4609929078014183 0.83 4.247068640739829
0.4061437786530869 1.4609929078014183 0.84 4.277588091065092
0.40949299487254676 1.4609929078014183 0.85 4.308686519235374
0.412795510409732 1.4609929078014183 0.86 4.340372188566393
0.4160514737912441 1.4609929078014183 0.87 4.372646568757075
0.41926060777210067 1.4609929078014183 0.88 4.4055204868976015
0.4224229248914658 1.4609929078014183 0.89 4.438999076129639
0.4255383968523628 1.4609929078014183 0.9 4.473088725392155
0.4286070131142998 1.4609929078014183 0.91 4.507795843379935
0.4316291514636452 1.4609929078014183 0.92 4.543119053344987
0.43460367751719825 1.4609929078014183 0.93 4.5790891968560254
0.4375318056256342 1.4609929078014183 0.94 4.615688051410801
0.4404131803026877 1.4609929078014183 0.95 4.652930817258712
0.4432478655131534 1.4609929078014183 0.96 4.690824235117714
0.44603593542771447 1.4609929078014183 0.97 4.729375196571426
0.44877748517123706 1.4609929078014183 0.98 4.768590511059986
0.4514725294695434 1.4609929078014183 0.99 4.808479057597598
0.0 1.475177304964539 0.0 3.2107610367476367
0.005580681998563013 1.475177304964539 0.01 3.2108901506851417
0.01116069078774382 1.475177304964539 0.02 3.211277522149749
0.016739353143552377 1.475177304964539 0.03 3.2119233026599097
0.022315995857097787 1.475177304964539 0.04 3.212827721701626
0.027889945774243835 1.475177304964539 0.05 3.213991093409865
0.03346052974296992 1.475177304964539 0.06 3.215413834535034
0.03902707487099648 1.475177304964539 0.07 3.2170964161845093
0.04458891246074597 1.475177304964539 0.08 3.219038820925732
0.05014534747258948 1.475177304964539 0.09 3.221244787797693
0.05569573717011068 1.475177304964539 0.1 3.223710895065137
0.061239393496798765 1.475177304964539 0.11 3.2264401139094274
0.06677564462677023 1.475177304964539 0.12 3.2294332590233554
0.07230381790139781 1.475177304964539 0.13 3.232691372712404
0.07782324050394379 1.475177304964539 0.14 3.236215623835683
0.08333323976563488 1.475177304964539 0.15 3.2400072758364864
0.08883314307280266 1.475177304964539 0.16 3.2440676961176433
0.09432227813031904 1.475177304964539 0.17 3.248398338083398
0.0997999727357769 1.475177304964539 0.18 3.2530007613050818
0.10526555508254201 1.475177304964539 0.19 3.2578766132107218
0.11071835384466443 1.475177304964539 0.2 3.2630276293479152
0.11615769981322882 1.475177304964539 0.21 3.268455546643663
0.12158290517345512 1.475177304964539 0.22 3.2741632436378025
0.12699332975116315 1.475177304964539 0.23 3.2801511084248367
0.13238828449867554 1.475177304964539 0.24 3.2864223412707343
0.137767103555072 1.475177304964539 0.25 3.2929790045615386
0.1431291186613638 1.475177304964539 0.26 3.29982342972028
0.14847366240487264 1.475177304964539 0.27 3.306958047852249
0.15380006827564793 1.475177304964539 0.28 3.3143853920288855
0.1591076715747391 1.475177304964539 0.29 3.322108063973418
0.16439577178281076 1.475177304964539 0.3 3.3301302684939293
0.1696638002052251 1.475177304964539 0.31 3.3384510061779658
0.17491100984744953 1.475177304964539 0.32 3.3470766823271063
0.18013676517722163 1.475177304964539 0.33 3.3560093379794544
0.1853404084101255 1.475177304964539 0.34 3.3652520905650634
0.19052128322015816 1.475177304964539 0.35 3.3748081775695704
0.1956787362164018 1.475177304964539 0.36 3.3846809095327934
0.2008120740209615 1.475177304964539 0.37 3.394875131050033
0.20592075556678172 1.475177304964539 0.38 3.4053907111186876
0.21100403581036942 1.475177304964539 0.39 3.416234624430176
0.21606129919501355 1.475177304964539 0.4 3.4274096583822398
0.2210919058886603 1.475177304964539 0.41 3.438919632563518
0.22609521913208652 1.475177304964539 0.42 3.4507684807682573
0.23107061521600206 1.475177304964539 0.43 3.462959958218159
0.2360174221152726 1.475177304964539 0.44 3.475499480829166
0.24093506982538437 1.475177304964539 0.45 3.4883896478401093
0.24582291250260244 1.475177304964539 0.46 3.5016355568863777
0.2506803365184629 1.475177304964539 0.47 3.5152415892940723
0.25550673270389795 1.475177304964539 0.48 3.5292122486807234
0.2603015058464755 1.475177304964539 0.49 3.543551908719324
0.2650640149123855 1.475177304964539 0.5 3.558266442119523
0.2697937251749387 1.475177304964539 0.51 3.573359104651899
0.2744900246663748 1.475177304964539 0.52 3.588835521454302
0.2791523378603808 1.475177304964539 0.53 3.6047006138020685
0.28378009634568485 1.475177304964539 0.54 3.620959405769316
0.2883727681424702 1.475177304964539 0.55 3.6376162923095996
0.29292969322151713 1.475177304964539 0.56 3.654679191194674
0.2974504493259738 1.475177304964539 0.57 3.6721503363981305
0.3019344545173674 1.475177304964539 0.58 3.6900363003136984
0.3063811865490623 1.475177304964539 0.59 3.708342476823866
0.31079013360741414 1.475177304964539 0.6 3.7270743329824088
0.3151607362335854 1.475177304964539 0.61 3.74623879801989
0.31949265173809277 1.475177304964539 0.62 3.7658379797963755
0.323785269101537 1.475177304964539 0.63 3.7858807171491184
0.3280381601849989 1.475177304964539 0.64 3.8063718512132603
0.3322508734636599 1.475177304964539 0.65 3.8273171424164154
0.33642297350926753 1.475177304964539 0.66 3.8487223421043524
0.34055400060203356 1.475177304964539 0.67 3.870594119799202
0.34464361155559675 1.475177304964539 0.68 3.892936861743215
0.3486913649469679 1.475177304964539 0.69 3.9157575713999435
0.3526968902472219 1.475177304964539 0.7 3.9390620226984354
0.35665982572024263 1.475177304964539 0.71 3.962856181780346
0.36057983220345985 1.475177304964539 0.72 3.9871459033328334
0.36445653562177166 1.475177304964539 0.73 4.011938204362142
0.36828969235418074 1.475177304964539 0.74 4.037237619120674
0.37207897012731755 1.475177304964539 0.75 4.063051039688063
0.3758240973689044 1.475177304964539 0.76 4.089384423410176
0.37952481775220825 1.475177304964539 0.77 4.1162437998993955
0.3831809051090455 1.475177304964539 0.78 4.143634949911793
0.38679207601792054 1.475177304964539 0.79 4.171565296205773
0.39035821690413575 1.475177304964539 0.8 4.200038997892217
0.39387910267870285 1.475177304964539 0.81 4.229063031205901
0.3973545748868742 1.475177304964539 0.82 4.258643340497178
0.4007844916790646 1.475177304964539 0.83 4.288785919193728
0.4041687417140801 1.475177304964539 0.84 4.319496511233517
0.40750715581350333 1.475177304964539 0.85 4.350782497291596
0.41079973941539355 1.475177304964539 0.86 4.382647926081385
0.4140463788001565 1.475177304964539 0.87 4.415099788802939
0.41724702984620204 1.475177304964539 0.88 4.448143983065993
0.42040166278099655 1.475177304964539 0.89 4.481786489833909
0.4235102709428112 1.475177304964539 0.9 4.516033182436137
0.42657280609506226 1.475177304964539 0.91 4.550891202028901
0.42958937731856317 1.475177304964539 0.92 4.586364710174763
0.4325599632676126 1.475177304964539 0.93 4.622461021881433
0.43548462156941653 1.475177304964539 0.94 4.659186133591267
0.43836341594083983 1.475177304964539 0.95 4.6965462725569855
0.44119642293176004 1.475177304964539 0.96 4.734547747518273
0.44398354430020387 1.475177304964539 0.97 4.773200977382273
0.4467253813370883 1.475177304964539 0.98 4.8125016888512775
0.44942154796985695 1.475177304964539 0.99 4.852467179623962
0.0 1.4893617021276595 0.0 3.241283645618549
0.005554343086801936 1.4893617021276595 0.01 3.241414686658484
0.011108012515618238 1.4893617021276595 0.02 3.241807857101701
0.01666033463118109 1.4893617021276595 0.03 3.242463299100645
0.022210635799463606 1.4893617021276595 0.04 3.243381245062653
0.027758242414872507 1.4893617021276595 0.05 3.244562021414429
0.033302480890977815 1.4893617021276595 0.06 3.2460060520688776
0.03884267773456353 1.4893617021276595 0.07 3.247713845295754
0.04437815944290693 1.4893617021276595 0.08 3.2496860166038313
0.04990825267544945 1.4893617021276595 0.09 3.251923261035041
0.05543228408833499 1.4893617021276595 0.1 3.2544263819141284
0.060949580544462506 1.4893617021276595 0.11 3.2571962642845156
0.06645946902782578 1.4893617021276595 0.12 3.2602338908815947
0.07196127669814424 1.4893617021276595 0.13 3.263540338472491
0.07745433096114443 1.4893617021276595 0.14 3.267116774818983
0.0829379604050144 1.4893617021276595 0.15 3.2709643888993156
0.08841147001411943 1.4893617021276595 0.16 3.275086252666632
0.09387424292386044 1.4893617021276595 0.17 3.2794797055231752
0.0993255610889656 1.4893617021276595 0.18 3.2841497826483272
0.10476476555356998 1.4893617021276595 0.19 3.289097222632959
0.11019118596818174 1.4893617021276595 0.2 3.294323745551887
0.11560415230134531 1.4893617021276595 0.21 3.299831185071386
0.12100299489621871 1.4893617021276595 0.22 3.305621485689151
0.12638704484185523 1.4893617021276595 0.23 3.3116966846445717
0.13175563411370955 1.4893617021276595 0.24 3.3180589101484825
0.13710809591656528 1.4893617021276595 0.25 3.3247103705687833
0.14243937881827037 1.4893617021276595 0.26 3.3318585360752238
0.14776195976955922 1.4893617021276595 0.27 3.3388910136165766
0.15306204132569795 1.4893617021276595 0.28 3.3464247268789635
0.15834333400410214 1.4893617021276595 0.29 3.3542577029315224
0.16360517678148842 1.4893617021276595 0.3 3.3623926411613776
0.16884690989168963 1.4893617021276595 0.31 3.3708323548803123
0.17406787498988502 1.4893617021276595 0.32 3.3795797687342
0.17926741706929392 1.4893617021276595 0.33 3.3886378506993076
0.18444485823964804 1.4893617021276595 0.34 3.398010591619972
0.18959959790262831 1.4893617021276595 0.35 3.407699297808326
0.19473094536905572 1.4893617021276595 0.36 3.417708803134401
0.19983826281343994 1.4893617021276595 0.37 3.42804217712456
0.20492090646348096 1.4893617021276595 0.38 3.438702913735738
0.20997823517911823 1.4893617021276595 0.39 3.4496946213101243
0.2150096137557276 1.4893617021276595 0.4 3.46102092188084
0.22001438438099855 1.4893617021276595 0.41 3.472686367896512
0.22499195784573564 1.4893617021276595 0.42 3.4846935461531077
0.2299416808464515 1.4893617021276595 0.43 3.497047310625406
0.23486293570032593 1.4893617021276595 0.44 3.509751616802065
0.23975510558380758 1.4893617021276595 0.45 3.522810637493625
0.24461757984420823 1.4893617021276595 0.46 3.536228607081983
0.24944970407310635 1.4893617021276595 0.47 3.550011253316
0.2542510001964087 1.4893617021276595 0.48 3.564159530117359
0.25902076321822426 1.4893617021276595 0.49 3.578681124308707
0.2637584362719276 1.4893617021276595 0.5 3.593579771663347
0.2684634388189527 1.4893617021276595 0.51 3.6088601646628664
0.2731351983968887 1.4893617021276595 0.52 3.624527059712512
0.27777304749084564 1.4893617021276595 0.53 3.6405879903300042
0.28237671139445997 1.4893617021276595 0.54 3.657040479481536
0.28694537144426996 1.4893617021276595 0.55 3.6738966194135836
0.2914785710006161 1.4893617021276595 0.56 3.6911593179184887
0.29597578067315466 1.4893617021276595 0.57 3.7088337118148496
0.30043648173986126 1.4893617021276595 0.58 3.726924990416847
0.3048601094208114 1.4893617021276595 0.59 3.7454397986257684
0.3092463048754122 1.4893617021276595 0.6 3.7643800463122377
0.31359445648452394 1.4893617021276595 0.61 3.7837542014544145
0.3179041237166381 1.4893617021276595 0.62 3.8035668717269098
0.3221748451316028 1.4893617021276595 0.63 3.8238235365148086
0.32640617348339507 1.4893617021276595 0.64 3.844529693795823
0.3305976334800508 1.4893617021276595 0.65 3.8656918564587706
0.33474889012389347 1.4893617021276595 0.66 3.8873136162536923
0.33885946706870457 1.4893617021276595 0.67 3.909402248735334
0.34292898789665693 1.4893617021276595 0.68 3.9319630682121076
0.34695707677399146 1.4893617021276595 0.69 3.9550017619017512
0.3509433760770663 1.4893617021276595 0.7 3.9785239855840384
0.3548875023084337 1.4893617021276595 0.71 4.002536364824516
0.35878920573898937 1.4893617021276595 0.72 4.0270428932780185
0.36264811896485455 1.4893617021276595 0.73 4.0520506184626575
0.3664639602933858 1.4893617021276595 0.74 4.077565050970309
0.3702364557545285 1.4893617021276595 0.75 4.103591930586829
0.37396535200654396 1.4893617021276595 0.76 4.13013693956193
0.37765036805308216 1.4893617021276595 0.77 4.1572067690485905
0.3812913681041838 1.4893617021276595 0.78 4.184805311422769
0.38488809070255636 1.4893617021276595 0.79 4.2129396317524375
0.3884403656220004 1.4893617021276595 0.8 4.241615188421148
0.391948030829723 1.4893617021276595 0.81 4.270837663648755
0.3954109455537461 1.4893617021276595 0.82 4.3006126760401235
0.39882893196433433 1.4893617021276595 0.83 4.3309470466130575
0.4022020019661951 1.4893617021276595 0.84 4.361843870085586
0.40552997412328357 1.4893617021276595 0.85 4.393310835435136
0.4088128019136371 1.4893617021276595 0.86 4.4253530917638955
0.4120504360477475 1.4893617021276595 0.87 4.457976236409615
0.415242845470079 1.4893617021276595 0.88 4.4911858551359325
0.4183902359703633 1.4893617021276595 0.89 4.524982789310528
0.4214919127139649 1.4893617021276595 0.9 4.559387735448217
0.42454861384751674 1.4893617021276595 0.91 4.59439076323625
0.4275601205090097 1.4893617021276595 0.92 4.630003007051219
0.430526482366678 1.4893617021276595 0.93 4.666230151479905
0.4334477615589629 1.4893617021276595 0.94 4.703077964384816
0.43632403960364236 1.4893617021276595 0.95 4.740552141059326
0.43915534292067443 1.4893617021276595 0.96 4.778659918100033
0.44194186119136325 1.4893617021276595 0.97 4.817405319560872
0.4446836362010726 1.4893617021276595 0.98 4.856795918318356
0.44738077930020326 1.4893617021276595 0.99 4.896838103155334
0.0 1.50354609929078 0.0 3.272358374050941
0.005527907238800164 1.50354609929078 0.01 3.27249134434384
0.011055140585940705 1.50354609929078 0.02 3.2728903210589193
0.01658102619343558 1.50354609929078 0.03 3.273555427166564
0.022104890303241736 1.50354609929078 0.04 3.2744868793767865
0.02762605980546013 1.50354609929078 0.05 3.2756848595828907
0.03314389586449131 1.50354609929078 0.06 3.2771429753841206
0.03865760894463377 1.50354609929078 0.07 3.278884381566243
0.04416664995809981 1.50354609929078 0.08 3.280885358832962
0.04967029996624867 1.50354609929078 0.09 3.2831555048551673
0.05516788647867521 1.50354609929078 0.1 3.2856954602727724
0.060658736585458554 1.50354609929078 0.11 3.2885060815762452
0.06614217743283332 1.50354609929078 0.12 3.291588346589203
0.07161753640883674 1.50354609929078 0.13 3.2949433303694597
0.07708414111400107 1.50354609929078 0.14 3.2985722101183526
0.08254131951884446 1.50354609929078 0.15 3.302476253628265
0.08798839998209952 1.50354609929078 0.16 3.306656822835996
0.09342471122350796 1.50354609929078 0.17 3.3111153797583315
0.09884958250624887 1.50354609929078 0.18 3.315853476849489
0.104262343613552 1.50354609929078 0.19 3.3208727638123254
0.10966232526529325 1.50354609929078 0.2 3.3261749661416564
0.11504886249054022 1.50354609929078 0.21 3.3317616986876613
0.12042126410109748 1.50354609929078 0.22 3.3376362066427836
0.1257788970011474 1.50354609929078 0.23 3.343798573576397
0.13112107624626448 1.50354609929078 0.24 3.3502519825414105
0.13644713825742316 1.50354609929078 0.25 3.3569985548676784
0.14175641898941851 1.50354609929078 0.26 3.364040600371975
0.14704825538951777 1.50354609929078 0.27 3.3713805399971246
0.15232198583787784 1.50354609929078 0.28 3.379020889509676
0.15757695048016393 1.50354609929078 0.29 3.3869642513075298
0.16281249754214475 1.50354609929078 0.3 3.3952130585481752
0.16802793786727496 1.50354609929078 0.31 3.403771461186463
0.17322266009393947 1.50354609929078 0.32 3.41264057070779
0.17839599073436024 1.50354609929078 0.33 3.421824252607057
0.18354728078538624 1.50354609929078 0.34 3.431325551541082
0.18867588255942408 1.50354609929078 0.35 3.441147658168244
0.19378115133788135 1.50354609929078 0.36 3.451293851244958
0.1988624466069293 1.50354609929078 0.37 3.461767462655047
0.20391910592967952 1.50354609929078 0.38 3.472572779195803
0.20895054129260904 1.50354609929078 0.39 3.4837117471688983
0.21395608581226067 1.50354609929078 0.4 3.495189236905247
0.21893511846076566 1.50354609929078 0.41 3.5070087740587987
0.2238870160676724 1.50354609929078 0.42 3.5191741952082447
0.228811159729152 1.50354609929078 0.43 3.531689437551882
0.23370694106610926 1.50354609929078 0.44 3.5445583564089618
0.23857371718564002 1.50354609929078 0.45 3.557786091211354
0.24341093282862722 1.50354609929078 0.46 3.571375392577077
0.24821796443621189 1.50354609929078 0.47 3.5853313313614623
0.2529942226827406 1.50354609929078 0.48 3.599658217466794
0.2577391229941102 1.50354609929078 0.49 3.614360498879961
0.2624520894487112 1.50354609929078 0.5 3.6294426584407917
0.2671325227187471 1.50354609929078 0.51 3.644910100486483
0.2717799168297978 1.50354609929078 0.52 3.660765960003312
0.27639367544338855 1.50354609929078 0.53 3.6770161468668436
0.28097326066745026 1.50354609929078 0.54 3.693665276935213
0.28551813617127275 1.50354609929078 0.55 3.7107182408955466
0.29002777637897503 1.50354609929078 0.56 3.728179964645046
0.2945016244540525 1.50354609929078 0.57 3.7460564883693035
0.29893926488854045 1.50354609929078 0.58 3.7643505755953846
0.30334012639255437 1.50354609929078 0.59 3.783069295975962
0.3077037428974223 1.50354609929078 0.6 3.8022173803667743
0.31202964314837717 1.50354609929078 0.61 3.821800044849037
0.3163173687580176 1.50354609929078 0.62 3.8418225403495936
0.3205664238042471 1.50354609929078 0.63 3.8622913752235997
0.32477649326072494 1.50354609929078 0.64 3.883209052960476
0.3289470557662289 1.50354609929078 0.65 3.90458342238047
0.33307773247552974 1.50354609929078 0.66 3.9264192681178725
0.3371681338692594 1.50354609929078 0.67 3.9487220139094914
0.34121788656265484 1.50354609929078 0.68 3.9714970838441297
0.3452265663992657 1.50354609929078 0.69 3.9947514571484795
0.34919399460310824 1.50354609929078 0.7 4.01848681513121
0.3531196980203385 1.50354609929078 0.71 4.042712046558925
0.3570034075364924 1.50354609929078 0.72 4.067431709691541
0.36084483170393156 1.50354609929078 0.73 4.09265127924246
0.3646436972825369 1.50354609929078 0.74 4.118376212194994
0.36839953236715844 1.50354609929078 0.75 4.1446168308491105
0.3721127124733937 1.50354609929078 0.76 4.1713647846852195
0.3757824226844349 1.50354609929078 0.77 4.198638911354045
0.3794086496883221 1.50354609929078 0.78 4.226440410270624
0.38299121157307753 1.50354609929078 0.79 4.2547746766153915
0.38652994519209294 1.50354609929078 0.8 4.283647085688298
0.3900247400376082 1.50354609929078 0.81 4.313062243319288
0.3934753343251187 1.50354609929078 0.82 4.343028493400871
0.3968817770651434 1.50354609929078 0.83 4.3735477001085314
0.40024391368159534 1.50354609929078 0.84 4.404626618724712
0.4035616751146 1.50354609929078 0.85 4.4362705010191075
0.40683500876471707 1.50354609929078 0.86 4.468484618967161
0.41006388582751163 1.50354609929078 0.87 4.501274099818628
0.4132482349970405 1.50354609929078 0.88 4.534645377103875
0.4163881419440828 1.50354609929078 0.89 4.568601807620753
0.4194835677442307 1.50354609929078 0.9 4.603149846820047
0.4225345496748646 1.50354609929078 0.91 4.638294636100167
0.4255411329900986 1.50354609929078 0.92 4.6740414947089866
0.4285033780523474 1.50354609929078 0.93 4.710395757328698
0.4314215674558569 1.50354609929078 0.94 4.747358209521608
0.43429511257341963 1.50354609929078 0.95 4.78494914756093
0.4371248037117071 1.50354609929078 0.96 4.823158848881673
0.4399104961033622 1.50354609929078 0.97 4.861998495476666
0.4426522982978677 1.50354609929078 0.98 4.90147401356847
0.44535031893230015 1.50354609929078 0.99 4.941591642898606
0.0 1.5177304964539007 0.0 3.303990515162691
0.005501381167548413 1.5177304964539007 0.01 3.3041254425706734
0.011002088342588163 1.5177304964539007 0.02 3.3045302791687354
0.016501447571947256 1.5177304964539007 0.03 3.3052051564346567
0.021998784925354307 1.5177304964539007 0.04 3.306150315647537
0.027493426560138503 1.5177304964539007 0.05 3.307366082050327
0.0329846987381776 1.5177304964539007 0.06 3.308852874653699
0.03847192781725091 1.5177304964539007 0.07 3.3106112123255134
0.043954440316890844 1.5177304964539007 0.08 3.3126417044190473
0.049431563001629285 1.5177304964539007 0.09 3.314945045618977
0.05490262272541799 1.5177304964539007 0.1 3.3175220430380477
0.06036694673037512 1.5177304964539007 0.11 3.320373579056893
0.06582386251141895 1.5177304964539007 0.12 3.323500636744091
0.07127269788413088 1.5177304964539007 0.13 3.326904295067773
0.07671278136122614 1.5177304964539007 0.14 3.3305856997227767
0.08214344412458947 1.5177304964539007 0.15 3.3345459161815314
0.08756399621558292 1.5177304964539007 0.16 3.338787802611223
0.09297379935037797 1.5177304964539007 0.17 3.3433102935134467
0.09837216432219269 1.5177304964539007 0.18 3.348116468512405
0.10375842471194026 1.5177304964539007 0.19 3.353207762082223
0.10913191246004428 1.5177304964539007 0.2 3.3585858921169285
0.11449196009857913 1.5177304964539007 0.21 3.3642526903812926
0.11983790096607207 1.5177304964539007 0.22 3.370210091390351
0.12516906943066594 1.5177304964539007 0.23 3.3764601240294296
0.1304848011273148 1.5177304964539007 0.24 3.3830049048126796
0.1357844329975236 1.5177304964539007 0.25 3.3898466428651455
0.14106730753911276 1.5177304964539007 0.26 3.396987441409354
0.14633273870053332 1.5177304964539007 0.27 3.4044309246146627
0.15158010553048332 1.5177304964539007 0.28 3.4121777955428363
0.15680873030597117 1.5177304964539007 0.29 3.4202316314829737
0.1620179599580678 1.5177304964539007 0.3 3.428595023969851
0.16720714142692517 1.5177304964539007 0.31 3.4372707563751943
0.17237562370030568 1.5177304964539007 0.32 3.44626171542984
0.17752275849439172 1.5177304964539007 0.33 3.455570870403266
0.18264790254399002 1.5177304964539007 0.34 3.4652011947256343
0.18775038936938301 1.5177304964539007 0.35 3.4751567292413035
0.19282961938192333 1.5177304964539007 0.36 3.485439217602665
0.19788492958330478 1.5177304964539007 0.37 3.4960529907339954
0.20291569064196435 1.5177304964539007 0.38 3.507001342495906
0.20792127320476544 1.5177304964539007 0.39 3.518287799084666
0.21290105176047167 1.5177304964539007 0.4 3.5299159840786354
0.21785440689145524 1.5177304964539007 0.41 3.541889552539966
0.22278069582107438 1.5177304964539007 0.42 3.554213144347372
0.2276793594326026 1.5177304964539007 0.43 3.5668889582824126
0.2325497519950273 1.5177304964539007 0.44 3.5799222253102743
0.23739128029160872 1.5177304964539007 0.45 3.593316752897308
0.24220334950065303 1.5177304964539007 0.46 3.6070766713266806
0.2469853711642658 1.5177304964539007 0.47 3.621206189187157
0.25173677222832497 1.5177304964539007 0.48 3.6357093411230714
0.256456932051735 1.5177304964539007 0.49 3.650591808058824
0.26114534301885733 1.5177304964539007 0.5 3.6658563072090997
0.26580141526136536 1.5177304964539007 0.51 3.681508217155651
0.27042459913817923 1.5177304964539007 0.52 3.697552065595488
0.2750143514863203 1.5177304964539007 0.53 3.7139925092636985
0.2795701410742415 1.5177304964539007 0.54 3.730834193281716
0.2840914116033758 1.5177304964539007 0.55 3.748082740441818
0.288577708226832 1.5177304964539007 0.56 3.7657414076494047
0.29302848441398843 1.5177304964539007 0.57 3.783816211889699
0.29744325416891126 1.5177304964539007 0.58 3.8023119060967123
0.3018215360960137 1.5177304964539007 0.59 3.821233470582816
0.30616286183189634 1.5177304964539007 0.6 3.8405859007317416
0.3104667205017171 1.5177304964539007 0.61 3.8603755974183374
0.3147327975500777 1.5177304964539007 0.62 3.8806044278397
0.3189605472889496 1.5177304964539007 0.63 3.901280376483791
0.32314958214415324 1.5177304964539007 0.64 3.9224078608039012
0.3272994991343313 1.5177304964539007 0.65 3.9439920592284095
0.33140991007720777 1.5177304964539007 0.66 3.9660381670115106
0.3354806595514853 1.5177304964539007 0.67 3.9885462197456834
0.33951070671962696 1.5177304964539007 0.68 4.0115376828721585
0.3435004087712298 1.5177304964539007 0.69 4.035001170557842
0.3474491967213467 1.5177304964539007 0.7 4.058947706480355
0.3513567622598935 1.5177304964539007 0.71 4.083382512602175
0.3552228134507757 1.5177304964539007 0.72 4.1083108219211155
0.3590470947382257 1.5177304964539007 0.73 4.133737420903324
0.36282926251461584 1.5177304964539007 0.74 4.159669514822932
0.3665691837929191 1.5177304964539007 0.75 4.186109859919947
0.3702665885080188 1.5177304964539007 0.76 4.213064763617482
0.3739212754522754 1.5177304964539007 0.77 4.240539348828253
0.3775330600997783 1.5177304964539007 0.78 4.268538755353952
0.38110178186406624 1.5177304964539007 0.79 4.2970679757635395
0.3846272439737988 1.5177304964539007 0.8 4.3261332090326805
0.38810939739312483 1.5177304964539007 0.81 4.355737717496135
0.39154808049407563 1.5177304964539007 0.82 4.3858876882761475
0.3949432070594381 1.5177304964539007 0.83 4.416587997180331
0.39829470274564793 1.5177304964539007 0.84 4.447843637075822
0.40160251225030424 1.5177304964539007 0.85 4.479659553630488
0.40486642657943583 1.5177304964539007 0.86 4.512044491767154
0.4080868944605979 1.5177304964539007 0.87 4.544992905141773
0.4112634624191543 1.5177304964539007 0.88 4.578519722205125
0.41439627863392087 1.5177304964539007 0.89 4.612626820294515
0.4174853702142574 1.5177304964539007 0.9 4.647319129731481
0.42053077836962977 1.5177304964539007 0.91 4.6826016152159236
0.4235325640420675 1.5177304964539007 0.92 4.7184791443338865
0.42649073881306493 1.5177304964539007 0.93 4.754958021540001
0.42940547897038756 1.5177304964539007 0.94 4.792041210404538
0.43227681220997644 1.5177304964539007 0.95 4.8297353108732555
0.43510484722141846 1.5177304964539007 0.96 4.868045435767413
0.43788969094729446 1.5177304964539007 0.97 4.906977049408309
0.4406314551414372 1.5177304964539007 0.98 4.946535816236802
0.4433302644903092 1.5177304964539007 0.99 4.986727413294553
0.0 1.5319148936170213 0.0 3.336183605576809
0.005474773041046002 1.5319148936170213 0.01 3.336320468834148
0.01094887226997365 1.5319148936170213 0.02 3.3367311270794318
0.016421624113389436 1.5319148936170213 0.03 3.337415628963504
0.021892355723589645 1.5319148936170213 0.04 3.3383740059478844
0.027360368200685777 1.5319148936170213 0.05 3.3396129274034947
0.032825050030899035 1.5319148936170213 0.06 3.341117178786365
0.0382856748134812 1.5319148936170213 0.07 3.342900633252423
0.04374158364370184 1.5319148936170213 0.08 3.3449603114400297
0.049192103878268396 1.5319148936170213 0.09 3.34729681759931
0.05463656315412633 1.5319148936170213 0.1 3.3499108885053412
0.06007428906735977 1.5319148936170213 0.11 3.352803416573847
0.06550460960663951 1.5319148936170213 0.12 3.355975384774825
0.07092685323427395 1.5319148936170213 0.13 3.3594278650545664
0.07634034888514618 1.5319148936170213 0.14 3.363162025003405
0.0817444259653785 1.5319148936170213 0.15 3.3671791322881615
0.08713841443988377 1.5319148936170213 0.16 3.371480550968679
0.09252164506108841 1.5319148936170213 0.17 3.376067729170986
0.09789344919642799 1.5319148936170213 0.18 3.3809422188173457
0.10325315910841834 1.5319148936170213 0.19 3.386105660019419
0.10860010811296128 1.5319148936170213 0.2 3.391559777962207
0.11393363173431537 1.5319148936170213 0.21 3.3973063215326103
0.11925304077869057 1.5319148936170213 0.22 3.4033486208850974
0.12455772706395153 1.5319148936170213 0.23 3.409685500905355
0.1298469833731153 1.5319148936170213 0.24 3.4163216600179673
0.1351201597446918 1.5319148936170213 0.25 3.4232586745618674
0.14037659723297086 1.5319148936170213 0.26 3.430498820717677
0.14561563818496664 1.5319148936170213 0.27 3.438044490802608
0.15083662665759226 1.5319148936170213 0.28 3.4458981769522046
0.1560389088255902 1.5319148936170213 0.29 3.454062458686965
0.16122183346768706 1.5319148936170213 0.3 3.462539989686553
0.16638477807739968 1.5319148936170213 0.31 3.4713324178761042
0.1715270003534803 1.5319148936170213 0.32 3.480446569882343
0.17664796232929197 1.5319148936170213 0.33 3.489880976892482
0.18174698135092487 1.5319148936170213 0.34 3.4996403996697065
0.18682342010099742 1.5319148936170213 0.35 3.5097279331450006
0.19187664376523128 1.5319148936170213 0.36 3.520146797520682
0.19690602081472272 1.5319148936170213 0.37 3.5309003138934143
0.20191092503132124 1.5319148936170213 0.38 3.5419918398373498
0.20689069997972573 1.5319148936170213 0.39 3.5534260033180995
0.2118448047904395 1.5319148936170213 0.4 3.5652036846759616
0.21677255875781815 1.5319148936170213 0.41 3.5773308305723988
0.22167336902365836 1.5319148936170213 0.42 3.589810613107663
0.22654663193328684 1.5319148936170213 0.43 3.6026468409579375
0.2313917487098638 1.5319148936170213 0.44 3.6158434280483935
0.2362081278869587 1.5319148936170213 0.45 3.6294043253521844
0.24099514877885453 1.5319148936170213 0.46 3.6433346375247795
0.24575231061587166 1.5319148936170213 0.47 3.6576361088044114
0.2504789748597566 1.5319148936170213 0.48 3.672314947844257
0.25517459184405994 1.5319148936170213 0.49 3.6873749626621355
0.25983860440712647 1.5319148936170213 0.5 3.7028204937806044
0.2644704632762246 1.5319148936170213 0.51 3.71865595796473
0.2690696338107065 1.5319148936170213 0.52 3.734885669144452
0.2736355457507962 1.5319148936170213 0.53 3.7515152352838945
0.27816773294874897 1.5319148936170213 0.54 3.768547707493908
0.2826656518783783 1.5319148936170213 0.55 3.785988602404307
0.28712880333776925 1.5319148936170213 0.56 3.803842549516332
0.29155669618881347 1.5319148936170213 0.57 3.822114302184881
0.2959488520752602 1.5319148936170213 0.58 3.8408086193277535
0.30030475979787646 1.5319148936170213 0.59 3.8599314482049008
0.30462406167230993 1.5319148936170213 0.6 3.879485132783851
0.3089062321942828 1.5319148936170213 0.61 3.8994766975102775
0.313150861060419 1.5319148936170213 0.62 3.919910566191144
0.3173575316753554 1.5319148936170213 0.63 3.9407916983041678
0.3215258420935207 1.5319148936170213 0.64 3.9621250585894203
0.3256554428293018 1.5319148936170213 0.65 3.9839146989805707
0.32974581815466464 1.5319148936170213 0.66 4.0061691108320545
0.33379676965759403 1.5319148936170213 0.67 4.028889410127301
0.33780789115698046 1.5319148936170213 0.68 4.052082178919001
0.3417788575855928 1.5319148936170213 0.69 4.075752408789283
0.34570935908708295 1.5319148936170213 0.7 4.099905117003297
0.34959910930131355 1.5319148936170213 0.71 4.124545154143244
0.3534477838124136 1.5319148936170213 0.72 4.1496786567782316
0.35725519755413115 1.5319148936170213 0.73 4.175308873749545
0.36102106566607584 1.5319148936170213 0.74 4.2014417989490385
0.36474516926064404 1.5319148936170213 0.75 4.228082270786481
0.36842730288590586 1.5319148936170213 0.76 4.255235210685329
0.37206728089794666 1.5319148936170213 0.77 4.28290547508533
0.37566486702844315 1.5319148936170213 0.78 4.311099472814414
0.37922007170969285 1.5319148936170213 0.79 4.339818337486813
0.3827326218090909 1.5319148936170213 0.8 4.369070102736843
0.38620243885593236 1.5319148936170213 0.81 4.398858719595669
0.38962942672367656 1.5319148936170213 0.82 4.4291889298164895
0.3930135067561402 1.5319148936170213 0.83 4.460065456865205
0.39635462953097056 1.5319148936170213 0.84 4.491492736061647
0.3996526829107745 1.5319148936170213 0.85 4.52347699391833
0.4029077352515606 1.5319148936170213 0.86 4.556020734453026
0.4061197255182984 1.5319148936170213 0.87 4.589129754644045
0.40928866309707224 1.5319148936170213 0.88 4.622808612935393
0.41241456912066354 1.5319148936170213 0.89 4.6570619530660755
0.4154974805713007 1.5319148936170213 0.9 4.691894405462513
0.4185376497115385 1.5319148936170213 0.91 4.7273060761048225
0.4215344935060133 1.5319148936170213 0.92 4.763316272872937
0.42448875840115363 1.5319148936170213 0.93 4.799914596910601
0.4274002932811564 1.5319148936170213 0.94 4.837111245125384
0.43026919607392605 1.5319148936170213 0.95 4.874911102070468
0.43309557117889685 1.5319148936170213 0.96 4.9133192135113175
0.43587953120145184 1.5319148936170213 0.97 4.95234074121549
0.4386210123404147 1.5319148936170213 0.98 4.991985159224617
0.44132061759644076 1.5319148936170213 0.99 5.032247058228257
0.0 1.5460992907801419 0.0 3.3689429691630455
0.005448089352589652 1.5460992907801419 0.01 3.369081807589132
0.010895505141761947 1.5460992907801419 0.02 3.369498375773947
0.01634157384407126 1.5460992907801419 0.03 3.370192811302722
0.021785622010070716 1.5460992907801419 0.04 3.371165348962916
0.027226976320999994 1.5460992907801419 0.05 3.3724163128173683
0.03266496359567989 1.5460992907801419 0.06 3.373946126712287
0.038098910876930764 1.5460992907801419 0.07 3.375755301978113
0.04352814546340899 1.5460992907801419 0.08 3.3778444430855226
0.04895199488585615 1.5460992907801419 0.09 3.380214257522072
0.05436978711761517 1.5460992907801419 0.1 3.382865530973482
0.05978085042730079 1.5460992907801419 0.11 3.3857991567811228
0.06518451359523851 1.5460992907801419 0.12 3.3890161133445815
0.07058010596916536 1.5460992907801419 0.13 3.392517467628073
0.07596695750554579 1.5460992907801419 0.14 3.396304378795081
0.08134439987311694 1.5460992907801419 0.15 3.400378011947363
0.08671171945765309 1.5460992907801419 0.16 3.40474326082768
0.09206836715429315 1.5460992907801419 0.17 3.4093921813644785
0.09741356715988339 1.5460992907801419 0.18 3.4143348924982595
0.10274668508485608 1.5460992907801419 0.19 3.4195705140616974
0.10806705652891627 1.5460992907801419 0.2 3.4251007132992446
0.11337401752861218 1.5460992907801419 0.21 3.4309273051595706
0.11866690521640906 1.5460992907801419 0.22 3.437052208330111
0.12394505822399468 1.5460992907801419 0.23 3.443477426857366
0.1292078165116635 1.5460992907801419 0.24 3.4502050670948594
0.13445452172887018 1.5460992907801419 0.25 3.457237323858633
0.13968451804267076 1.5460992907801419 0.26 3.4645764466876607
0.14489716067593356 1.5460992907801419 0.27 3.472224343748897
0.15009175255956658 1.5460992907801419 0.28 3.4801855964920922
0.1552676997816888 1.5460992907801419 0.29 3.4884600793076617
0.16042432849930943 1.5460992907801419 0.3 3.4970516702957952
0.16556099466439966 1.5460992907801419 0.31 3.5059630433679576
0.1706770556643227 1.5460992907801419 0.32 3.5151970255642784
0.1757718716477194 1.5460992907801419 0.33 3.524756542882055
0.1808448060616319 1.5460992907801419 0.34 3.5346446057358767
0.18589522724901278 1.5460992907801419 0.35 3.5448642563829376
0.19092247904596116 1.5460992907801419 0.36 3.5554196785298613
0.19592599237568173 1.5460992907801419 0.37 3.5663120237606667
0.20090510174746024 1.5460992907801419 0.38 3.577546296981218
0.2058591994341869 1.5460992907801419 0.39 3.58912558729978
0.21078767324471204 1.5460992907801419 0.4 3.6010534096065188
0.2156899156683501 1.5460992907801419 0.41 3.613333372197578
0.22056532496184103 1.5460992907801419 0.42 3.6259691484529144
0.22541332615403006 1.5460992907801419 0.43 3.6389638086476856
0.2302332457021624 1.5460992907801419 0.44 3.6523238645030274
0.23502459531714384 1.5460992907801419 0.45 3.6660501399609706
0.2397867574321666 1.5460992907801419 0.46 3.680147907395196
0.24451916252605554 1.5460992907801419 0.47 3.694621188217791
0.24922124727711598 1.5460992907801419 0.48 3.7094741103978914
0.2538924567617186 1.5460992907801419 0.49 3.7247108499386394
0.2585323258101767 1.5460992907801419 0.5 3.740333286913094
0.26314004687139636 1.5460992907801419 0.51 3.7563535087006157
0.26771537285407276 1.5460992907801419 0.52 3.772767715075433
0.27225768125850974 1.5460992907801419 0.53 3.7895832866001573
0.27676646222038237 1.5460992907801419 0.54 3.8068046827183784
0.2812412153475395 1.5460992907801419 0.55 3.8244364344748987
0.28568145353460866 1.5460992907801419 0.56 3.8424830489174258
0.2900866633040078 1.5460992907801419 0.57 3.860950076597885
0.29445644609716914 1.5460992907801419 0.58 3.87984034578171
0.29879029642327803 1.5460992907801419 0.59 3.899159896001513
0.30308778146130944 1.5460992907801419 0.6 3.9189131893280624
0.30734847191234327 1.5460992907801419 0.61 3.9391049651001606
0.3115719522487535 1.5460992907801419 0.62 3.9597399751321034
0.3157578478905783 1.5460992907801419 0.63 3.9808223056168326
0.3199056619169741 1.5460992907801419 0.64 4.002359495416285
0.3240151473979716 1.5460992907801419 0.65 4.024353166268992
0.32808589288843254 1.5460992907801419 0.66 4.046809466939768
0.33211755690938366 1.5460992907801419 0.67 4.069733174165055
0.336109812236294 1.5460992907801419 0.68 4.0931291011066016
0.34006235142748475 1.5460992907801419 0.69 4.117001966683518
0.3439748377729152 1.5460992907801419 0.7 4.141357583107027
0.3478470709982758 1.5460992907801419 0.71 4.166198861114261
0.351678735595763 1.5460992907801419 0.72 4.191531885527303
0.3554695971174488 1.5460992907801419 0.73 4.217361181646063
0.35921942965843356 1.5460992907801419 0.74 4.243691467157058
0.36292802536456487 1.5460992907801419 0.75 4.270527424859889
0.3665952375496857 1.5460992907801419 0.76 4.297872692648333
0.3702207304174269 1.5460992907801419 0.77 4.325735729484724
0.3738045327599091 1.5460992907801419 0.78 4.354116838249489
0.3773464337974511 1.5460992907801419 0.79 4.383022324480823
0.38084631579955514 1.5460992907801419 0.8 4.4124566993983345
0.38430407741793066 1.5460992907801419 0.81 4.442424474959635
0.38771963753125016 1.5460992907801419 0.82 4.4729300721823
0.39109287513893576 1.5460992907801419 0.83 4.503979202992641
0.39442385606665553 1.5460992907801419 0.84 4.5355736427611095
0.3977124573913486 1.5460992907801419 0.85 4.567719880515342
0.4009586821137473 1.5460992907801419 0.86 4.600421863493007
0.4041625304247604 1.5460992907801419 0.87 4.633683958566512
0.4073240175388315 1.5460992907801419 0.88 4.667510535985275
0.41044318049331247 1.5460992907801419 0.89 4.7019058078320715
0.4135200053209132 1.5460992907801419 0.9 4.736875490523163
0.41655464377670043 1.5460992907801419 0.91 4.772421833367522
0.41954710721133903 1.5460992907801419 0.92 4.808550625549988
0.4224974842285424 1.5460992907801419 0.93 4.845266203096403
0.42540586660844015 1.5460992907801419 0.94 4.88257313945717
0.4282723553039936 1.5460992907801419 0.95 4.920476101654303
0.4310970670820959 1.5460992907801419 0.96 4.958979691090529
0.43388005023702986 1.5460992907801419 0.97 4.998090377986787
0.43662152388821884 1.5460992907801419 0.98 5.037810987107064
0.439321541229917 1.5460992907801419 0.99 5.078148445884767
0.0 1.5602836879432624 0.0 3.402271294678254
0.005421338730554854 1.5602836879432624 0.01 3.402412094230247
0.010842004459624603 1.5602836879432624 0.02 3.402834506796068
0.016261324223887347 1.5602836879432624 0.03 3.403538686593967
0.021678625396376258 1.5602836879432624 0.04 3.404524790354441
0.027093237384172502 1.5602836879432624 0.05 3.4057926530012628
0.03250446731223479 1.5602836879432624 0.06 3.4073472402736398
0.03791168141319932 1.5602836879432624 0.07 3.4091804374520613
0.04331418116823711 1.5602836879432624 0.08 3.4112987614775334
0.04871129985438326 1.5602836879432624 0.09 3.4137018008493407
0.054102366636273984 1.5602836879432624 0.1 3.4163902493364984
0.05948671067880781 1.5602836879432624 0.11 3.4193649826490318
0.06486366176195887 1.5602836879432624 0.12 3.4226269634729545
0.07023255024101029 1.5602836879432624 0.13 3.4261772541200055
0.07559270703222323 1.5602836879432624 0.14 3.430017021869639
0.08094346384051607 1.5602836879432624 0.15 3.4341475220621653
0.08628415317189722 1.5602836879432624 0.16 3.438570104906234
0.09161410844395466 1.5602836879432624 0.17 3.4432862129114734
0.09693266409720501 1.5602836879432624 0.18 3.4482973794366942
0.10223915563447812 1.5602836879432624 0.19 3.4536052328780094
0.1075329197555758 1.5602836879432624 0.2 3.4592114938575538
0.11281329476010626 1.5602836879432624 0.21 3.465117957047222
0.11807962194369064 1.5602836879432624 0.22 3.471326419592624
0.12333121823036453 1.5602836879432624 0.23 3.477840249512765
0.1285674763990344 1.5602836879432624 0.24 3.48465867182435
0.1337877031280432 1.5602836879432624 0.25 3.491786018721002
0.13899125296851053 1.5602836879432624 0.26 3.4992240933263803
0.14417747484500384 1.5602836879432624 0.27 3.5069752301639654
0.14934571951848047 1.5602836879432624 0.28 3.515041878146095
0.154495340051282 1.5602836879432624 0.29 3.5234265829025433
0.15962569232153026 1.5602836879432624 0.3 3.532131970469131
0.16473613527713743 1.5602836879432624 0.31 3.541160745259346
0.16982603685650396 1.5602836879432624 0.32 3.5505154516258535
0.1748947281197058 1.5602836879432624 0.33 3.5602003817535497
0.17994162493889196 1.5602836879432624 0.34 3.5702165436161892
0.18496607489498532 1.5602836879432624 0.35 3.5805680117758647
0.189967455718582 1.5602836879432624 0.36 3.5912578576401195
0.1949451477207633 1.5602836879432624 0.37 3.60228930270172
0.19989853530094764 1.5602836879432624 0.38 3.6136656649167724
0.20482700795910205 1.5602836879432624 0.39 3.625390329834202
0.20972996734441557 1.5602836879432624 0.4 3.6374665160220125
0.21460677408960194 1.5602836879432624 0.41 3.649899115989824
0.21945688748952022 1.5602836879432624 0.42 3.66268989258566
0.22427969047144986 1.5602836879432624 0.43 3.675843518106968
0.22907460301376134 1.5602836879432624 0.44 3.689363677715899
0.23384104910400627 1.5602836879432624 0.45 3.7032542166216253
0.2385784597494785 1.5602836879432624 0.46 3.717519047641881
0.24328627651352655 1.5602836879432624 0.47 3.732162051655679
0.24796391461031428 1.5602836879432624 0.48 3.747188209205405
0.25261088345831595 1.5602836879432624 0.49 3.7625999433912862
0.2572266084124018 1.5602836879432624 0.5 3.778402549969953
0.2618105670935407 1.5602836879432624 0.51 3.7946000614989077
0.2663622405762108 1.5602836879432624 0.52 3.811196741003179
0.2708811197508034 1.5602836879432624 0.53 3.8281968991801003
0.2753667107032623 1.5602836879432624 0.54 3.8456047526978936
0.2798184870658034 1.5602836879432624 0.55 3.8634257562392835
0.28423603033772804 1.5602836879432624 0.56 3.8816627125060843
0.2886188393714295 1.5602836879432624 0.57 3.900321073417173
0.29296646387363956 1.5602836879432624 0.58 3.919405239550923
0.29727846208479325 1.5602836879432624 0.59 3.9389197443369692
0.301554405529356 1.5602836879432624 0.6 3.9588691314718583
0.30579390979804444 1.5602836879432624 0.61 3.9792571614175207
0.3099964523273308 1.5602836879432624 0.62 4.000091554414709
0.3141617826511941 1.5602836879432624 0.63 4.021373333666256
0.31828947030876065 1.5602836879432624 0.64 4.043108582785896
0.32237915759508506 1.5602836879432624 0.65 4.065301882214527
0.32643050047545263 1.5602836879432624 0.66 4.087957850986742
0.330443172844895 1.5602836879432624 0.67 4.111081044230147
0.3344168156320614 1.5602836879432624 0.68 4.134677218000599
0.3383512321005806 1.5602836879432624 0.69 4.158748496589001
0.3422460629889068 1.5602836879432624 0.7 4.18330142136234
0.34610106228086546 1.5602836879432624 0.71 4.208340124438101
0.34991598400727786 1.5602836879432624 0.72 4.233869134835396
0.35369059944119585 1.5602836879432624 0.73 4.259892955365895
0.35742470605132604 1.5602836879432624 0.74 4.286415849300277
0.3611180512055181 1.5602836879432624 0.75 4.313443668104576
0.36477054175517903 1.5602836879432624 0.76 4.340978832898667
0.36838197292379893 1.5602836879432624 0.77 4.3690268267105905
0.3719522066749211 1.5602836879432624 0.78 4.397591922165825
0.375481119015942 1.5602836879432624 0.79 4.4266784423133725
0.37896860425558987 1.5602836879432624 0.8 4.456290657248527
0.3824146491040547 1.5602836879432624 0.81 4.486431043190871
0.385818918510563 1.5602836879432624 0.82 4.517109995343763
0.38918164299283037 1.5602836879432624 0.83 4.548325008480698
0.39250267542829403 1.5602836879432624 0.84 4.580082799795357
0.3957819950183879 1.5602836879432624 0.85 4.6123874819013215
0.3990195948994051 1.5602836879432624 0.86 4.6452431944778745
0.40221548545737823 1.5602836879432624 0.87 4.6786540215740455
0.4053695207021766 1.5602836879432624 0.88 4.712628023060591
0.4084822045262348 1.5602836879432624 0.89 4.747158481826278
0.4115531465332488 1.5602836879432624 0.9 4.782259802113341
0.41458254470708433 1.5602836879432624 0.91 4.817933028586298
0.4175704755574365 1.5602836879432624 0.92 4.854182345054527
0.4205170249461802 1.5602836879432624 0.93 4.891012025892189
0.4234222902450078 1.5602836879432624 0.94 4.9284263791685285
0.42628578742341683 1.5602836879432624 0.95 4.966443555253104
0.4291093473165374 1.5602836879432624 0.96 5.005028055898221
0.43189139186607356 1.5602836879432624 0.97 5.044224095044554
0.4346325884707215 1.5602836879432624 0.98 5.084023844153873
0.437333053365183 1.5602836879432624 0.99 5.124432590917867
0.0 1.574468085106383 0.0 3.436173393068662
0.005394527891806019 1.574468085106383 0.01 3.4363161576177395
0.010788383418529378 1.574468085106383 0.02 3.436744494451011
0.016180894267647655 1.574468085106383 0.03 3.437458544836322
0.0215713882350329 1.574468085106383 0.04 3.4384585413362165
0.02695919331033379 1.574468085106383 0.05 3.439744801800985
0.03234363764529769 1.574468085106383 0.06 3.4413177544721165
0.03772404975442311 1.574468085106383 0.07 3.4431778994758213
0.04309975840810114 1.574468085106383 0.08 3.4453258485222786
0.048470092853106106 1.574468085106383 0.09 3.4477622919862
0.05383438281385874 1.574468085106383 0.1 3.450488014018796
0.05919195845325882 1.574468085106383 0.11 3.4535039044870293
0.0645421506848519 1.574468085106383 0.12 3.4568109277229593
0.06988429104063727 1.574468085106383 0.13 3.4604101498196496
0.07521771183276114 1.574468085106383 0.14 3.464302727650884
0.08054174634085692 1.574468085106383 0.15 3.468489900334291
0.08585572963400606 1.574468085106383 0.16 3.4729729327804253
0.0911591003533938 1.574468085106383 0.17 3.4777453754113083
0.09645086934159376 1.574468085106383 0.18 3.482833533964111
0.10173071035014344 1.574468085106383 0.19 3.4882134139148016
0.1069978451751336 1.574468085106383 0.2 3.493895635660837
0.1122516148857374 1.574468085106383 0.21 3.4998819360783138
0.11749136150148753 1.574468085106383 0.22 3.5061741919263882
0.12271642862214545 1.574468085106383 0.23 3.512774380789423
0.12792616159956852 1.574468085106383 0.24 3.5196845768655125
0.1331199077952601 1.574468085106383 0.25 3.5269069434940388
0.13829701682427992 1.574468085106383 0.26 3.534443728284052
0.14345684082184024 1.574468085106383 0.27 3.542297258383697
0.14859873711544153 1.574468085106383 0.28 3.550469821956821
0.1537220377529416 1.574468085106383 0.29 3.558965106620766
0.15882614655867155 1.574468085106383 0.3 3.567783651349412
0.16391039807023922 1.574468085106383 0.31 3.57692947693603
0.1689741630921307 1.574468085106383 0.32 3.5864051410386044
0.17401681141919664 1.574468085106383 0.33 3.5962134955120173
0.17903771651955777 1.574468085106383 0.34 3.6063574787764106
0.18403625565138496 1.574468085106383 0.35 3.616840119228384
0.18901181075667617 1.574468085106383 0.36 3.6276645085249393
0.19396377661573394 1.574468085106383 0.37 3.638833506237181
0.19889150145608525 1.574468085106383 0.38 3.650351962365327
0.20379443821889626 1.574468085106383 0.39 3.6622210887139
0.20867195982699238 1.574468085106383 0.4 3.6744453526639567
0.2135234750193238 1.574468085106383 0.41 3.6870281702328027
0.2183483966127314 1.574468085106383 0.42 3.6999730992155926
0.22314614347765616 1.574468085106383 0.43 3.713283775840624
0.22791614211857508 1.574468085106383 0.44 3.7269638713007125
0.2326520486346567 1.574468085106383 0.45 3.7412029261624404
0.23737061093739367 1.574468085106383 0.46 3.7554481327334424
0.2420539823498423 1.574468085106383 0.47 3.7702595744310288
0.24670737599574666 1.574468085106383 0.48 3.785456034609353
0.25133025683807947 1.574468085106383 0.49 3.801041488395973
0.2559220975413195 1.574468085106383 0.5 3.8170199999942875
0.26048238087083103 1.574468085106383 0.51 3.833395658276719
0.26501062370638123 1.574468085106383 0.52 3.8501718892809254
0.26950623069243895 1.574468085106383 0.53 3.8673557084275876
0.2739688268494495 1.574468085106383 0.54 3.884948083967254
0.2783978886274911 1.574468085106383 0.55 3.902954644661665
0.28279295178561137 1.574468085106383 0.56 3.9213796600047957
0.2871535625479053 1.574468085106383 0.57 3.9402274656475247
0.29147928000744094 1.574468085106383 0.58 3.9595024036870066
0.2957697749549437 1.574468085106383 0.59 3.9792061716649494
0.3000243055809835 1.574468085106383 0.6 3.9993519299334337
0.304242811830137 1.574468085106383 0.61 4.019934877570966
0.30842478103096427 1.574468085106383 0.62 4.040962766336674
0.3125698394851333 1.574468085106383 0.63 4.0624399973028655
0.31667762681496336 1.574468085106383 0.64 4.084371006433566
0.32074779961775546 1.574468085106383 0.65 4.106760175011383
0.324779971888541 1.574468085106383 0.66 4.129613351413302
0.32877396097252237 1.574468085106383 0.67 4.152931593486953
0.33272935568988804 1.574468085106383 0.68 4.176722168274628
0.33664590195310284 1.574468085106383 0.69 4.200988737971232
0.34052333415088887 1.574468085106383 0.7 4.225735656140846
0.34436140288085876 1.574468085106383 0.71 4.250967264764142
0.34815987979186325 1.574468085106383 0.72 4.276687776942943
0.3519185037467416 1.574468085106383 0.73 4.302902597263213
0.3556371573997578 1.574468085106383 0.74 4.329613996709504
0.3593156046323981 1.574468085106383 0.75 4.356827545830442
0.36295368993104377 1.574468085106383 0.76 4.384547229938697
0.3665512666496164 1.574468085106383 0.77 4.412777205980698
0.37010820591987886 1.574468085106383 0.78 4.441521583558648
0.3736244049226921 1.574468085106383 0.79 4.470784225313815
0.3770997075789263 1.574468085106383 0.8 4.500570640343351
0.38053412537385295 1.574468085106383 0.81 4.530882702407931
0.3839275466484362 1.574468085106383 0.82 4.561725596151343
0.38727993084533263 1.574468085106383 0.83 4.593103169606313
0.39059124878397444 1.574468085106383 0.84 4.625019357612528
0.3938614874069607 1.574468085106383 0.85 4.657478063731258
0.39709066190395403 1.574468085106383 0.86 4.6904828686748266
0.400278713487179 1.574468085106383 0.87 4.724039438915232
0.40342577724094436 1.574468085106383 0.88 4.758149195143541
0.40653184259998754 1.574468085106383 0.89 4.792817324403863
0.40959697053763283 1.574468085106383 0.9 4.828047644455841
0.4126212296863126 1.574468085106383 0.91 4.8638441057809825
0.4156047000887712 1.574468085106383 0.92 4.9002106962895216
0.41854748025135885 1.574468085106383 0.93 4.937151268111889
0.42144960361729156 1.574468085106383 0.94 4.974671502014327
0.42431127915659206 1.574468085106383 0.95 5.012773223258183
0.42713255762168023 1.574468085106383 0.96 5.051462271212137
0.4299135619585601 1.574468085106383 0.97 5.090743056156237
0.4326544094154627 1.574468085106383 0.98 5.130620392270068
0.4353552142042411 1.574468085106383 0.99 5.1710994307949045
0.0 1.5886524822695036 0.0 3.4706516977027673
0.005367665328793319 1.5886524822695036 0.01 3.470796414002222
0.010734659185890073 1.5886524822695036 0.02 3.4712306363479715
0.016100310183949546 1.5886524822695036 0.03 3.47195448497853
0.02146394708330224 1.5886524822695036 0.04 3.472968183871187
0.026824898819085598 1.5886524822695036 0.05 3.4742720588818097
0.032182494742689305 1.5886524822695036 0.06 3.4758664916855726
0.03753606522198826 1.5886524822695036 0.07 3.477751846797679
0.04288528979682081 1.5886524822695036 0.08 3.4798720485131946
0.048228435609687585 1.5886524822695036 0.09 3.482400119722191
0.053565907558060774 1.5886524822695036 0.1 3.4851627616220213
0.0588966742221376 1.5886524822695036 0.11 3.488219670868151
0.06422006868842213 1.5886524822695036 0.12 3.4915716664918954
0.06953542418432991 1.5886524822695036 0.13 3.495219768323477
0.07484207454813788 1.5886524822695036 0.14 3.4991651225280576
0.08013935454593134 1.5886524822695036 0.15 3.503408970356496
0.08542660002121055 1.5886524822695036 0.16 3.5079526424922824
0.09070314797451459 1.5886524822695036 0.17 3.512797561076171
0.09596833664278667 1.5886524822695036 0.18 3.517945241398914
0.10122150556291006 1.5886524822695036 0.19 3.5233972944908825
0.10646199585305788 1.5886524822695036 0.2 3.5291554148439053
0.11168915029206186 1.5886524822695036 0.21 3.5352213845716283
0.11690231344990058 1.5886524822695036 0.22 3.5415970736597604
0.12210083241385138 1.5886524822695036 0.23 3.548284405807706
0.12728407059024965 1.5886524822695036 0.24 3.5552846020437534
0.1324513184193366 1.5886524822695036 0.25 3.562603138044266
0.13760200153278576 1.5886524822695036 0.26 3.5702382105075157
0.1427354445496923 1.5886524822695036 0.27 3.578193845142267
0.1478510069669632 1.5886524822695036 0.28 3.5864723687648756
0.15294805007246293 1.5886524822695036 0.29 3.59507625556932
0.1580259378980966 1.5886524822695036 0.3 3.6040080824663616
0.16308403787184306 1.5886524822695036 0.31 3.613270505927918
0.16812172111796486 1.5886524822695036 0.32 3.6228662580863524
0.1731383630559385 1.5886524822695036 0.33 3.632798131071564
0.17813369144249142 1.5886524822695036 0.34 3.6430547525255625
0.18310602406024923 1.5886524822695036 0.35 3.653682656446203
0.1880558262654452 1.5886524822695036 0.36 3.6646408242245214
0.19298212455265007 1.5886524822695036 0.37 3.6759473429582004
0.19788431704488835 1.5886524822695036 0.38 3.6876053849960932
0.20276180619564715 1.5886524822695036 0.39 3.6996182365797967
0.20761400018795548 1.5886524822695036 0.4 3.7119892526113345
0.2124403134460211 1.5886524822695036 0.41 3.7247218480427877
0.21724017931561992 1.5886524822695036 0.42 3.737819071483374
0.22201296703864917 1.5886524822695036 0.43 3.751286458957846
0.22675818343934023 1.5886524822695036 0.44 3.765125134128095
0.23147523609227505 1.5886524822695036 0.45 3.779339931046668
0.23616357543224797 1.5886524822695036 0.46 3.7939345355265863
0.24082265813964002 1.5886524822695036 0.47 3.808912749634981
0.24545194951332427 1.5886524822695036 0.48 3.824278422008267
0.2500509252805534 1.5886524822695036 0.49 3.8400354016197054
0.2546190312418162 1.5886524822695036 0.5 3.8561887723494155
0.25915584049602663 1.5886524822695036 0.51 3.8727400835197283
0.2636607918162421 1.5886524822695036 0.52 3.8896953102818226
0.2681334120134906 1.5886524822695036 0.53 3.9070581041066643
0.2725732252201591 1.5886524822695036 0.54 3.9248325593928532
0.2769797659958612 1.5886524822695036 0.55 3.943022823773316
0.281352581935186 1.5886524822695036 0.56 3.961633031220804
0.2856911642959447 1.5886524822695036 0.57 3.9806692449634253
0.2899952557257992 1.5886524822695036 0.58 4.000130879741372
0.2942642845441988 1.5886524822695036 0.59 4.020026492027672
0.2984978906760516 1.5886524822695036 0.6 4.0403591140570345
0.30269568486919707 1.5886524822695036 0.61 4.061132978479605
0.3068572911074724 1.5886524822695036 0.62 4.0823523419902275
0.310982349378084 1.5886524822695036 0.63 4.1040214171411025
0.31507045374347153 1.5886524822695036 0.64 4.126146001378927
0.3191214145755253 1.5886524822695036 0.65 4.14872660557823
0.32313479170385984 1.5886524822695036 0.66 4.171770700684221
0.3271103159937141 1.5886524822695036 0.67 4.19528166713843
0.33104770277008483 1.5886524822695036 0.68 4.219263691316079
0.334946682484329 1.5886524822695036 0.69 4.243720964648559
0.33880700507533223 1.5886524822695036 0.7 4.268657575506216
0.3426283840989798 1.5886524822695036 0.71 4.29407891376737
0.3464107068310332 1.5886524822695036 0.72 4.319986398984483
0.3501536857957589 1.5886524822695036 0.73 4.346386227453609
0.3538571536257352 1.5886524822695036 0.74 4.373281972405492
0.3575209417403093 1.5886524822695036 0.75 4.400677628900546
0.36114489811810363 1.5886524822695036 0.76 4.428577167431302
0.36472889113779433 1.5886524822695036 0.77 4.456984438633855
0.3682727520712297 1.5886524822695036 0.78 4.48590457386279
0.37177648066776986 1.5886524822695036 0.79 4.515338969677142
0.37523991694855185 1.5886524822695036 0.8 4.545293288534955
0.3786630072709031 1.5886524822695036 0.81 4.575770967401922
0.38204569994262605 1.5886524822695036 0.82 4.606775759480716
0.3853879586989403 1.5886524822695036 0.83 4.638311401390741
0.3886897661933479 1.5886524822695036 0.84 4.670381524473738
0.39195105868022223 1.5886524822695036 0.85 4.702991217743084
0.39517196689523165 1.5886524822695036 0.86 4.736141239746638
0.39835241991107695 1.5886524822695036 0.87 4.769837522774197
0.4014924739424103 1.5886524822695036 0.88 4.804083273286917
0.4045921790408776 1.5886524822695036 0.89 4.838882165739985
0.4076515965504327 1.5886524822695036 0.9 4.874237916937562
0.41067080114352833 1.5886524822695036 0.91 4.910154230563593
0.41364971229690567 1.5886524822695036 0.92 4.946638820915486
0.4165888688532103 1.5886524822695036 0.93 4.983684881233026
0.4194879524135449 1.5886524822695036 0.94 5.021306392392226
0.42234719661457065 1.5886524822695036 0.95 5.059504411254463
0.425166715442281 1.5886524822695036 0.96 5.098283128860483
0.4279466246785306 1.5886524822695036 0.97 5.137646960045382
0.4306870413540473 1.5886524822695036 0.98 5.1776005513381635
0.43338809431165604 1.5886524822695036 0.99 5.218148521897563
0.0 1.602836879432624 0.0 3.505710097763385
0.0053407581828133766 1.602836879432624 0.01 3.505856783180198
0.010680845981882793 1.602836879432624 0.02 3.5062968874860667
0.016019593092566155 1.602836879432624 0.03 3.507030544210395
0.021356329339909334 1.602836879432624 0.04 3.508057987136572
0.026690384778131775 1.602836879432624 0.05 3.509379534661831
0.03202108974185335 1.602836879432624 0.06 3.5109956005604164
0.037347774922277914 1.602836879432624 0.07 3.5129066910690914
0.042669771474428964 1.602836879432624 0.08 3.5151133992910086
0.0479864110410945 1.602836879432624 0.09 3.517616415776864
0.05329702592433248 1.602836879432624 0.1 3.5204165135828354
0.058600949047977476 1.602836879432624 0.11 3.5235145668143644
0.06389751413149207 1.602836879432624 0.12 3.526911536958078
0.06918605576868461 1.602836879432624 0.13 3.5306084754515
0.0744659095333049 1.602836879432624 0.14 3.534606522900483
0.07973641206452178 1.602836879432624 0.15 3.53890691067701
0.08499690123182316 1.602836879432624 0.16 3.54351095559877
0.09024671630146437 1.602836879432624 0.17 3.5484200565954236
0.09548519919191409 1.602836879432624 0.18 3.5536356116507175
0.10071165789411013 1.602836879432624 0.19 3.5591616343130212
0.10592551861662954 1.602836879432624 0.2 3.5649939184029114
0.11112605656565895 1.602836879432624 0.21 3.5711392340045593
0.11631263754371707 1.602836879432624 0.22 3.577598119222612
0.12148461161938526 1.602836879432624 0.23 3.5843724682449802
0.1266413304400195 1.602836879432624 0.24 3.5914643069345162
0.13178214800815638 1.602836879432624 0.25 3.5988757503070485
0.13690642076434542 1.602836879432624 0.26 3.6066090060376714
0.14201350793628997 1.602836879432624 0.27 3.6146663639403616
0.14710277180360398 1.602836879432624 0.28 3.6230501919002114
0.152173577943749 1.602836879432624 0.29 3.6317629336515242
0.15722530191779135 1.602836879432624 0.3 3.640806808863654
0.16225727944668997 1.602836879432624 0.31 3.6501861071862933
0.16726893802453383 1.602836879432624 0.32 3.6599011641563832
0.17225963104936065 1.602836879432624 0.33 3.669955974156989
0.17722874483238824 1.602836879432624 0.34 3.6803532941423396
0.18217566830827556 1.602836879432624 0.35 3.691096044124386
0.1870997947837161 1.602836879432624 0.36 3.702187236507825
0.19200052262674563 1.602836879432624 0.37 3.713629956475901
0.19687725594101096 1.602836879432624 0.38 3.725427345652568
0.20172941386492274 1.602836879432624 0.39 3.7375822682564883
0.2065563643825161 1.602836879432624 0.4 3.750099758490598
0.21135759223422707 1.602836879432624 0.41 3.7629808460744227
0.2161324943200571 1.602836879432624 0.42 3.7762301003979455
0.2208805078731059 1.602836879432624 0.43 3.7898509210409306
0.22560107517837846 1.602836879432624 0.44 3.803846847169914
0.23029364577027256 1.602836879432624 0.45 3.818221486801808
0.23495767776366816 1.602836879432624 0.46 3.8329784814561627
0.23959265327839194 1.602836879432624 0.47 3.8481210213128754
0.24419797736223092 1.602836879432624 0.48 3.8636550899821422
0.2487732198476011 1.602836879432624 0.49 3.8795817312612195
0.2533178351446684 1.602836879432624 0.5 3.8959060284577047
0.2578313278627447 1.602836879432624 0.51 3.91263181150441
0.2623132111235594 1.602836879432624 0.52 3.9297630011568043
0.26676300861068447 1.602836879432624 0.53 3.9473035530441614
0.27118025829497333 1.602836879432624 0.54 3.965257356644019
0.27556446936160295 1.602836879432624 0.55 3.9836294938832584
0.27991526903713543 1.602836879432624 0.56 4.002421983974787
0.2842321782865534 1.602836879432624 0.57 4.021640302957738
0.2885147884037969 1.602836879432624 0.58 4.041288264719677
0.2927626951389437 1.602836879432624 0.59 4.061369940566621
0.2969755072799044 1.602836879432624 0.6 4.081889417597203
0.3011528494995724 1.602836879432624 0.61 4.102850726808921
0.30529430805147867 1.602836879432624 0.62 4.12425931853318
0.3093996483224148 1.602836879432624 0.63 4.146116179879923
0.31346844136025237 1.602836879432624 0.64 4.16842794752602
0.3175003906221044 1.602836879432624 0.65 4.191198069499493
0.32149519241875857 1.602836879432624 0.66 4.214430586267229
0.3254525582797612 1.602836879432624 0.67 4.238129529910473
0.3293722172101653 1.602836879432624 0.68 4.262298868480159
0.33325384280883685 1.602836879432624 0.69 4.2869443849529665
0.33709736748806096 1.602836879432624 0.7 4.312065588790276
0.3409024152318607 1.602836879432624 0.71 4.337670323184929
0.34466881923679804 1.602836879432624 0.72 4.363761437778132
0.34839638924457933 1.602836879432624 0.73 4.390342780154763
0.35208495093263426 1.602836879432624 0.74 4.417418181896807
0.3557343482625846 1.602836879432624 0.75 4.444991398900023
0.3593443139294967 1.602836879432624 0.76 4.473069336293264
0.36291506529186046 1.602836879432624 0.77 4.501647206764011
0.3664461757105366 1.602836879432624 0.78 4.530736634859352
0.36993764876904767 1.602836879432624 0.79 4.560338903590847
0.3733894102740024 1.602836879432624 0.8 4.590457601739339
0.3768014009662692 1.602836879432624 0.81 4.621096311550881
0.38017357846415784 1.602836879432624 0.82 4.6522585567143215
0.38350601980457055 1.602836879432624 0.83 4.683945293312637
0.38679835881012936 1.602836879432624 0.84 4.716168646450236
0.3900509748995676 1.602836879432624 0.85 4.748922869720337
0.39326374346512666 1.602836879432624 0.86 4.782214859937799
0.3964366951707268 1.602836879432624 0.87 4.816048048581288
0.39956987151778256 1.602836879432624 0.88 4.8504259230783875
0.40266332691705464 1.602836879432624 0.89 4.885351969765159
0.4057171403559966 1.602836879432624 0.9 4.920829384196065
0.4087313093878866 1.602836879432624 0.91 4.956863635736207
0.41170603119809285 1.602836879432624 0.92 4.99345564320188
0.4146413408937055 1.602836879432624 0.93 5.030610541639207
0.41753734546045934 1.602836879432624 0.94 5.068332000749756
0.42039415301435573 1.602836879432624 0.95 5.106623934410738
0.42321187625941936 1.602836879432624 0.96 5.145490410543306
0.425990633196722 1.602836879432624 0.97 5.184935627900459
0.42873043328510335 1.602836879432624 0.98 5.22496668501751
0.43143165515650755 1.602836879432624 0.99 5.265581934003294
0.0 1.6170212765957446 0.0 3.541350843860361
0.005313814731548909 1.6170212765957446 0.01 3.5414994856027735
0.010626960371868995 1.6170212765957446 0.02 3.5419454571235733
0.01593876790508914 1.6170212765957446 0.03 3.5426888967145103
0.02124856849377873 1.6170212765957446 0.04 3.5437300258109063
0.026555693510641593 1.6170212765957446 0.05 3.545069169955504
0.03185947469600642 1.6170212765957446 0.06 3.546706731016542
0.037159244188960106 1.6170212765957446 0.07 3.548643207507508
0.042454334620829606 1.6170212765957446 0.08 3.550879189506058
0.04774407934799187 1.6170212765957446 0.09 3.553415336462264
0.05302781295444254 1.6170212765957446 0.1 3.5562523322566606
0.05830488985086649 1.6170212765957446 0.11 3.5593886550961633
0.06357457187312868 1.6170212765957446 0.12 3.5628341275863478
0.06883628120607724 1.6170212765957446 0.13 3.5665794627422702
0.07408932058613257 1.6170212765957446 0.14 3.5706299780983257
0.07933302999340518 1.6170212765957446 0.15 3.574986734198861
0.08456674977078403 1.6170212765957446 0.16 3.5796509984128244
0.08978982118141128 1.6170212765957446 0.17 3.584624175569798
0.0950015871221238 1.6170212765957446 0.18 3.5899077498919505
0.1002013920976504 1.6170212765957446 0.19 3.595503298052281
0.10538858243844405 1.6170212765957446 0.2 3.601412482061988
0.1105625063804638 1.6170212765957446 0.21 3.6076370533711217
0.11572251411987483 1.6170212765957446 0.22 3.6141788577180747
0.12086795835961905 1.6170212765957446 0.23 3.621039809574775
0.1259981940915098 1.6170212765957446 0.24 3.628221916845035
0.13111257954959565 1.6170212765957446 0.25 3.6357272352523164
0.13621049043802952 1.6170212765957446 0.26 3.6435571224860723
0.14129122765714275 1.6170212765957446 0.27 3.6517171487607705
0.1463542335671053 1.6170212765957446 0.28 3.660205617660668
0.15139884496568143 1.6170212765957446 0.29 3.6690266982673263
0.15642443694508 1.6170212765957446 0.3 3.6781827953105406
0.16143038648472618 1.6170212765957446 0.31 3.687676490537488
0.166416074584331 1.6170212765957446 0.32 3.697510443245859
0.17138088642272145 1.6170212765957446 0.33 3.7076873925616454
0.17632421180197067 1.6170212765957446 0.34 3.7182101474451823
0.18124544581797847 1.6170212765957446 0.35 3.7290815689449492
0.18614402399493918 1.6170212765957446 0.36 3.7403031699800313
0.19101922502249416 1.6170212765957446 0.37 3.7518830333504183
0.19587059952886415 1.6170212765957446 0.38 3.7638186333648065
0.2006975094519691 1.6170212765957446 0.39 3.7761153099585547
0.20549937864191875 1.6170212765957446 0.4 3.7887762343174325
0.21027563605842473 1.6170212765957446 0.41 3.8018046957656906
0.2150257173847895 1.6170212765957446 0.42 3.8152040483795253
0.21974906588482987 1.6170212765957446 0.43 3.8289776899545367
0.2244451357017019 1.6170212765957446 0.44 3.8431289594672893
0.22911335220614654 1.6170212765957446 0.45 3.8576624909568826
0.23375323887487096 1.6170212765957446 0.46 3.8725799184336593
0.23836423418509672 1.6170212765957446 0.47 3.8878860977315974
0.24294582765123088 1.6170212765957446 0.48 3.9035845007724093
0.24749751270320644 1.6170212765957446 0.49 3.919678823483517
0.2520187923116123 1.6170212765957446 0.5 3.9361728054584444
0.25650918014211155 1.6170212765957446 0.51 3.9530702024484072
0.2609682119741164 1.6170212765957446 0.52 3.9703744483923358
0.26539536221682514 1.6170212765957446 0.53 3.988091194181156
0.2697902557406524 1.6170212765957446 0.54 4.006221893818542
0.27415241114478567 1.6170212765957446 0.55 4.024771595749859
0.27848140016867623 1.6170212765957446 0.56 4.043744118033487
0.28277680439497277 1.6170212765957446 0.57 4.063143368746957
0.2870382181169557 1.6170212765957446 0.58 4.082973267111361
0.2912652516706433 1.6170212765957446 0.59 4.103237656005028
0.29545748444006914 1.6170212765957446 0.6 4.123941623768184
0.2996146331411348 1.6170212765957446 0.61 4.145086798562368
0.30373628601869435 1.6170212765957446 0.62 4.1666787957942955
0.3078221177119318 1.6170212765957446 0.63 4.188721207586865
0.31187180643480317 1.6170212765957446 0.64 4.2112179265637595
0.31588504500991943 1.6170212765957446 0.65 4.2341728417181255
0.3198615429601236 1.6170212765957446 0.66 4.257589785926922
0.3238009171643044 1.6170212765957446 0.67 4.281475431975317
0.3277031935192766 1.6170212765957446 0.68 4.3058260220752125
0.33156786122542076 1.6170212765957446 0.69 4.330652392474909
0.3353947702753433 1.6170212765957446 0.7 4.355956228875255
0.3391837090436722 1.6170212765957446 0.71 4.381741244123475
0.3429344813379141 1.6170212765957446 0.72 4.408011140549693
0.34664690816044813 1.6170212765957446 0.73 4.4347695643596765
0.3503208772989533 1.6170212765957446 0.74 4.462018842389579
0.3539560557345639 1.6170212765957446 0.75 4.4897673034115
0.3575525220181408 1.6170212765957446 0.76 4.518013176118001
0.3611100787656277 1.6170212765957446 0.77 4.546762091230494
0.36462862959528564 1.6170212765957446 0.78 4.57601748202665
0.36810809215735446 1.6170212765957446 0.79 4.605782795689024
0.37154840031349445 1.6170212765957446 0.8 4.636061434599351
0.37494951445507035 1.6170212765957446 0.81 4.666856495645369
0.37831132991473254 1.6170212765957446 0.82 4.6981730436767055
0.38163392524018575 1.6170212765957446 0.83 4.7300119318672955
0.3849172396281806 1.6170212765957446 0.84 4.762377819015756
0.388161285398948 1.6170212765957446 0.85 4.79527387950312
0.39136608320179017 1.6170212765957446 0.86 4.828703408783691
0.3945316668156616 1.6170212765957446 0.87 4.862669697888005
0.39765808521249274 1.6170212765957446 0.88 4.897175976182418
0.40074532765327153 1.6170212765957446 0.89 4.932227248709785
0.40379361456203783 1.6170212765957446 0.9 4.967823128665981
0.40680290144915143 1.6170212765957446 0.91 5.00397004301365
0.40977330416187835 1.6170212765957446 0.92 5.040670756704467
0.4127049190761519 1.6170212765957446 0.93 5.0779287923602565
0.41559784854871756 1.6170212765957446 0.94 5.115747796928281
0.4184522012667463 1.6170212765957446 0.95 5.154131526494011
0.42126810464911285 1.6170212765957446 0.96 5.193083534150701
0.42404558727643055 1.6170212765957446 0.97 5.232610063808609
0.4267848849686008 1.6170212765957446 0.98 5.272712496223319
0.4294860434739932 1.6170212765957446 0.99 5.313397143738509
0.0 1.6312056737588652 0.0 3.577577039986606
0.00528684237355454 1.6312056737588652 0.01 3.5777276358989636
0.01057301714140132 1.6312056737588652 0.02 3.5781794628026304
0.015857856796275164 1.6312056737588652 0.03 3.5789326534323336
0.02114069399057993 1.6312056737588652 0.04 3.5799874391576982
0.026420861641582555 1.6312056737588652 0.05 3.581344137212432
0.031697693033993 1.6312056737588652 0.06 3.5830031514547254
0.03697052188142134 1.6312056737588652 0.07 3.5849649806412653
0.0422386824671652 1.6312056737588652 0.08 3.587230207265602
0.04750150966488044 1.6312056737588652 0.09 3.5897995121837782
0.05275833910340737 1.6312056737588652 0.1 3.59267366113854
0.058008507272194566 1.6312056737588652 0.11 3.595853506191192
0.06325135155477543 1.6312056737588652 0.12 3.5993399948688567
0.06848621040627029 1.6312056737588652 0.13 3.6031341602549394
0.07371242344949916 1.6312056737588652 0.14 3.607237123486355
0.07892933156952192 1.6312056737588652 0.15 3.611650095661866
0.08413627702534673 1.6312056737588652 0.16 3.6163743778320225
0.08933260369197288 1.6312056737588652 0.17 3.621411350686512
0.09451765700751662 1.6312056737588652 0.18 3.62676249044223
0.09969078445807977 1.6312056737588652 0.19 3.632429340941718
0.10485133590298316 1.6312056737588652 0.2 3.6384135050900523
0.10999867476250368 1.6312056737588652 0.21 3.6447159189027087
0.1151321025598991 1.6312056737588652 0.22 3.651341808101174
0.12025104122591036 1.6312056737588652 0.23 3.6582887457280524
0.1253548195453869 1.6312056737588652 0.24 3.665560664009074
0.13044280073618086 1.6312056737588652 0.25 3.673159502026346
0.13551434918406932 1.6312056737588652 0.26 3.6810873958306662
0.1405688322846821 1.6312056737588652 0.27 3.6893465711517948
0.14560562070574307 1.6312056737588652 0.28 3.697939337921774
0.15062408859204976 1.6312056737588652 0.29 3.706868088831909
0.15562361393919877 1.6312056737588652 0.3 3.716135290249567
0.16060357918015442 1.6312056737588652 0.31 3.725743464959402
0.16556337328292758 1.6312056737588652 0.32 3.7356951096361444
0.1705023584865544 1.6312056737588652 0.33 3.745994179139797
0.1754199837559189 1.6312056737588652 0.34 3.756641061285877
0.18031561296419202 1.6312056737588652 0.35 3.7676402131204445
0.1851886583966923 1.6312056737588652 0.36 3.7789942460106434
0.190038531644167 1.6312056737588652 0.37 3.7907061152105235
0.19486464983309373 1.6312056737588652 0.38 3.802778855172377
0.1996664361785563 1.6312056737588652 0.39 3.8152155663573413
0.2044433205329002 1.6312056737588652 0.4 3.8280194038316804
0.209194742027533 1.6312056737588652 0.41 3.8411934902793474
0.21392011103540978 1.6312056737588652 0.42 3.8547423046789775
0.2186189460708235 1.6312056737588652 0.43 3.8686667294186363
0.22329065578542542 1.6312056737588652 0.44 3.882971961575035
0.22793471739289506 1.6312056737588652 0.45 3.8976610562796523
0.23255060667414668 1.6312056737588652 0.46 3.912737473210553
0.2371378078134015 1.6312056737588652 0.47 3.9282047306725034
0.24169581421812594 1.6312056737588652 0.48 3.9440663864422234
0.24622413065502438 1.6312056737588652 0.49 3.960325977769431
0.25072222262045346 1.6312056737588652 0.5 3.976988640035809
0.25518972554256136 1.6312056737588652 0.51 3.9940544623520906
0.2596260786859184 1.6312056737588652 0.52 4.011530138493216
0.2640308508382611 1.6312056737588652 0.53 4.029418617818714
0.26840359891626003 1.6312056737588652 0.54 4.047723610208486
0.2727438908698416 1.6312056737588652 0.55 4.066448865948291
0.27705130740113176 1.6312056737588652 0.56 4.085598130784884
0.28132544686451577 1.6312056737588652 0.57 4.105175010664966
0.28556587195941746 1.6312056737588652 0.58 4.125184525791403
0.2897722704623425 1.6312056737588652 0.59 4.145628449389741
0.29394423314599466 1.6312056737588652 0.6 4.166511763099566
0.2980814114045049 1.6312056737588652 0.61 4.187838085296609
0.302183465783824 1.6312056737588652 0.62 4.209611171214548
0.3062500707907042 1.6312056737588652 0.63 4.231834778288335
0.310280917741392 1.6312056737588652 0.64 4.254512591612391
0.3142756054337301 1.6312056737588652 0.65 4.277651205905253
0.31823413710283743 1.6312056737588652 0.66 4.30124659254427
0.32215598470289003 1.6312056737588652 0.67 4.325309589400572
0.32604097704882 1.6312056737588652 0.68 4.349841712326532
0.32988888145808887 1.6312056737588652 0.69 4.374846552052257
0.33369948023318746 1.6312056737588652 0.7 4.400327692629953
0.3374725724346159 1.6312056737588652 0.71 4.426288664910148
0.34120798969727645 1.6312056737588652 0.72 4.452732534434639
0.34490548047776537 1.6312056737588652 0.73 4.479664918063788
0.3485649988110896 1.6312056737588652 0.74 4.5070864569508915
0.35218635583898555 1.6312056737588652 0.75 4.53500189785177
0.3557694335816097 1.6312056737588652 0.76 4.563414519517521
0.3593141265770294 1.6312056737588652 0.77 4.592327651358675
0.3628203453524888 1.6312056737588652 0.78 4.621744580441549
0.3662880199074931 1.6312056737588652 0.79 4.651668459757083
0.3697170374294462 1.6312056737588652 0.8 4.682103883312479
0.3731074594927068 1.6312056737588652 0.81 4.713051375642983
0.37645918065238204 1.6312056737588652 0.82 4.744516042150641
0.3797722002886627 1.6312056737588652 0.83 4.776500672402829
0.3830465179093102 1.6312056737588652 0.84 4.809008388845615
0.38628214578058706 1.6312056737588652 0.85 4.84204232077178
0.3894791103178095 1.6312056737588652 0.86 4.8756055632766175
0.39263749521213176 1.6312056737588652 0.87 4.909700092542178
0.39575717379440445 1.6312056737588652 0.88 4.9443334515270125
0.39883841061160946 1.6312056737588652 0.89 4.97950370082863
0.4018811920640326 1.6312056737588652 0.9 5.015216149240145
0.4048856008184631 1.6312056737588652 0.91 5.051473984617574
0.40785172542227033 1.6312056737588652 0.92 5.088280527032431
0.4107796620061205 1.6312056737588652 0.93 5.125639179300925
0.4136695159677433 1.6312056737588652 0.94 5.163553378174396
0.41652130850837077 1.6312056737588652 0.95 5.202028922146362
0.41933535739866484 1.6312056737588652 0.96 5.241064455329416
0.4221115999215099 1.6312056737588652 0.97 5.280668371753274
0.424850193143294 1.6312056737588652 0.98 5.320843818095069
0.42755124647169485 1.6312056737588652 0.99 5.361595369168608
0.0 1.6453900709219857 0.0 3.614390442890105
0.005259849325134755 1.6453900709219857 0.01 3.614542979098513
0.010519032727700536 1.6453900709219857 0.02 3.615000641318625
0.015776884394433432 1.6453900709219857 0.03 3.6157635547665072
0.021032738674672726 1.6453900709219857 0.04 3.616831953397162
0.02628593024734724 1.6453900709219857 0.05 3.61820614134992
0.03153579414837813 1.6453900709219857 0.06 3.6198865251050485
0.03678166590781397 1.6453900709219857 0.07 3.6218735967093774
0.04202288166630415 1.6453900709219857 0.08 3.624167933324527
0.04725877824636936 1.6453900709219857 0.09 3.6267702042137997
0.05248869326342004 1.6453900709219857 0.1 3.6296811682907384
0.057711965302761216 1.6453900709219857 0.11 3.6329016649251353
0.06292793398635789 1.6453900709219857 0.12 3.636432622253236
0.06813594022249254 1.6453900709219857 0.13 3.6402750423785193
0.07333532827094527 1.6453900709219857 0.14 3.6444298125645136
0.07852541519318283 1.6453900709219857 0.15 3.6489006212551707
0.08370559975976105 1.6453900709219857 0.16 3.653683637611372
0.08887518890467479 1.6453900709219857 0.17 3.6587839819504597
0.09403353910387245 1.6453900709219857 0.18 3.6642023307467313
0.0991800010996757 1.6453900709219857 0.19 3.6699401719904596
0.10431392739181188 1.6453900709219857 0.2 3.6759991116492476
0.1094346724933971 1.6453900709219857 0.21 3.682380858712298
0.11454159327498317 1.6453900709219857 0.22 3.6890872087711757
0.11963404923756557 1.6453900709219857 0.23 3.696120036293753
0.12471140267297086 1.6453900709219857 0.24 3.7034812955876557
0.12977301868464255 1.6453900709219857 0.25 3.7111730296894905
0.13481826570706665 1.6453900709219857 0.26 3.7191973500104263
0.13984651567484108 1.6453900709219857 0.27 3.727556438978981
0.1448571462883511 1.6453900709219857 0.28 3.736252444095544
0.1498495065559349 1.6453900709219857 0.29 3.7452892274716385
0.15482304042711237 1.6453900709219857 0.3 3.754666135260688
0.15977709028196962 1.6453900709219857 0.31 3.7643879265900564
0.16471105703102007 1.6453900709219857 0.32 3.774456704416608
0.16962433739852414 1.6453900709219857 0.33 3.7848750905579958
0.1745163329154438 1.6453900709219857 0.34 3.7956457859896897
0.17938644998041828 1.6453900709219857 0.35 3.8067715766744006
0.18423410067342422 1.6453900709219857 0.36 3.8182553074375627
0.1890587032222812 1.6453900709219857 0.37 3.8300998735201586
0.19385968443061433 1.6453900709219857 0.38 3.8423081354165936
0.1986364429335079 1.6453900709219857 0.39 3.854884364665666
0.20338847659175052 1.6453900709219857 0.4 3.867829272007301
0.2081151871145598 1.6453900709219857 0.41 3.8811476584105846
0.2128160337156676 1.6453900709219857 0.42 3.894842415996352
0.21749047595152277 1.6453900709219857 0.43 3.9089167739045236
0.22213798086778613 1.6453900709219857 0.44 3.9233740292662262
0.22675802402938783 1.6453900709219857 0.45 3.9382175188151223
0.23135009035733478 1.6453900709219857 0.46 3.953450599746783
0.23591368993585274 1.6453900709219857 0.47 3.9690761283800002
0.2404482529996252 1.6453900709219857 0.48 3.985099989916771
0.2449533827487529 1.6453900709219857 0.49 4.001522630521936
0.24942856110259648 1.6453900709219857 0.5 4.018348932485158
0.25387332318303957 1.6453900709219857 0.51 4.0355823721793955
0.2582872130888407 1.6453900709219857 0.52 4.053226512159331
0.2626697860860973 1.6453900709219857 0.53 4.071284936852733
0.26702060958365936 1.6453900709219857 0.54 4.089761229970325
0.271339284916881 1.6453900709219857 0.55 4.108658322906425
0.27562531074449154 1.6453900709219857 0.56 4.127982629589498
0.2798784029384199 1.6453900709219857 0.57 4.14773438734594
0.28409812914566573 1.6453900709219857 0.58 4.167918705394964
0.2882841213942415 1.6453900709219857 0.59 4.18853914709813
0.2924360232867978 1.6453900709219857 0.6 4.209599331697842
0.2965534922114277 1.6453900709219857 0.61 4.231102873384685
0.3006362016546569 1.6453900709219857 0.62 4.253053320333322
0.30468377141804015 1.6453900709219857 0.63 4.2754561195591805
0.3086960658560354 1.6453900709219857 0.64 4.298310241242072
0.31267265788821835 1.6453900709219857 0.65 4.321623241779815
0.3166133163677706 1.6453900709219857 0.66 4.345397573147181
0.3205177882480849 1.6453900709219857 0.67 4.369636706032536
0.3243858349495314 1.6453900709219857 0.68 4.394344110115802
0.32821723413435333 1.6453900709219857 0.69 4.419523206687016
0.3320117890026031 1.6453900709219857 0.7 4.445177121047308
0.33576924646290585 1.6453900709219857 0.71 4.471310869223398
0.33948952066930366 1.6453900709219857 0.72 4.497925384849886
0.34317240346310735 1.6453900709219857 0.73 4.525025255683588
0.34681775524225744 1.6453900709219857 0.74 4.552613622156307
0.3504254479600734 1.6453900709219857 0.75 4.580693698891172
0.35399536907864537 1.6453900709219857 0.76 4.60926866700922
0.35752742355788714 1.6453900709219857 0.77 4.638341619704386
0.361021420205529 1.6453900709219857 0.78 4.667918498827319
0.36447757887286636 1.6453900709219857 0.79 4.697994971212116
0.36789558660287763 1.6453900709219857 0.8 4.728580839876349
0.3712754810233963 1.6453900709219857 0.81 4.7596771880320805
0.3746172402130905 1.6453900709219857 0.82 4.791286983401467
0.3779208546674329 1.6453900709219857 0.83 4.8234132112210455
0.3811863285708699 1.6453900709219857 0.84 4.85605883576501
0.3844136867700612 1.6453900709219857 0.85 4.889226617076138
0.3876028966064248 1.6453900709219857 0.86 4.922921091697189
0.39075410081370177 1.6453900709219857 0.87 4.957142646252104
0.39386728857250214 1.6453900709219857 0.88 4.99189587211265
0.3969425308287606 1.6453900709219857 0.89 5.027183577126473
0.39997990009265655 1.6453900709219857 0.9 5.063008817256235
0.40297947733882267 1.6453900709219857 0.91 5.0993747142108194
0.40594135259062664 1.6453900709219857 0.92 5.1362844336894655
0.4088656457532731 1.6453900709219857 0.93 5.173740651259556
0.4117523477928738 1.6453900709219857 0.94 5.211749565298536
0.41460170949509095 1.6453900709219857 0.95 5.250311051345835
0.41741377249780065 1.6453900709219857 0.96 5.289430525189397
0.42018865207333345 1.6453900709219857 0.97 5.329111780218096
0.42292645867816997 1.6453900709219857 0.98 5.369358967938302
0.4256272982232391 1.6453900709219857 0.99 5.410176587086711
0.0 1.6595744680851063 0.0 3.651794037264093
0.00523284268141349 1.6595744680851063 0.01 3.651948488762605
0.010465021456781763 1.6595744680851063 0.02 3.652411866233136
0.01569587236931818 1.6595744680851063 0.03 3.6531843816462763
0.02092473169200012 1.6595744680851063 0.04 3.654266248969784
0.026150936007006603 1.6595744680851063 0.05 3.6556577778203847
0.031373822214720064 1.6595744680851063 0.06 3.6573593900550594
0.036592727914045366 1.6595744680851063 0.07 3.6593715481482474
0.04180699120684758 1.6595744680851063 0.08 3.661694838114779
0.0470159510464369 1.6595744680851063 0.09 3.664329912803375
0.05221894721569919 1.6595744680851063 0.1 3.6672775212357016
0.057415320474127944 1.6595744680851063 0.11 3.6705385006722686
0.06260441270675594 1.6595744680851063 0.12 3.6741137726135498
0.06778556703756067 1.6595744680851063 0.13 3.678004344688519
0.07295812787115274 1.6595744680851063 0.14 3.682211319193681
0.07812144115027263 1.6595744680851063 0.15 3.686735878147406
0.0832748544728406 1.6595744680851063 0.16 3.691579286491734
0.0884177171741867 1.6595744680851063 0.17 3.6967428972929572
0.09354938047956307 1.6595744680851063 0.18 3.702228149903044
0.09866919768731296 1.6595744680851063 0.19 3.7080365665886625
0.1037765243907736 1.6595744680851063 0.2 3.7141697475549442
0.10887071855452059 1.6595744680851063 0.21 3.720629377454784
0.11395114078775727 1.6595744680851063 0.22 3.7274172174780684
0.11901715522076002 1.6595744680851063 0.23 3.7345350617079642
0.12406815305715502 1.6595744680851063 0.24 3.7419833359297447
0.12910341139472825 1.6595744680851063 0.25 3.7497695765643257
0.1341224093387366 1.6595744680851063 0.26 3.7578894790752098
0.13912448013672543 1.6595744680851063 0.27 3.766347775693085
0.14410900525049178 1.6595744680851063 0.28 3.775146606497613
0.14907536881937322 1.6595744680851063 0.29 3.784288263438947
0.15402295877798547 1.6595744680851063 0.3 3.793775133430916
0.1589511676190184 1.6595744680851063 0.31 3.803609668626083
0.16385939242684258 1.6595744680851063 0.32 3.8137943956816205
0.16874703540669503 1.6595744680851063 0.33 3.824331901106104
0.17361350436458464 1.6595744680851063 0.34 3.835224821048955
0.17845822206777076 1.6595744680851063 0.35 3.8464754497138176
0.18328055836163765 1.6595744680851063 0.36 3.858088654560793
0.1880800043286037 1.6595744680851063 0.37 3.8700644350373086
0.19285595779065529 1.6595744680851063 0.38 3.8824071094333887
0.1976078591671981 1.6595744680851063 0.39 3.895119514659253
0.20233515301121882 1.6595744680851063 0.4 3.908204661074676
0.20703729113282626 1.6595744680851063 0.41 3.921665611757176
0.21171373281866193 1.6595744680851063 0.42 3.9355054837115144
0.21636394561580805 1.6595744680851063 0.43 3.9497274281857297
0.2209874104079637 1.6595744680851063 0.44 3.964334458875187
0.22558357333283877 1.6595744680851063 0.45 3.9793311725023033
0.2301519891331718 1.6595744680851063 0.46 3.9947186570751874
0.23469212317882035 1.6595744680851063 0.47 4.010501545887794
0.23920349219238704 1.6595744680851063 0.48 4.026683019365675
0.243685618362886 1.6595744680851063 0.49 4.0432664471621305
0.24813803389212616 1.6595744680851063 0.5 4.060255235972029
0.25256028188999213 1.6595744680851063 0.51 4.077652807844058
0.25695191851790716 1.6595744680851063 0.52 4.095462540070332
0.26131245697759536 1.6595744680851063 0.53 4.1136895400958435
0.26564159742022275 1.6595744680851063 0.54 4.132333398063968
0.26993882551568976 1.6595744680851063 0.55 4.151400860902996
0.2742037692891048 1.6595744680851063 0.56 4.170894580078192
0.27843604350734896 1.6595744680851063 0.57 4.190818027844945
0.28263527553172557 1.6595744680851063 0.58 4.211174688848756
0.2868011061848281 1.6595744680851063 0.59 4.2319680393237356
0.2909331927902014 1.6595744680851063 0.6 4.253201463482771
0.29503115716102435 1.6595744680851063 0.61 4.274879769156649
0.2990947787659926 1.6595744680851063 0.62 4.297003580622654
0.30312368021067726 1.6595744680851063 0.63 4.319578479454213
0.307117588510134 1.6595744680851063 0.64 4.342607418034961
0.3110762304988289 1.6595744680851063 0.65 4.366093761188509
0.31499934753420467 1.6595744680851063 0.66 4.390040862076874
0.31888669633893846 1.6595744680851063 0.67 4.414452040281675
0.3227380573550222 1.6595744680851063 0.68 4.439330353572427
0.32655316151766167 1.6595744680851063 0.69 4.464680608115816
0.33033189734050256 1.6595744680851063 0.7 4.490503677082955
0.3340740342023721 1.6595744680851063 0.71 4.516804092894465
0.33777941095629876 1.6595744680851063 0.72 4.543584871674502
0.3414478771577795 1.6595744680851063 0.73 4.57084912492577
0.34507929734214193 1.6595744680851063 0.74 4.5985999405521145
0.34867355304920383 1.6595744680851063 0.75 4.626840326716348
0.3522306112459325 1.6595744680851063 0.76 4.655571401375638
0.35575013181294196 1.6595744680851063 0.77 4.6848027610735725
0.3592323159611198 1.6595744680851063 0.78 4.71453005839335
0.36267699793623975 1.6595744680851063 0.79 4.74475899932884
0.36608413414336816 1.6595744680851063 0.8 4.775492413921028
0.3694536930431605 1.6595744680851063 0.81 4.806733160925794
0.3727856566224483 1.6595744680851063 0.82 4.838484083710718
0.3760800232488427 1.6595744680851063 0.83 4.870747930749637
0.3793367235268937 1.6595744680851063 0.84 4.903529525951603
0.38255596161761535 1.6595744680851063 0.85 4.936826935493938
0.38573761467999923 1.6595744680851063 0.86 4.9706469927887875
0.3888817657692013 1.6595744680851063 0.87 5.004991510375899
0.39198847001381865 1.6595744680851063 0.88 5.0398633201053995
0.3950577914047293 1.6595744680851063 0.89 5.075265314834019
0.39808980345486394 1.6595744680851063 0.9 5.111200424411246
0.4010845926381514 1.6595744680851063 0.91 5.147671520463632
0.4040421828790544 1.6595744680851063 0.92 5.18468334745962
0.4069628009636063 1.6595744680851063 0.93 5.222235704123484
0.4098464512686514 1.6595744680851063 0.94 5.260334351351548
0.41269325841818527 1.6595744680851063 0.95 5.298982211526931
0.41550333128024264 1.6595744680851063 0.96 5.33818285296638
0.41827677896664917 1.6595744680851063 0.97 5.377940073671708
0.4210137098011683 1.6595744680851063 0.98 5.418257922797331
0.42371423186337903 1.6595744680851063 0.99 5.45914068219448
0.0 1.673758865248227 0.0 3.6897875349576053
0.005205831610465739 1.673758865248227 0.01 3.6899439360407134
0.010411001261950213 1.673758865248227 0.02 3.690413183737564
0.015614847111530904 1.673758865248227 0.03 3.6911954072989777
0.020816707551625263 1.673758865248227 0.04 3.6922908217490074
0.02601592127904575 1.673758865248227 0.05 3.693699742057445
0.031211827471481036 1.673758865248227 0.06 3.695422557881447
0.036403765891852555 1.673758865248227 0.07 3.6974597447183473
0.04159107694020526 1.673758865248227 0.08 3.699811876202887
0.04677310184915965 1.673758865248227 0.09 3.702479605722381
0.05194918279470001 1.673758865248227 0.1 3.7054636712639253
0.0571186630001118 1.673758865248227 0.11 3.70876489870451
0.06228088687592167 1.673758865248227 0.12 3.712384199376501
0.06743520013342125 1.673758865248227 0.13 3.7163225718513635
0.07258094994272397 1.673758865248227 0.14 3.72058109860427
0.07771748507918118 1.673758865248227 0.15 3.7251609452976835
0.08284415627870287 1.673758865248227 0.16 3.730063341699462
0.08796031627336008 1.673758865248227 0.17 3.735289596443139
0.09306532374141069 1.673758865248227 0.18 3.7408407924421887
0.0981585049296029 1.673758865248227 0.19 3.746720805856279
0.10323927020361343 1.673758865248227 0.2 3.7529271968347393
0.10830694962684025 1.673758865248227 0.21 3.759464087210212
0.11336091210819486 1.673758865248227 0.22 3.7663328520150015
0.11840052538411934 1.673758865248227 0.23 3.773535265377862
0.12342515971850598 1.673758865248227 0.24 3.7810732212136826
0.1284341886964768 1.673758865248227 0.25 3.7889486891367716
0.13342698936233127 1.673758865248227 0.26 3.797163717373227
0.13840294238390854 1.673758865248227 0.27 3.8057204337214343
0.14336143255508912 1.673758865248227 0.28 3.8146210284309334
0.148301848726988 1.673758865248227 0.29 3.823867769822205
0.15322358453641344 1.673758865248227 0.3 3.8334629772297504
0.15812604075513065 1.673758865248227 0.31 3.843408919852583
0.16300858893861692 1.673758865248227 0.32 3.8537095619745956
0.16787069799309026 1.673758865248227 0.33 3.864364531663996
0.1727117383826877 1.673758865248227 0.34 3.875378478688595
0.1775311373100821 1.673758865248227 0.35 3.8867536773602906
0.1823283204439086 1.673758865248227 0.36 3.89849282041581
0.18710271905835035 1.673758865248227 0.37 3.910598688864332
0.19185377099758982 1.673758865248227 0.38 3.9230741190240064
0.19658092102117944 1.673758865248227 0.39 3.9359219985258598
0.20128362142158235 1.673758865248227 0.4 3.9491452519944104
0.20596133557583324 1.673758865248227 0.41 3.962746715329573
0.21061349522456582 1.673758865248227 0.42 3.9767307712169013
0.2152396393016589 1.673758865248227 0.43 3.9910980746864055
0.21983920994290648 1.673758865248227 0.44 4.005853327363557
0.22441170649152545 1.673758865248227 0.45 4.02099942542453
0.22895663122936652 1.673758865248227 0.46 4.036539535415051
0.2334734953655057 1.673758865248227 0.47 4.05247687598261
0.2379618199051802 1.673758865248227 0.48 4.0688146950903805
0.24242113677147423 1.673758865248227 0.49 4.085556240461635
0.2468509985629853 1.673758865248227 0.5 4.102704445080819
0.2512509016904338 1.673758865248227 0.51 4.120264478318615
0.2556204875802311 1.673758865248227 0.52 4.138237095740129
0.259959292393249 1.673758865248227 0.53 4.156626929081712
0.2642669063845707 1.673758865248227 0.54 4.175437220154206
0.2685429291043694 1.673758865248227 0.55 4.194671310848322
0.27278697229084486 1.673758865248227 0.56 4.214332554537146
0.27699866083964314 1.673758865248227 0.57 4.234424291857434
0.2811776383639919 1.673758865248227 0.58 4.254949688579686
0.28532351015389495 1.673758865248227 0.59 4.275913458638943
0.2894360172728612 1.673758865248227 0.6 4.2973166264889535
0.29351479089478 1.673758865248227 0.61 4.319163929099321
0.2975595302662897 1.673758865248227 0.62 4.341458461390323
0.30156994295300793 1.673758865248227 0.63 4.364203479529667
0.3055457503375669 1.673758865248227 0.64 4.387402238397735
0.3094866892988487 1.673758865248227 0.65 4.4110579453976015
0.31339251989781464 1.673758865248227 0.66 4.435173545752174
0.3172629520051782 1.673758865248227 0.67 4.459753794676249
0.32109785281168723 1.673758865248227 0.68 4.4847994022644855
0.3248969704584482 1.673758865248227 0.69 4.5103148336836725
0.3286601218225202 1.673758865248227 0.7 4.5363030095979635
0.3323871343204666 1.673758865248227 0.71 4.562766948392853
0.33607785026779924 1.673758865248227 0.72 4.589709642320915
0.33973212805230174 1.673758865248227 0.73 4.617134023881916
0.343349861824403 1.673758865248227 0.74 4.6450424316405154
0.3469308419362685 1.673758865248227 0.75 4.673440379643562
0.35047509569593416 1.673758865248227 0.76 4.7023273450783
0.35398248220756007 1.673758865248227 0.77 4.731707714993313
0.3574529366368939 1.673758865248227 0.78 4.761584180831873
0.36088640504782965 1.673758865248227 0.79 4.791959495286495
0.36428284725915877 1.673758865248227 0.8 4.822836390480224
0.3676422378859784 1.673758865248227 0.81 4.854217545390591
0.37096463899412213 1.673758865248227 0.82 4.886103666970267
0.3742497862103542 1.673758865248227 0.83 4.91850438488356
0.37749798264037593 1.673758865248227 0.84 4.951414702947045
0.38070913988094957 1.673758865248227 0.85 4.984840249105691
0.38388329527879683 1.673758865248227 0.86 5.018783646221907
0.3870204943650797 1.673758865248227 0.87 5.053247601554549
0.39012079288563656 1.673758865248227 0.88 5.088234846505191
0.39318425758586745 1.673758865248227 0.89 5.123748109285195
0.39621108686931056 1.673758865248227 0.9 5.159786965466972
0.39920094659306127 1.673758865248227 0.91 5.196365130002943
0.4021543715847959 1.673758865248227 0.92 5.233473948359333
0.4050712923218159 1.673758865248227 0.93 5.2711207618015905
0.4079518111703189 1.673758865248227 0.94 5.309308683909935
0.4107960318269824 1.673758865248227 0.95 5.348041036321083
0.41360406051603377 1.673758865248227 0.96 5.387321311502012
0.4163760055170939 1.673758865248227 0.97 5.427153179392919
0.4191120041760218 1.673758865248227 0.98 5.467539777416553
0.4218120210354798 1.673758865248227 0.99 5.508488974397854
0.0 1.6879432624113475 0.0 3.7283740141154604
0.005178822706079194 1.6879432624113475 0.01 3.728532329007495
0.010356985737563893 1.6879432624113475 0.02 3.7290073120663876
0.015533829536661737 1.6879432624113475 0.03 3.7297990961277554
0.02070869479004241 1.6879432624113475 0.04 3.7309078957914767
0.025880922557789815 1.6879432624113475 0.05 3.732334009683719
0.031049854380482432 1.6879432624113475 0.06 3.734077825835113
0.036214832500161095 1.6879432624113475 0.07 3.736139799105452
0.041375199924772496 1.6879432624113475 0.08 3.7385204738820876
0.046530301395460084 1.6879432624113475 0.09 3.741220346659487
0.051679511789850245 1.6879432624113475 0.1 3.744235834810192
0.05682206915174537 1.6879432624113475 0.11 3.747583185130353
0.06195744265604589 1.6879432624113475 0.12 3.7512458234397084
0.06708493317446133 1.6879432624113475 0.13 3.755231554993176
0.07220389220465466 1.6879432624113475 0.14 3.759541238887292
0.07731367183124795 1.6879432624113475 0.15 3.764175979569975
0.08241362572065465 1.6879432624113475 0.16 3.7691369992997465
0.08750310947948987 1.6879432624113475 0.17 3.7744256099496574
0.09258148091291465 1.6879432624113475 0.18 3.780043202353247
0.09764810017587403 1.6879432624113475 0.19 3.7859912473663915
0.10270232979033507 1.6879432624113475 0.2 3.792271306652628
0.10774353511552835 1.6879432624113475 0.21 3.7988850087356574
0.11277108427942417 1.6879432624113475 0.22 3.805834067756642
0.11778434851848588 1.6879432624113475 0.23 3.8131202712671435
0.12278270239435407 1.6879432624113475 0.24 3.8207454786690564
0.12776552386267503 1.6879432624113475 0.25 3.828711628939262
0.1327321952555965 1.6879432624113475 0.26 3.8370206939535128
0.13768210674859063 1.6879432624113475 0.27 3.8456745025829377
0.14261461477270473 1.6879432624113475 0.28 3.854677034272669
0.14752916780748254 1.6879432624113475 0.29 3.864027517401635
0.15242513231184263 1.6879432624113475 0.3 3.8737300096207945
0.15730191599752 1.6879432624113475 0.31 3.883786632445505
0.16215892789465644 1.6879432624113475 0.32 3.89419977979568
0.1669955819413341 1.6879432624113475 0.33 3.9049719324370438
0.17181129762737563 1.6879432624113475 0.34 3.9161056358570567
0.1766055004458496 1.6879432624113475 0.35 3.9276034899856023
0.1813776220961502 1.6879432624113475 0.36 3.9394681510936773
0.18612710109497585 1.6879432624113475 0.37 3.951702315998571
0.19085338916808972 1.6879432624113475 0.38 3.9643084680543845
0.19555589771399728 1.6879432624113475 0.39 3.977291092393969
0.2002341482863676 1.6879432624113475 0.4 3.990650490534263
0.20488757305514535 1.6879432624113475 0.41 4.004391004839134
0.20951565118887686 1.6879432624113475 0.42 4.0185154151955595
0.21411786645346562 1.6879432624113475 0.43 4.033026694697967
0.21869371091694675 1.6879432624113475 0.44 4.047927867852295
0.2232426857109549 1.6879432624113475 0.45 4.063221990625292
0.22776430161573397 1.6879432624113475 0.46 4.078912138533082
0.2322580815027034 1.6879432624113475 0.47 4.09500133002305
0.23672351508815995 1.6879432624113475 0.48 4.1114941128865405
0.24116022629855183 1.6879432624113475 0.49 4.128390733849085
0.245567703959331 1.6879432624113475 0.5 4.145696543193363
0.24994552286599955 1.6879432624113475 0.51 4.163414289329008
0.2542932570806481 1.6879432624113475 0.52 4.181547152433406
0.2586104917313966 1.6879432624113475 0.53 4.200098340900251
0.2628968236530943 1.6879432624113475 0.54 4.219071076260077
0.26715186292994736 1.6879432624113475 0.55 4.238468550156591
0.27137525380063 1.6879432624113475 0.56 4.258293276068287
0.2755665367850203 1.6879432624113475 0.57 4.2785514118420425
0.27972547543329185 1.6879432624113475 0.58 4.299242534459474
0.28385167971364533 1.6879432624113475 0.59 4.3203714371461475
0.2879448269008957 1.6879432624113475 0.6 4.341941218101694
0.2920046055784209 1.6879432624113475 0.61 4.363955038020001
0.29603071845210427 1.6879432624113475 0.62 4.386416036632632
0.3000228828531764 1.6879432624113475 0.63 4.409327321081657
0.3039808416875459 1.6879432624113475 0.64 4.432691649618415
0.30790427729824754 1.6879432624113475 0.65 4.456513939232653
0.3117930410495471 1.6879432624113475 0.66 4.480794590103193
0.3156468608629064 1.6879432624113475 0.67 4.5055379929468105
0.3194655314653148 1.6879432624113475 0.68 4.530746996635517
0.32324885838690376 1.6879432624113475 0.69 4.556424537156199
0.32699666189168347 1.6879432624113475 0.7 4.582573523271112
0.3307087780711553 1.6879432624113475 0.71 4.609196805002106
0.3343850699205025 1.6879432624113475 0.72 4.636296865791921
0.3380253326051186 1.6879432624113475 0.73 4.663878442893632
0.34162954609974966 1.6879432624113475 0.74 4.691941532059806
0.34519755235758204 1.6879432624113475 0.75 4.720490320683871
0.3487292653301936 1.6879432624113475 0.76 4.74952737133876
0.35222460867441585 1.6879432624113475 0.77 4.779055342299273
0.3556835198010191 1.6879432624113475 0.78 4.809076871442361
0.359105950620078 1.6879432624113475 0.79 4.839594551544587
0.3624918806924277 1.6879432624113475 0.8 4.87061057231492
0.36584120821636085 1.6879432624113475 0.81 4.902129641847742
0.3691540355519902 1.6879432624113475 0.82 4.934151315744947
0.3724303078862273 1.6879432624113475 0.83 4.966679691829874
0.37567004473592025 1.6879432624113475 0.84 4.999717188903778
0.3788732724056884 1.6879432624113475 0.85 5.033266353608052
0.3820400277877562 1.6879432624113475 0.86 5.067329751823956
0.385170358625441 1.6879432624113475 0.87 5.1019099549295435
0.38826433331473853 1.6879432624113475 0.88 5.137009273697925
0.3913219435649764 1.6879432624113475 0.89 5.17263232604526
0.3943433762144561 1.6879432624113475 0.9 5.208778840528653
0.3973286489329304 1.6879432624113475 0.91 5.245453285115654
0.40027785679911887 1.6879432624113475 0.92 5.282658338288475
0.40319109395201824 1.6879432624113475 0.93 5.320396954585252
0.40606845867603125 1.6879432624113475 0.94 5.358672223484349
0.4089100532356704 1.6879432624113475 0.95 5.397487367416868
0.41171598703704737 1.6879432624113475 0.96 5.436845652225799
0.4144862943502703 1.6879432624113475 0.97 5.476752555473721
0.4172212216346757 1.6879432624113475 0.98 5.517208169968043
0.41992076285402974 1.6879432624113475 0.99 5.5582194770914555
0.0 1.702127659574468 0.0 3.7675544157553325
0.00515182377670243 1.702127659574468 0.01 3.767714631925783
0.010302990339246816 1.702127659574468 0.02 3.7681953223456808
0.015452842609694597 1.702127659574468 0.03 3.768996611045332
0.020600723755929543 1.702127659574468 0.04 3.7701187148157205
0.025745977338055635 1.702127659574468 0.05 3.7715619304057926
0.03088794742503933 1.702127659574468 0.06 3.7733266418925946
0.03602597875264937 1.702127659574468 0.07 3.775413313217637
0.041159416810950485 1.702127659574468 0.08 3.7778224993652683
0.04628760801972467 1.702127659574468 0.09 3.7805548359128993
0.051409899864263774 1.702127659574468 0.1 3.783611040797486
0.05652564100742527 1.702127659574468 0.11 3.786991918448359
0.06163418149895959 1.702127659574468 0.12 3.7906983500676654
0.06673487279018707 1.702127659574468 0.13 3.7947313106155005
0.07182706804432283 1.702127659574468 0.14 3.799091847522425
0.07691012221890682 1.702127659574468 0.15 3.8037810904435725
0.0819833921318746 1.702127659574468 0.16 3.8088002590791947
0.0870462368980964 1.702127659574468 0.17 3.814150636003473
0.09209801778993497 1.702127659574468 0.18 3.8198335961657577
0.09713809863291178 1.702127659574468 0.19 3.8258505853560636
0.10216584587371241 1.702127659574468 0.2 3.83220312958996
0.10718062924481979 1.702127659574468 0.21 3.838892799281902
0.11218182451015578 1.702127659574468 0.22 3.845921040051179
0.11716877601573462 1.702127659574468 0.23 3.853291688545342
0.12214091987567556 1.702127659574468 0.24 3.8610027460388494
0.12709760066341474 1.702127659574468 0.25 3.869058650891622
0.13203821139169372 1.702127659574468 0.26 3.877460930864295
0.13696214303532 1.702127659574468 0.27 3.886211591369492
0.14186879046507223 1.702127659574468 0.28 3.895312733356974
0.14675755301922538 1.702127659574468 0.29 3.904766529654755
0.15162783467647128 1.702127659574468 0.3 3.914575226242521
0.15647904469062884 1.702127659574468 0.31 3.9247411201501405
0.16131059728445196 1.702127659574468 0.32 3.9352665868985484
0.16612191281033276 1.702127659574468 0.33 3.946154033806801
0.170912418436099 1.702127659574468 0.34 3.957405882387349
0.17568195165501174 1.702127659574468 0.35 3.9690063518034053
0.1804287102737658 1.702127659574468 0.36 3.98101406582309
0.18515339706006637 1.702127659574468 0.37 3.993374854847205
0.18985503662928616 1.702127659574468 0.38 4.00611071337418
0.19453308964034816 1.702127659574468 0.39 4.01922431561987
0.1991870232564838 1.702127659574468 0.4 4.032718429226801
0.20381631200851513 1.702127659574468 0.41 4.04659588570467
0.20842043895494505 1.702127659574468 0.42 4.060859542637636
0.21299889574591963 1.702127659574468 0.43 4.075512291782706
0.21755118439477153 1.702127659574468 0.44 4.090557001784445
0.22207671768536738 1.702127659574468 0.45 4.106000214593895
0.22657527646767003 1.702127659574468 0.46 4.121835223088277
0.23104614663900938 1.702127659574468 0.47 4.138074033386582
0.23548893981791477 1.702127659574468 0.48 4.1547169882771735
0.23990320644672372 1.702127659574468 0.49 4.1717671005569015
0.24428850702998764 1.702127659574468 0.5 4.1892274251167265
0.248644412778205 1.702127659574468 0.51 4.207101042686911
0.2529705065757324 1.702127659574468 0.52 4.225391033717483
0.25726638526140666 1.702127659574468 0.53 4.244100410515327
0.26153159871670956 1.702127659574468 0.54 4.263234113925949
0.2657659002604918 1.702127659574468 0.55 4.282790839059289
0.2699688080269775 1.702127659574468 0.56 4.302777371140301
0.2741399953636521 1.702127659574468 0.57 4.323195837156634
0.27827912028668583 1.702127659574468 0.58 4.34404928232177
0.2823858536617345 1.702127659574468 0.59 4.365340755286693
0.28645987976526827 1.702127659574468 0.6 4.387073294208565
0.2905008975582042 1.702127659574468 0.61 4.409249891486388
0.2945086421776196 1.702127659574468 0.62 4.431872851293876
0.29848274163424426 1.702127659574468 0.63 4.454948097179677
0.3024230590925583 1.702127659574468 0.64 4.478474892488576
0.3063292945960364 1.702127659574468 0.65 4.502457806199826
0.3102012206668194 1.702127659574468 0.66 4.526899637185132
0.31403862169121305 1.702127659574468 0.67 4.551803235967509
0.31784129647250786 1.702127659574468 0.68 4.577171428579815
0.3216090594231395 1.702127659574468 0.69 4.603006981998033
0.3253417486804763 1.702127659574468 0.7 4.6293123732620804
0.32903914534185774 1.702127659574468 0.71 4.6560920810517175
0.33270120116361446 1.702127659574468 0.72 4.683346119654967
0.3363277358189146 1.702127659574468 0.73 4.711078631909243
0.33991864170129993 1.702127659574468 0.74 4.7392920720849965
0.343473820144368 1.702127659574468 0.75 4.767989013587601
0.346993186213824 1.702127659574468 0.76 4.797172009475021
0.3504766693204065 1.702127659574468 0.77 4.826843571460049
0.35392421901437193 1.702127659574468 0.78 4.857006006804303
0.3573357323021078 1.702127659574468 0.79 4.8876634048885945
0.3607112805107205 1.702127659574468 0.8 4.9188154169975205
0.36405077946981024 1.702127659574468 0.81 4.950466286530301
0.3673542330826201 1.702127659574468 0.82 4.982618170461434
0.37062164770227296 1.702127659574468 0.83 5.015273478997637
0.37385304035864353 1.702127659574468 0.84 5.048434643859454
0.37704843943037114 1.702127659574468 0.85 5.082104093520805
0.38020788734345734 1.702127659574468 0.86 5.116284174082732
0.3833313617842814 1.702127659574468 0.87 5.150979260595023
0.38641907446947815 1.702127659574468 0.88 5.186187718187048
0.389470969464566 1.702127659574468 0.89 5.221915382142957
0.3924871482854128 1.702127659574468 0.9 5.258164122681193
0.3954676926390791 1.702127659574468 0.91 5.294936603328495
0.39841268959254195 1.702127659574468 0.92 5.332235597436106
0.40132223142406126 1.702127659574468 0.93 5.370063985365052
0.4041964165673785 1.702127659574468 0.94 5.408424722679991
0.40703542557310707 1.702127659574468 0.95 5.447318800656675
0.40983907450191487 1.702127659574468 0.96 5.486757194524512
0.4126077850710635 1.702127659574468 0.97 5.526734890398292
0.41534153431631826 1.702127659574468 0.98 5.56725899438452
0.4180404227109656 1.702127659574468 0.99 5.608333521751054
0.0 1.7163120567375887 0.0 3.807328892658442
0.005124842907365137 1.7163120567375887 0.01 3.8074909973079434
0.010249031265338375 1.7163120567375887 0.02 3.8079773399551087
0.015371910648617856 1.7163120567375887 0.03 3.808788056639191
0.020492826911591325 1.7163120567375887 0.04 3.809923354113704
0.02561112631301091 1.7163120567375887 0.05 3.8113835264420275
0.030726155679653387 1.7163120567375887 0.06 3.813168945428446
0.035837262502613314 1.7163120567375887 0.07 3.8152800736806403
0.040943795126758865 1.7163120567375887 0.08 3.8177174506596034
0.046045102831559 1.7163120567375887 0.09 3.8204817061354066
0.05114053603643605 1.7163120567375887 0.1 3.8235735471367165
0.056229446469239164 1.7163120567375887 0.11 3.8269937571113894
0.06131118724158928 1.7163120567375887 0.12 3.830743207244166
0.06638511305278443 1.7163120567375887 0.13 3.8348228478979545
0.07145058059698693 1.7163120567375887 0.14 3.8392336819519204
0.07650694883963492 1.7163120567375887 0.15 3.843976761782626
0.08155359057560033 1.7163120567375887 0.16 3.8490521223920426
0.08658981331622956 1.7163120567375887 0.17 3.8544661505847286
0.09161505385122548 1.7163120567375887 0.18 3.8602135227369376
0.09662864654187693 1.7163120567375887 0.19 3.8662987486362446
0.10162996422779286 1.7163120567375887 0.2 3.872723099050034
0.10661838042966999 1.7163120567375887 0.21 3.8794881278156232
0.1115932718080488 1.7163120567375887 0.22 3.8865954678903405
0.11655401824687892 1.7163120567375887 0.23 3.894046837064707
0.12150000320031307 1.7163120567375887 0.24 3.9018440255129945
0.12643061382068366 1.7163120567375887 0.25 3.909988899741539
0.1313452414191936 1.7163120567375887 0.26 3.918483385878392
0.13624328147553658 1.7163120567375887 0.27 3.9273294823996046
0.14112413397053647 1.7163120567375887 0.28 3.9365292523168205
0.14598720376136518 1.7163120567375887 0.29 3.946084814524191
0.1508319014133887 1.7163120567375887 0.3 3.955998312695608
0.15565765948806212 1.7163120567375887 0.31 3.966271101742771
0.16046382488145128 1.7163120567375887 0.32 3.976909211390431
0.1652499151958003 1.7163120567375887 0.33 3.9879103736292056
0.1700153222688506 1.7163120567375887 0.34 3.9992790495255273
0.17475948681577988 1.7163120567375887 0.35 4.011017596448397
0.17948185414045315 1.7163120567375887 0.36 4.02312852312485
0.18418187623556245 1.7163120567375887 0.37 4.035614396253832
0.18885901204183458 1.7163120567375887 0.38 4.0484778385230245
0.19351272811722067 1.7163120567375887 0.39 4.061721509520981
0.19814249902833242 1.7163120567375887 0.4 4.075348100217066
0.20274780864624156 1.7163120567375887 0.41 4.089360291337467
0.20732795883266192 1.7163120567375887 0.42 4.103768340967424
0.21188298921478638 1.7163120567375887 0.43 4.118553659098096
0.21641188679296583 1.7163120567375887 0.44 4.133739740577914
0.22091433480631892 1.7163120567375887 0.45 4.149322896275501
0.22538986193859786 1.7163120567375887 0.46 4.165305965217433
0.22983800582743943 1.7163120567375887 0.47 4.181691847457679
0.23425831414911788 1.7163120567375887 0.48 4.198483470203892
0.2386503452734676 1.7163120567375887 0.49 4.215683771864787
0.2430136690351295 1.7163120567375887 0.5 4.233295683013796
0.24734787923274354 1.7163120567375887 0.51 4.251321705288104
0.25165250242102205 1.7163120567375887 0.52 4.269767041380172
0.2559272309727739 1.7163120567375887 0.53 4.288631622627948
0.26017163696677564 1.7163120567375887 0.54 4.307919910835521
0.26438535196116675 1.7163120567375887 0.55 4.327634750097856
0.2685680168463295 1.7163120567375887 0.56 4.3477790893277595
0.27271928518404104 1.7163120567375887 0.57 4.368355874083205
0.2768388237362141 1.7163120567375887 0.58 4.389368034103835
0.2809263139241964 1.7163120567375887 0.59 4.410818441861335
0.28498183371204816 1.7163120567375887 0.6 4.432698038392858
0.2890039054865956 1.7163120567375887 0.61 4.4550465540167075
0.2929934575403047 1.7163120567375887 0.62 4.477829296493857
0.2969498117724581 1.7163120567375887 0.63 4.50106194893151
0.30087271912759406 1.7163120567375887 0.64 4.5247472631890915
0.304761943310524 1.7163120567375887 0.65 4.548888009399807
0.3086172622744951 1.7163120567375887 0.66 4.573486930985017
0.3124384689346571 1.7163120567375887 0.67 4.598546723982525
0.3162253804752806 1.7163120567375887 0.68 4.624069765341109
0.3199777562168169 1.7163120567375887 0.69 4.65006050839226
0.3236955256094358 1.7163120567375887 0.7 4.67651883143052
0.32737848672624226 1.7163120567375887 0.71 4.703448830824946
0.3310265097200262 1.7163120567375887 0.72 4.730852884527803
0.33463947377821884 1.7163120567375887 0.73 4.7587334886278825
0.3382172717629075 1.7163120567375887 0.74 4.7870931191715105
0.34175981061642147 1.7163120567375887 0.75 4.815934217140072
0.34526701489518186 1.7163120567375887 0.76 4.845259085641138
0.3487387581757167 1.7163120567375887 0.77 4.875071805655685
0.3521751147954023 1.7163120567375887 0.78 4.905371185865322
0.35557594812071885 1.7163120567375887 0.79 4.936162281200796
0.35894125139984395 1.7163120567375887 0.8 4.9674468477843865
0.3622710105642376 1.7163120567375887 0.81 4.9992271772642365
0.3655652223830948 1.7163120567375887 0.82 5.031505582754673
0.3688238950181821 1.7163120567375887 0.83 5.064284377128151
0.3720470496948075 1.7163120567375887 0.84 5.097565820918945
0.375234902295814 1.7163120567375887 0.85 5.131347149776817
0.37838689100053424 1.7163120567375887 0.86 5.165647159437748
0.3815036960377034 1.7163120567375887 0.87 5.200450963606886
0.3845851495851948 1.7163120567375887 0.88 5.235767146248737
0.3876313196457788 1.7163120567375887 0.89 5.271598113195269
0.39064227948417907 1.7163120567375887 0.9 5.307946390506058
0.3936181087920768 1.7163120567375887 0.91 5.3448145856222995
0.3965588939564374 1.7163120567375887 0.92 5.382205373260549
0.3994647350556672 1.7163120567375887 0.93 5.420121298932051
0.40233565474348904 1.7163120567375887 0.94 5.458567244924093
0.4051718714540308 1.7163120567375887 0.95 5.497543010686871
0.4079734104513168 1.7163120567375887 0.96 5.537053861135459
0.4107403821903888 1.7163120567375887 0.97 5.5771029678740485
0.4134728860613398 1.7163120567375887 0.98 5.617694016190181
0.416171017214062 1.7163120567375887 0.99 5.658831015649304
0.0 1.7304964539007093 0.0 3.847697545308773
0.005097887947046788 1.7304964539007093 0.01 3.8478614796247657
0.01019512442021878 1.7304964539007093 0.02 3.8483532561282794
0.015291058587059468 1.7304964539007093 0.03 3.849172770239994
0.020385048115314816 1.7304964539007093 0.04 3.8503171249802883
0.025476397672117956 1.7304964539007093 0.05 3.8518021386000023
0.030564519064285454 1.7304964539007093 0.06 3.853606516821256
0.0356487317756484 1.7304964539007093 0.07 3.8557415160225803
0.04072839007805329 1.7304964539007093 0.08 3.8582066650120823
0.0458028466041433 1.7304964539007093 0.09 3.8610024677326553
0.050871455004737054 1.7304964539007093 0.1 3.864129577352039
0.05593357031189312 1.7304964539007093 0.11 3.867588736164801
0.06098854881514599 1.7304964539007093 0.12 3.871380807259737
0.06603574853694726 1.7304964539007093 0.13 3.875506721647262
0.07107452939342562 1.7304964539007093 0.14 3.8799674821968124
0.07610425312408411 1.7304964539007093 0.15 3.8847641896706775
0.0811242837981484 1.7304964539007093 0.16 3.889898004039538
0.08613398770939286 1.7304964539007093 0.17 3.8953701744907634
0.09113273373554848 1.7304964539007093 0.18 3.9011820200257117
0.09611989341948302 1.7304964539007093 0.19 3.9073349386807306
0.10109484123237786 1.7304964539007093 0.2 3.9138304000546276
0.10605695476812751 1.7304964539007093 0.21 3.920669945020994
0.11100561487890886 1.7304964539007093 0.22 3.9278551897108125
0.11594020598421553 1.7304964539007093 0.23 3.9353878167715903
0.12086011632513827 1.7304964539007093 0.24 3.9432695722747457
0.12576473821980622 1.7304964539007093 0.25 3.9515022632257693
0.13065346980517265 1.7304964539007093 0.26 3.9600876654659403
0.1355256470883243 1.7304964539007093 0.27 3.9690315321176755
0.14038084365584452 1.7304964539007093 0.28 3.978325985540124
0.14521831853811357 1.7304964539007093 0.29 3.9879819883727827
0.15003753056448654 1.7304964539007093 0.3 3.9979991208665955
0.15483790136438855 1.7304964539007093 0.31 4.008379523829976
0.15961885762087052 1.7304964539007093 0.32 4.019125430969324
0.1643798316547827 1.7304964539007093 0.33 4.0302391463576885
0.16912026191086926 1.7304964539007093 0.34 4.0417230300651825
0.17383959348730274 1.7304964539007093 0.35 4.053579483796385
0.1785372780459097 1.7304964539007093 0.36 4.06581096660669
0.18321277505112205 1.7304964539007093 0.37 4.078419949116615
0.1878655528877981 1.7304964539007093 0.38 4.09140887880312
0.19249504114315236 1.7304964539007093 0.39 4.104782232002478
0.1971008217483405 1.7304964539007093 0.4 4.118538335698518
0.2016823043914672 1.7304964539007093 0.41 4.1326832849713835
0.20623900692438063 1.7304964539007093 0.42 4.147218939275508
0.21077043740846338 1.7304964539007093 0.43 4.162147985596004
0.2152761127864752 1.7304964539007093 0.44 4.177473150962708
0.21975555879544478 1.7304964539007093 0.45 4.193197213396478
0.22420831158348334 1.7304964539007093 0.46 4.20932294753321
0.22863391715500336 1.7304964539007093 0.47 4.225853155348412
0.23303193553385132 1.7304964539007093 0.48 4.242790521822734
0.2374018903607948 1.7304964539007093 0.49 4.260139441058343
0.2417434469194478 1.7304964539007093 0.5 4.277899604853963
0.24605613073736757 1.7304964539007093 0.51 4.29607615570596
0.2503395554944166 1.7304964539007093 0.52 4.314671477183257
0.25459333445266474 1.7304964539007093 0.53 4.333688393804523
0.2588170925482184 1.7304964539007093 0.54 4.35312974251016
0.26301046683108625 1.7304964539007093 0.55 4.372998362648032
0.26717310719012766 1.7304964539007093 0.56 4.393297076817199
0.27130467973380684 1.7304964539007093 0.57 4.414028586038787
0.275404809983996 1.7304964539007093 0.58 4.435197309299138
0.2794732926880252 1.7304964539007093 0.59 4.456802610766912
0.28350974936372214 1.7304964539007093 0.6 4.478849864080655
0.2875139134927456 1.7304964539007093 0.61 4.501341244440987
0.29148551554293006 1.7304964539007093 0.62 4.524279444762365
0.29542429916017965 1.7304964539007093 0.63 4.547667155244975
0.2993300221710115 1.7304964539007093 0.64 4.57150703334165
0.30320245679565727 1.7304964539007093 0.65 4.595801698579439
0.3070414018079698 1.7304964539007093 0.66 4.620553367486536
0.3108465879830515 1.7304964539007093 0.67 4.645766692709375
0.3146179287963851 1.7304964539007093 0.68 4.671441236293213
0.3183552009177915 1.7304964539007093 0.69 4.697581060784525
0.3220582518513089 1.7304964539007093 0.7 4.724188494407462
0.3257269387947158 1.7304964539007093 0.71 4.7512659647903215
0.3293611325655925 1.7304964539007093 0.72 4.778815878908181
0.33296071804817146 1.7304964539007093 0.73 4.806840607172623
0.33652559665766596 1.7304964539007093 0.74 4.8353424096156825
0.3400556001051876 1.7304964539007093 0.75 4.864325901219325
0.34355084883779274 1.7304964539007093 0.76 4.893787786199059
0.3470111145089655 1.7304964539007093 0.77 4.923735105453631
0.35043639191484544 1.7304964539007093 0.78 4.954168857750685
0.35382664618549103 1.7304964539007093 0.79 4.985091232352736
0.35718185342470365 1.7304964539007093 0.8 5.016504440073633
0.3605020012094985 1.7304964539007093 0.81 5.04841069303194
0.3637870898613961 1.7304964539007093 0.82 5.080812163070616
0.3670371487352118 1.7304964539007093 0.83 5.113710522168703
0.37025210284396765 1.7304964539007093 0.84 5.14711064980712
0.373432112898548 1.7304964539007093 0.85 5.18101115805359
0.37657715479175763 1.7304964539007093 0.86 5.215416094018422
0.3796872827147541 1.7304964539007093 0.87 5.250327606566661
0.3827625544860357 1.7304964539007093 0.88 5.285748018517039
0.385803035301143 1.7304964539007093 0.89 5.3216797152525865
0.3888087976244599 1.7304964539007093 0.9 5.358125140743569
0.3917799231763039 1.7304964539007093 0.91 5.395086735998694
0.39471637170604146 1.7304964539007093 0.92 5.432570544733141
0.3976185532666743 1.7304964539007093 0.93 5.470570453279838
0.4004862729588831 1.7304964539007093 0.94 5.509097233133397
0.40331970754557717 1.7304964539007093 0.95 5.54815165067322
0.40611895616336324 1.7304964539007093 0.96 5.587736829293644
0.40888411645026773 1.7304964539007093 0.97 5.627856148330523
0.41161528468676817 1.7304964539007093 0.98 5.668513234250403
0.4143125545276599 1.7304964539007093 0.99 5.709711991244671
0.0 1.7446808510638296 0.0 3.888662880060875
0.005070964770541705 1.7446808510638296 0.01 3.8888287000066306
0.010141280865913605 1.7446808510638296 0.02 3.8893262046764696
0.015210299751398851 1.7446808510638296 0.03 3.8901555194633883
0.020277373221401968 1.7446808510638296 0.04 3.891316836412921
0.025341853489516585 1.7446808510638296 0.05 3.8928104473184577
0.030403093412501147 1.7446808510638296 0.06 3.8946367095351984
0.035460446586298495 1.7446808510638296 0.07 3.896796069231645
0.040513267516721865 1.7446808510638296 0.08 3.8992890529614685
0.045560911820180836 1.7446808510638296 0.09 3.902116259782724
0.05060273634133784 1.7446808510638296 0.1 3.905278370965483
0.05563809929957347 1.7446808510638296 0.11 3.9087761504782197
0.060666360497581145 1.7446808510638296 0.12 3.912610437318312
0.06568688146342437 1.7446808510638296 0.13 3.9167821493510573
0.07069902566330878 1.7446808510638296 0.14 3.9212922777582757
0.07570215864049624 1.7446808510638296 0.15 3.926141891390212
0.08069564818023574 1.7446808510638296 0.16 3.9313321370472107
0.08567886452818813 1.7446808510638296 0.17 3.9368642348165004
0.09065118062581586 1.7446808510638296 0.18 3.9427394734946306
0.09561197230105632 1.7446808510638296 0.19 3.948959211125961
0.10056061860496368 1.7446808510638296 0.2 3.9555248639131584
0.10549650430401922 1.7446808510638296 0.21 3.962437736202467
0.11041897880050579 1.7446808510638296 0.22 3.969702027029755
0.11532750772996762 1.7446808510638296 0.23 3.9773138112685995
0.12022142618612265 1.7446808510638296 0.24 3.985279011930608
0.1251001436833795 1.7446808510638296 0.25 3.9935984981302046
0.1299630626232339 1.7446808510638296 0.26 4.002274038489893
0.13480958894086648 1.7446808510638296 0.27 4.011307535800967
0.13963913358898028 1.7446808510638296 0.28 4.020700942000251
0.1444511122101184 1.7446808510638296 0.29 4.0304562903277885
0.1492449460188302 1.7446808510638296 0.3 4.0405756560934005
0.15402006156493833 1.7446808510638296 0.31 4.051061183018654
0.15877589141599735 1.7446808510638296 0.32 4.061915058023075
0.16351187428861755 1.7446808510638296 0.33 4.073139517373443
0.16822745587963342 1.7446808510638296 0.34 4.084736817706054
0.17292210021915522 1.7446808510638296 0.35 4.096708712539689
0.1775952071808673 1.7446808510638296 0.36 4.10906034439374
0.18224632190770854 1.7446808510638296 0.37 4.121790404064064
0.1868748791136853 1.7446808510638296 0.38 4.134903169532697
0.19148036291304785 1.7446808510638296 0.39 4.148400999177242
0.19606226292506052 1.7446808510638296 0.4 4.162286408332631
0.20062007666966383 1.7446808510638296 0.41 4.176561966961022
0.20515331045155197 1.7446808510638296 0.42 4.191230270855926
0.20966147947037328 1.7446808510638296 0.43 4.2062939467995335
0.21414410860387886 1.7446808510638296 0.44 4.2217556302948624
0.21860073411012526 1.7446808510638296 0.45 4.237617909565088
0.22303082139792502 1.7446808510638296 0.46 4.253886476188554
0.22743412896200532 1.7446808510638296 0.47 4.270556226293234
0.23181003785946805 1.7446808510638296 0.48 4.287636891094587
0.2361581762279625 1.7446808510638296 0.49 4.3051291811646575
0.24047813173071303 1.7446808510638296 0.5 4.323035781813493
0.2447695023304866 1.7446808510638296 0.51 4.341359420730729
0.2490318974762683 1.7446808510638296 0.52 4.360102830246179
0.2532649387165606 1.7446808510638296 0.53 4.379268731934514
0.25746826019004776 1.7446808510638296 0.54 4.398859826043339
0.2616415209280428 1.7446808510638296 0.55 4.418878382130827
0.26578431207468545 1.7446808510638296 0.56 4.439329366539184
0.2698963982132437 1.7446808510638296 0.57 4.46021232577298
0.2739774165415993 1.7446808510638296 0.58 4.481531514221442
0.2780270684480901 1.7446808510638296 0.59 4.503289451075095
0.28204506499334875 1.7446808510638296 0.6 4.5254887583278895
0.28603113042585165 1.7446808510638296 0.61 4.548132045674487
0.2899850027089617 1.7446808510638296 0.62 4.5712218956010044
0.2939064344312883 1.7446808510638296 0.63 4.594760836742045
0.2977952145854183 1.7446808510638296 0.64 4.618750670629983
0.3016510214514989 1.7446808510638296 0.65 4.6431970278015955
0.3054737759541539 1.7446808510638296 0.66 4.668098427109591
0.30926322779032056 1.7446808510638296 0.67 4.69345909025646
0.3130192016408932 1.7446808510638296 0.68 4.719281317828393
0.3167415327895473 1.7446808510638296 0.69 4.745567481279638
0.3204300704655065 1.7446808510638296 0.7 4.772319918413578
0.32408467775164607 1.7446808510638296 0.71 4.799540934085103
0.32770523378586375 1.7446808510638296 0.72 4.827232732866168
0.3312915048366759 1.7446808510638296 0.73 4.855401196870886
0.3348437238708781 1.7446808510638296 0.74 4.884038886560988
0.3383615058470436 1.7446808510638296 0.75 4.913156845926448
0.3418448687395052 1.7446808510638296 0.76 4.94275465672426
0.34529375657370454 1.7446808510638296 0.77 4.972834420893326
0.3487081243213536 1.7446808510638296 0.78 5.003398266007746
0.3520879388888339 1.7446808510638296 0.79 5.034448310941951
0.3554331796446188 1.7446808510638296 0.8 5.065986645235111
0.3587438446270862 1.7446808510638296 0.81 5.098015147167427
0.3620198706309637 1.7446808510638296 0.82 5.130537745567784
0.36526137929178887 1.7446808510638296 0.83 5.163553429876611
0.3684683235223625 1.7446808510638296 0.84 5.197066277558259
0.3716407447274987 1.7446808510638296 0.85 5.231078147791344
0.37477868419688587 1.7446808510638296 0.86 5.26559118929732
0.3778821910368221 1.7446808510638296 0.87 5.300607608287497
0.3809513224088502 1.7446808510638296 0.88 5.336129654717806
0.38398614416043236 1.7446808510638296 0.89 5.372159597770427
0.38698676044051555 1.7446808510638296 0.9 5.408698891332231
0.3899531081037437 1.7446808510638296 0.91 5.445753913037975
0.3928854453545358 1.7446808510638296 0.92 5.483322301321501
0.39578378041793993 1.7446808510638296 0.93 5.521408915913181
0.39864820838671816 1.7446808510638296 0.94 5.560016417542556
0.4014788228620086 1.7446808510638296 0.95 5.599147731188779
0.4042757185528807 1.7446808510638296 0.96 5.638805967610073
0.40703899078547734 1.7446808510638296 0.97 5.678994431630082
0.40976873564360927 1.7446808510638296 0.98 5.719716613253449
0.4124651376126097 1.7446808510638296 0.99 5.760973734841457
0.0 1.7588652482269502 0.0 3.9302222091747163
0.005044082537631616 1.7588652482269502 0.01 3.930389863997422
0.010087519609415499 1.7588652482269502 0.02 3.930892864474949
0.015129665910223982 1.7588652482269502 0.03 3.9317313296731564
0.02016987645324966 1.7588652482269502 0.04 3.93290545743611
0.025207506723928012 1.7588652482269502 0.05 3.9344155264312612
0.030241912853202862 1.7588652482269502 0.06 3.936261891170765
0.03527245175958372 1.7588652482269502 0.07 3.938444988313998
0.04029848135398562 1.7588652482269502 0.08 3.9409653260426416
0.045319360643374856 1.7588652482269502 0.09 3.9438234981493894
0.05033444998071971 1.7588652482269502 0.1 3.947020166850122
0.055343111129544244 1.7588652482269502 0.11 3.9505560814123415
0.06034470770507673 1.7588652482269502 0.12 3.954432038276921
0.06533860520616323 1.7588652482269502 0.13 3.9586489089260692
0.07032417262197575 1.7588652482269502 0.14 3.9632074784756472
0.07530072728240737 1.7588652482269502 0.15 3.9681143289393956
0.08026777200283763 1.7588652482269502 0.16 3.973356643184755
0.08522456703203739 1.7588652482269502 0.17 3.9789477450091706
0.09017052075425036 1.7588652482269502 0.18 3.984885568577877
0.09510501405160836 1.7588652482269502 0.19 3.9911713530650994
0.10002743045485017 1.7588652482269502 0.2 3.9978064661976918
0.10493715642390185 1.7588652482269502 0.21 4.0047923839955315
0.10983358205457844 1.7588652482269502 0.22 4.012130644861334
0.11471610130548293 1.7588652482269502 0.23 4.019822848694795
0.11958411199447234 1.7588652482269502 0.24 4.02787067167479
0.12443701623075944 1.7588652482269502 0.25 4.036275849426994
0.12927422056915266 1.7588652482269502 0.26 4.045040181148318
0.1340951364115223 1.7588652482269502 0.27 4.054165517853035
0.13889917994352166 1.7588652482269502 0.28 4.063653780013858
0.14368577281290387 1.7588652482269502 0.29 4.073506929729597
0.14845434276121997 1.7588652482269502 0.3 4.083726950355921
0.15320432888612628 1.7588652482269502 0.31 4.094315581903465
0.15793512766423118 1.7588652482269502 0.32 4.10527717921252
0.16264625083834658 1.7588652482269502 0.33 4.116610392963427
0.16733711155274597 1.7588652482269502 0.34 4.128319467972688
0.17200717289587636 1.7588652482269502 0.35 4.140406416737406
0.17665590083668667 1.7588652482269502 0.36 4.152873516205306
0.1812827680309904 1.7588652482269502 0.37 4.165723117577825
0.18588725489004868 1.7588652482269502 0.38 4.178957604816547
0.19046884959949667 1.7588652482269502 0.39 4.192579404461348
0.19502704891244887 1.7588652482269502 0.4 4.206590960555957
0.1995613579462041 1.7588652482269502 0.41 4.220994754373444
0.20407129285120582 1.7588652482269502 0.42 4.235793202298591
0.20855627398484136 1.7588652482269502 0.43 4.250993028100387
0.21301611122318664 1.7588652482269502 0.44 4.266585459027329
0.2174500896814887 1.7588652482269502 0.45 4.28258355829351
0.22185783844777565 1.7588652482269502 0.46 4.298986770526219
0.22623892120736377 1.7588652482269502 0.47 4.315797641870444
0.23059291103376742 1.7588652482269502 0.48 4.333018775432168
0.23491939190946126 1.7588652482269502 0.49 4.350652778688454
0.23921795859146158 1.7588652482269502 0.5 4.368702275515034
0.24348821778022478 1.7588652482269502 0.51 4.387169869805479
0.247729789733638 1.7588652482269502 0.52 4.406058095655235
0.251942240464413 1.7588652482269502 0.53 4.4253718092745
0.2561253669274566 1.7588652482269502 0.54 4.445108156224494
0.26027869136114884 1.7588652482269502 0.55 4.465274376071053
0.26440191514998196 1.7588652482269502 0.56 4.485871830958699
0.2684947189483781 1.7588652482269502 0.57 4.5069030459178006
0.27255679524907134 1.7588652482269502 0.58 4.5283705665003025
0.2765878496935981 1.7588652482269502 0.59 4.5502769169450135
0.28058760116004644 1.7588652482269502 0.6 4.572624600198198
0.2845557834717916 1.7588652482269502 0.61 4.595416045037091
0.2884923279719166 1.7588652482269502 0.62 4.6186477642292
0.2923964032474015 1.7588652482269502 0.63 4.642341092346977
0.29626839757644924 1.7588652482269502 0.64 4.666478732912289
0.3001078803341868 1.7588652482269502 0.65 4.691070009825935
0.3039146540963638 1.7588652482269502 0.66 4.716117192136447
0.30768853279668 1.7588652482269502 0.67 4.741622593633901
0.31142934438397424 1.7588652482269502 0.68 4.767588487836194
0.3151369304715929 1.7588652482269502 0.69 4.794017117529059
0.3188111487106324 1.7588652482269502 0.7 4.82091062108536
0.3224517167630373 1.7588652482269502 0.71 4.848275724149264
0.32605892703512585 1.7588652482269502 0.72 4.8761022351119125
0.3296322918096663 1.7588652482269502 0.73 4.904403800858352
0.3331718347145533 1.7588652482269502 0.74 4.933179051622312
0.33667747829582634 1.7588652482269502 0.75 4.962430020530881
0.3401491562217713 1.7588652482269502 0.76 4.992158763750617
0.3435868145562169 1.7588652482269502 0.77 5.022367317551556
0.3469904115609575 1.7588652482269502 0.78 5.05305769904928
0.350359921666513 1.7588652482269502 0.79 5.08423178568336
0.3536952606501024 1.7588652482269502 0.8 5.11589347613978
0.356996556546887 1.7588652482269502 0.81 5.148040840207138
0.36026370974066957 1.7588652482269502 0.82 5.180678850140279
0.36349675476817533 1.7588652482269502 0.83 5.21380889827114
0.3666957153555226 1.7588652482269502 0.84 5.247432987794116
0.36986062335611397 1.7588652482269502 0.85 5.281553177626621
0.3729915193498119 1.7588652482269502 0.86 5.316171558214188
0.37608845293683196 1.7588652482269502 0.87 5.35129023635068
0.3791514890600154 1.7588652482269502 0.88 5.386911148846986
0.38218062137927367 1.7588652482269502 0.89 5.423038515406732
0.3851760403658333 1.7588652482269502 0.9 5.459671219188385
0.38813774547948415 1.7588652482269502 0.91 5.496813812381657
0.3910658287600582 1.7588652482269502 0.92 5.534468456835358
0.3939603759929021 1.7588652482269502 0.93 5.5726377239632265
0.396821475586602 1.7588652482269502 0.94 5.61132433629918
0.3996492184511998 1.7588652482269502 0.95 5.650531164837509
0.40244369777008593 1.7588652482269502 0.96 5.690261229742739
0.405205016235999 1.7588652482269502 0.97 5.7305174902889435
0.4079331882971675 1.7588652482269502 0.98 5.7713056053810785
0.4106284338892669 1.7588652482269502 0.99 5.812625619667873
0.0 1.7730496453900708 0.0 3.972376815144327
0.005017247424788583 1.7730496453900708 0.01 3.972546253792184
0.010033852838564547 1.7730496453900708 0.02 3.9730546327922993
0.015049174346389865 1.7730496453900708 0.03 3.9739020867132258
0.020062570351337242 1.7730496453900708 0.04 3.9750888229079147
0.02507339981499483 1.7730496453900708 0.05 3.9766150963785276
0.030081022225606283 1.7730496453900708 0.06 3.978481287058855
0.03508479800935258 1.7730496453900708 0.07 3.9806878105351218
0.04008408856266283 1.7730496453900708 0.08 3.9832351708596687
0.045078256523750755 1.7730496453900708 0.09 3.9861239360106997
0.05006666576270247 1.7730496453900708 0.1 3.9893547728611285
0.055048681850269496 1.7730496453900708 0.11 3.992928393859914
0.06002367187994941 1.7730496453900708 0.12 3.9968456162176587
0.06499100497738887 1.7730496453900708 0.13 4.001107309553172
0.06995005227354424 1.7730496453900708 0.14 4.0057144270667555
0.07490018715114942 1.7730496453900708 0.15 4.010667995210519
0.07984078554650773 1.7730496453900708 0.16 4.015969101616797
0.08477122588480868 1.7730496453900708 0.17 4.0216189219265805
0.08969088959125968 1.7730496453900708 0.18 4.027618686244464
0.0945991610232938 1.7730496453900708 0.19 4.033969705189352
0.09949542796772812 1.7730496453900708 0.2 4.040673342514722
0.10437908154508499 1.7730496453900708 0.21 4.047731041153151
0.10924951658678884 1.7730496453900708 0.22 4.055144307347035
0.1141061319552644 1.7730496453900708 0.23 4.0629147027381896
0.11894833062379609 1.7730496453900708 0.24 4.071043854670892
0.12377552016781143 1.7730496453900708 0.25 4.079533436967135
0.128587113866221 1.7730496453900708 0.26 4.088385115911389
0.13338262863259534 1.7730496453900708 0.27 4.09759455765432
0.13816116225077996 1.7730496453900708 0.28 4.1071835009605335
0.14292248449229109 1.7730496453900708 0.29 4.117132855966216
0.14766590536319882 1.7730496453900708 0.3 4.127452124912746
0.15239086527569365 1.7730496453900708 0.31 4.138143222773856
0.15709680937906503 1.7730496453900708 0.32 4.149208198337906
0.1617831889659644 1.7730496453900708 0.33 4.160649161938356
0.1664494619530713 1.7730496453900708 0.34 4.172468270772258
0.1710950932997845 1.7730496453900708 0.35 4.1846677192427695
0.1757195550540783 1.7730496453900708 0.36 4.197249748238999
0.1803223269743788 1.7730496453900708 0.37 4.210216625979824
0.18490289675173274 1.7730496453900708 0.38 4.223570649368464
0.1894607632303702 1.7730496453900708 0.39 4.237314010713949
0.19399538545443212 1.7730496453900708 0.4 4.251451054658906
0.19850637239491428 1.7730496453900708 0.41 4.265979926952893
0.20299317096022473 1.7730496453900708 0.42 4.280906331118881
0.20745532921390808 1.7730496453900708 0.43 4.2962319428905085
0.2118923878179848 1.7730496453900708 0.44 4.311959199565553
0.21630389702537942 1.7730496453900708 0.45 4.32809056378208
0.2206894169355248 1.7730496453900708 0.46 4.344628520767655
0.2250485179109736 1.7730496453900708 0.47 4.361575569226218
0.2293807811709109 1.7730496453900708 0.48 4.378934205898567
0.23368579970948433 1.7730496453900708 0.49 4.396706898802365
0.2379632013861597 1.7730496453900708 0.5 4.414895239487904
0.24221249916438833 1.7730496453900708 0.51 4.433505490650369
0.24643344432032946 1.7730496453900708 0.52 4.452535524114463
0.2506256199973865 1.7730496453900708 0.53 4.471989864285749
0.254788679300646 1.7730496453900708 0.54 4.491870885204917
0.25892228478762935 1.7730496453900708 0.55 4.512181053865834
0.2630261113179014 1.7730496453900708 0.56 4.532922830164
0.26709984648947366 1.7730496453900708 0.57 4.554098655487316
0.27114319088868827 1.7730496453900708 0.58 4.5757109478070905
0.27515586135721515 1.7730496453900708 0.59 4.597761995689505
0.27913752641682366 1.7730496453900708 0.6 4.6202561035942145
0.2830880544538655 1.7730496453900708 0.61 4.643191359813242
0.287007096571261 1.7730496453900708 0.62 4.666573477833884
0.29089444282980387 1.7730496453900708 0.63 4.690403978422321
0.29474987435013195 1.7730496453900708 0.64 4.714685097426236
0.2985731844426153 1.7730496453900708 0.65 4.73941908453117
0.30236418021226996 1.7730496453900708 0.66 4.764608150679616
0.30612268211582905 1.7730496453900708 0.67 4.790254481466555
0.30984852681612957 1.7730496453900708 0.68 4.81636014697845
0.3135414562842273 1.7730496453900708 0.69 4.842930528622534
0.31720160373001116 1.7730496453900708 0.7 4.8699592952771065
0.32082859792447993 1.7730496453900708 0.71 4.897456088703345
0.3244223954389487 1.7730496453900708 0.72 4.925420793671796
0.327982897442865 1.7730496453900708 0.73 4.953855380252819
0.3315100163084621 1.7730496453900708 0.74 4.9827618409207926
0.3350036769368191 1.7730496453900708 0.75 5.012142145521392
0.33846381661765984 1.7730496453900708 0.76 5.041998240942671
0.34189038776001435 1.7730496453900708 0.77 5.072331965306386
0.3452832578260701 1.7730496453900708 0.78 5.103148002424168
0.34864262878778246 1.7730496453900708 0.79 5.134441470567022
0.35196828475780045 1.7730496453900708 0.8 5.166220168371855
0.35526027289206796 1.7730496453900708 0.81 5.198484430823901
0.35851859853718643 1.7730496453900708 0.82 5.231236139001654
0.3617432756264393 1.7730496453900708 0.83 5.264477223183506
0.3649343272207131 1.7730496453900708 0.84 5.298209640086045
0.3680917855967088 1.7730496453900708 0.85 5.332435363567279
0.3712156951440323 1.7730496453900708 0.86 5.367156294202001
0.3743060146636227 1.7730496453900708 0.87 5.4023770736618415
0.3773630117181521 1.7730496453900708 0.88 5.438093691040802
0.3803865710955199 1.7730496453900708 0.89 5.4743134439852055
0.38337680654420797 1.7730496453900708 0.9 5.511037268138133
0.38633379363028425 1.7730496453900708 0.91 5.548267444051121
0.3892576112214011 1.7730496453900708 0.92 5.586006392659512
0.3921483420851201 1.7730496453900708 0.93 5.624256651475468
0.39500607267502297 1.7730496453900708 0.94 5.663020874473205
0.3978308947885002 1.7730496453900708 0.95 5.702301778595012
0.4006227236697003 1.7730496453900708 0.96 5.742107352302727
0.40338211917415245 1.7730496453900708 0.97 5.78242731093411
0.40610873756266863 1.7730496453900708 0.98 5.823277472391559
0.4088027941147971 1.7730496453900708 0.99 5.864657825835332
0.0 1.7872340425531914 0.0 4.015124122522474
0.004990467721308117 1.7872340425531914 0.01 4.0152953719200655
0.009980296924531156 1.7872340425531914 0.02 4.015809168402424
0.014968849273017407 1.7872340425531914 0.03 4.0166656176807
0.019955486748742302 1.7872340425531914 0.04 4.017864920281019
0.02493957189594277 1.7872340425531914 0.05 4.019407329805935
0.02992046792293625 1.7872340425531914 0.06 4.02129319100638
0.03489753888525183 1.7872340425531914 0.07 4.023522926553841
0.03987014994851217 1.7872340425531914 0.08 4.02609701764793
0.04483766743548332 1.7872340425531914 0.09 4.0290160362644585
0.049799459127302104 1.7872340425531914 0.1 4.032280617042381
0.0547548943446325 1.7872340425531914 0.11 4.035891476833967
0.0597033442313271 1.7872340425531914 0.12 4.039849397188074
0.06464418183464826 1.7872340425531914 0.13 4.044155240267
0.06957678242377027 1.7872340425531914 0.14 4.048809930322357
0.07450052357035045 1.7872340425531914 0.15 4.05381446831882
0.07941478540457117 1.7872340425531914 0.16 4.059169923238766
0.08431895085012013 1.7872340425531914 0.17 4.064877428393492
0.0892124057208135 1.7872340425531914 0.18 4.070938191507165
0.0940945391735126 1.7872340425531914 0.19 4.0773534708122625
0.09896474396504633 1.7872340425531914 0.2 4.084124574140689
0.10382241837034915 1.7872340425531914 0.21 4.091252727192822
0.1086669191167176 1.7872340425531914 0.22 4.098742670688398
0.11349774902488854 1.7872340425531914 0.23 4.1065883931928635
0.11831423628590265 1.7872340425531914 0.24 4.114797563384445
0.12311581296988125 1.7872340425531914 0.25 4.123370342550068
0.12790189738901836 1.7872340425531914 0.26 4.132308357630055
0.132671912103697 1.7872340425531914 0.27 4.141613347493918
0.13742528474842253 1.7872340425531914 0.28 4.151287116844601
0.1421614483797076 1.7872340425531914 0.29 4.161331526803874
0.14687984175887533 1.7872340425531914 0.3 4.171748490760147
0.15157990978964037 1.7872340425531914 0.31 4.182539962219431
0.15626110352897163 1.7872340425531914 0.32 4.193707947363773
0.160922880620729 1.7872340425531914 0.33 4.205254493271506
0.1655647058383282 1.7872340425531914 0.34 4.217181672169036
0.17018605144893206 1.7872340425531914 0.35 4.229491576584302
0.17478641277473697 1.7872340425531914 0.36 4.2421855771385575
0.1793652036581089 1.7872340425531914 0.37 4.255269378584539
0.18392201345778647 1.7872340425531914 0.38 4.268740631741676
0.18845630057114307 1.7872340425531914 0.39 4.282603729508188
0.19296757936304812 1.7872340425531914 0.4 4.296860800872663
0.19745537018807582 1.7872340425531914 0.41 4.311514132423667
0.2019192019179131 1.7872340425531914 0.42 4.326566056353702
0.20635861289854718 1.7872340425531914 0.43 4.342018916929358
0.21077315095047022 1.7872340425531914 0.44 4.357875079750403
0.2151623739475362 1.7872340425531914 0.45 4.374136916105492
0.21952585040642003 1.7872340425531914 0.46 4.390806788018322
0.2238631670525831 1.7872340425531914 0.47 4.407886759475968
0.22817386020239908 1.7872340425531914 0.48 4.425381288229735
0.2324576121604749 1.7872340425531914 0.49 4.443289550945207
0.23671398676819197 1.7872340425531914 0.5 4.461615793231227
0.24094261242674622 1.7872340425531914 0.51 4.480362178561089
0.24514312368254668 1.7872340425531914 0.52 4.499531078643566
0.2493151664559712 1.7872340425531914 0.53 4.51912487513828
0.25345839863893965 1.7872340425531914 0.54 4.539145942001496
0.25757249053150766 1.7872340425531914 0.55 4.559596634320089
0.2616571257096274 1.7872340425531914 0.56 4.5804792622848165
0.26571200999083944 1.7872340425531914 0.57 4.601795785786648
0.26973678836724535 1.7872340425531914 0.58 4.623550682219349
0.2737312753488199 1.7872340425531914 0.59 4.645743004201919
0.2776951541103368 1.7872340425531914 0.6 4.668376759515519
0.28162817692252723 1.7872340425531914 0.61 4.691453999326403
0.2855301040822695 1.7872340425531914 0.62 4.714976925682453
0.2894007090430446 1.7872340425531914 0.63 4.738947716355302
0.2932397781408262 1.7872340425531914 0.64 4.763368533930911
0.29704711164422515 1.7872340425531914 0.65 4.788241491302256
0.30082252588710934 1.7872340425531914 0.66 4.813568583601662
0.3045657798914115 1.7872340425531914 0.67 4.8393540220314595
0.3082768675661962 1.7872340425531914 0.68 4.865594933393508
0.3119555157167114 1.7872340425531914 0.69 4.892297333696557
0.3156016205547064 1.7872340425531914 0.7 4.919462233985232
0.3192150617891925 1.7872340425531914 0.71 4.947091553925251
0.3227957306664861 1.7872340425531914 0.72 4.975187226073514
0.32634353088172957 1.7872340425531914 0.73 5.003751163216481
0.32985837883329794 1.7872340425531914 0.74 5.032785246517838
0.33334020541914716 1.7872340425531914 0.75 5.062291266848372
0.3367887417085302 1.7872340425531914 0.76 5.092277402958489
0.3402045219346546 1.7872340425531914 0.77 5.122727878659962
0.34358695655920646 1.7872340425531914 0.78 5.153661241794164
0.34693619050651797 1.7872340425531914 0.79 5.185074152390477
0.35025221029771075 1.7872340425531914 0.8 5.2169683832172025
0.3535350110289004 1.7872340425531914 0.81 5.249345763005811
0.3567845975055934 1.7872340425531914 0.82 5.282208135741159
0.3600009842426013 1.7872340425531914 0.83 5.315557354168924
0.3631841966288916 1.7872340425531914 0.84 5.349395239017015
0.36633442354600937 1.7872340425531914 0.85 5.383719087106874
0.36945118995479553 1.7872340425531914 0.86 5.418545980998599
0.3725350913008478 1.7872340425531914 0.87 5.453861810696526
0.3755859831861529 1.7872340425531914 0.88 5.489674469500359
0.3786039295064711 1.7872340425531914 0.89 5.525985982867001
0.3815889973954726 1.7872340425531914 0.9 5.562798527813879
0.38454125904617914 1.7872340425531914 0.91 5.600114372652716
0.387460791277917 1.7872340425531914 0.92 5.637935883022284
0.3903476762120369 1.7872340425531914 0.93 5.676265495864295
0.3932020243331742 1.7872340425531914 0.94 5.715105042961768
0.3960237974651854 1.7872340425531914 0.95 5.75446089051906
0.3988132473784241 1.7872340425531914 0.96 5.794331184677879
0.40157038411331475 1.7872340425531914 0.97 5.834721300304762
0.40429530028861227 1.7872340425531914 0.98 5.875634409552775
0.4069880814222623 1.7872340425531914 0.99 5.917074084171536
0.0 1.801418439716312 0.0 4.0584648217299195
0.00496374942725323 1.801418439716312 0.01 4.058637839610279
0.009926864068337272 1.801418439716312 0.02 4.05915692590443
0.014888709309805893 1.801418439716312 0.03 4.060022196852681
0.01984865089954779 1.801418439716312 0.04 4.06123383664832
0.024806055137645108 1.801418439716312 0.05 4.062792099823978
0.029760289034869842 1.801418439716312 0.06 4.064697320079028
0.034710720478123694 1.801418439716312 0.07 4.066949909933381
0.03965671851187462 1.801418439716312 0.08 4.069550336854529
0.0445976533828081 1.801418439716312 0.09 4.0724991584315084
0.0495328968562177 1.801418439716312 0.1 4.075796991860382
0.054461822327079364 1.801418439716312 0.11 4.07944453068191
0.059383805170747074 1.801418439716312 0.12 4.083442520254636
0.06429822301822383 1.801418439716312 0.13 4.087791753922925
0.06920445793226467 1.801418439716312 0.14 4.092492845846131
0.07410185214494545 1.801418439716312 0.15 4.097551227922672
0.07898987736335804 1.801418439716312 0.16 4.102958140486511
0.0838678533261598 1.801418439716312 0.17 4.108722295909853
0.08873518595294327 1.801418439716312 0.18 4.114843124728124
0.09359126988415904 1.801418439716312 0.19 4.121321758126685
0.09843550241850184 1.801418439716312 0.2 4.128159480399883
0.10326728459048631 1.801418439716312 0.21 4.135357638502851
0.10808602112465004 1.801418439716312 0.22 4.142917661319384
0.11289112101603208 1.801418439716312 0.23 4.150841028056167
0.11768199762016429 1.801418439716312 0.24 4.159129278652572
0.12245806889254604 1.801418439716312 0.25 4.167784011524528
0.12721875763480336 1.801418439716312 0.26 4.176806881216686
0.1319634918230948 1.801418439716312 0.27 4.186199591164972
0.13669170483065246 1.801418439716312 0.28 4.195963894198195
0.1414028356539926 1.801418439716312 0.29 4.206101592520226
0.14609632928210814 1.801418439716312 0.3 4.2166145292308945
0.15077163734990592 1.801418439716312 0.31 4.227504565140851
0.15542822534509876 1.801418439716312 0.32 4.238773201682336
0.16006550925866508 1.801418439716312 0.33 4.250425010086069
0.16468303388420857 1.801418439716312 0.34 4.2624580287935885
0.16928023634383732 1.801418439716312 0.35 4.274876526522758
0.17385660723921184 1.801418439716312 0.36 4.287682326126995
0.1784116406089787 1.801418439716312 0.37 4.3008775150268015
0.18294483785615295 1.801418439716312 0.38 4.314464244297527
0.187455708869519 1.801418439716312 0.39 4.32844468336258
0.1919437719132724 1.801418439716312 0.4 4.3428210357149775
0.19640855414334732 1.801418439716312 0.41 4.357595524585357
0.20084959210989836 1.801418439716312 0.42 4.372770380483667
0.2052664321711674 1.801418439716312 0.43 4.3883478334667325
0.20965863643537436 1.801418439716312 0.44 4.404329873481748
0.21402572222097258 1.801418439716312 0.45 4.42072078066219
0.21836734474178587 1.801418439716312 0.46 4.437519523303299
0.22268304186792529 1.801418439716312 0.47 4.454730398286811
0.22697241709569013 1.801418439716312 0.48 4.472355417099945
0.23123507853197794 1.801418439716312 0.49 4.490396854369735
0.23547064503679738 1.801418439716312 0.5 4.508856999701649
0.2396787467181958 1.801418439716312 0.51 4.527738143662268
0.24385902531667095 1.801418439716312 0.52 4.54704256854953
0.24801113469157282 1.801418439716312 0.53 4.566772535613723
0.25213474260550517 1.801418439716312 0.54 4.5869302254507645
0.2562293965585118 1.801418439716312 0.55 4.60752257127285
0.2602951408353146 1.801418439716312 0.56 4.628539052631852
0.26433134868802555 1.801418439716312 0.57 4.649993733723089
0.2683378338956798 1.801418439716312 0.58 4.671885256020728
0.27231432631596847 1.801418439716312 0.59 4.694215719027228
0.276260566675847 1.801418439716312 0.6 4.71698726934686
0.2801763086484098 1.801418439716312 0.61 4.740202028429523
0.2840613189306 1.801418439716312 0.62 4.763862090956471
0.2879153777319725 1.801418439716312 0.63 4.787969509126889
0.2917382831592367 1.801418439716312 0.64 4.812526148670327
0.29552978593282503 1.801418439716312 0.65 4.837535831750272
0.2992898084356826 1.801418439716312 0.66 4.862997144106094
0.30301811176044263 1.801418439716312 0.67 4.888914365777814
0.30671455303011663 1.801418439716312 0.68 4.915289020335027
0.3103789906080425 1.801418439716312 0.69 4.9421229850439055
0.31401129483005713 1.801418439716312 0.7 4.969418135842287
0.31761134836448085 1.801418439716312 0.71 4.997176332185202
0.32117904678802955 1.801418439716312 0.72 5.025399395354818
0.3247142998528628 1.801418439716312 0.73 5.054089065613551
0.3282159064616647 1.801418439716312 0.74 5.08328184721847
0.3316871168051256 1.801418439716312 0.75 5.112876708474237
0.33512458482596197 1.801418439716312 0.76 5.142977290535565
0.3385293470684394 1.801418439716312 0.77 5.173551816238033
0.34190137063944304 1.801418439716312 0.78 5.204601969331028
0.3452406315627765 1.801418439716312 0.79 5.236129485192888
0.3485471156150534 1.801418439716312 0.8 5.268136118584839
0.35182081900434403 1.801418439716312 0.81 5.300623616793896
0.3550617484195753 1.801418439716312 0.82 5.333593712090669
0.35826994475510987 1.801418439716312 0.83 5.36704740483621
0.3614453122115917 1.801418439716312 0.84 5.400990073688368
0.3645880374099851 1.801418439716312 0.85 5.435418920584897
0.367698087193805 1.801418439716312 0.86 5.470337999780393
0.3707755130665281 1.801418439716312 0.87 5.505749096124062
0.3738203687523029 1.801418439716312 0.88 5.541654186341097
0.3768327138423733 1.801418439716312 0.89 5.578055323032659
0.3798126136057489 1.801418439716312 0.9 5.614954633493107
0.38276013898097827 1.801418439716312 0.91 5.652354313356205
0.3856753721362271 1.801418439716312 0.92 5.690256456133631
0.38855831751399067 1.801418439716312 0.93 5.728665670592668
0.39140919567844595 1.801418439716312 0.94 5.7675804078283015
0.3942279952011331 1.801418439716312 0.95 5.807006172174086
0.39701481829709734 1.801418439716312 0.96 5.846945321323319
0.399769751794047 1.801418439716312 0.97 5.887400866711051
0.40249288066766004 1.801418439716312 0.98 5.9283760694016285
0.40518428808827955 1.801418439716312 0.99 5.969874434297518
0.0 1.8156028368794326 0.0 4.1023979193503415
0.004937099258903816 1.8156028368794326 0.01 4.1025726708786685
0.009873567661885851 1.8156028368794326 0.02 4.103096942354773
0.014808774514468992 1.8156028368794326 0.03 4.1039708620163395
0.019742089493516073 1.8156028368794326 0.04 4.105194610535399
0.02467288276141958 1.8156028368794326 0.05 4.106768464636735
0.029600525289603732 1.8156028368794326 0.06 4.10869273905943
0.034524388956223916 1.8156028368794326 0.07 4.110967831891984
0.0394438467624109 1.8156028368794326 0.08 4.113594211239203
0.044358273048328296 1.8156028368794326 0.09 4.116572410761597
0.04926704365375705 1.8156028368794326 0.1 4.1199030371053755
0.05416953606921657 1.8156028368794326 0.11 4.123586774713984
0.059065129791327185 1.8156028368794326 0.12 4.127624359698998
0.0639532063042927 1.8156028368794326 0.13 4.132016613848877
0.06883314947456003 1.8156028368794326 0.14 4.1367644145863585
0.0737043456210888 1.8156028368794326 0.15 4.141868713118469
0.078566183866282 1.8156028368794326 0.16 4.147330516224715
0.08341805612687415 1.8156028368794326 0.17 4.153150910068835
0.08825935756834419 1.8156028368794326 0.18 4.1593310325494715
0.09308948665492252 1.8156028368794326 0.19 4.165872090189737
0.09790784547404043 1.8156028368794326 0.2 4.172775346642163
0.10271383992096245 1.8156028368794326 0.21 4.180042125604644
0.1075068798942528 1.8156028368794326 0.22 4.187673811997132
0.11228637954685881 1.8156028368794326 0.23 4.195671848558629
0.11705175764385996 1.8156028368794326 0.24 4.204037725440432
0.12180243773592757 1.8156028368794326 0.25 4.21277298470197
0.12653784844457092 1.8156028368794326 0.26 4.22187921617765
0.13125742486931674 1.8156028368794326 0.27 4.231357981647163
0.13596068886941964 1.8156028368794326 0.28 4.241205832611575
0.140646812004552 1.8156028368794326 0.29 4.251441529862627
0.14531553841513437 1.8156028368794326 0.3 4.262048610359738
0.14996621811774763 1.8156028368794326 0.31 4.273035576842685
0.1545983164939164 1.8156028368794326 0.32 4.284404195945493
0.15921130436674005 1.8156028368794326 0.33 4.296156356960401
0.1638046593900904 1.8156028368794326 0.34 4.308293999529623
0.16837786629554788 1.8156028368794326 0.35 4.320819110637634
0.1729304175634206 1.8156028368794326 0.36 4.333733700521968
0.17746181334427785 1.8156028368794326 0.37 4.347039818294925
0.18197156218413826 1.8156028368794326 0.38 4.360739526621913
0.18645918094696834 1.8156028368794326 0.39 4.3748349169293
0.19092419595472088 1.8156028368794326 0.4 4.389328066346343
0.1953661535190463 1.8156028368794326 0.41 4.404220575853241
0.19978453579249952 1.8156028368794326 0.42 4.419517348647654
0.20417898312205224 1.8156028368794326 0.43 4.43521664066995
0.20854901368074888 1.8156028368794326 0.44 4.451322626203091
0.21289420429694228 1.8156028368794326 0.45 4.467837307766671
0.21721413850686833 1.8156028368794326 0.46 4.484762851775431
0.22150840983084916 1.8156028368794326 0.47 4.502101449785183
0.2257766224298375 1.8156028368794326 0.48 4.519855297422532
0.2300183913433881 1.8156028368794326 0.49 4.538026591277741
0.23423334293461867 1.8156028368794326 0.5 4.556617517522251
0.23842111601758492 1.8156028368794326 0.51 4.575630214760078
0.2425813733321819 1.8156028368794326 0.52 4.595066347216319
0.2467137048134641 1.8156028368794326 0.53 4.614930757326678
0.2508178829954203 1.8156028368794326 0.54 4.635221836623117
0.25489354248556767 1.8156028368794326 0.55 4.655943620571967
0.25894038493839694 1.8156028368794326 0.56 4.677098060271857
0.2629581203333619 1.8156028368794326 0.57 4.698687240706357
0.26694647081085193 1.8156028368794326 0.58 4.7207132392333095
0.2709051709018792 1.8156028368794326 0.59 4.743178118939767
0.27483396821417877 1.8156028368794326 0.6 4.76608390608604
0.2787326236464457 1.8156028368794326 0.61 4.789432584526168
0.2826009229490458 1.8156028368794326 0.62 4.813225703354828
0.28643858052882926 1.8156028368794326 0.63 4.837467643455575
0.29024549878164724 1.8156028368794326 0.64 4.862156811972203
0.2940214342516239 1.8156028368794326 0.65 4.887296976831224
0.29776621638446665 1.8156028368794326 0.66 4.912889837889143
0.3014796825886512 1.8156028368794326 0.67 4.9389372303994685
0.30516168238887326 1.8156028368794326 0.68 4.96544098186496
0.30881207777545405 1.8156028368794326 0.69 4.992402897662814
0.31243074350834227 1.8156028368794326 0.7 5.019824748332617
0.316017568824118 1.8156028368794326 0.71 5.047708212123064
0.3195718540314391 1.8156028368794326 0.72 5.076074042167449
0.3230952626904119 1.8156028368794326 0.73 5.104868268859044
0.32658599442608494 1.8156028368794326 0.74 5.134147330605816
0.3300445436812719 1.8156028368794326 0.75 5.1638951081868685
0.3334708579968969 1.8156028368794326 0.76 5.194113203846866
0.3368648934965513 1.8156028368794326 0.77 5.224803287274833
0.3402266169219991 1.8156028368794326 0.78 5.255967025530959
0.34355600540748266 1.8156028368794326 0.79 5.287606084216974
0.34685304688951807 1.8156028368794326 0.8 5.319722108968201
0.35011775019403313 1.8156028368794326 0.81 5.352316411284776
0.35335004394930425 1.8156028368794326 0.82 5.385393048674132
0.35655006268855705 1.8156028368794326 0.83 5.418950082618685
0.3597177615438184 1.8156028368794326 0.84 5.452991336413719
0.3628531795962906 1.8156028368794326 0.85 5.487518347580488
0.36595635594992604 1.8156028368794326 0.86 5.52253292346431
0.36902733624776 1.8156028368794326 0.87 5.558036935474141
0.37206617240163914 1.8156028368794326 0.88 5.594032320305346
0.37507292289733446 1.8156028368794326 0.89 5.630521064008426
0.37804765447220373 1.8156028368794326 0.9 5.667505145172197
0.3809902516710339 1.8156028368794326 0.91 5.70499223230289
0.38390128408386276 1.8156028368794326 0.92 5.742969703014397
0.3867803673364155 1.8156028368794326 0.93 5.781453727262601
0.38962771820271636 1.8156028368794326 0.94 5.820442684527904
0.39244342035867613 1.8156028368794326 0.95 5.859939149149731
0.3952275568955336 1.8156028368794326 0.96 5.899945915851899
0.39798021108373066 1.8156028368794326 0.97 5.940465971560951
0.40070146587308403 1.8156028368794326 0.98 5.98150250546043
0.4033914033772883 1.8156028368794326 0.99 6.023058919960771
0.0 1.8297872340425532 0.0 4.146920276262095
0.0049105248890883935 1.8297872340425532 0.01 4.147096744123081
0.0098204229199423 1.8297872340425532 0.02 4.147626196822778
0.014729067441562339 1.8297872340425532 0.03 4.148508726593072
0.01963583217378131 1.8297872340425532 0.04 4.149744514751332
0.024540091407325958 1.8297872340425532 0.05 4.151333810166584
0.02944122022474082 1.8297872340425532 0.06 4.153276923338406
0.03433859464077492 1.8297872340425532 0.07 4.155574244973755
0.039231591856775515 1.8297872340425532 0.08 4.158226226474804
0.04411959042857154 1.8297872340425532 0.09 4.161233389641835
0.04900197044514344 1.8297872340425532 0.1 4.164596328690758
0.053878113765929846 1.8297872340425532 0.11 4.168315702058849
0.05874740422833329 1.8297872340425532 0.12 4.172392232430143
0.06360922777530063 1.8297872340425532 0.13 4.176826717157416
0.06846297277166137 1.8297872340425532 0.14 4.181620011166001
0.07330803018854047 1.8297872340425532 0.15 4.1867730315451634
0.0781437936999167 1.8297872340425532 0.16 4.192286769761774
0.08296966006673838 1.8297872340425532 0.17 4.198162270491959
0.08778502930864947 1.8297872340425532 0.18 4.204400637530262
0.0925893048170254 1.8297872340425532 0.19 4.211003043081736
0.09738189390624213 1.8297872340425532 0.2 4.217970696290402
0.10216220784626931 1.8297872340425532 0.21 4.225304863094377
0.1069296639154746 1.8297872340425532 0.22 4.233006720759797
0.11168360171359462 1.8297872340425532 0.23 4.241083759577294
0.1164236553163028 1.8297872340425532 0.24 4.249521416231864
0.12114906413785749 1.8297872340425532 0.25 4.258335647656077
0.12585931703322276 1.8297872340425532 0.26 4.267523825423552
0.13055385482591794 1.8297872340425532 0.27 4.277087440601289
0.13523212272809793 1.8297872340425532 0.28 4.287028121361068
0.13989357181002807 1.8297872340425532 0.29 4.297347541932501
0.1445376589641184 1.8297872340425532 0.3 4.30804743773742
0.1491638475344497 1.8297872340425532 0.31 4.319129579131421
0.1537716074770528 1.8297872340425532 0.32 4.330595775703765
0.15836041564195955 1.8297872340425532 0.33 4.342447872894362
0.16292975606923532 1.8297872340425532 0.34 4.3546877480696216
0.16747912028639797 1.8297872340425532 0.35 4.367317306771083
0.17200800764281665 1.8297872340425532 0.36 4.380338477256572
0.17651592748283254 1.8297872340425532 0.37 4.393753113869402
0.18100224295788406 1.8297872340425532 0.38 4.40757062505826
0.18546690187929737 1.8297872340425532 0.39 4.421772346311257
0.18990903505583287 1.8297872340425532 0.4 4.436379894998048
0.19432830827894662 1.8297872340425532 0.41 4.451389259162144
0.1987242740224621 1.8297872340425532 0.42 4.466802418387383
0.20309649263010404 1.8297872340425532 0.43 4.48262144314018
0.2074445342700156 1.8297872340425532 0.44 4.4988484111524825
0.2117679789555662 1.8297872340425532 0.45 4.515485414619034
0.21606641698115336 1.8297872340425532 0.46 4.5325345488031
0.22033944905511377 1.8297872340425532 0.47 4.549997913775587
0.22458668742706164 1.8297872340425532 0.48 4.567877575050275
0.22880775972379847 1.8297872340425532 0.49 4.586175418584303
0.23300224912154144 1.8297872340425532 0.5 4.604895533695715
0.23716989498760657 1.8297872340425532 0.51 4.624036245174574
0.2413102894549743 1.8297872340425532 0.52 4.643602176547318
0.2454231120152177 1.8297872340425532 0.53 4.6635949322971575
0.2495080434020403 1.8297872340425532 0.54 4.684016524565832
0.25356477572527203 1.8297872340425532 0.55 4.704868974859837
0.2575930129555449 1.8297872340425532 0.56 4.72615429795232
0.2615924713688308 1.8297872340425532 0.57 4.7478744878716475
0.2655628799328297 1.8297872340425532 0.58 4.770031506377109
0.26950398159518457 1.8297872340425532 0.59 4.792627239524755
0.27341570596990156 1.8297872340425532 0.6 4.815657418502384
0.2772972548337184 1.8297872340425532 0.61 4.839143820265829
0.2811489985550856 1.8297872340425532 0.62 4.8630674945895445
0.28497051829333764 1.8297872340425532 0.63 4.887437698425083
0.28876162039521475 1.8297872340425532 0.64 4.912256178405365
0.2925221217638318 1.8297872340425532 0.65 4.937524727082999
0.29625185130556875 1.8297872340425532 0.66 4.963245130164814
0.2999506508755211 1.8297872340425532 0.67 4.989419132539969
0.30361837443968903 1.8297872340425532 0.68 5.016048464273201
0.30725489132690215 1.8297872340425532 0.69 5.043134730865979
0.3108599374461596 1.8297872340425532 0.7 5.070684267164334
0.314433785119185 1.8297872340425532 0.71 5.098686270085108
0.3179759848491887 1.8297872340425532 0.72 5.127153863815024
0.3214865542257299 1.8297872340425532 0.73 5.15608528924458
0.3249654206042056 1.8297872340425532 0.74 5.1854820908306
0.328412520388791 1.8297872340425532 0.75 5.215345870580211
0.3318278007746131 1.8297872340425532 0.76 5.245678226148427
0.3352112196431242 1.8297872340425532 0.77 5.276480748687104
0.33856274580250073 1.8297872340425532 0.78 5.307755009740849
0.34188236557858914 1.8297872340425532 0.79 5.339502349894865
0.345169998627188 1.8297872340425532 0.8 5.3717264972048335
0.34842576214544896 1.8297872340425532 0.81 5.4044253246425376
0.3516495848488701 1.8297872340425532 0.82 5.437602877147094
0.35484149347345256 1.8297872340425532 0.83 5.471260433915744
0.35800151156298077 1.8297872340425532 0.84 5.50539965675593
0.3611296695462265 1.8297872340425532 0.85 5.5400222691628755
0.36422600484326223 1.8297872340425532 0.86 5.575130046030949
0.3672905620147126 1.8297872340425532 0.87 5.610724802296239
0.3703233933688278 1.8297872340425532 0.88 5.646808367832166
0.3733245997153734 1.8297872340425532 0.89 5.683381340284673
0.37629406489681594 1.8297872340425532 0.9 5.720451158974353
0.3792320708444006 1.8297872340425532 0.91 5.7580133769976465
0.3821385953647354 1.8297872340425532 0.92 5.7960730291077045
0.38501371711551285 1.8297872340425532 0.93 5.83463229867933
0.3878575132449984 1.8297872340425532 0.94 5.8736936272469205
0.3906700629238413 1.8297872340425532 0.95 5.913259601217913
0.39345144650417124 1.8297872340425532 0.96 5.953332971787702
0.396201745602246 1.8297872340425532 0.97 5.993916647226157
0.3989210442080448 1.8297872340425532 0.98 6.0350136544688535
0.40160904296863686 1.8297872340425532 0.99 6.076638806930079
0.0 1.8439716312056738 0.0 4.192031590417536
0.004884031972802244 1.8439716312056738 0.01 4.19220974626467
0.00976744129020192 1.8439716312056738 0.02 4.192744253751429
0.014649605490606711 1.8439716312056738 0.03 4.193635215794768
0.019529902521085073 1.8439716312056738 0.04 4.194882797684155
0.024407710914083613 1.8439716312056738 0.05 4.19648724025696
0.029282409977189613 1.8439716312056738 0.06 4.198448856126212
0.034153380039106555 1.8439716312056738 0.07 4.200768015269884
0.03902000264315044 1.8439716312056738 0.08 4.203445152618707
0.04388166065591155 1.8439716312056738 0.09 4.20648078677494
0.04873773860731246 1.8439716312056738 0.1 4.209875487554192
0.05358762286827496 1.8439716312056738 0.11 4.2136298865316
0.058430701741696595 1.8439716312056738 0.12 4.217744694752064
0.06326636595696603 1.8439716312056738 0.13 4.222220658439705
0.06809400871929139 1.8439716312056738 0.14 4.227058588503353
0.07291302687749053 1.8439716312056738 0.15 4.2322592484381945
0.07772285286592792 1.8439716312056738 0.16 4.237819926988057
0.08252276282692952 1.8439716312056738 0.17 4.243755199025615
0.08731230714556475 1.8439716312056738 0.18 4.2500504154234
0.09209083584773714 1.8439716312056738 0.19 4.256713025065601
0.09685776330325076 1.8439716312056738 0.2 4.263743984043476
0.10161250608681335 1.8439716312056738 0.21 4.271144497318106
0.10635448468663816 1.8439716312056738 0.22 4.278915856440725
0.11108312410566536 1.8439716312056738 0.23 4.287059403194758
0.11579785401736842 1.8439716312056738 0.24 4.295576534709087
0.12049810896850138 1.8439716312056738 0.25 4.304468703852209
0.12518332869433657 1.8439716312056738 0.26 4.313737411583097
0.12985295846699754 1.8439716312056738 0.27 4.323384198441965
0.13450644913675147 1.8439716312056738 0.28 4.333410657226115
0.13914325761206908 1.8439716312056738 0.29 4.343818415613119
0.14376284696007835 1.8439716312056738 0.3 4.354609144642675
0.1483646868419043 1.8439716312056738 0.31 4.365784545706667
0.15294825369812987 1.8439716312056738 0.32 4.377346353689845
0.15751303214475237 1.8439716312056738 0.33 4.389296271788678
0.16205853864444428 1.8439716312056738 0.34 4.401634705852584
0.16658416659803726 1.8439716312056738 0.35 4.414369147458851
0.17108954948654984 1.8439716312056738 0.36 4.427494558387364
0.17557414643162694 1.8439716312056738 0.37 4.44101578342984
0.18003748225016342 1.8439716312056738 0.38 4.454934586143036
0.18447908806706165 1.8439716312056738 0.39 4.4692528712298145
0.1888985033355221 1.8439716312056738 0.4 4.483972585613687
0.19329527658197881 1.8439716312056738 0.41 4.49909569059666
0.19766896560388308 1.8439716312056738 0.42 4.514624161824486
0.2020191377952444 1.8439716312056738 0.43 4.530559983070831
0.20634537023035138 1.8439716312056738 0.44 4.546905150875529
0.2106472506522405 1.8439716312056738 0.45 4.563661639030514
0.21492438028097882 1.8439716312056738 0.46 4.580831288490118
0.21917631302816662 1.8439716312056738 0.47 4.598418375434958
0.22340278393923663 1.8439716312056738 0.48 4.61641999258927
0.2276033326779674 1.8439716312056738 0.49 4.634841919098142
0.23177762018712203 1.8439716312056738 0.5 4.653685285559413
0.23592529937424855 1.8439716312056738 0.51 4.672952027363008
0.24004603364518476 1.8439716312056738 0.52 4.6926441091868405
0.24413949795491108 1.8439716312056738 0.53 4.712763486082518
0.24820537885782937 1.8439716312056738 0.54 4.73331210520654
0.25224337513194467 1.8439716312056738 0.55 4.754291885287113
0.2562531980124285 1.8439716312056738 0.56 4.775704711540024
0.26023457529503097 1.8439716312056738 0.57 4.797552287654407
0.26418718791663803 1.8439716312056738 0.58 4.819838460193577
0.2681108859239886 1.8439716312056738 0.59 4.842561309963816
0.2720053582964968 1.8439716312056738 0.6 4.865725247257366
0.2758703897791551 1.8439716312056738 0.61 4.889331604727719
0.27970576556157 1.8439716312056738 0.62 4.913382129068687
0.28351128244723295 1.8439716312056738 0.63 4.937878571689594
0.2872867496309973 1.8439716312056738 0.64 4.962822659824041
0.291031988564238 1.8439716312056738 0.65 4.988216099936349
0.2947468333552609 1.8439716312056738 0.66 5.014060562328302
0.29843113396568705 1.8439716312056738 0.67 5.040357571555382
0.30208467563090785 1.8439716312056738 0.68 5.067111211376978
0.3057074951774417 1.8439716312056738 0.69 5.09431749482114
0.30929933897832707 1.8439716312056738 0.7 5.121982571090947
0.31286013396243206 1.8439716312056738 0.71 5.1501068983976195
0.3163897864957167 1.8439716312056738 0.72 5.178691996126606
0.31988821311266213 1.8439716312056738 0.73 5.207739408092985
0.3233553414395719 1.8439716312056738 0.74 5.237250666924966
0.32679110978894127 1.8439716312056738 0.75 5.267227302206591
0.33019546781937714 1.8439716312056738 0.76 5.2976708139721955
0.3335683812767728 1.8439716312056738 0.77 5.3285825163090905
0.3369097517498915 1.8439716312056738 0.78 5.359966088633064
0.3402196885785863 1.8439716312056738 0.79 5.391818905475329
0.3434980889354222 1.8439716312056738 0.8 5.4241454108054
0.346744967177011 1.8439716312056738 0.81 5.456946617097973
0.34996033042470287 1.8439716312056738 0.82 5.490224063346825
0.35314419302091654 1.8439716312056738 0.83 5.5239793477447074
0.35629657690036604 1.8439716312056738 0.84 5.558214108998525
0.3594175116111871 1.8439716312056738 0.85 5.592930018921902
0.3625070348815402 1.8439716312056738 0.86 5.628128758241054
0.36556520347497323 1.8439716312056738 0.87 5.6638116739218995
0.36859198018667066 1.8439716312056738 0.88 5.699983271092257
0.37158755273791355 1.8439716312056738 0.89 5.736641333251939
0.37455190611098094 1.8439716312056738 0.9 5.773790156484632
0.3774851133171772 1.8439716312056738 0.91 5.811431540584137
0.380387243491443 1.8439716312056738 0.92 5.849567628113652
0.3832583684249046 1.8439716312056738 0.93 5.888200695900165
0.38609856257835945 1.8439716312056738 0.94 5.927333148532624
0.3889079029007101 1.8439716312056738 0.95 5.9669675181905335
0.3916864690457824 1.8439716312056738 0.96 6.007106452551683
0.3944343633107763 1.8439716312056738 0.97 6.047752098236237
0.3971515468515491 1.8439716312056738 0.98 6.088911118297318
0.39983826029320985 1.8439716312056738 0.99 6.130581790166088
0.0 1.8581560283687943 0.0 4.2377379030486875
0.004857623497925692 1.8581560283687943 0.01 4.237915554034818
0.009714631666509847 1.8581560283687943 0.02 4.238452434168576
0.014570404427540281 1.8581560283687943 0.03 4.239350224559918
0.01942432303564169 1.8581560283687943 0.04 4.24060868725427
0.02427577038983807 1.8581560283687943 0.05 4.242227612715472
0.029124130040657586 1.8581560283687943 0.06 4.2442071993034345
0.033968786887971225 1.8581560283687943 0.07 4.2465476856691105
0.038809126875698284 1.8581560283687943 0.08 4.249249477884719
0.04364453743734719 1.8581560283687943 0.09 4.2523130459385765
0.04847440758182078 1.8581560283687943 0.1 4.255738945151691
0.053298128298626596 1.8581560283687943 0.11 4.259527774886982
0.058115092494129564 1.8581560283687943 0.12 4.263680226362493
0.06292469546612853 1.8581560283687943 0.13 4.268197035561048
0.06772633488507505 1.8581560283687943 0.14 4.273079018136302
0.07251941129588214 1.8581560283687943 0.15 4.278327029063712
0.0773033280881414 1.8581560283687943 0.16 4.283941995839358
0.08207749180725737 1.8581560283687943 0.17 4.289924904452029
0.08684131238770833 1.8581560283687943 0.18 4.296276797459061
0.09159420344851836 1.8581560283687943 0.19 4.302998766624555
0.09633558235146407 1.8581560283687943 0.2 4.310091968704549
0.10106487067655945 1.8581560283687943 0.21 4.317557601071991
0.10578149414443674 1.8581560283687943 0.22 4.325396928688104
0.1104848831983613 1.8581560283687943 0.23 4.333611252448147
0.11517447301220113 1.8581560283687943 0.24 4.342201928035355
0.11984970385255339 1.8581560283687943 0.25 4.351170354554907
0.12451002120928091 1.8581560283687943 0.26 4.360517981577279
0.1291548763339898 1.8581560283687943 0.27 4.370246286859699
0.133783726333294 1.8581560283687943 0.28 4.3803567872955655
0.13839603626526847 1.8581560283687943 0.29 4.390850920344725
0.14299066176954173 1.8581560283687943 0.3 4.401768084867108
0.14756888850293662 1.8581560283687943 0.31 4.412998454455558
0.1521284111398677 1.8581560283687943 0.32 4.4246538213487865
0.15666930579203314 1.8581560283687943 0.33 4.4366997751125945
0.16119107090138107 1.8581560283687943 0.34 4.449137961985546
0.16569321149914154 1.8581560283687943 0.35 4.4619701181590035
0.17017523989690042 1.8581560283687943 0.36 4.4751980369744135
0.17463667677045913 1.8581560283687943 0.37 4.488823520285931
0.17907705077947103 1.8581560283687943 0.38 4.502848409557149
0.18349589953679118 1.8581560283687943 0.39 4.517274546101997
0.18789276908232644 1.8581560283687943 0.4 4.5321038079521685
0.19226721511978156 1.8581560283687943 0.41 4.547338058495675
0.19661880277610239 1.8581560283687943 0.42 4.562979169117836
0.20094711080751837 1.8581560283687943 0.43 4.579028836130478
0.20525167379452244 1.8581560283687943 0.44 4.595491193180158
0.20953218498225534 1.8581560283687943 0.45 4.612363683433819
0.21378817757669893 1.8581560283687943 0.46 4.629651420606215
0.21801928052102365 1.8581560283687943 0.47 4.647355676564909
0.22222512035390155 1.8581560283687943 0.48 4.665478308672111
0.22640533359602572 1.8581560283687943 0.49 4.684021208254485
0.23055956771763456 1.8581560283687943 0.5 4.702986263636834
0.23468748116640661 1.8581560283687943 0.51 4.722375363656841
0.23878874401956163 1.8581560283687943 0.52 4.742190375611002
0.24286303809088244 1.8581560283687943 0.53 4.7624331457659785
0.24691005821413442 1.8581560283687943 0.54 4.783105453685761
0.2509295881175731 1.8581560283687943 0.55 4.804206113012993
0.25492107412934834 1.8581560283687943 0.56 4.825747279582543
0.25888454262046057 1.8581560283687943 0.57 4.847719362481712
0.2628196219893028 1.8581560283687943 0.58 4.870128433978013
0.2667260677441977 1.8581560283687943 0.59 4.892976146797741
0.27060364544375415 1.8581560283687943 0.6 4.916264212720852
0.2744521323990317 1.8581560283687943 0.61 4.939994337617112
0.2782713183568964 1.8581560283687943 0.62 4.964168196167617
0.28206100494994313 1.8581560283687943 0.63 4.988787451117953
0.2858210067936915 1.8581560283687943 0.64 5.0138537133052
0.2895511567808411 1.8581560283687943 0.65 5.039368357085603
0.29325123214880117 1.8581560283687943 0.66 5.065335080530582
0.29692119380633253 1.8581560283687943 0.67 5.091751609776811
0.30056083011134016 1.8581560283687943 0.68 5.118622040182991
0.30417002714342667 1.8581560283687943 0.69 5.145947467751679
0.3077486710226278 1.8581560283687943 0.7 5.173729370380721
0.311296658417411 1.8581560283687943 0.71 5.201969239792223
0.3148138971762778 1.8581560283687943 0.72 5.23066855548685
0.3183003060116692 1.8581560283687943 0.73 5.259828790692956
0.3217558152756942 1.8581560283687943 0.74 5.2894513819749545
0.3251803706358168 1.8581560283687943 0.75 5.31953760463405
0.32857385521235344 1.8581560283687943 0.76 5.350091106598351
0.33193636542090915 1.8581560283687943 0.77 5.381108906813143
0.3352677725262639 1.8581560283687943 0.78 5.412595688511538
0.3385680760880592 1.8581560283687943 0.79 5.444552266186137
0.34183726593592023 1.8581560283687943 0.8 5.476980080675305
0.34507533965985415 1.8581560283687943 0.81 5.509880622377935
0.34828230283177536 1.8581560283687943 0.82 5.543255417216672
0.3514581692717897 1.8581560283687943 0.83 5.577106011492138
0.3546029610133464 1.8581560283687943 0.84 5.611433966541347
0.35771671353424545 1.8581560283687943 0.85 5.6462406872269195
0.3607993887678922 1.8581560283687943 0.86 5.681530157196267
0.36385116956873986 1.8581560283687943 0.87 5.717299650620814
0.36687200477773374 1.8581560283687943 0.88 5.753554065108832
0.36986196575366337 1.8581560283687943 0.89 5.7902946771851544
0.37282111150051184 1.8581560283687943 0.9 5.827523386864115
0.3757495044500668 1.8581560283687943 0.91 5.865242213722077
0.37864721066150103 1.8581560283687943 0.92 5.90345328417095
0.38151429964218103 1.8581560283687943 0.93 5.942158830899373
0.38435084442446543 1.8581560283687943 0.94 5.981361184602011
0.3871569265291768 1.8581560283687943 0.95 6.021062613993757
0.38993254137921085 1.8581560283687943 0.96 6.061268261400198
0.39267792543829144 1.8581560283687943 0.97 6.101975965789294
0.39539304125677843 1.8581560283687943 0.98 6.143192269589887
0.3980779871105756 1.8581560283687943 0.99 6.18491967720278
0.0 1.872340425531915 0.0 4.284012334335149
0.004831316026158917 1.872340425531915 0.01 4.284193786545458
0.009662018220409796 1.872340425531915 0.02 4.284738156949596
0.014491492956177753 1.872340425531915 0.03 4.285645550103453
0.019319127025394813 1.872340425531915 0.04 4.28691612620986
0.024144307846168354 1.872340425531915 0.05 4.28855011003106
0.028966423664052984 1.872340425531915 0.06 4.290547792699869
0.0337848637948651 1.872340425531915 0.07 4.292909521333393
0.03859901878224413 1.872340425531915 0.08 4.295635715264729
0.043408280660521055 1.872340425531915 0.09 4.29872685053668
0.04821204314571677 1.872340425531915 0.1 4.302183466342142
0.05300970183468323 1.872340425531915 0.11 4.30600616651389
0.05780065446369568 1.872340425531915 0.12 4.310195611277642
0.06258430112676679 1.872340425531915 0.13 4.314752518159259
0.0673600443847297 1.872340425531915 0.14 4.319677676341869
0.07212728967378745 1.872340425531915 0.15 4.324971919332884
0.0768854454035596 1.872340425531915 0.16 4.330636142446822
0.08163392320428665 1.872340425531915 0.17 4.336671298222558
0.0863721381637646 1.872340425531915 0.18 4.343078394172482
0.09109950913630707 1.872340425531915 0.19 4.3498584841367425
0.09581545877537204 1.872340425531915 0.2 4.357012687028427
0.10051941404438325 1.872340425531915 0.21 4.36454215871193
0.10521080635801186 1.872340425531915 0.22 4.372448101659563
0.10988907187901706 1.872340425531915 0.23 4.380731759525661
0.11455365306078945 1.872340425531915 0.24 4.389394317246103
0.11920407631529886 1.872340425531915 0.25 4.398431205221818
0.12383952379673298 1.872340425531915 0.26 4.407863623586727
0.12845974356142068 1.872340425531915 0.27 4.417671586252575
0.13306409115173373 1.872340425531915 0.28 4.427864463087118
0.13765203733822104 1.872340425531915 0.29 4.438443630337957
0.14222305792913018 1.872340425531915 0.3 4.449410600426719
0.14677663503780086 1.872340425531915 0.31 4.460766943472979
0.15131225758497432 1.872340425531915 0.32 4.472514267104219
0.15582942147618212 1.872340425531915 0.33 4.4846542179126665
0.1603276301250102 1.872340425531915 0.34 4.497188462937181
0.1648063945767801 1.872340425531915 0.35 4.510118695381155
0.16926523372059998 1.872340425531915 0.36 4.523446634364533
0.17370367480070087 1.872340425531915 0.37 4.537174008664956
0.17812125344597549 1.872340425531915 0.38 4.5513025667924785
0.18251751476583988 1.872340425531915 0.39 4.565834031953972
0.18689202362790516 1.872340425531915 0.4 4.580769611940075
0.19124427822634205 1.872340425531915 0.41 4.596114214011582
0.19557394288890897 1.872340425531915 0.42 4.611865125524111
0.19988055036748928 1.872340425531915 0.43 4.628026509816577
0.20416369628246428 1.872340425531915 0.44 4.644599952250353
0.20842298220998728 1.872340425531915 0.45 4.661587238640869
0.2126580193735798 1.872340425531915 0.46 4.67899018294305
0.21686842934974182 1.872340425531915 0.47 4.696810600919315
0.22105384438320017 1.872340425531915 0.48 4.715050302470529
0.22521390751465614 1.872340425531915 0.49 4.733711092022649
0.22934827286112291 1.872340425531915 0.5 4.752794762029575
0.23345660632621507 1.872340425531915 0.51 4.772303068909001
0.23753859448494138 1.872340425531915 0.52 4.792237380492857
0.2415938628191287 1.872340425531915 0.53 4.812601961014173
0.24562220852944833 1.872340425531915 0.54 4.833394633784497
0.2496232868189292 1.872340425531915 0.55 4.854619369922193
0.25359682762288155 1.872340425531915 0.56 4.87627759671269
0.2575425661202574 1.872340425531915 0.57 4.898370986608326
0.26146024917380856 1.872340425531915 0.58 4.920901201641708
0.265349635204972 1.872340425531915 0.59 4.943869898556077
0.2692104946766572 1.872340425531915 0.6 4.96727871075767
0.2730426102628208 1.872340425531915 0.61 4.9911292423139395
0.27684577766832413 1.872340425531915 0.62 5.0154230382370075
0.2806198219263275 1.872340425531915 0.63 5.0401609998331995
0.28436447034160106 1.872340425531915 0.64 5.0653479354500455
0.288079678090136 1.872340425531915 0.65 5.090980893734548
0.29176522567846014 1.872340425531915 0.66 5.117063583096816
0.2954209719186178 1.872340425531915 0.67 5.143597305942666
0.2990467827781302 1.872340425531915 0.68 5.170583504832052
0.30264253509468164 1.872340425531915 0.69 5.198023625904046
0.306208116973018 1.872340425531915 0.7 5.225919101020634
0.30974342775356845 1.872340425531915 0.71 5.254271344852599
0.31324837831315266 1.872340425531915 0.72 5.283081740575705
0.31672289550131694 1.872340425531915 0.73 5.312351487020627
0.3201668445419049 1.872340425531915 0.74 5.34208418783998
0.32358029705131913 1.872340425531915 0.75 5.372276886547961
0.32696311276671 1.872340425531915 0.76 5.402934043927265
0.3303152709154389 1.872340425531915 0.77 5.434056454627224
0.3336367433361202 1.872340425531915 0.78 5.46564548254414
0.3369275103346319 1.872340425531915 0.79 5.497702524899761
0.3401875605119105 1.872340425531915 0.8 5.530229011202721
0.34341689127999103 1.872340425531915 0.81 5.563226379926209
0.34661550848234307 1.872340425531915 0.82 5.5966960845661315
0.3497834296130366 1.872340425531915 0.83 5.6306394836563385
0.3529205848080125 1.872340425531915 0.84 5.665061014524301
0.35602721166955426 1.872340425531915 0.85 5.699955504368897
0.3591031715359434 1.872340425531915 0.86 5.735330125988712
0.36214854746594916 1.872340425531915 0.87 5.771185182980253
0.365163386958162 1.872340425531915 0.88 5.807522367229954
0.3681477412424484 1.872340425531915 0.89 5.8443434901812
0.37110166626280416 1.872340425531915 0.9 5.881650444748083
0.3740252221684717 1.872340425531915 0.91 5.919445215072155
0.37691847330498757 1.872340425531915 0.92 5.957729870589674
0.3797814901930667 1.872340425531915 0.93 5.9965064975772435
0.3826138681991059 1.872340425531915 0.94 6.035792379762616
0.3854170479416812 1.872340425531915 0.95 6.075546781520319
0.38818977405523886 1.872340425531915 0.96 6.115814223082416
0.39093254660772736 1.872340425531915 0.97 6.1565840286577656
0.39364544323708206 1.872340425531915 0.98 6.197859035399677
0.39632853861383377 1.872340425531915 0.99 6.239642354450371
0.0 1.8865248226950355 0.0 4.3308769805394896
0.004805105180990114 1.8865248226950355 0.01 4.331060026264185
0.009609601139534078 1.8865248226950355 0.02 4.331609198406641
0.014412878869410641 1.8865248226950355 0.03 4.332524587457833
0.019214329782582484 1.8865248226950355 0.04 4.333806353020216
0.02401334594607403 1.8865248226950355 0.05 4.335454708412962
0.02880932028304542 1.8865248226950355 0.06 4.337469931327539
0.03360164676450503 1.8865248226950355 0.07 4.339852367660552
0.038389720666244666 1.8865248226950355 0.08 4.342602417615304
0.043172938764882374 1.8865248226950355 0.09 4.3457205431411365
0.04795069959247085 1.8865248226950355 0.1 4.349207260153862
0.05272240354855566 1.8865248226950355 0.11 4.353063158329774
0.05748745328627439 1.8865248226950355 0.12 4.35728886942091
0.06224525378957126 1.8865248226950355 0.13 4.361885093103507
0.0669952126985236 1.8865248226950355 0.14 4.366852579383522
0.07173674046171716 1.8865248226950355 0.15 4.372192138797723
0.07646925081790927 1.8865248226950355 0.16 4.3779046109624
0.08119216083128346 1.8865248226950355 0.17 4.383990891871198
0.08590489298660087 1.8865248226950355 0.18 4.390451741522781
0.09060673946064834 1.8865248226950355 0.19 4.397301027129271
0.09529749319874893 1.8865248226950355 0.2 4.404504296726794
0.0999762436461863 1.8865248226950355 0.21 4.4120960572969725
0.10464253252628467 1.8865248226950355 0.22 4.420067260662655
0.1092958030318121 1.8865248226950355 0.23 4.428418958795174
0.11393550194769389 1.8865248226950355 0.24 4.437152380265535
0.11856108114943764 1.8865248226950355 0.25 4.446268809536315
0.12317199775719427 1.8865248226950355 0.26 4.455769589494493
0.12776771464811293 1.8865248226950355 0.27 4.46565609817057
0.1323477006223644 1.8865248226950355 0.28 4.475929753166713
0.13691143061561725 1.8865248226950355 0.29 4.486592011854863
0.14145838616218148 1.8865248226950355 0.3 4.497644355258778
0.1459880554201896 1.8865248226950355 0.31 4.509088301411178
0.15049993344063864 1.8865248226950355 0.32 4.520925401435398
0.15499352261071456 1.8865248226950355 0.33 4.533157225692303
0.1594683329700155 1.8865248226950355 0.34 4.545785358900399
0.16392388232419963 1.8865248226950355 0.35 4.558811406785862
0.1683596995616532 1.8865248226950355 0.36 4.572236827345413
0.17277526203331897 1.8865248226950355 0.37 4.586066284946969
0.17717023870296889 1.8865248226950355 0.38 4.6002946859092955
0.1815440791951546 1.8865248226950355 0.39 4.614929117355208
0.18589636736958703 1.8865248226950355 0.4 4.629969991208464
0.19022667320942008 1.8865248226950355 0.41 4.645418956946567
0.19453457519639997 1.8865248226950355 0.42 4.6612777182595275
0.1988196610151044 1.8865248226950355 0.43 4.677548003612936
0.20308152833042362 1.8865248226950355 0.44 4.694231536241894
0.20731978456288389 1.8865248226950355 0.45 4.7113300523216015
0.21153404756693683 1.8865248226950355 0.46 4.728845276442948
0.21572394560167263 1.8865248226950355 0.47 4.746778930081498
0.21988911799625352 1.8865248226950355 0.48 4.765132708620058
0.2240292193849462 1.8865248226950355 0.49 4.78390810741578
0.22814385543081156 1.8865248226950355 0.5 4.803109146691434
0.23223280503942317 1.8865248226950355 0.51 4.822732973803803
0.23629567485025796 1.8865248226950355 0.52 4.842784486238542
0.24033217355324255 1.8865248226950355 0.53 4.863264728936545
0.24434200776814072 1.8865248226950355 0.54 4.884175303425465
0.24832489432865548 1.8865248226950355 0.55 4.905517849685193
0.2522805619535793 1.8865248226950355 0.56 4.927293979760273
0.2562087509193245 1.8865248226950355 0.57 4.949505292668001
0.2601092130605117 1.8865248226950355 0.58 4.972153375284087
0.2639817126436788 1.8865248226950355 0.59 4.995239769666434
0.2678260275096122 1.8865248226950355 0.6 5.018765931767631
0.271641700302665 1.8865248226950355 0.61 5.042742470619808
0.27542922347418125 1.8865248226950355 0.62 5.067145134075569
0.27918774367620297 1.8865248226950355 0.63 5.092000072522257
0.28291729203962235 1.8865248226950355 0.64 5.117300998883111
0.28661770479850823 1.8865248226950355 0.65 5.14304927753942
0.2902888280799598 1.8865248226950355 0.66 5.1692463156924635
0.29393051913435236 1.8865248226950355 0.67 5.195893514759282
0.297542646486065 1.8865248226950355 0.68 5.222992261587603
0.3011250899867643 1.8865248226950355 0.69 5.250543923127112
0.3046777412191273 1.8865248226950355 0.7 5.278549828849114
0.3082005096674091 1.8865248226950355 0.71 5.307011054888883
0.31169324095055323 1.8865248226950355 0.72 5.335931226187756
0.31515597746133134 1.8865248226950355 0.73 5.3653075658752085
0.3185885743948559 1.8865248226950355 0.74 5.39514406916426
0.3219909873374845 1.8865248226950355 0.75 5.425441627074611
0.3253631702516613 1.8865248226950355 0.76 5.456201522510703
0.3287050853745395 1.8865248226950355 0.77 5.487425084323617
0.33201670410172923 1.8865248226950355 0.78 5.519113651119461
0.33529800658805553 1.8865248226950355 0.79 5.551268578442346
0.3385489821801323 1.8865248226950355 0.8 5.583891218262766
0.34176963097988006 1.8865248226950355 0.81 5.616982861670845
0.3449597728550878 1.8865248226950355 0.82 5.650550990752273
0.34811992284310384 1.8865248226950355 0.83 5.684580586483397
0.35124963351117106 1.8865248226950355 0.84 5.719088440534273
0.35434907134644616 1.8865248226950355 0.85 5.7540714926382215
0.3574182712330938 1.8865248226950355 0.86 5.789531253536299
0.3604572720198017 1.8865248226950355 0.87 5.825469355925217
0.3634661178489447 1.8865248226950355 0.88 5.861887504237129
0.36644485792408554 1.8865248226950355 0.89 5.8987874755699155
0.3693935463960654 1.8865248226950355 0.9 5.9361711169571905
0.37231224306200517 1.8865248226950355 0.91 5.9740403167392575
0.3752010449731857 1.8865248226950355 0.92 6.0123959857221685
0.3780598642929947 1.8865248226950355 0.93 6.051245168511199
0.3808889641104218 1.8865248226950355 0.94 6.090583870590244
0.38368832558693455 1.8865248226950355 0.95 6.1304173288888295
0.38645802592933126 1.8865248226950355 0.96 6.1707478963989315
0.3891981384005671 1.8865248226950355 0.97 6.211578240604849
0.3919087360320757 1.8865248226950355 0.98 6.252911219688208
0.39458989134751443 1.8865248226950355 0.99 6.2947498868306875
0.0 1.9007092198581559 0.0 4.37832107377589
0.004779000117428359 1.9007092198581559 0.01 4.378505681862386
0.00955739575469733 1.9007092198581559 0.02 4.379059557327925
0.014334582676995146 1.9007092198581559 0.03 4.379982766746549
0.01910995705474704 1.9007092198581559 0.04 4.381275474675904
0.023882915746138263 1.9007092198581559 0.05 4.382937882083055
0.02865285659508595 1.9007092198581559 0.06 4.38497022143362
0.03341917852615628 1.9007092198581559 0.07 4.3873728090499275
0.03818128258407419 1.9007092198581559 0.08 4.390145840941152
0.04293857997608501 1.9007092198581559 0.09 4.3932878905049355
0.04769042012182649 1.9007092198581559 0.1 4.396810046537146
0.05243628912656702 1.9007092198581559 0.11 4.4006970426232614
0.05717555116611775 1.9007092198581559 0.12 4.404958005053609
0.06190762114612833 1.9007092198581559 0.13 4.409592652309703
0.06663191233155084 1.9007092198581559 0.14 4.414601596545238
0.07134784047774335 1.9007092198581559 0.15 4.419985583676442
0.07605482438338029 1.9007092198581559 0.16 4.425745430283747
0.08075228611543762 1.9007092198581559 0.17 4.4318820181729395
0.08543965126866111 1.9007092198581559 0.18 4.438396286932459
0.09011634941871936 1.9007092198581559 0.19 4.445289209442864
0.09478181400776954 1.9007092198581559 0.2 4.452561827488581
0.09943548294270757 1.9007092198581559 0.21 4.460215213424499
0.10407679858572205 1.9007092198581559 0.22 4.468250493703278
0.10870520808099737 1.9007092198581559 0.23 4.476668838581106
0.11332016359710084 1.9007092198581559 0.24 4.485471460634517
0.11792112271863298 1.9007092198581559 0.25 4.494659601910901
0.12250754835470425 1.9007092198581559 0.26 4.504234559009029
0.12707890928614227 1.9007092198581559 0.27 4.514197657290428
0.1316346803510256 1.9007092198581559 0.28 4.524550254695187
0.13617434259960504 1.9007092198581559 0.29 4.535293746481599
0.1406973839018973 1.9007092198581559 0.3 4.546429539476251
0.1452032989637588 1.9007092198581559 0.31 4.557959067509368
0.1496915925602273 1.9007092198581559 0.32 4.569883607371683
0.15416171568805645 1.9007092198581559 0.33 4.582208111211949
0.15861331578638596 1.9007092198581559 0.34 4.594926257549489
0.1630458111710347 1.9007092198581559 0.35 4.608045908240096
0.16745875919265688 1.9007092198581559 0.36 4.6215671084980645
0.17185170137812997 1.9007092198581559 0.37 4.635491359358459
0.17622418652777336 1.9007092198581559 0.38 4.6498202472296954
0.1805757718950541 1.9007092198581559 0.39 4.664555385069584
0.1849060237721387 1.9007092198581559 0.4 4.679698390648384
0.18921451727471045 1.9007092198581559 0.41 4.695250906680397
0.19350083729294296 1.9007092198581559 0.42 4.711214561376048
0.19776457795988414 1.9007092198581559 0.43 4.727591003756875
0.20200534356077002 1.9007092198581559 0.44 4.74438186696967
0.2062227485520358 1.9007092198581559 0.45 4.761588776003442
0.21041642178140882 1.9007092198581559 0.46 4.779213163212219
0.21458594277813933 1.9007092198581559 0.47 4.797259137953126
0.21873106939382755 1.9007092198581559 0.48 4.815723264406297
0.22285137460881585 1.9007092198581559 0.49 4.8346108848435705
0.22694654207846207 1.9007092198581559 0.5 4.853922846032449
0.23101625042093854 1.9007092198581559 0.51 4.873660702712811
0.23506018862707775 1.9007092198581559 0.52 4.893826030175099
0.23907805641310023 1.9007092198581559 0.53 4.914420410832928
0.24306956495410884 1.9007092198581559 0.54 4.935445405948661
0.24703443671577816 1.9007092198581559 0.55 4.956902565128961
0.25097240603629667 1.9007092198581559 0.56 4.978793404875357
0.25488321895919064 1.9007092198581559 0.57 5.001119417460599
0.2587666417390469 1.9007092198581559 0.58 5.0238817419222475
0.26262237982591113 1.9007092198581559 0.59 5.047084295395084
0.26645031871727387 1.9007092198581559 0.6 5.0707244686760875
0.2702501867603805 1.9007092198581559 0.61 5.094806151631392
0.27402179627973816 1.9007092198581559 0.62 5.119330417654311
0.27776496330882033 1.9007092198581559 0.63 5.144298623528197
0.281479514367422 1.9007092198581559 0.64 5.16971214530288
0.28516528739018177 1.9007092198581559 0.65 5.195572340775981
0.28882213165116777 1.9007092198581559 0.66 5.221880549769882
0.29244990768106816 1.9007092198581559 0.67 5.24863809429622
0.29604848801288886 1.9007092198581559 0.68 5.275846248834505
0.29961776741358437 1.9007092198581559 0.69 5.303505875658488
0.30315756318814985 1.9007092198581559 0.7 5.331620940399623
0.3066678967249738 1.9007092198581559 0.71 5.360188568839196
0.31014861625194634 1.9007092198581559 0.72 5.389212359559498
0.31359965398027173 1.9007092198581559 0.73 5.418693301451702
0.3170209451052541 1.9007092198581559 0.74 5.448632627900739
0.3204124337643341 1.9007092198581559 0.75 5.479031600839437
0.3237740736514578 1.9007092198581559 0.76 5.509891483599026
0.32710582739833705 1.9007092198581559 0.77 5.541213556223089
0.33040766729090915 1.9007092198581559 0.78 5.572999085204219
0.33367957616812344 1.9007092198581559 0.79 5.605249287758979
0.33692575355220516 1.9007092198581559 0.8 5.6378245607033675
0.3401335148292437 1.9007092198581559 0.81 5.671150645865166
0.343315581035061 1.9007092198581559 0.82 5.704803330425094
0.34646770824321277 1.9007092198581559 0.83 5.738926438470988
0.3495899178310616 1.9007092198581559 0.84 5.773521320685182
0.35268223509942415 1.9007092198581559 0.85 5.8085894612135
0.3557446912998783 1.9007092198581559 0.86 5.8441324031992234
0.3587773234059998 1.9007092198581559 0.87 5.8801517496534546
0.36178017396429485 1.9007092198581559 0.88 5.916649161827606
0.3647532913753476 1.9007092198581559 0.89 5.953626343685767
0.3676967399154465 1.9007092198581559 0.9 5.991084709250062
0.3706104898364173 1.9007092198581559 0.91 6.0290289549131
0.3734947412117887 1.9007092198581559 0.92 6.067456508489067
0.3763494735656974 1.9007092198581559 0.93 6.106372187925257
0.3791747636849112 1.9007092198581559 0.94 6.1457778471039575
0.3819706804873348 1.9007092198581559 0.95 6.185675793470627
0.3847372936138079 1.9007092198581559 0.96 6.226068502861531
0.3874746736674392 1.9007092198581559 0.97 6.2669586065550655
0.39018289180183124 1.9007092198581559 0.98 6.308348899788894
0.392862019323429 1.9007092198581559 0.99 6.35024235014949
0.0 1.9148936170212765 0.0 4.42634272908723
0.004753005848777446 1.9148936170212765 0.01 4.426528885521579
0.009505412074432317 1.9148936170212765 0.02 4.427087374258261
0.014256619262905508 1.9148936170212765 0.03 4.428018293858782
0.01900602845819336 1.9148936170212765 0.04 4.429321783221079
0.023753041369921287 1.9148936170212765 0.05 4.430998044658693
0.028497060598903796 1.9148936170212765 0.06 4.433047338181382
0.0332374898426187 1.9148936170212765 0.07 4.435469985880795
0.03797373415595349 1.9148936170212765 0.08 4.438266359958296
0.042705200176559766 1.9148936170212765 0.09 4.441436885867978
0.0474312962754194 1.9148936170212765 0.1 4.444982057385605
0.05215143289209335 1.9148936170212765 0.11 4.448902411834407
0.05686502271593051 1.9148936170212765 0.12 4.4531985414730135
0.06157148087314246 1.9148936170212765 0.13 4.45787109859639
0.06627022521852982 1.9148936170212765 0.14 4.46292078417004
0.07096067657111296 1.9148936170212765 0.15 4.468348347747672
0.07564225889903745 1.9148936170212765 0.16 4.474154593146976
0.0803143995680025 1.9148936170212765 0.17 4.480340374822401
0.08497652960439656 1.9148936170212765 0.18 4.486906593594306
0.08962808395330749 1.9148936170212765 0.19 4.493854193908561
0.09426850161181363 1.9148936170212765 0.2 4.5011841734887685
0.09889722599481153 1.9148936170212765 0.21 4.508897568849055
0.10351370513825144 1.9148936170212765 0.22 4.51699545845089
0.10811739193049685 1.9148936170212765 0.23 4.525478962382659
0.1127077443393592 1.9148936170212765 0.24 4.534349242123768
0.11728422570086168 1.9148936170212765 0.25 4.543607495235849
0.12184630519450468 1.9148936170212765 0.26 4.553254936896682
0.12639345886238515 1.9148936170212765 0.27 4.563292745538667
0.130925190107717 1.9148936170212765 0.28 4.573720657602099
0.135440890371355 1.9148936170212765 0.29 4.584546642995919
0.13994017411897824 1.9148936170212765 0.3 4.595763689919254
0.1444224881729462 1.9148936170212765 0.31 4.607376913159938
0.14888734323457542 1.9148936170212765 0.32 4.619387511323689
0.1533342546952081 1.9148936170212765 0.33 4.6317968879776705
0.15776274510111576 1.9148936170212765 0.34 4.6446064949217645
0.16217234466820846 1.9148936170212765 0.35 4.657817810897095
0.16656259168149445 1.9148936170212765 0.36 4.671432329437493
0.1709330325007243 1.9148936170212765 0.37 4.685451569533122
0.1752832221399461 1.9148936170212765 0.38 4.699877053635218
0.17961272423813343 1.9148936170212765 0.39 4.714710319972172
0.18392111132011468 1.9148936170212765 0.4 4.72995291789969
0.18820796543908655 1.9148936170212765 0.41 4.74560638407989
0.1924728783124383 1.9148936170212765 0.42 4.761672245932794
0.19671545781431152 1.9148936170212765 0.43 4.778151715302058
0.2009352593193446 1.9148936170212765 0.44 4.795049000424281
0.20513199829258474 1.9148936170212765 0.45 4.812361083607172
0.20930524579957727 1.9148936170212765 0.46 4.830092379172656
0.21345465148188092 1.9148936170212765 0.47 4.848244010345692
0.2175798675152754 1.9148936170212765 0.48 4.866817475199654
0.22168055581614526 1.9148936170212765 0.49 4.885814304696945
0.2257563889156669 1.9148936170212765 0.5 4.90523602615883
0.2298070502981225 1.9148936170212765 0.51 4.925084152360148
0.2338322341508733 1.9148936170212765 0.52 4.945360195878569
0.2378316461689274 1.9148936170212765 0.53 4.966065637777475
0.2418050032475723 1.9148936170212765 0.54 4.987201944000217
0.2457520361631258 1.9148936170212765 0.55 5.008770458214537
0.2496722979284397 1.9148936170212765 0.56 5.030780132589306
0.25356605537245575 1.9148936170212765 0.57 5.053211574797273
0.2574325834660204 1.9148936170212765 0.58 5.076085831537935
0.26127180534633687 1.9148936170212765 0.59 5.099398253843529
0.2650835079093844 1.9148936170212765 0.6 5.123150128704772
0.2688674875621749 1.9148936170212765 0.61 5.14734280054497
0.2726235519679828 1.9148936170212765 0.62 5.171977600314748
0.27635151998291263 1.9148936170212765 0.63 5.1970558462093255
0.28005122176313946 1.9148936170212765 0.64 5.222578837599636
0.28372249888995327 1.9148936170212765 0.65 5.2485478482302685
0.2873652054977476 1.9148936170212765 0.66 5.274964082534961
0.2909792373163053 1.9148936170212765 0.67 5.301827616268868
0.2945643321077221 1.9148936170212765 0.68 5.3291446532915625
0.2981205458214032 1.9148936170212765 0.69 5.356910198703507
0.3016476978408148 1.9148936170212765 0.7 5.385128237441345
0.30514569843341505 1.9148936170212765 0.71 5.413799816854306
0.3086144639991565 1.9148936170212765 0.72 5.442926125076962
0.3120539205259913 1.9148936170212765 0.73 5.472508360441605
0.3154640035246073 1.9148936170212765 0.74 5.502547728245344
0.3188446579957435 1.9148936170212765 0.75 5.533045436345196
0.32219583855537326 1.9148936170212765 0.76 5.5640026852894735
0.3255175111664511 1.9148936170212765 0.77 5.595420603347952
0.32880997407433626 1.9148936170212765 0.78 5.627289257294167
0.3320721802466057 1.9148936170212765 0.79 5.659645057654218
0.33530518110054575 1.9148936170212765 0.8 5.6924528970708375
0.338508601453623 1.9148936170212765 0.81 5.725726782422287
0.34168244791287267 1.9148936170212765 0.82 5.759467939430261
0.3448267314070846 1.9148936170212765 0.83 5.793677724085249
0.3479414692976221 1.9148936170212765 0.84 5.828357543797413
0.3510266853405145 1.9148936170212765 0.85 5.863508851988731
0.3540824093112967 1.9148936170212765 0.86 5.899133154097732
0.3571086773651032 1.9148936170212765 0.87 5.935231989136117
0.360105536643775 1.9148936170212765 0.88 5.97180677072948
0.3630729504839234 1.9148936170212765 0.89 6.008861920244936
0.36601113808348457 1.9148936170212765 0.9 6.046393610861418
0.36892002833603454 1.9148936170212765 0.91 6.0844078501902015
0.3717997048799722 1.9148936170212765 0.92 6.122905734303352
0.3746502301961323 1.9148936170212765 0.93 6.1618892676380135
0.3774716679542407 1.9148936170212765 0.94 6.201360617045785
0.3802640838565479 1.9148936170212765 0.95 6.241322078262448
0.38302754534128525 1.9148936170212765 0.96 6.281776080316623
0.3857621212673488 1.9148936170212765 0.97 6.322725190828736
0.3884678823849014 1.9148936170212765 0.98 6.364172095839329
0.39114491432083065 1.9148936170212765 0.99 6.406119170039947
0.0 1.929078014184397 0.0 4.474937859236049
0.00472712829608007 1.929078014184397 0.01 4.475125521631603
0.009453661930190005 1.929078014184397 0.02 4.475688535345659
0.014179006468990056 1.929078014184397 0.03 4.476626983304851
0.01890256792859217 1.929078014184397 0.04 4.477941006784609
0.023623752997934875 1.929078014184397 0.05 4.479630803935678
0.028341969299458165 1.929078014184397 0.06 4.481696617842314
0.03305662555965331 1.929078014184397 0.07 4.4841387590513175
0.03776713187003731 1.929078014184397 0.08 4.486957589589835
0.04247289994387861 1.929078014184397 0.09 4.490153518295668
0.047173343280980974 1.929078014184397 0.1 4.493727016205484
0.05186787748583275 1.929078014184397 0.11 4.49767859679655
0.05655592034567382 1.929078014184397 0.12 4.502008843974337
0.06123689228794419 1.929078014184397 0.13 4.506718371242709
0.06591021637933885 1.929078014184397 0.14 4.511807860576597
0.07057531881585541 1.929078014184397 0.15 4.517278022910894
0.07523162883216272 1.929078014184397 0.16 4.523129642649199
0.07987857929306018 1.929078014184397 0.17 4.52936352923761
0.08451560665023743 1.929078014184397 0.18 4.5359805522370715
0.08914215148971431 1.929078014184397 0.19 4.5429816051562
0.09375765850196113 1.929078014184397 0.2 4.550367635423025
0.09836157710745029 1.929078014184397 0.21 4.5581396050508545
0.10295336422934405 1.929078014184397 0.22 4.566298270675201
0.10753241894163852 1.929078014184397 0.23 4.57484981349749
0.11209834434561936 1.929078014184397 0.24 4.583783393773058
0.11665049493271866 1.929078014184397 0.25 4.593109993060953
0.12118837443820184 1.929078014184397 0.26 4.6028283116730675
0.1257114648205973 1.929078014184397 0.27 4.612939454517856
0.13021925305238047 1.929078014184397 0.28 4.623444651515606
0.13471123244925007 1.929078014184397 0.29 4.634345166148493
0.13918690285840402 1.929078014184397 0.3 4.64564229657375
0.1436457707980514 1.929078014184397 0.31 4.657337379300761
0.14808735010472665 1.929078014184397 0.32 4.66943175983781
0.152511161770397 1.929078014184397 0.33 4.681926817354285
0.15691673445057872 1.929078014184397 0.34 4.694823944905224
0.1613036045352232 1.929078014184397 0.35 4.708124557676325
0.16567131658287487 1.929078014184397 0.36 4.721830078857696
0.17001942345751292 1.929078014184397 0.37 4.735941943544833
0.17434748673067393 1.929078014184397 0.38 4.750461587147425
0.17865507806163494 1.929078014184397 0.39 4.765390382581643
0.18294183099539285 1.929078014184397 0.4 4.780726949464103
0.18720713639150274 1.929078014184397 0.41 4.796483039549045
0.19145081588880516 1.929078014184397 0.42 4.81264843834224
0.19567238805446685 1.929078014184397 0.43 4.8292292286695595
0.19987147235879069 1.929078014184397 0.44 4.846226739502494
0.20404769580184548 1.929078014184397 0.45 4.863642421258191
0.20820069481320772 1.929078014184397 0.46 4.881477752388103
0.21233011628591922 1.929078014184397 0.47 4.89973419481517
0.21643561726207952 1.929078014184397 0.48 4.918413214345055
0.22051686541535043 1.929078014184397 0.49 4.937516263013172
0.22457353896518492 1.929078014184397 0.5 4.957044787546189
0.22860532723177504 1.929078014184397 0.51 4.977000208684919
0.23261193167962887 1.929078014184397 0.52 4.9973838806524515
0.23659308779286556 1.929078014184397 0.53 5.018196169447836
0.2405484084921286 1.929078014184397 0.54 5.039443075633288
0.2444777674775544 1.929078014184397 0.55 5.061120027008145
0.24838084458417262 1.929078014184397 0.56 5.083231104983226
0.2522573993905328 1.929078014184397 0.57 5.105777475722402
0.25610719890971284 1.929078014184397 0.58 5.1287604481179425
0.25993002116359526 1.929078014184397 0.59 5.152181323515339
0.26372565527116354 1.929078014184397 0.6 5.176041391355052
0.2674939013881942 1.929078014184397 0.61 5.200341930443018
0.27123457101370607 1.929078014184397 0.62 5.225084195620689
0.2749474872033734 1.929078014184397 0.63 5.250269408306907
0.27863248626201237 1.929078014184397 0.64 5.275898691084255
0.2822891985679107 1.929078014184397 0.65 5.301981301734615
0.2859180759586537 1.929078014184397 0.66 5.328496020594291
0.2895184204708011 1.929078014184397 0.67 5.355465229161081
0.29309028261737313 1.929078014184397 0.68 5.382883567255814
0.29663355182018486 1.929078014184397 0.69 5.410752111657348
0.3001481258477871 1.929078014184397 0.7 5.439072004097788
0.3036339122206579 1.929078014184397 0.71 5.467844393755354
0.30709082826321654 1.929078014184397 0.72 5.497070430279347
0.31051880122630954 1.929078014184397 0.73 5.526751254373816
0.313917767880776 1.929078014184397 0.74 5.556888007230344
0.3172876769806427 1.929078014184397 0.75 5.587481738395393
0.32062924940311016 1.929078014184397 0.76 5.618506761995579
0.32394010156359426 1.929078014184397 0.77 5.650046502905198
0.3272225879277058 1.929078014184397 0.78 5.682018655319666
0.33047587813201773 1.929078014184397 0.79 5.714452828597171
0.3336999628740123 1.929078014184397 0.8 5.747350157025371
0.3368948379866576 1.929078014184397 0.81 5.7807118869358405
0.34006050621467465 1.929078014184397 0.82 5.814539307904093
0.3431969771203494 1.929078014184397 0.83 5.848833749328953
0.34630426698200595 1.929078014184397 0.84 5.883596577380613
0.34938239867618004 1.929078014184397 0.85 5.918829192604859
0.352431404605705 1.929078014184397 0.86 5.954532924688344
0.3554511883346376 1.929078014184397 0.87 5.990713691489602
0.3584421184116037 1.929078014184397 0.88 6.027361970022812
0.36140394878557813 1.929078014184397 0.89 6.064489191698992
0.3643368075686291 1.929078014184397 0.9 6.102094396767905
0.36724074907438836 1.929078014184397 0.91 6.1401793325822425
0.3701158291514447 1.929078014184397 0.92 6.178745907384162
0.3729621065338135 1.929078014184397 0.93 6.217796138850923
0.3757796425309066 1.929078014184397 0.94 6.257332158698873
0.3785685008731209 1.929078014184397 0.95 6.297356212334452
0.3813287478441526 1.929078014184397 0.96 6.337870649235127
0.3840604562219916 1.929078014184397 0.97 6.378877787105959
0.3867635969215318 1.929078014184397 0.98 6.420383505058786
0.3894384502679891 1.929078014184397 0.99 6.462383583065238
0.0 1.9432624113475176 0.0 4.524103979041884
0.004701372180704092 1.9432624113475176 0.01 4.524293114206264
0.009402154771367565 1.9432624113475176 0.02 4.524860550472081
0.014101758419513557 1.9432624113475176 0.03 4.525806362348802
0.01879959421930948 1.9432624113475176 0.04 4.5271306906121485
0.023495073954697722 1.9432624113475176 0.05 4.528833724559665
0.028187610351140285 1.9432624113475176 0.06 4.530915699064704
0.032876617287551056 1.9432624113475176 0.07 4.53337690491384
0.03756151002552023 1.9432624113475176 0.08 4.5362176870182225
0.04224170540070167 1.9432624113475176 0.09 4.539438451722627
0.04691662218284218 1.9432624113475176 0.1 4.543039636881867
0.051585681175721446 1.9432624113475176 0.11 4.547021743690608
0.05624830558588442 1.9432624113475176 0.12 4.551385308990579
0.0609039213331801 1.9432624113475176 0.13 4.556130898610629
0.06555195753281101 1.9432624113475176 0.14 4.561259079272523
0.07019185147107912 1.9432624113475176 0.15 4.56676981631335
0.0748229902235811 1.9432624113475176 0.16 4.5726698340882495
0.07944489747091857 1.9432624113475176 0.17 4.57894919572837
0.08405696009527937 1.9432624113475176 0.18 4.585615647489116
0.08865863330520571 1.9432624113475176 0.19 4.5926689053261205
0.09324936803137801 1.9432624113475176 0.2 4.600109788985309
0.0978286193527345 1.9432624113475176 0.21 4.607939205855006
0.10239584663956876 1.9432624113475176 0.22 4.616158148042484
0.10695051426427915 1.9432624113475176 0.23 4.6247676409251826
0.11149209180606355 1.9432624113475176 0.24 4.633768745613166
0.11602005426258641 1.9432624113475176 0.25 4.643162559896191
0.1205338823048687 1.9432624113475176 0.26 4.652950215253214
0.12503306243453194 1.9432624113475176 0.27 4.663132881357692
0.12951708751098112 1.9432624113475176 0.28 4.673711742595843
0.13398545661188146 1.9432624113475176 0.29 4.684688025196763
0.13843767569982812 1.9432624113475176 0.3 4.696062964306616
0.1428732573627709 1.9432624113475176 0.31 4.707837837386019
0.14729172155566342 1.9432624113475176 0.32 4.72001392739291
0.15169259547943506 1.9432624113475176 0.33 4.732592545262355
0.15607541419533588 1.9432624113475176 0.34 4.745575003687982
0.16043972159437336 1.9432624113475176 0.35 4.758962573246933
0.16478507945563767 1.9432624113475176 0.36 4.772755975591434
0.16911098165056682 1.9432624113475176 0.37 4.786960314817964
0.17341709340957814 1.9432624113475176 0.38 4.801571358258913
0.17770293818051539 1.9432624113475176 0.39 4.8165935180021915
0.18196810672687336 1.9432624113475176 0.4 4.8320278598005855
0.1862121939537874 1.9432624113475176 0.41 4.847875739038587
0.19043480349721117 1.9432624113475176 0.42 4.864138546355232
0.19463554830361876 1.9432624113475176 0.43 4.8808176830000445
0.19881405095196053 1.9432624113475176 0.44 4.897914551115839
0.20296994386179354 1.9432624113475176 0.45 4.915430550042046
0.20710286944359627 1.9432624113475176 0.46 4.933367075215457
0.21121248038359325 1.9432624113475176 0.47 4.951725510338535
0.21529843959957473 1.9432624113475176 0.48 4.970507234929557
0.21936042168410672 1.9432624113475176 0.49 4.98971356298598
0.22339812131150882 1.9432624113475176 0.5 5.0093453740655205
0.22741116479190454 1.9432624113475176 0.51 5.029407057925079
0.23139936305878372 1.9432624113475176 0.52 5.049895241169737
0.23536237324724288 1.9432624113475176 0.53 5.0708138760122035
0.23929992918742668 1.9432624113475176 0.54 5.092163967198206
0.24321176957114427 1.9432624113475176 0.55 5.113946776350572
0.24709764352434324 1.9432624113475176 0.56 5.136163575089465
0.2509573109103872 1.9432624113475176 0.57 5.158815631822925
0.25479054283962527 1.9432624113475176 0.58 5.1819041906321734
0.25859712119698636 1.9432624113475176 0.59 5.205430490588357
0.26237683931075495 1.9432624113475176 0.6 5.229395737961621
0.2661295022340565 1.9432624113475176 0.61 5.253801094925249
0.269854932349996 1.9432624113475176 0.62 5.278647460127071
0.27355288996223587 1.9432624113475176 0.63 5.303938557033738
0.27722333064979304 1.9432624113475176 0.64 5.329670915572404
0.2808660240648005 1.9432624113475176 0.65 5.355848706127638
0.2844808413768406 1.9432624113475176 0.66 5.382472549054738
0.2880676522692456 1.9432624113475176 0.67 5.409543520135065
0.2916263358763065 1.9432624113475176 0.68 5.437062721109026
0.29515678128340256 1.9432624113475176 0.69 5.465031255905371
0.2986588877046406 1.9432624113475176 0.7 5.493450219536662
0.3021325641713067 1.9432624113475176 0.71 5.522320705085058
0.30557772996168275 1.9432624113475176 0.72 5.551643783258797
0.3089943163127717 1.9432624113475176 0.73 5.5814204361432145
0.31238203641296075 1.9432624113475176 0.74 5.611659818110286
0.3157414584715559 1.9432624113475176 0.75 5.642340684746423
0.3190719513572491 1.9432624113475176 0.76 5.673485220100777
0.322373658547069 1.9432624113475176 0.77 5.7050880876449765
0.325646554449457 1.9432624113475176 0.78 5.737150339713426
0.3288906191008508 1.9432624113475176 0.79 5.769673132451029
0.332105840024862 1.9432624113475176 0.8 5.802657652782597
0.3352922119914167 1.9432624113475176 0.81 5.8361051203830066
0.3384497367625619 1.9432624113475176 0.82 5.870016790072749
0.341578423424359 1.9432624113475176 0.83 5.904393933921727
0.3446782899179877 1.9432624113475176 0.84 5.939237782395073
0.3477556317724695 1.9432624113475176 0.85 5.9743341235320315
0.3507915988045736 1.9432624113475176 0.86 6.0103330045550365
0.3538051389944763 1.9432624113475176 0.87 6.046585966930379
0.3567899663768915 1.9432624113475176 0.88 6.0833118302797375
0.35974612571718084 1.9432624113475176 0.89 6.120512120137464
0.3626736636072827 1.9432624113475176 0.9 6.158188523610742
0.3655726299536019 1.9432624113475176 0.91 6.196342831951245
0.36844307828207 1.9432624113475176 0.92 6.234976924115505
0.371285065187044 1.9432624113475176 0.93 6.2740927796463
0.37409865055376335 1.9432624113475176 0.94 6.313692465545046
0.37688389896084834 1.9432624113475176 0.95 6.3537780836708215
0.37964120318502614 1.9432624113475176 0.96 6.394340868199028
0.3823695837297418 1.9432624113475176 0.97 6.435418461260926
0.38507019354618705 1.9432624113475176 0.98 6.476976851187555
0.3877427162453452 1.9432624113475176 0.99 6.519031694728652
0.0 1.9574468085106382 0.0 4.573838978840232
0.0046757417667077795 1.9574468085106382 0.01 4.5740295331679865
0.009350899191384147 1.9574468085106382 0.02 4.574601217487671
0.014024888113748654 1.9574468085106382 0.03 4.575554144297354
0.018697124778576168 1.9574468085106382 0.04 4.576888472643523
0.023367026168907068 1.9574468085106382 0.05 4.57860437387804
0.028034010225479276 1.9574468085106382 0.06 4.580702068560372
0.03269749590568874 1.9574468085106382 0.07 4.583181876504283
0.037356903760356164 1.9574468085106382 0.08 4.586044102152781
0.04201165591576978 1.9574468085106382 0.09 4.589289125639553
0.04666117628620787 1.9574468085106382 0.1 4.592917393858737
0.05130489100672716 1.9574468085106382 0.11 4.596929376708278
0.055942228584401156 1.9574468085106382 0.12 4.60132559098424
0.060572620010002916 1.9574468085106382 0.13 4.606106619048993
0.0651954991669469 1.9574468085106382 0.14 4.611273077306276
0.06981030296575916 1.9574468085106382 0.15 4.616825633044797
0.0744164716803701 1.9574468085106382 0.16 4.622764989687587
0.07901344906152083 1.9574468085106382 0.17 4.629091902884176
0.08360068268764394 1.9574468085106382 0.18 4.635807164713563
0.08817762411408017 1.9574468085106382 0.19 4.642911613596687
0.09274372920962838 1.9574468085106382 0.2 4.650406122193467
0.09729845834963824 1.9574468085106382 0.21 4.658291601973526
0.10184127666957257 1.9574468085106382 0.22 4.666569000659899
0.1063716542434413 1.9574468085106382 0.23 4.67523930651429
0.11088906646921327 1.9574468085106382 0.24 4.684303533732536
0.1153929941430453 1.9574468085106382 0.25 4.69376273602297
0.11988292386168807 1.9574468085106382 0.26 4.703617991087676
0.12435834818768611 1.9574468085106382 0.27 4.713870405851038
0.12881876582875085 1.9574468085106382 0.28 4.724521119161026
0.1332636820781214 1.9574468085106382 0.29 4.735571284993557
0.1376926091059945 1.9574468085106382 0.3 4.747022068501061
0.14210506707522458 1.9574468085106382 0.31 4.758874587018232
0.14650060424855504 1.9574468085106382 0.32 4.771128623262616
0.15087865603960188 1.9574468085106382 0.33 4.78379175480868
0.15523888950954862 1.9574468085106382 0.34 4.796857082742613
0.15958079587722995 1.9574468085106382 0.35 4.810329604349293
0.16390393585609078 1.9574468085106382 0.36 4.824210355214402
0.16820787492953912 1.9574468085106382 0.37 4.838500606574615
0.17249218687296383 1.9574468085106382 0.38 4.853201651709952
0.1767564539072082 1.9574468085106382 0.39 4.868314805478717
0.18100026710782052 1.9574468085106382 0.4 4.8838413896469755
0.18522322662357404 1.9574468085106382 0.41 4.899782729579919
0.18942494197852497 1.9574468085106382 0.42 4.916140146453372
0.1936050318095624 1.9574468085106382 0.43 4.932914978555919
0.19776312485998382 1.9574468085106382 0.44 4.950108536902877
0.20189885948448283 1.9574468085106382 0.45 4.9677221381795045
0.20601188484631994 1.9574468085106382 0.46 4.985757051883959
0.21010187022972626 1.9574468085106382 0.47 5.0042140654250185
0.21416841663943295 1.9574468085106382 0.48 5.02309767188903
0.21821130769984645 1.9574468085106382 0.49 5.042404203356379
0.22223017354478597 1.9574468085106382 0.5 5.062137737308962
0.2262247211874444 1.9574468085106382 0.51 5.0822992012898665
0.23019466166832994 1.9574468085106382 0.52 5.102889822195669
0.2341397162817132 1.9574468085106382 0.53 5.123910835228133
0.23805961680829155 1.9574468085106382 0.54 5.145363474369088
0.24195410569528958 1.9574468085106382 0.55 5.1672489653845215
0.24582293649844766 1.9574468085106382 0.56 5.189568507828124
0.24966587355298672 1.9574468085106382 0.57 5.212323289991957
0.2534826923013027 1.9574468085106382 0.58 5.235514475265789
0.25727318071794875 1.9574468085106382 0.59 5.259143144048767
0.2610372108926081 1.9574468085106382 0.6 5.283207398747
0.2647743254302941 1.9574468085106382 0.61 5.307719085940319
0.2684846398764788 1.9574468085106382 0.62 5.332667306707246
0.2721678684215158 1.9574468085106382 0.63 5.358057808641138
0.2758238538773008 1.9574468085106382 0.64 5.383891554388123
0.2794524470150904 1.9574468085106382 0.65 5.410169597969338
0.2830535084491536 1.9574468085106382 0.66 5.436893004979835
0.2866269090867602 1.9574468085106382 0.67 5.464062831135439
0.29017252993425846 1.9574468085106382 0.68 5.491680125910118
0.29369026194068015 1.9574468085106382 0.69 5.519745934332002
0.2971800065886742 1.9574468085106382 0.7 5.548261270551188
0.3006416787701704 1.9574468085106382 0.71 5.577227007415141
0.30407510796133497 1.9574468085106382 0.72 5.606647520145092
0.3074804347918574 1.9574468085106382 0.73 5.636516039946717
0.31085742303701974 1.9574468085106382 0.74 5.666840049713651
0.3142060631627703 1.9574468085106382 0.75 5.697618995601426
0.31752631239000983 1.9574468085106382 0.76 5.728853877977133
0.32081813477528137 1.9574468085106382 0.77 5.760545765706819
0.32408150188545665 1.9574468085106382 0.78 5.792695764704167
0.32731639312664423 1.9574468085106382 0.79 5.825304999706606
0.33052279537024354 1.9574468085106382 0.8 5.858374621423799
0.3337007029965405 1.9574468085106382 0.81 5.891905798737066
0.3368501194656173 1.9574468085106382 0.82 5.925899657322872
0.3399711725841736 1.9574468085106382 0.83 5.960353232889164
0.3430634648375625 1.9574468085106382 0.84 5.995282237652063
0.34612746641529596 1.9574468085106382 0.85 6.030672223944494
0.3491630329205502 1.9574468085106382 0.86 6.06653053676003
0.3521701986181405 1.9574468085106382 0.87 6.102858501453778
0.35514899934966015 1.9574468085106382 0.88 6.139657624673438
0.3580994751318602 1.9574468085106382 0.89 6.176929496973075
0.36102167002382096 1.9574468085106382 0.9 6.214675791109293
0.3639156321020901 1.9574468085106382 0.91 6.252898256839174
0.3667814130643945 1.9574468085106382 0.92 6.2915987287001585
0.36961906935102834 1.9574468085106382 0.93 6.330779081903456
0.3724286876131545 1.9574468085106382 0.94 6.370440355855264
0.3752101886152137 1.9574468085106382 0.95 6.410589454896137
0.377963820746694 1.9574468085106382 0.96 6.4512222660448115
0.3806895569906407 1.9574468085106382 0.97 6.49234427640467
0.3833874684914193 1.9574468085106382 0.98 6.533957793180133
0.38605762068490573 1.9574468085106382 0.99 6.5760654912586896
0.0 1.9716312056737588 0.0 4.62413670783436
0.00465024304629143 1.9716312056737588 0.01 4.624328695367982
0.009299906930311111 1.9716312056737588 0.02 4.624904683951031
0.013948412730622563 1.9716312056737588 0.03 4.625864744352309
0.018595181988589452 1.9716312056737588 0.04 4.62720900500266
0.023239636957644888 1.9716312056737588 0.05 4.62893763840002
0.02788120085235864 1.9716312056737588 0.06 4.631050860966255
0.03251929805716551 1.9716312056737588 0.07 4.633548944274977
0.037153354373515135 1.9716312056737588 0.08 4.636432208049805
0.0417827972651762 1.9716312056737588 0.09 4.639701017961359
0.046407056104653996 1.9716312056737588 0.1 4.643355784226933
0.051025562386328605 1.9716312056737588 0.11 4.6473969667218205
0.05563774998956409 1.9716312056737588 0.12 4.651825068897282
0.06024305538618775 1.9716312056737588 0.13 4.6566406427486395
0.06484091793833902 1.9716312056737588 0.14 4.661844278365106
0.06943078007824867 1.9716312056737588 0.15 4.66743661310653
0.07401208758509768 1.9716312056737588 0.16 4.673418324798553
0.07858428979297599 1.9716312056737588 0.17 4.679790135117943
0.08314683992321913 1.9716312056737588 0.18 4.686552797493489
0.08769919518888177 1.9716312056737588 0.19 4.693707112697755
0.09224081712100546 1.9716312056737588 0.2 4.701253916939311
0.09677117184545862 1.9716312056737588 0.21 4.709194077643143
0.1012897302423048 1.9716312056737588 0.22 4.717528500846436
0.10579596827509591 1.9716312056737588 0.23 4.726258121162684
0.11028936719566725 1.9716312056737588 0.24 4.735383904375956
0.11476941402128321 1.9716312056737588 0.25 4.744906826483559
0.11923560195352736 1.9716312056737588 0.26 4.754827861398724
0.12368743774321792 1.9716312056737588 0.27 4.7651474354020955
0.12812436976053349 1.9716312056737588 0.28 4.775870898686746
0.1325460017834731 1.9716312056737588 0.29 4.786992334408101
0.13695179693572787 1.9716312056737588 0.3 4.7985170192301645
0.14134128721742703 1.9716312056737588 0.31 4.810445551292671
0.1457140057563153 1.9716312056737588 0.32 4.822779008541444
0.15006949194404512 1.9716312056737588 0.33 4.835518567685797
0.1544072928719306 1.9716312056737588 0.34 4.848665415481882
0.15872696322298074 1.9716312056737588 0.35 4.862220767522597
0.16302806589658558 1.9716312056737588 0.36 4.876185840004675
0.16731017187203726 1.9716312056737588 0.37 4.890561869403082
0.1715728607263202 1.9716312056737588 0.38 4.905350091575743
0.1758157206112734 1.9716312056737588 0.39 4.920551753302596
0.1800383485347515 1.9716312056737588 0.4 4.936168105177093
0.18424035070287104 1.9716312056737588 0.41 4.952200391543519
0.1884213424464185 1.9716312056737588 0.42 4.968649862973913
0.19258095038526626 1.9716312056737588 0.43 4.985517670925573
0.19671883512683602 1.9716312056737588 0.44 5.002803728624795
0.20083452602485663 1.9716312056737588 0.45 5.020515083649439
0.2049278223777928 1.9716312056737588 0.46 5.038645604015497
0.20899832265803164 1.9716312056737588 0.47 5.057199829100552
0.21304570471593273 1.9716312056737588 0.48 5.076178781426343
0.21706965303507184 1.9716312056737588 0.49 5.095583655508448
0.22106986221683517 1.9716312056737588 0.5 5.1154156467426155
0.2250460369781194 1.9716312056737588 0.51 5.135675953871579
0.2289978925976655 1.9716312056737588 0.52 5.156365760591073
0.2329251547956737 1.9716312056737588 0.53 5.177486243328973
0.2368275600462897 1.9716312056737588 0.54 5.1990385589352535
0.2407048555661669 1.9716312056737588 0.55 5.221023846847304
0.24455680003412078 1.9716312056737588 0.56 5.24344319925625
0.24838317018076864 1.9716312056737588 0.57 5.266297383871725
0.2521836789501465 1.9716312056737588 0.58 5.289590293502088
0.25595823200368145 1.9716312056737588 0.59 5.313318133186464
0.25970655642240065 1.9716312056737588 0.6 5.337485070492759
0.2634284747353573 1.9716312056737588 0.61 5.362091683004997
0.267123809691689 1.9716312056737588 0.62 5.3871389708561495
0.27079239340610356 1.9716312056737588 0.63 5.412627968383972
0.274434068522675 1.9716312056737588 0.64 5.4385596934029214
0.2780486876553828 1.9716312056737588 0.65 5.464935166556002
0.28163611371568703 1.9716312056737588 0.66 5.491755394813978
0.28519621996191313 1.9716312056737588 0.67 5.519021366237368
0.28872888999552043 1.9716312056737588 0.68 5.546734046704998
0.2922340243154522 1.9716312056737588 0.69 5.574894126257156
0.2957114535311946 1.9716312056737588 0.7 5.603505312803442
0.29916122227490677 1.9716312056737588 0.71 5.632563539109416
0.30258316203845204 1.9716312056737588 0.72 5.662073189151807
0.30597721834522024 1.9716312056737588 0.73 5.692034660970359
0.30934333109060647 1.9716312056737588 0.74 5.722448907963932
0.3126814476187819 1.9716312056737588 0.75 5.753316936149236
0.3159915234423183 1.9716312056737588 0.76 5.784639770936346
0.31927352218965055 1.9716312056737588 0.77 5.81641845304258
0.3225274151339595 1.9716312056737588 0.78 5.848654049637586
0.3257531816149064 1.9716312056737588 0.79 5.881347632889648
0.3289508101794009 1.9716312056737588 0.8 5.914500233166755
0.33212036894173386 1.9716312056737588 0.81 5.948110313886613
0.33526158439490417 1.9716312056737588 0.82 5.982188843872562
0.3383747760115462 1.9716312056737588 0.83 6.016725831901277
0.3414598315398262 1.9716312056737588 0.84 6.05172700508436
0.34451677329827257 1.9716312056737588 0.85 6.087193528779696
0.3475456256128142 1.9716312056737588 0.86 6.123126746014974
0.3505464171985405 1.9716312056737588 0.87 6.159528085569765
0.35351918178231495 1.9716312056737588 0.88 6.196399033548705
0.3564639572966295 1.9716312056737588 0.89 6.233741155512842
0.35938078628064923 1.9716312056737588 0.9 6.271556076318174
0.3622697158887993 1.9716312056737588 0.91 6.30984547403724
0.3651308076813237 1.9716312056737588 0.92 6.348610733907635
0.36796402403894424 1.9716312056737588 0.93 6.387856889253965
0.3707695738215323 1.9716312056737588 0.94 6.427580605952605
0.37354741987956447 1.9716312056737588 0.95 6.467787288668231
0.3762976360120442 1.9716312056737588 0.96 6.508478673107873
0.3790202847031831 1.9716312056737588 0.97 6.549657069047303
0.38171542853296253 1.9716312056737588 0.98 6.59132495909258
0.3843831306402615 1.9716312056737588 0.99 6.633484978043949
0.0 1.9858156028368794 0.0 4.674996269728244
0.004624879100930194 1.9858156028368794 0.01 4.675189634378886
0.009249184382510909 1.9858156028368794 0.02 4.675769749853187
0.013872342261666134 1.9858156028368794 0.03 4.676736689640142
0.018493779635636372 1.9858156028368794 0.04 4.678090570700836
0.023112924134132684 1.9858156028368794 0.05 4.67983155170735
0.027729204304732677 1.9858156028368794 0.06 4.681959855352977
0.03234204991958312 1.9858156028368794 0.07 4.68447573622038
0.0369508922179666 1.9858156028368794 0.08 4.687379488673395
0.04155516403805519 1.9858156028368794 0.09 4.690671474198018
0.04615430020686762 1.9858156028368794 0.1 4.694352079651137
0.05074773766905849 1.9858156028368794 0.11 4.698421746130954
0.05533491579245202 1.9858156028368794 0.12 4.702880953172715
0.059915276571734497 1.9858156028368794 0.13 4.70773022581191
0.06448826490748949 1.9858156028368794 0.14 4.712970127295895
0.06905332875246108 1.9858156028368794 0.15 4.718601272433099
0.07360991958659938 1.9858156028368794 0.16 4.724624293483188
0.07815749230145472 1.9858156028368794 0.17 4.731039888871852
0.08269550592911304 1.9858156028368794 0.18 4.737848758986867
0.08722342349267236 1.9858156028368794 0.19 4.745051656730685
0.09174071306945655 1.9858156028368794 0.2 4.752649297357622
0.09624685074322774 1.9858156028368794 0.21 4.760642105558995
0.10074126034534442 1.9858156028368794 0.22 4.769036011637937
0.10522353178801218 1.9858156028368794 0.23 4.777821525768205
0.10969307319886235 1.9858156028368794 0.24 4.787007141991002
0.11414939352229568 1.9858156028368794 0.25 4.796592239996568
0.11859199233024965 1.9858156028368794 0.26 4.806577681013872
0.12302037409313547 1.9858156028368794 0.27 4.816964455349281
0.12743404959903604 1.9858156028368794 0.28 4.8277535738136415
0.13183253594671052 1.9858156028368794 0.29 4.838946084145871
0.136215356988867 1.9858156028368794 0.3 4.85054305192069
0.14058204342545166 1.9858156028368794 0.31 4.862545568528753
0.14493213312460002 1.9858156028368794 0.32 4.874954742009039
0.14926517140626 1.9858156028368794 0.33 4.887771691310532
0.15358071118609087 1.9858156028368794 0.34 4.9009975498347504
0.15787831311374242 1.9858156028368794 0.35 4.914633468268197
0.16215754599581028 1.9858156028368794 0.36 4.928680599190466
0.16641798683393808 1.9858156028368794 0.37 4.9431401061455125
0.17065922117760926 1.9858156028368794 0.38 4.958013152665465
0.17488084372138976 1.9858156028368794 0.39 4.973300878261495
0.1790824609200216 1.9858156028368794 0.4 4.989004264352816
0.18326361567518493 1.9858156028368794 0.41 5.0051282719436125
0.18742408789375986 1.9858156028368794 0.42 5.0216653656159895
0.1915633792402483 1.9858156028368794 0.43 5.038623780974929
0.19568116082978124 1.9858156028368794 0.44 5.056002975785236
0.19977708375475156 1.9858156028368794 0.45 5.073804030292938
0.20385080743887918 1.9858156028368794 0.46 5.092028097040608
0.20790200083588212 1.9858156028368794 0.47 5.110676340463892
0.2119303431517187 1.9858156028368794 0.48 5.1297499049363875
0.21593552342437133 1.9858156028368794 0.49 5.149249939702471
0.21991724093661458 1.9858156028368794 0.5 5.169177581938991
0.22387520535133482 1.9858156028368794 0.51 5.1895339536335205
0.22780913670664585 1.9858156028368794 0.52 5.210320164612639
0.23171876610509 1.9858156028368794 0.53 5.23153728348099
0.2356038374365925 1.9858156028368794 0.54 5.2531862641385985
0.2394639980589598 1.9858156028368794 0.55 5.275272769398201
0.24329927408864252 1.9858156028368794 0.56 5.297786199553775
0.24710920582682933 1.9858156028368794 0.57 5.32073784344983
0.2508936402478668 1.9858156028368794 0.58 5.344125907499654
0.25465237290910414 1.9858156028368794 0.59 5.367951317422209
0.25838520783430396 1.9858156028368794 0.6 5.392215073532556
0.26209195930450774 1.9858156028368794 0.61 5.4169181707551575
0.26577245197563804 1.9858156028368794 0.62 5.442061591579768
0.2694265205362623 1.9858156028368794 0.63 5.467646317720675
0.2730540101139042 1.9858156028368794 0.64 5.493673310703718
0.2766547760950734 1.9858156028368794 0.65 5.520143516520518
0.28022868500679327 1.9858156028368794 0.66 5.547057827685243
0.28377563174957027 1.9858156028368794 0.67 5.574416404301914
0.28729539911490215 1.9858156028368794 0.68 5.602224175384544
0.2907880242078611 1.9858156028368794 0.69 5.630476475046445
0.29425333825124184 1.9858156028368794 0.7 5.659177072180631
0.29769126059618956 1.9858156028368794 0.71 5.688326643983741
0.3011017136907678 1.9858156028368794 0.72 5.717926102813298
0.30448462811182736 1.9858156028368794 0.73 5.747976393584356
0.3078399428673531 1.9858156028368794 0.74 5.778478476239713
0.3111676053384463 1.9858156028368794 0.75 5.809433322197748
0.3144675711433224 1.9858156028368794 0.76 5.840841913711697
0.31773980396845175 1.9858156028368794 0.77 5.872705244365775
0.32098427731440854 1.9858156028368794 0.78 5.905024249020624
0.3242010454496501 1.9858156028368794 0.79 5.937797200431636
0.3273898172915641 1.9858156028368794 0.8 5.9710353026667535
0.3305509014352873 1.9858156028368794 0.81 6.004728088319118
0.33368417125444416 1.9858156028368794 0.82 6.038881298852195
0.33678963604533774 1.9858156028368794 0.83 6.073495969064619
0.3398673074129196 1.9858156028368794 0.84 6.108573312056736
0.34291720215014215 1.9858156028368794 0.85 6.144114607362213
0.3459393422881845 1.9858156028368794 0.86 6.180121192591121
0.34893375501614704 1.9858156028368794 0.87 6.216594459999892
0.35190047222836673 1.9858156028368794 0.88 6.25353586646563
0.35483953107473054 1.9858156028368794 0.89 6.290946907865392
0.3577509789390959 1.9858156028368794 0.9 6.328828937255395
0.3606347689834633 1.9858156028368794 0.91 6.3671868495181
0.36349113915662024 1.9858156028368794 0.92 6.4060156849001695
0.36631999742087906 1.9858156028368794 0.93 6.4453223436955005
0.3691214278530135 1.9858156028368794 0.94 6.485107699876742
0.3718954880682101 1.9858156028368794 0.95 6.525373752824991
0.3746422362158424 1.9858156028368794 0.96 6.56612266836927
0.3773617317259686 1.9858156028368794 0.97 6.607356747362885
0.38005403536145044 1.9858156028368794 0.98 6.6490784190828505
0.3827192086324642 1.9858156028368794 0.99 6.691290257240863
0.0 2.0 0.0 4.726413401714224
0.004599654405600565 2.0 0.01 4.7266081066608265
0.009198740411386679 2.0 0.02 4.727192248848708
0.01379668986203438 2.0 0.03 4.728165892253872
0.018392935082925225 2.0 0.04 4.729529150652282
0.022986909116495112 2.0 0.05 4.731282184752701
0.027578046002957966 2.0 0.06 4.733425186743773
0.032165780968963505 2.0 0.07 4.735958404883378
0.03674955068538583 2.0 0.08 4.738882131589278
0.04132879361871754 2.0 0.09 4.742196677664624
0.045902950089631245 2.0 0.1 4.745902422055796
0.05047146278337903 2.0 0.11 4.749999749311277
0.055033777328384534 2.0 0.12 4.754489005803769
0.059589347057598274 2.0 0.13 4.759369807086089
0.06413757062638296 2.0 0.14 4.764650610772903
0.06867799823051875 2.0 0.15 4.770317238109706
0.07321002211537646 2.0 0.16 4.776380198571281
0.0777331144705132 2.0 0.17 4.782838379960154
0.08224674087329395 2.0 0.18 4.789692309471937
0.08675037012676108 2.0 0.19 4.796942680910305
0.09124347546124666 2.0 0.2 4.8045902204089455
0.0957255344038779 2.0 0.21 4.812635722725696
0.10019602948769621 2.0 0.22 4.821079996927092
0.10465444821851927 2.0 0.23 4.829923893621303
0.109100283376098 2.0 0.24 4.839168295632822
0.113533033451521 2.0 0.25 4.848814098707174
0.11795220261985427 2.0 0.26 4.858862234158332
0.12235730110028478 2.0 0.27 4.869313655512231
0.12674784536949552 2.0 0.28 4.880169338617382
0.13112335841278508 2.0 0.29 4.8914302784158545
0.13548336990296528 2.0 0.3 4.9030974910193645
0.1398274165120677 2.0 0.31 4.915172005575922
0.1441550421283806 2.0 0.32 4.927654863450912
0.14846579786866923 2.0 0.33 4.940547130629984
0.15275924273206962 2.0 0.34 4.953849866066185
0.15703494372336316 2.0 0.35 4.967564127780962
0.16129247759646043 2.0 0.36 4.981690877390092
0.1655318889185269 2.0 0.37 4.9962033509622845
0.16975134617394172 2.0 0.38 5.01118849723883
0.1739519004671497 2.0 0.39 5.0265598538000145
0.17813266328104585 2.0 0.4 5.042348522133152
0.18229325480953174 2.0 0.41 5.05855545019112
0.18643330194216717 2.0 0.42 5.075181729173425
0.19055244054035983 2.0 0.43 5.092228465122597
0.1946503158872805 2.0 0.44 5.109696760154017
0.1987265826575167 2.0 0.45 5.127587719930845
0.20278090528563333 2.0 0.46 5.145902439614335
0.2068129578469151 2.0 0.47 5.164642015025723
0.21082242450113164 2.0 0.48 5.183807524542115
0.21480899924466504 2.0 0.49 5.203400045625572
0.21877238687090805 2.0 0.5 5.223420611675641
0.22271230380324944 2.0 0.51 5.2438701779939
0.22662869667903646 2.0 0.52 5.264739472806073
0.2305205929890296 2.0 0.53 5.286062369804187
0.2343884767365134 2.0 0.54 5.307805576927632
0.2382318420448018 2.0 0.55 5.32998223386647
0.2420504578532238 2.0 0.56 5.352593188262041
0.24584410037074517 2.0 0.57 5.375639417034362
0.24961255627623877 2.0 0.58 5.39912187946522
0.2533556223481439 2.0 0.59 5.423041532476877
0.2570731054688794 2.0 0.6 5.447399328684295
0.2607648228994801 2.0 0.61 5.472196202870458
0.26443060203092983 2.0 0.62 5.497433080633879
0.2680702809591178 2.0 0.63 5.523110852250778
0.2716837099978384 2.0 0.64 5.5492303092384745
0.2752699841047954 2.0 0.65 5.57582324052884
0.278831208669075 2.0 0.66 5.602799851361186
0.28236505735727085 2.0 0.67 5.630250291902647
0.28587213471669853 2.0 0.68 5.658146343702583
0.28935233926858406 2.0 0.69 5.686488771664143
0.2928055758648423 2.0 0.7 5.715278455984586
0.2962317583061329 2.0 0.71 5.744516281822175
0.29963080884230064 2.0 0.72 5.774203153468148
0.3030026585438293 2.0 0.73 5.804339974480595
0.30634724677520864 2.0 0.74 5.834927662609631
0.30966452144435186 2.0 0.75 5.865967134676433
0.31295444073454176 2.0 0.76 5.897459235953789
0.3162171099596561 2.0 0.77 5.92939960410474
0.31945202326643973 2.0 0.78 5.961807089899023
0.32265967403127566 2.0 0.79 5.994663381068903
0.3258398559983608 2.0 0.8 6.0279766823602765
0.3289925643811681 2.0 0.81 6.061747929141625
0.3321177975171223 2.0 0.82 6.095978216371815
0.335215559337902 2.0 0.83 6.130668699487138
0.338285859536974 2.0 0.84 6.165820581658822
0.34132871336324777 2.0 0.85 6.201435114995074
0.3443441415016327 2.0 0.86 6.237513598654453
0.34733217003772937 2.0 0.87 6.274057374039631
0.3502928337074242 2.0 0.88 6.311067701787168
0.3532260293308185 2.0 0.89 6.3485510259031015
0.3561321422365688 2.0 0.9 6.386496443188719
0.35901091146646985 2.0 0.91 6.42491650171604
0.36186246598619265 2.0 0.92 6.463809935517588
0.36468685712432836 2.0 0.93 6.503178471261421
0.36748413679096287 2.0 0.94 6.54302401015389
0.3702543589448566 2.0 0.95 6.583348569806287
0.37299757954078966 2.0 0.96 6.624154280909375
0.3757138562798773 2.0 0.97 6.66544339117674
0.3784032484341899 2.0 0.98 6.707218266876877
0.3810658172244525 2.0 0.99 6.749481375013668
