a q b lambda
0.0 0.0 0.0 1.9999999500077073
0.007070926475323991 0.0 0.01 2.000079954418717
0.014141004315820499 0.0 0.02 2.0003200205978597
0.0212093844597079 0.0 0.03 2.0007203075071702
0.02827521699061481 0.0 0.04 2.0012810803923244
0.035337650708457145 0.0 0.05 2.0020027112714076
0.04239583269801788 0.0 0.06 2.0028856796210315
0.0494489078948208 0.0 0.07 2.003930573232739
0.05649601864687852 0.0 0.08 2.0051380893136757
0.06353630427223066 0.0 0.09 2.0065090357583877
0.0705689006114236 0.0 0.1 2.008044332623251
0.07759293957330582 0.0 0.11 2.009745013855551
0.08460754867433087 0.0 0.12 2.0116122292118805
0.09161185057006745 0.0 0.13 2.013647246409448
0.09860496257800364 0.0 0.14 2.015851453517103
0.10558599619053946 0.0 0.15 2.0182263616006124
0.11255405657806089 0.0 0.16 2.020773607597893
0.11950824207987597 0.0 0.17 2.0234949574868
0.1264476436825802 0.0 0.18 2.0263923097282643
0.13337134448587482 0.0 0.19 2.029467698965462
0.14027841915210473 0.0 0.2 2.032723300080813
0.147167933340576 0.0 0.21 2.0361614325479067
0.15403894312505267 0.0 0.22 2.0397845651132966
0.16089049439214942 0.0 0.23 2.043595320854382
0.16772162221966594 0.0 0.24 2.047596482618552
0.17453135023386404 0.0 0.25 2.051790998854598
0.18131868994326308 0.0 0.26 2.0561819898830804
0.18808264004921843 0.0 0.27 2.0607727545875516
0.19482218572707544 0.0 0.28 2.0655667776577236
0.2015362978821602 0.0 0.29 2.0705677372753435
0.20822393237337566 0.0 0.3 2.0757795133973387
0.2148840292040268 0.0 0.31 2.081206196630563
0.22151551167955716 0.0 0.32 2.0868520977020997
0.22811728552516294 0.0 0.33 2.0927217576610695
0.23468823796675012 0.0 0.34 2.0988199587425282
0.2412272367637923 0.0 0.35 2.1051517361090846
0.2477331292024747 0.0 0.36 2.111722390318647
0.25420474103282553 0.0 0.37 2.1185375008185856
0.260640875357384 0.0 0.38 2.1256029403380987
0.2670403114607039 0.0 0.39 2.1329248903787033
0.2734018035774034 0.0 0.4 2.1405098578537096
0.27972407959544604 0.0 0.41 2.148364692952379
0.28600583968721194 0.0 0.42 2.156496608373246
0.29224575486425663 0.0 0.43 2.1649132000201785
0.2984424654505755 0.0 0.44 2.173622469278689
0.3045945794660084 0.0 0.45 2.1826328470426493
0.3107006709135187 0.0 0.46 2.191953219634853
0.3167592779650048 0.0 0.47 2.201592956761408
0.3227689010309932 0.0 0.48 2.211561941780121
0.32872800071179203 0.0 0.49 2.2218706043980085
0.33463499561672677 0.0 0.5 2.2325299560819003
0.34048826003844324 0.0 0.51 2.243551628469831
0.34628612147360904 0.0 0.52 2.254947915027883
0.35202685797217054 0.0 0.53 2.2667318163383143
0.35770869530597693 0.0 0.54 2.27891708931054
0.3633298039303784 0.0 0.55 2.2915183008545252
0.3688882957306444 0.0 0.56 2.3045508863464037
0.37438222052435755 0.0 0.57 2.3180312135158183
0.37980956229975166 0.0 0.58 2.3319766523064955
0.38516823516367327 0.0 0.59 2.346405651385638
0.39045607896825024 0.0 0.6 2.361337822084583
0.39567085458645646 0.0 0.61 2.376794030599078
0.4008102387941752 0.0 0.62 2.3927964995004105
0.405871818720057 0.0 0.63 2.409368919644318
0.41085308581918345 0.0 0.64 2.4265365737265476
0.4157514293010217 0.0 0.65 2.44432647315025
0.42056412897067746 0.0 0.66 2.4627675096654107
0.4252883473938587 0.0 0.67 2.481890623977107
0.4299211213115176 0.0 0.68 2.501728993522437
0.43445935220978865 0.0 0.69 2.522318242083201
0.4388997959276674 0.0 0.7 2.5436966744426797
0.4432390511826165 0.0 0.71 2.5659055396476833
0.44747354685688995 0.0 0.72 2.588989327266671
0.4515995278655724 0.0 0.73 2.612996101765555
0.4556130393956747 0.0 0.74 2.6379778810732937
0.4595099092720931 0.0 0.75 2.6639910665128044
0.46328572812718427 0.0 0.76 2.6910969330686583
0.46693582702995584 0.0 0.77 2.719362190295651
0.4704552521019861 0.0 0.78 2.7488596270288093
0.47383873558285683 0.0 0.79 2.779668855516077
0.4770806626561185 0.0 0.8 2.811877174528075
0.48017503315170895 0.0 0.81 2.845580576049797
0.4831154170413337 0.0 0.82 2.880884926070963
0.4858949022909608 0.0 0.83 2.917907358795952
0.4885060332129597 0.0 0.84 2.956777934732004
0.49094073684307515 0.0 0.85 2.9976416286785352
0.4931902339817704 0.0 0.86 3.0406607354101487
0.4952449302704045 0.0 0.87 3.086017811578064
0.4970942807656279 0.0 0.88 3.133919317272847
0.49872661851407457 0.0 0.89 3.1846001883576895
0.500128932934548 0.0 0.9 3.2383296752756268
0.5012865761463662 0.0 0.91 3.295418951001096
0.5021828619968453 0.0 0.92 3.356231272962212
0.5027984983767171 0.0 0.93 3.421195980745581
0.5031107466539728 0.0 0.94 3.4908285476756795
0.0 0.014184397163120567 0.0 1.9859748158978423
0.007095852300130691 0.014184397163120567 0.01 1.9860531457409665
0.014190864911715832 0.014184397163120567 0.02 1.9862881864416564
0.02128419772862309 0.014184397163120567 0.03 1.9866800916289094
0.028375009808998732 0.014184397163120567 0.04 1.9872291176308499
0.03546245895536561 0.014184397163120567 0.05 1.9879356239808963
0.04254570129295562 0.014184397163120567 0.06 1.9888000740300407
0.049623890845076936 0.014184397163120567 0.07 1.9898230357858957
0.05669617910447302 0.014184397163120567 0.08 1.9910051829699005
0.06376171460097758 0.014184397163120567 0.09 1.9923472962102573
0.07081964246362066 0.014184397163120567 0.1 1.993850264477404
0.07786910397673058 0.014184397163120567 0.11 1.995515086723363
0.08490923612986853 0.014184397163120567 0.12 1.9973428737014263
0.09193917115957288 0.014184397163120567 0.13 1.9993348500410382
0.09895803608308519 0.014184397163120567 0.14 2.0014923565252953
0.10596495222250674 0.014184397163120567 0.15 2.0038168526149835
0.1129590347195206 0.014184397163120567 0.16 2.006309919185445
0.11993939203758328 0.014184397163120567 0.17 2.008973261570285
0.1269051254533082 0.014184397163120567 0.18 2.01180871281678
0.13385532853381796 0.014184397163120567 0.19 2.0148182372500196
0.14078908659956793 0.014184397163120567 0.2 2.0180039343316984
0.14770547617293947 0.014184397163120567 0.21 2.021368042787869
0.15460356440864323 0.014184397163120567 0.22 2.02491294510535
0.16148240850698248 0.014184397163120567 0.23 2.028641172342967
0.16834105510737093 0.014184397163120567 0.24 2.0325554093147287
0.1751785396613316 0.014184397163120567 0.25 2.0366585001480706
0.1819938857834019 0.014184397163120567 0.26 2.0409534542435273
0.1887861045768991 0.014184397163120567 0.27 2.0454434526933145
0.1955541939355465 0.014184397163120567 0.28 2.050131855123228
0.20229713781672953 0.014184397163120567 0.29 2.0550222070447997
0.2090139054850068 0.014184397163120567 0.3 2.060118247734864
0.21570345072452693 0.014184397163120567 0.31 2.065423918663418
0.22236471101724625 0.014184397163120567 0.32 2.070943372527336
0.22899660668490318 0.014184397163120567 0.33 2.0766809829250037
0.23559803999228743 0.014184397163120567 0.34 2.0826413547168583
0.2421678942088316 0.014184397163120567 0.35 2.0888293351270684
0.2487050326235315 0.014184397163120567 0.36 2.095250025676147
0.2552082975159999 0.014184397163120567 0.37 2.1019087949013326
0.2616765090714461 0.014184397163120567 0.38 2.1088112920836997
0.26810846424295437 0.014184397163120567 0.39 2.1159634619313246
0.2745029355540086 0.014184397163120567 0.4 2.1233715603522367
0.28085866983606095 0.014184397163120567 0.41 2.131042171417212
0.287174386898722 0.014184397163120567 0.42 2.1389822255728674
0.29344877812365217 0.014184397163120567 0.43 2.147199019270062
0.29968050498171583 0.014184397163120567 0.44 2.155700236047131
0.3058681974605853 0.014184397163120567 0.45 2.1644939692986473
0.3120104524024186 0.014184397163120567 0.46 2.1735887467803114
0.3181058317377146 0.014184397163120567 0.47 2.182993557105099
0.32415286061455895 0.014184397163120567 0.48 2.192717878305253
0.33015002540517363 0.014184397163120567 0.49 2.2027717087868703
0.33609577158911125 0.014184397163120567 0.5 2.2131656007710228
0.34198850149514726 0.014184397163120567 0.51 2.223910696566062
0.3478265718924426 0.014184397163120567 0.52 2.2350187679105704
0.3536082914193737 0.014184397163120567 0.53 2.2465022586742562
0.3593319178310659 0.014184397163120567 0.54 2.2583743313174454
0.3649956550530096 0.014184397163120567 0.55 2.2706489174481885
0.37059765002089107 0.014184397163120567 0.56 2.283340772934974
0.3761359892836487 0.014184397163120567 0.57 2.296465538098918
0.38160869535632597 0.014184397163120567 0.58 2.3100398034258305
0.38701372278213986 0.014184397163120567 0.59 2.324081181612414
0.3923489538888119 0.014184397163120567 0.6 2.33860838648987
0.39761219420154664 0.014184397163120567 0.61 2.3536413197017114
0.40280116747290595 0.014184397163120567 0.62 2.3692011660972305
0.4079135102964079 0.014184397163120567 0.63 2.385310498798181
0.4129467662478287 0.014184397163120567 0.64 2.401993395254698
0.41789837950890313 0.014184397163120567 0.65 2.419275565581291
0.422765687907103 0.014184397163120567 0.66 2.4371844948326538
0.4275459153031198 0.014184397163120567 0.67 2.4557496010456252
0.4322361632465545 0.014184397163120567 0.68 2.4750024111747395
0.43683340180591673 0.014184397163120567 0.69 2.4949767574198423
0.44133445945926025 0.014184397163120567 0.7 2.515708996916425
0.4457360119303491 0.014184397163120567 0.71 2.537238258071639
0.45003456980957696 0.014184397163120567 0.72 2.5596067177083737
0.45422646478948825 0.014184397163120567 0.73 2.582859913718887
0.45830783430699235 0.014184397163120567 0.74 2.607047098888415
0.46227460434089745 0.014184397163120567 0.75 2.6322216426909595
0.46612247006560203 0.014184397163120567 0.76 2.6584414892009374
0.4698468739995318 0.014184397163120567 0.77 2.685769680961888
0.4734429811979584 0.014184397163120567 0.78 2.714274960901283
0.4769056509485035 0.014184397163120567 0.79 2.744032466974658
0.48022940428311195 0.014184397163120567 0.8 2.7751245378404956
0.4834083864429067 0.014184397163120567 0.81 2.807641652415463
0.4864363232161384 0.014184397163120567 0.82 2.8416835318895193
0.4893064697113009 0.014184397163120567 0.83 2.8773604411495493
0.4920115497425065 0.014184397163120567 0.84 2.9147947366174556
0.494543683344586 0.014184397163120567 0.85 2.9541227226797746
0.49689429910443295 0.014184397163120567 0.86 2.995496898804968
0.49905402671814014 0.014184397163120567 0.87 3.039088708576121
0.5010125632333251 0.014184397163120567 0.88 3.0850919449152463
0.5027585036533768 0.014184397163120567 0.89 3.1337270277729687
0.5042791217934257 0.014184397163120567 0.9 3.1852464709293193
0.5055600797817554 0.014184397163120567 0.91 3.2399420111362236
0.5065850314596124 0.014184397163120567 0.92 3.2981541382895156
0.5073350612481896 0.014184397163120567 0.93 3.3602852326624646
0.5077878540779542 0.014184397163120567 0.94 3.4268183981125286
0.5079163968300606 0.014184397163120567 0.95 3.498345867371148
0.0 0.028368794326241134 0.0 1.9722615679086426
0.007120480450911994 0.028368794326241134 0.01 1.9723382770832585
0.014240129995986978 0.028368794326241134 0.02 1.972568454083034
0.0213581173209754 0.028368794326241134 0.03 1.9729522474207775
0.0284736102941743 0.028368794326241134 0.04 1.9734899049027073
0.035585775555877545 0.028368794326241134 0.05 1.9741817740844096
0.04269377810586491 0.028368794326241134 0.06 1.9750283028787479
0.049796780888168475 0.028368794326241134 0.07 1.976030040348782
0.05689394437189751 0.028368794326241134 0.08 1.9771876377195785
0.0639844261285491 0.028368794326241134 0.09 1.978501849513539
0.07106738040365372 0.028368794326241134 0.1 1.9799735349358951
0.0781419576832565 0.028368794326241134 0.11 1.9816036594138557
0.08520730425329415 0.028368794326241134 0.12 1.9833932963733216
0.09226256175214723 0.028368794326241134 0.13 1.9853436291936
0.09930686671482548 0.028368794326241134 0.14 1.9874559533903962
0.10633935010815992 0.028368794326241134 0.15 1.989731679020098
0.1133591368562076 0.028368794326241134 0.16 1.9921723333113768
0.12036534535444868 0.028368794326241134 0.17 1.9947795635518801
0.12735708697247577 0.028368794326241134 0.18 1.997555140214662
0.13433346554402095 0.028368794326241134 0.19 2.0005009603448713
0.14129357684277927 0.028368794326241134 0.2 2.003619051234527
0.14823650804282879 0.028368794326241134 0.21 2.006911574398379
0.15516133716391137 0.028368794326241134 0.22 2.010380829826221
0.16206713249818386 0.028368794326241134 0.23 2.0140292605909442
0.16895295201897081 0.028368794326241134 0.24 2.017859457778164
0.17581784276870568 0.028368794326241134 0.25 2.0218741657960164
0.18266084022595724 0.028368794326241134 0.26 2.0260762880525203
0.18948096764788003 0.028368794326241134 0.27 2.0304688930737402
0.1962772353896337 0.028368794326241134 0.28 2.0350552210151855
0.20304864019576238 0.028368794326241134 0.29 2.0398386906693937
0.2097941644628428 0.028368794326241134 0.3 2.044822906970575
0.216512775472642 0.028368794326241134 0.31 2.0500116690060968
0.22320342459124576 0.028368794326241134 0.32 2.055408978619981
0.22986504643309033 0.028368794326241134 0.33 2.0610190496215735
0.2364965579884901 0.028368794326241134 0.34 2.066846317625027
0.24309685770900305 0.028368794326241134 0.35 2.0728954506222244
0.2496648245503044 0.028368794326241134 0.36 2.079171360293778
0.2561993169686748 0.028368794326241134 0.37 2.0856792141310834
0.2626991718674235 0.028368794326241134 0.38 2.0924244484378285
0.26916320348921313 0.028368794326241134 0.39 2.0994127822858895
0.2755902022505265 0.028368794326241134 0.4 2.1066502324977616
0.28197893351574077 0.028368794326241134 0.41 2.114143129712562
0.2883281363036598 0.028368794326241134 0.42 2.121898135667641
0.29463652192015455 0.028368794326241134 0.43 2.1299222618138187
0.3009027725176212 0.028368794326241134 0.44 2.1382228892839756
0.3071255395670848 0.028368794326241134 0.45 2.1468077904598517
0.3133034422424433 0.028368794326241134 0.46 2.1556851521834433
0.31943506570685815 0.028368794326241134 0.47 2.164863600805769
0.325518959292261 0.028368794326241134 0.48 2.17435222925509
0.33155363456807097 0.028368794326241134 0.49 2.18416062624601
0.3375375632818619 0.028368794326241134 0.5 2.194298907941358
0.343469175169344 0.028368794326241134 0.51 2.20477775219107
0.34934685561558265 0.028368794326241134 0.52 2.215608435692048
0.35516894315853836 0.028368794326241134 0.53 2.226802874304534
0.3609337268191684 0.028368794326241134 0.54 2.2383736668676453
0.36663944324189707 0.028368794326241134 0.55 2.250334142880177
0.37228427362638433 0.028368794326241134 0.56 2.262698414470529
0.3778663404346173 0.028368794326241134 0.57 2.275481433068014
0.38338370384794446 0.028368794326241134 0.58 2.288699051334674
0.38883435795088966 0.028368794326241134 0.59 2.3023680909237156
0.3942162266112581 0.028368794326241134 0.6 2.316506416760334
0.39952715902923364 0.028368794326241134 0.61 2.33113301855102
0.4047649249169941 0.028368794326241134 0.62 2.3462681004175328
0.4099272092714934 0.028368794326241134 0.63 2.361933179604514
0.4150116066874416 0.028368794326241134 0.64 2.3781511954699193
0.4200156151724723 0.028368794326241134 0.65 2.3949466298871536
0.4249366293891107 0.028368794326241134 0.66 2.412345640729741
0.4297719332650599 0.028368794326241134 0.67 2.4303762100426596
0.43451869189326797 0.028368794326241134 0.68 2.449068308891281
0.4391739426218415 0.028368794326241134 0.69 2.4684540813055813
0.44373458524058745 0.028368794326241134 0.7 2.4885680498831872
0.4481973711264591 0.028368794326241134 0.71 2.5094473463846176
0.4525588912128584 0.028368794326241134 0.72 2.531131970945584
0.45681556260671735 0.028368794326241134 0.73 2.5536650843842197
0.46096361364401156 0.028368794326241134 0.74 2.5770933389306427
0.46499906715238953 0.028368794326241134 0.75 2.6014672535376184
0.4689177216049439 0.028368794326241134 0.76 2.6268416415993223
0.4727151298332956 0.028368794326241134 0.77 2.653276099977239
0.476386574841346 0.028368794326241134 0.78 2.6808355707678655
0.47992704218587123 0.028368794326241134 0.79 2.7095909894948744
0.48333118826403576 0.028368794326241134 0.8 2.7396200366028762
0.4865933036365601 0.028368794326241134 0.81 2.7710080137844777
0.4897072703293198 0.028368794326241134 0.82 2.8038488717120185
0.49266651170122217 0.028368794326241134 0.83 2.8382464236006673
0.4954639330776601 0.028368794326241134 0.84 2.8743157885177704
0.4980918506946658 0.028368794326241134 0.85 2.912185122617387
0.5005419056832366 0.028368794326241134 0.86 2.951997715089674
0.5028049585789871 0.028368794326241134 0.87 2.9939145527664435
0.5048709579246754 0.028368794326241134 0.88 3.0381174976827845
0.5067287737351585 0.028368794326241134 0.89 3.0848132807636346
0.5083659820291629 0.028368794326241134 0.9 3.1342386074216093
0.5097685791580658 0.028368794326241134 0.91 3.186666819210911
0.5109205918847125 0.028368794326241134 0.92 3.2424168036824965
0.5118035260359182 0.028368794326241134 0.93 3.301865282576483
0.512395551911863 0.028368794326241134 0.94 3.365464433146633
0.5126702320324061 0.028368794326241134 0.95 3.433768469902899
0.0 0.0425531914893617 0.0 1.9588505485099672
0.007144815512245486 0.0425531914893617 0.01 1.9589256887185125
0.01428880874131575 0.0425531914893617 0.02 1.9591511571970828
0.021431157004584516 0.0425531914893617 0.03 1.9595270975538253
0.028571036819791146 0.0425531914893617 0.04 1.9600537494301145
0.03570762350360774 0.0425531914893617 0.05 1.9607314489064531
0.0428400907680989 0.0425531914893617 0.06 1.9615606291023004
0.04996761031453053 0.0425531914893617 0.07 1.9625418209374808
0.05708935142376722 0.0425531914893617 0.08 1.9636756540720317
0.06420448054234944 0.0425531914893617 0.09 1.9649628580377407
0.07131216086451098 0.0425531914893617 0.1 1.9664042635020735
0.07841155190721114 0.0425531914893617 0.11 1.9680008038104726
0.08550180908043485 0.0425531914893617 0.12 1.9697535166208635
0.09258208324917483 0.0425531914893617 0.13 1.9716635458091663
0.09965152028823308 0.0425531914893617 0.14 1.973732143539697
0.10670926062784931 0.0425531914893617 0.15 1.9759606725693633
0.11375443879009688 0.0425531914893617 0.16 1.9783506087568397
0.12078618291389134 0.0425531914893617 0.17 1.9809035438335278
0.12780361426998457 0.0425531914893617 0.18 1.9836211883627999
0.13480584676234056 0.0425531914893617 0.19 1.9865053749945905
0.14179198641609214 0.0425531914893617 0.2 1.989558061978301
0.14876113085163284 0.0425531914893617 0.21 1.9927813369323282
0.15571236874217423 0.0425531914893617 0.22 1.9961774209304923
0.16264477925516352 0.0425531914893617 0.23 1.9997486728750344
0.16955743147466573 0.0425531914893617 0.24 2.003497594218144
0.1764493838044871 0.0425531914893617 0.25 2.0074268340196704
0.18331968335139656 0.0425531914893617 0.26 2.011539194346969
0.19016736528305386 0.0425531914893617 0.27 2.0158376361274417
0.1969914521651905 0.0425531914893617 0.28 2.020325285337509
0.2037909532700796 0.0425531914893617 0.29 2.025005439696175
0.21056486385914042 0.0425531914893617 0.3 2.0298815757887176
0.21731216443445586 0.0425531914893617 0.31 2.0349573567217845
0.22403181995971042 0.0425531914893617 0.32 2.040236640291644
0.2307227790458224 0.0425531914893617 0.33 2.0457234877521366
0.23738397310037057 0.0425531914893617 0.34 2.0514221731933624
0.2440143154386687 0.0425531914893617 0.35 2.0573371935701346
0.2506127003516322 0.0425531914893617 0.36 2.063473279465979
0.2571780021290819 0.0425531914893617 0.37 2.069835406616656
0.26370907403451477 0.0425531914893617 0.38 2.076428808265261
0.2702047472279059 0.0425531914893617 0.39 2.0832589884122155
0.2766638296332298 0.0425531914893617 0.4 2.0903317360239586
0.28308510474515525 0.0425531914893617 0.41 2.0976531403007255
0.28946733037136324 0.0425531914893617 0.42 2.1052296070742536
0.29580923730530895 0.0425531914893617 0.43 2.1130678764350077
0.3021095279245815 0.0425531914893617 0.44 2.121175041686914
0.3083668747085935 0.0425531914893617 0.45 2.1295585697524153
0.3145799186662358 0.0425531914893617 0.46 2.138226323196706
0.32074726767418954 0.0425531914893617 0.47 2.147186583906136
0.32686749470806986 0.0425531914893617 0.48 2.1564480787194764
0.3329391359669841 0.0425531914893617 0.49 2.1660200070623405
0.3389606888753923 0.0425531914893617 0.5 2.1759120708721458
0.3449306099570061 0.0425531914893617 0.51 2.1861345069635467
0.3508473125647267 0.0425531914893617 0.52 2.1966981221371884
0.356709164459927 0.0425531914893617 0.53 2.2076143312269947
0.3625144852207698 0.0425531914893617 0.54 2.218895198470294
0.36826154346675793 0.0425531914893617 0.55 2.2305534825048623
0.37394855388624987 0.0425531914893617 0.56 2.242602685326619
0.3795736740410817 0.0425531914893617 0.57 2.2550571057190996
0.38513500092930364 0.0425531914893617 0.58 2.267931897606786
0.390630567285478 0.0425531914893617 0.59 2.2812431338379517
0.3960583375863355 0.0425531914893617 0.6 2.295007876078532
0.40141620373468395 0.0425531914893617 0.61 2.309244251480543
0.40670198038341865 0.0425531914893617 0.62 2.323971536969523
0.41191339986913783 0.0425531914893617 0.63 2.3392102519675593
0.4170481066985658 0.0425531914893617 0.64 2.354982260742406
0.42210365154740226 0.0425531914893617 0.65 2.371310885466885
0.42707748470976964 0.0425531914893617 0.66 2.3882210314184285
0.43196694893044274 0.0425531914893617 0.67 2.4057393259322084
0.436769271547953 0.0425531914893617 0.68 2.423894272907854
0.44148155585244075 0.0425531914893617 0.69 2.4427164251080344
0.4461007715593288 0.0425531914893617 0.7 2.4622385767179535
0.45062374428322377 0.0425531914893617 0.71 2.4824959790625867
0.4550471438522921 0.0425531914893617 0.72 2.503526583157731
0.45936747131665134 0.0425531914893617 0.73 2.5253713129774473
0.46358104443669107 0.0425531914893617 0.74 2.5480743744983716
0.46768398141401174 0.0425531914893617 0.75 2.5716836063644366
0.4716721825821851 0.0425531914893617 0.76 2.5962508791677807
0.4755413097023084 0.0425531914893617 0.77 2.621832551943798
0.47928676243186774 0.0425531914893617 0.78 2.6484899963283013
0.4829036514530455 0.0425531914893617 0.79 2.676290201000168
0.4863867675787184 0.0425531914893617 0.8 2.705306472492227
0.48973054602409377 0.0425531914893617 0.81 2.7356192519511464
0.49292902477326117 0.0425531914893617 0.82 2.767317072948273
0.49597579568244915 0.0425531914893617 0.83 2.8004976921081886
0.49886394652692356 0.0425531914893617 0.84 2.835269433755982
0.501585991600593 0.0425531914893617 0.85 2.871752802628204
0.5041337876692021 0.0425531914893617 0.86 2.910082436147869
0.50649843082842 0.0425531914893617 0.87 2.9504094934754224
0.5086701279790716 0.0425531914893617 0.88 2.992904615847578
0.5106380339095667 0.0425531914893617 0.89 3.0377616475462617
0.5123900404423533 0.0425531914893617 0.9 3.0852023942863935
0.513912496951357 0.0425531914893617 0.91 3.135482832820019
0.515189829067466 0.0425531914893617 0.92 3.1889014177391166
0.5162039997572245 0.0425531914893617 0.93 3.2458105422377455
0.5169337143827357 0.0425531914893617 0.94 3.3066329698337684
0.5173531808912667 0.0425531914893617 0.95 3.371886622188006
0.5174300312749287 0.0425531914893617 0.96 3.4422245966885856
0.0 0.05673758865248227 0.0 1.9457324875430688
0.007168861974479608 0.05673758865248227 0.01 1.9458061084032714
0.014336910131865483 0.05673758865248227 0.02 1.9460270172603562
0.02150333026431096 0.05673758865248227 0.03 1.9463953530364153
0.028667307381784954 0.05673758865248227 0.04 1.9469113475380133
0.035828025319397674 0.05673758865248227 0.05 1.9475753258530468
0.042984666342756966 0.05673758865248227 0.06 1.9483877069176028
0.05013641075047259 0.05673758865248227 0.07 1.9493490042648547
0.0572824364738029 0.05673758865248227 0.08 1.9504598268982696
0.06442191867193801 0.05673758865248227 0.09 1.951720880375473
0.0715540293227634 0.05673758865248227 0.1 1.9531329680489846
0.07867793680788658 0.05673758865248227 0.11 1.954696992504189
0.08579280549234368 0.05673758865248227 0.12 1.9564139571363701
0.09289779529648247 0.05673758865248227 0.13 1.958284967969844
0.09999206126058043 0.05673758865248227 0.14 1.9603112356470378
0.1070747531012299 0.05673758865248227 0.15 1.9624940776123823
0.11414501475764145 0.05673758865248227 0.16 1.964834920537119
0.12120198392859918 0.05673758865248227 0.17 1.9673353029295042
0.12824479159765412 0.05673758865248227 0.18 1.9699968779991885
0.13527256154669634 0.05673758865248227 0.19 1.9728214167455649
0.14228440985610172 0.05673758865248227 0.2 1.9758108113094535
0.14927944439048793 0.05673758865248227 0.21 1.978967078594866
0.15625676427049087 0.05673758865248227 0.22 1.982292364134598
0.16321545932631099 0.05673758865248227 0.23 1.9857889462998544
0.17015460953459505 0.05673758865248227 0.24 1.9894592407911462
0.17707328443723447 0.05673758865248227 0.25 1.9933058054387933
0.1839705425369601 0.05673758865248227 0.26 1.9973313454185004
0.19084543067504411 0.05673758865248227 0.27 2.0015387187451408
0.19769698338154124 0.05673758865248227 0.28 2.0059309422516454
0.20452422220398753 0.05673758865248227 0.29 2.0105111979088934
0.21132615500603588 0.05673758865248227 0.3 2.0152828396594575
0.21810177523995955 0.05673758865248227 0.31 2.0202494006735523
0.22485006118637224 0.05673758865248227 0.32 2.0254146011540315
0.23156997516216532 0.05673758865248227 0.33 2.0307823566630785
0.23826046269223453 0.05673758865248227 0.34 2.0363567870498533
0.24492045164339687 0.05673758865248227 0.35 2.0421422260038042
0.2515488513174416 0.05673758865248227 0.36 2.0481432312865056
0.25814455150113524 0.05673758865248227 0.37 2.0543645956808487
0.2647064214689747 0.05673758865248227 0.38 2.060811358731394
0.27123330893475306 0.05673758865248227 0.39 2.06748881934398
0.2777240389511178 0.05673758865248227 0.4 2.07440254926692
0.28417741274784464 0.05673758865248227 0.41 2.0815584076091627
0.2905922065122731 0.05673758865248227 0.42 2.08896255635788
0.2969671700963982 0.05673758865248227 0.43 2.096621477145876
0.30330102565678235 0.05673758865248227 0.44 2.1045419891989074
0.3095924662141604 0.05673758865248227 0.45 2.1127312686833664
0.31584015412625155 0.05673758865248227 0.46 2.1211968695749697
0.3220427194745625 0.05673758865248227 0.47 2.129946746078337
0.32819875834683604 0.05673758865248227 0.48 2.1389892768950283
0.33430683101593633 0.05673758865248227 0.49 2.148333291380884
0.3403654600017136 0.05673758865248227 0.5 2.157988097836068
0.3463731280075253 0.05673758865248227 0.51 2.1679635141092946
0.3523282757180717 0.05673758865248227 0.52 2.178269900772494
0.35822929945009657 0.05673758865248227 0.53 2.1889181970716405
0.36407454864056354 0.05673758865248227 0.54 2.1999199599618438
0.369862323153816 0.05673758865248227 0.55 2.2112874065857184
0.3755908703997159 0.05673758865248227 0.56 2.2230334604454205
0.38125838223579644 0.05673758865248227 0.57 2.2351718017714677
0.3868629916358464 0.05673758865248227 0.58 2.247716922499788
0.3924027691025464 0.05673758865248227 0.59 2.2606841863565483
0.39787571879642547 0.05673758865248227 0.6 2.2740898946467287
0.40327977435333207 0.05673758865248227 0.61 2.287951358382476
0.40861279435520514 0.05673758865248227 0.62 2.302286977519164
0.4138725574147256 0.05673758865248227 0.63 2.3171163281684275
0.41905675683901356 0.05673758865248227 0.64 2.3324602586708685
0.42416299481185926 0.05673758865248227 0.65 2.3483409957765646
0.42918877604503125 0.05673758865248227 0.66 2.3647822621446086
0.43413150083430924 0.05673758865248227 0.67 2.3818094066474145
0.4389884574467112 0.05673758865248227 0.68 2.3994495491936148
0.4437568137406374 0.05673758865248227 0.69 2.4177317422055356
0.44843360793926923 0.05673758865248227 0.7 2.436687150864287
0.4530157384213243 0.05673758865248227 0.71 2.456349255070022
0.4574999523940207 0.05673758865248227 0.72 2.476754076316841
0.4618828332998104 0.05673758865248227 0.73 2.497940433147487
0.46616078673490224 0.05673758865248227 0.74 2.5199502300393855
0.47033002467535595 0.05673758865248227 0.75 2.542828784857293
0.4743865477033986 0.05673758865248227 0.76 2.5666252017122915
0.47832612491786003 0.05673758865248227 0.77 2.591392796889863
0.4821442710901218 0.05673758865248227 0.78 2.6171895877445563
0.48583622055514464 0.05673758865248227 0.79 2.644078856381029
0.48939689720626617 0.05673758865248227 0.8 2.6721298027009928
0.4928208797633602 0.05673758865248227 0.81 2.701418305411905
0.49610236129701973 0.05673758865248227 0.82 2.732027814024331
0.4992351016555694 0.05673758865248227 0.83 2.764050401658511
0.5022123710799992 0.05673758865248227 0.84 2.797588016575235
0.5050268826411074 0.05673758865248227 0.85 2.832753983041181
0.5076707103949706 0.05673758865248227 0.86 2.8696748178326543
0.510135188908655 0.05673758865248227 0.87 2.9084924529231824
0.5124107880527216 0.05673758865248227 0.88 2.9493669892428596
0.5144869542578554 0.05673758865248227 0.89 2.9924801580211984
0.5163519050868143 0.05673758865248227 0.9 3.038039747026404
0.5179923570507629 0.05673758865248227 0.91 3.0862853763427314
0.5193931543817804 0.05673758865248227 0.92 3.137496225779856
0.5205367450489544 0.05673758865248227 0.93 3.192001692494799
0.5214024083188067 0.05673758865248227 0.94 3.25019667422633
0.5219650527808949 0.05673758865248227 0.95 3.312564607580663
0.5221932069648441 0.05673758865248227 0.96 3.3797146185523634
0.0 0.07092198581560283 0.0 1.9328984832762843
0.007192624236203646 0.07092198581560283 0.01 1.932970632407488
0.014384442968174645 0.07092198581560283 0.02 1.9331871245753878
0.021574650309365655 0.07092198581560283 0.03 1.9335480942143843
0.028762439608184014 0.07092198581560283 0.04 1.9340537656034995
0.03594700306362872 0.07092198581560283 0.05 1.9347044533006885
0.04312753133938593 0.07092198581560283 0.06 1.9355005626520487
0.05030321317513985 0.07092198581560283 0.07 1.9364425905048985
0.05747323499480154 0.07092198581560283 0.08 1.937531126062937
0.06463678051070666 0.07092198581560283 0.09 1.938766851917609
0.07179303032357516 0.07092198581560283 0.1 1.9401505452246923
0.07894116151679326 0.07092198581560283 0.11 1.9416830790804633
0.0860803472451251 0.07092198581560283 0.12 1.9433654240485367
0.09320975631652796 0.07092198581560283 0.13 1.9451986498807443
0.10032855276661881 0.07092198581560283 0.14 1.9471839274197593
0.10743589542447632 0.07092198581560283 0.15 1.9493225307119069
0.11453093747047813 0.07092198581560283 0.16 1.9516158392790532
0.12161282598269765 0.07092198581560283 0.17 1.9540653406592614
0.12868070147385183 0.07092198581560283 0.18 1.9566726331154907
0.13573369741589372 0.07092198581560283 0.19 1.9594394285977579
0.14277093975164434 0.07092198581560283 0.2 1.9623675559513898
0.1497915463936363 0.07092198581560283 0.21 1.9654589643502207
0.15679462670694078 0.07092198581560283 0.22 1.9687157270302933
0.16377928097754427 0.07092198581560283 0.23 1.9721400452632223
0.17074459986182022 0.07092198581560283 0.24 1.9757342526713975
0.17768966381926282 0.07092198581560283 0.25 1.9795008198133641
0.1846135425246147 0.07092198581560283 0.26 1.9834423591229822
0.19151529425832584 0.07092198581560283 0.27 1.9875616302095909
0.19839396527611747 0.07092198581560283 0.28 1.9918615454931314
0.2052485891519278 0.07092198581560283 0.29 1.9963451762866873
0.21207818609594348 0.07092198581560283 0.3 2.001015759277331
0.21888176224595116 0.07092198581560283 0.31 2.0058767034376888
0.22565830892584385 0.07092198581560283 0.32 2.0109315974782476
0.23240680187432436 0.07092198581560283 0.33 2.0161842177740246
0.23912620043919428 0.07092198581560283 0.34 2.0216385368501446
0.24581544673363845 0.07092198581560283 0.35 2.027298732484848
0.25247346475364746 0.07092198581560283 0.36 2.033169197441808
0.25909915945429435 0.07092198581560283 0.37 2.0392545498730605
0.26569141577795324 0.07092198581560283 0.38 2.0455596445073065
0.27224909763716776 0.07092198581560283 0.39 2.052089584584077
0.27877104684149423 0.07092198581560283 0.4 2.0588497347096117
0.2852560819722219 0.07092198581560283 0.41 2.0658457345830294
0.291702997191747 0.07092198581560283 0.42 2.0730835138055763
0.2981105609926141 0.07092198581560283 0.43 2.0805693077134992
0.30447751487294106 0.07092198581560283 0.44 2.0883096744496137
0.31080257193730393 0.07092198581560283 0.45 2.096311513308306
0.31708441541614457 0.07092198581560283 0.46 2.1045820844816827
0.3233216970965793 0.07092198581560283 0.47 2.11312903033956
0.3295130356567683 0.07092198581560283 0.48 2.12196039838964
0.3356570148984444 0.07092198581560283 0.49 2.1310846660385354
0.3417521818666887 0.07092198581560283 0.5 2.1405107673541206
0.3477970448460958 0.07092198581560283 0.51 2.1502481220339136
0.3537900712270723 0.07092198581560283 0.52 2.1603066667360897
0.35972968522797766 0.07092198581560283 0.53 2.1706968890431417
0.36561426545454206 0.07092198581560283 0.54 2.181429864388504
0.3714421422972055 0.07092198581560283 0.55 2.1925172960587553
0.3772115951315893 0.07092198581560283 0.56 2.203971558830841
0.3829208493174312 0.07092198581560283 0.57 2.215805746456127
0.38856807297210416 0.07092198581560283 0.58 2.2280337234595518
0.39415137349431467 0.07092198581560283 0.59 2.2406701817511085
0.3996687938133579 0.07092198581560283 0.6 2.253730702579162
0.40511830833732154 0.07092198581560283 0.61 2.2672318244146785
0.4104978185665453 0.07092198581560283 0.62 2.281191117478253
0.41580514833560256 0.07092198581560283 0.63 2.2956272657045558
0.4210380386417673 0.07092198581560283 0.64 2.3105601570558796
0.42619414201214034 0.07092198581560283 0.65 2.326010983229027
0.4312710163605941 0.07092198581560283 0.66 2.3420023498927742
0.4362661182595652 0.07092198581560283 0.67 2.358558398975256
0.4411767955683897 0.07092198581560283 0.68 2.375704944451605
0.4460002793247639 0.07092198581560283 0.69 2.393469623602186
0.4507336748067715 0.07092198581560283 0.7 2.411882065863893
0.45537395164647976 0.07092198581560283 0.71 2.4309740818788166
0.45991793286580723 0.07092198581560283 0.72 2.450779875691978
0.4643622826728866 0.07092198581560283 0.73 2.4713362836858295
0.468703492832975 0.07092198581560283 0.74 2.492683044447823
0.47293786738104754 0.07092198581560283 0.75 2.514863104697171
0.47706150540645953 0.07092198581560283 0.76 2.5379229673177224
0.4810702815834221 0.07092198581560283 0.77 2.5619130888035535
0.4849598240328961 0.07092198581560283 0.78 2.586888335180861
0.48872548901619983 0.07092198581560283 0.79 2.612908507408442
0.4923623318391791 0.07092198581560283 0.8 2.6400389498589467
0.49586507317104916 0.07092198581560283 0.81 2.66835125901777
0.4992280597774268 0.07092198581560283 0.82 2.6979241138813963
0.5024452183753039 0.07092198581560283 0.83 2.7288442554793537
0.5055100008960323 0.07092198581560283 0.84 2.761207651200315
0.5084153189185007 0.07092198581560283 0.85 2.7951208902426057
0.5111534642155127 0.07092198581560283 0.86 2.830702872165146
0.5137160111927418 0.07092198581560283 0.87 2.8680868725788313
0.5160936953430728 0.07092198581560283 0.88 2.907423101403017
0.5182762591312103 0.07092198581560283 0.89 2.948881918081091
0.520252252630552 0.07092198581560283 0.9 2.9926579419426456
0.5220087694597066 0.07092198581560283 0.91 3.0389754150197916
0.523531086976849 0.07092198581560283 0.92 3.0880953741027124
0.5248021587611075 0.07092198581560283 0.93 3.1403255411315785
0.5258018677949199 0.07092198581560283 0.94 3.19603449609053
0.526505866109409 0.07092198581560283 0.95 3.255673031343194
0.5268836545224179 0.07092198581560283 0.96 3.319808363422381
0.526892345456886 0.07092198581560283 0.97 3.389219448797068
0.0 0.0851063829787234 0.0 1.9203399845272526
0.007216106606599609 0.0851063829787234 0.01 1.9204107076566561
0.014431415871855502 0.0851063829787234 0.02 1.92062292039698
0.02164513008044883 0.0851063829787234 0.03 1.9209767528530122
0.02885645076853866 0.0851063829787234 0.04 1.9214724221102246
0.036064578347926986 0.0851063829787234 0.05 1.9221102326087751
0.04326871172832802 0.0851063829787234 0.06 1.9228905766662054
0.05046804793740183 0.0851063829787234 0.07 1.923813935129454
0.05766178173728809 0.0851063829787234 0.08 1.924880878219494
0.06484910523785241 0.0851063829787234 0.09 1.9260920664900238
0.07202920750502932 0.0851063829787234 0.1 1.9274482519841185
0.07920127416434321 0.0851063829787234 0.11 1.9289502795316271
0.08636448699887135 0.0851063829787234 0.12 1.9305990882069146
0.09351802354001731 0.0851063829787234 0.13 1.932395712993984
0.10066105665195411 0.0851063829787234 0.14 1.9343412865864698
0.10779275410709363 0.0851063829787234 0.15 1.9364370414166536
0.11491227815384916 0.0851063829787234 0.16 1.9386843118323465
0.12201878507366072 0.0851063829787234 0.17 1.9410845365176035
0.12911142472841466 0.0851063829787234 0.18 1.9436392610894593
0.13618934009610362 0.0851063829787234 0.19 1.9463501409278798
0.14325166679421233 0.0851063829787234 0.2 1.9492189442326826
0.15029753259011608 0.0851063829787234 0.21 1.9522475553123335
0.15732605689612483 0.0851063829787234 0.22 1.9554379781525915
0.1643363502509005 0.0851063829787234 0.23 1.958792340203455
0.17132751378182431 0.0851063829787234 0.24 1.9623128965102201
0.1782986386520903 0.0851063829787234 0.25 1.9660020340778923
0.18524880548672634 0.0851063829787234 0.26 1.9698622765984084
0.19217708377922005 0.0851063829787234 0.27 1.9738962894854404
0.199082531274831 0.0851063829787234 0.28 1.9781068852925001
0.20596419333239785 0.0851063829787234 0.29 1.9824970294658872
0.212821102258771 0.0851063829787234 0.3 1.9870698465447802
0.21965227661748507 0.0851063829787234 0.31 1.9918286267646061
0.2264567205078969 0.0851063829787234 0.32 1.9967768331311306
0.2332334228133147 0.0851063829787234 0.33 2.001918108985178
0.23998135641682306 0.0851063829787234 0.34 2.007256286077854
0.2466994773786475 0.0851063829787234 0.35 2.012795393258932
0.25338672408033314 0.0851063829787234 0.36 2.018539665687211
0.2600420163220389 0.0851063829787234 0.37 2.0244935547924845
0.2666642543806845 0.0851063829787234 0.38 2.0306617388601826
0.2732523180180884 0.0851063829787234 0.39 2.037049134419309
0.2798050654397878 0.0851063829787234 0.4 2.0436609084256427
0.28632133219919725 0.0851063829787234 0.41 2.050502491331271
0.292799930041971 0.0851063829787234 0.42 2.0575795911264807
0.299239645690442 0.0851063829787234 0.43 2.0648982083711527
0.305639239554664 0.0851063829787234 0.44 2.072464652425222
0.31199744437702776 0.0851063829787234 0.45 2.08028555880141
0.31831296379268653 0.0851063829787234 0.46 2.0883679079145328
0.32458447080600966 0.0851063829787234 0.47 2.0967190452517372
0.3308106061745096 0.0851063829787234 0.48 2.1053467031162434
0.33698997669495845 0.0851063829787234 0.49 2.114259024058858
0.3431211533762814 0.0851063829787234 0.5 2.123464586246533
0.34920266949921375 0.0851063829787234 0.51 2.1329724308269182
0.3552330185455884 0.0851063829787234 0.52 2.142792091575481
0.36121065198851143 0.0851063829787234 0.53 2.152933627012577
0.36713397693095196 0.0851063829787234 0.54 2.1634076552367314
0.3730013535769744 0.0851063829787234 0.55 2.17422539177218
0.37881109252470346 0.0851063829787234 0.56 2.185398690686234
0.38456145185595164 0.0851063829787234 0.57 2.196940089416271
0.39025063401132903 0.0851063829787234 0.58 2.208862857602562
0.3958767824230142 0.0851063829787234 0.59 2.2211810504415963
0.4014379778828765 0.0851063829787234 0.6 2.2339095670362816
0.40693223462077305 0.0851063829787234 0.61 2.2470642142860817
0.41235749605661204 0.0851063829787234 0.62 2.2606617770235133
0.4177116301940011 0.0851063829787234 0.63 2.2747200950992568
0.4229924246171281 0.0851063829787234 0.64 2.289258148240478
0.42819758103896793 0.0851063829787234 0.65 2.304296149716458
0.4333247093550381 0.0851063829787234 0.66 2.319855649851132
0.43837132113641586 0.0851063829787234 0.67 2.335959650731896
0.4433348224947467 0.0851063829787234 0.68 2.352632733576206
0.4482125062410708 0.0851063829787234 0.69 2.3699012004584334
0.45300154323458874 0.0851063829787234 0.7 2.387793232519852
0.4576989728222829 0.0851063829787234 0.71 2.4063390669103257
0.46230169223358414 0.0851063829787234 0.72 2.4255711953139882
0.466806444770034 0.0851063829787234 0.73 2.4455245874244342
0.47120980662660034 0.0851063829787234 0.74 2.466236943086405
0.47550817209423873 0.0851063829787234 0.75 2.4877489781218918
0.4796977369165494 0.0851063829787234 0.76 2.5101047490909965
0.48377447944117247 0.0851063829787234 0.77 2.5333520242140173
0.4877341392029432 0.0851063829787234 0.78 2.557542708456251
0.49157219243791944 0.0851063829787234 0.79 2.5827333331477336
0.49528382392030795 0.0851063829787234 0.8 2.6089856228070225
0.4988638943698607 0.0851063829787234 0.81 2.6363671548549665
0.5023069024381505 0.0851063829787234 0.82 2.6649521323563814
0.5056069400342802 0.0851063829787234 0.83 2.6948222950694216
0.5087576393506793 0.0851063829787234 0.84 2.7260680016455114
0.5117521093683609 0.0851063829787234 0.85 2.7587895264632576
0.5145828589448432 0.0851063829787234 0.86 2.7930986278604317
0.5172417023725648 0.0851063829787234 0.87 2.8291204659354006
0.5197196417365606 0.0851063829787234 0.88 2.8669959767226465
0.5220067178078909 0.0851063829787234 0.89 2.906884854697758
0.5240918171727195 0.0851063829787234 0.9 2.9489693649120428
0.5259624170525417 0.0851063829787234 0.91 2.9934593132514067
0.5276042377952769 0.0851063829787234 0.92 3.040598691553828
0.5290007533183619 0.0851063829787234 0.93 3.0906748356993425
0.5301324719595387 0.0851063829787234 0.94 3.1440315380780834
0.5309758281272902 0.0851063829787234 0.95 3.201088702939297
0.531501239629317 0.0851063829787234 0.96 3.2623751663223532
0.5316675597825443 0.0851063829787234 0.97 3.3286117667614894
0.0 0.09929078014184398 0.0 1.908048773831464
0.007239313307718031 0.09929078014184398 0.01 1.90811811489236
0.014477837290271682 0.09929078014184398 0.02 1.90832618004341
0.021714782256575475 0.09929078014184398 0.03 1.9086730952561637
0.028949357783253728 0.09929078014184398 0.04 1.9091590706994985
0.03618077234688642 0.09929078014184398 0.05 1.9097844011167797
0.04340823295449924 0.09929078014184398 0.06 1.9105494663189
0.05063094477190593 0.09929078014184398 0.07 1.9114547318056916
0.0578481107485204 0.09929078014184398 0.08 1.9125007495826998
0.06505893123909139 0.09929078014184398 0.09 1.9136881590748835
0.07226260362075855 0.09929078014184398 0.1 1.9150176882279804
0.07945832190523405 0.09929078014184398 0.11 1.916490154756937
0.08664527634554027 0.09929078014184398 0.12 1.9181064675465411
0.09382265303633529 0.09929078014184398 0.13 1.9198676282248386
0.10098963350701531 0.09929078014184398 0.14 1.921774732914814
0.10814539430759343 0.09929078014184398 0.15 1.9238289741407533
0.11528910658535524 0.09929078014184398 0.16 1.9260316429467275
0.12241993565279467 0.09929078014184398 0.17 1.9283841311821899
0.1295370405451487 0.09929078014184398 0.18 1.930887933997321
0.13663957356689505 0.09929078014184398 0.19 1.9335446525467583
0.14372667982587953 0.09929078014184398 0.2 1.9363559969229265
0.1507974967557022 0.09929078014184398 0.21 1.9393237892853863
0.15785115362303268 0.09929078014184398 0.22 1.9424499672652038
0.16488677102016389 0.09929078014184398 0.23 1.9457365876149026
0.1719034603422834 0.09929078014184398 0.24 1.9491858301067349
0.17890032324634894 0.09929078014184398 0.25 1.952800001741732
0.18587645109199827 0.09929078014184398 0.26 1.9565815412436067
0.19283092436251928 0.09929078014184398 0.27 1.9605330238722394
0.19976281206417543 0.09929078014184398 0.28 1.9646571665816308
0.20667117110326919 0.09929078014184398 0.29 1.9689568335251693
0.213555045638613 0.09929078014184398 0.3 1.9734350419472872
0.2204134664067181 0.09929078014184398 0.31 1.978094968503376
0.22724545001992427 0.09929078014184398 0.32 1.9829399559955485
0.23404999823499112 0.09929078014184398 0.33 1.987973520566695
0.240826097188395 0.09929078014184398 0.34 1.9931993594140551
0.24757271659720162 0.09929078014184398 0.35 1.998621359035897
0.25428880892365385 0.09929078014184398 0.36 2.0042436040413825
0.26097330849957157 0.09929078014184398 0.37 2.01007038658749
0.2676251306082929 0.09929078014184398 0.38 2.016106216479295
0.27424317052088465 0.09929078014184398 0.39 2.0223558319876083
0.28082630248416457 0.09929078014184398 0.4 2.0288242114268846
0.28737337865433094 0.09929078014184398 0.41 2.035516585593022
0.2938832279753959 0.09929078014184398 0.42 2.042438451081387
0.3003546549967774 0.09929078014184398 0.43 2.0495955845806555
0.3067864386230445 0.09929078014184398 0.44 2.05699405825543
0.31317733079586046 0.09929078014184398 0.45 2.064640256236251
0.31952605509658455 0.09929078014184398 0.46 2.0725408923985804
0.3258313052691976 0.09929078014184398 0.47 2.0807030294623754
0.3320917436507568 0.09929078014184398 0.48 2.089134099614703
0.33830599950745965 0.09929078014184398 0.49 2.097841926718289
0.34447266726450065 0.09929078014184398 0.5 2.106834750304134
0.350590304623443 0.09929078014184398 0.51 2.1161212514806835
0.35665743055361193 0.09929078014184398 0.52 2.125710580989459
0.362672523152253 0.09929078014184398 0.53 2.135612389544517
0.3686340173538872 0.09929078014184398 0.54 2.145836860776812
0.374540302481648 0.09929078014184398 0.55 2.1563947469659603
0.38038971962282925 0.09929078014184398 0.56 2.167297407883078
0.38618055881286456 0.09929078014184398 0.57 2.1785568530590806
0.39191105600658777 0.09929078014184398 0.58 2.1901857878727076
0.39757938982047086 0.09929078014184398 0.59 2.202197663818748
0.40318367801631255 0.09929078014184398 0.6 2.2146067334916606
0.4087219737042605 0.09929078014184398 0.61 2.2274281107643294
0.41419226123350833 0.09929078014184398 0.62 2.2406778367833478
0.41959245173776033 0.09929078014184398 0.63 2.2543729524554563
0.4249203782907842 0.09929078014184398 0.64 2.2685315782743305
0.4301737906369817 0.09929078014184398 0.65 2.2831730022885464
0.43535034944176315 0.09929078014184398 0.66 2.2983177772961656
0.44044761999557297 0.09929078014184398 0.67 2.3139878285431217
0.4454630653203458 0.09929078014184398 0.68 2.3302065731376738
0.45039403858453786 0.09929078014184398 0.69 2.346999052956184
0.4552377747466605 0.09929078014184398 0.7 2.3643920828008067
0.4599913813090002 0.09929078014184398 0.71 2.3824144161305343
0.46465182807049343 0.09929078014184398 0.72 2.4010969308031025
0.4692159357164524 0.09929078014184398 0.73 2.4204728380324316
0.47368036307818506 0.09929078014184398 0.74 2.4405779180977096
0.4780415928375806 0.09929078014184398 0.75 2.461450787288273
0.48229591544384487 0.09929078014184398 0.76 2.483133201078834
0.4864394109037761 0.09929078014184398 0.77 2.505670400151819
0.4904679280931259 0.09929078014184398 0.78 2.529111506688691
0.49437706108327323 0.09929078014184398 0.79 2.5535099807648947
0.49816212195160564 0.09929078014184398 0.8 2.5789241480045617
0.5018181092765045 0.09929078014184398 0.81 2.605417813757802
0.5053396714251736 0.09929078014184398 0.82 2.633060981763226
0.5087210633927308 0.09929078014184398 0.83 2.661930701147133
0.5119560956166593 0.09929078014184398 0.84 2.692112072080983
0.5150380726755932 0.09929078014184398 0.85 2.7236994497901312
0.5179597189878207 0.09929078014184398 0.86 2.756797900354359
0.5207130876606257 0.09929078014184398 0.87 2.7915249793951324
0.5232894469165498 0.09929078014184398 0.88 2.8280129335616118
0.5256791362335205 0.09929078014184398 0.89 2.8664114643321588
0.5278713804342754 0.09929078014184398 0.9 2.906891257947488
0.5298540438239586 0.09929078014184398 0.91 2.9496485858204986
0.5316132956171482 0.09929078014184398 0.92 2.994911452136656
0.533133139656698 0.09929078014184398 0.93 3.0429480548521752
0.5343947286936857 0.09929078014184398 0.94 3.0940788422272676
0.5353638374534175 0.09929078014184398 0.95 3.1488295037462666
0.5360462054642567 0.09929078014184398 0.96 3.2072884026126127
0.5363680390399134 0.09929078014184398 0.97 3.270526601351873
0.0 0.11347517730496454 0.0 1.8960169515182586
0.00726224847679549 0.11347517730496454 0.01 1.896084952724726
0.014523715500976583 0.11347517730496454 0.02 1.8962889969866763
0.02178361926193087 0.11347517730496454 0.03 1.8966292062965162
0.029041177232521528 0.11347517730496454 0.04 1.897105784194039
0.03629560580927988 0.11347517730496454 0.05 1.8977190161187887
0.04354611995105041 0.11347517730496454 0.06 1.8984692698685763
0.05079193281506397 0.11347517730496454 0.07 1.8993569962289578
0.05803225539030399 0.11347517730496454 0.08 1.9003827297170737
0.06526629612729112 0.11347517730496454 0.09 1.9015470894782307
0.07249326056334938 0.11347517730496454 0.1 1.9028507803480652
0.07971235094370824 0.11347517730496454 0.11 1.904294594024248
0.08692276583679677 0.11347517730496454 0.12 1.9058794104184318
0.09412369974331974 0.11347517730496454 0.13 1.9076061991682087
0.10131434269853486 0.11347517730496454 0.14 1.9094760213091706
0.10849387986753777 0.11347517730496454 0.15 1.911490031095885
0.11566149113138642 0.11347517730496454 0.16 1.9136494780339761
0.12281635066512726 0.11347517730496454 0.17 1.9159557090587012
0.1299576265050987 0.11347517730496454 0.18 1.918410170935184
0.13708448010611624 0.11347517730496454 0.19 1.921014412837024
0.14419606588672823 0.11347517730496454 0.2 1.9237700891443592
0.15129153076261073 0.11347517730496454 0.21 1.9266789624426535
0.1583700136650617 0.11347517730496454 0.22 1.9297429067890735
0.16543064504700355 0.11347517730496454 0.23 1.9329639111672972
0.17247254637117043 0.11347517730496454 0.24 1.9363440832540109
0.17949482958358823 0.11347517730496454 0.25 1.9398856534045197
0.18649659656750117 0.11347517730496454 0.26 1.9435909789616441
0.1934769385782742 0.11347517730496454 0.27 1.9474625488591004
0.20043493565914458 0.11347517730496454 0.28 1.951502988515607
0.20736965603222982 0.11347517730496454 0.29 1.955715065124552
0.21428015546862164 0.11347517730496454 0.3 1.9601016932510569
0.2211654766301881 0.11347517730496454 0.31 1.9646659408733727
0.22802464838669653 0.11347517730496454 0.32 1.9694110357902614
0.23485668510278135 0.11347517730496454 0.33 1.9743403724918078
0.24166058589369882 0.11347517730496454 0.34 1.9794575195043915
0.24843533384731545 0.11347517730496454 0.35 1.984766227249051
0.2551798952110432 0.11347517730496454 0.36 1.9902704364321047
0.2618932185396579 0.11347517730496454 0.37 1.9959742870332335
0.2685742338036618 0.11347517730496454 0.38 2.001882127896909
0.27522185145042877 0.11347517730496454 0.39 2.0079985270488505
0.2818349614205034 0.11347517730496454 0.4 2.014328282703233
0.2884124321131561 0.11347517730496454 0.41 2.020876435057621
0.2949531092930471 0.11347517730496454 0.42 2.027648278998814
0.3014558149439287 0.11347517730496454 0.43 2.034649377645851
0.3079193460547782 0.11347517730496454 0.44 2.0418855769516067
0.31434247333818116 0.11347517730496454 0.45 2.049363021378431
0.32072393987450315 0.11347517730496454 0.46 2.0570881707562743
0.3270624596780024 0.11347517730496454 0.47 2.0650678184001183
0.3333567161750262 0.11347517730496454 0.48 2.073309110645341
0.3396053605883956 0.11347517730496454 0.49 2.0818195679102436
0.3458070102221256 0.11347517730496454 0.5 2.0906071074017714
0.3519602466339675 0.11347517730496454 0.51 2.0996800676686003
0.35806361369171463 0.11347517730496454 0.52 2.1090472351080396
0.36411561549425553 0.11347517730496454 0.53 2.118717872722171
0.3701147141573722 0.11347517730496454 0.54 2.1287017511994675
0.3760593274381864 0.11347517730496454 0.55 2.1390091827188655
0.381947826195197 0.11347517730496454 0.56 2.149651057612685
0.3877785316605989 0.11347517730496454 0.57 2.1606388842767315
0.393549712509986 0.11347517730496454 0.58 2.1719848326331173
0.3992595817057453 0.11347517730496454 0.59 2.183701781570394
0.4049062930979001 0.11347517730496454 0.6 2.195803370725162
0.41048793775062214 0.11347517730496454 0.61 2.2083040571685535
0.41600253996537306 0.11347517730496454 0.62 2.2212191775587025
0.4214480529735294 0.11347517730496454 0.63 2.2345650163376307
0.42682235425541 0.11347517730496454 0.64 2.248358880765945
0.43212324044228395 0.11347517730496454 0.65 2.262619183640113
0.4373484217608017 0.11347517730496454 0.66 2.2773655345677466
0.44249551594953823 0.11347517730496454 0.67 2.2926188410601807
0.44756204159872737 0.11347517730496454 0.68 2.30840142055988
0.4525454108214593 0.11347517730496454 0.69 2.3247371250678506
0.45744292118196533 0.11347517730496454 0.7 2.3416514799737413
0.46225174676874525 0.11347517730496454 0.71 2.359171839227634
0.4669689282960012 0.11347517730496454 0.72 2.377327559208544
0.47159136209220653 0.11347517730496454 0.73 2.3961501941080465
0.47611578779350666 0.11347517730496454 0.74 2.41567371632248
0.48053877455551647 0.11347517730496454 0.75 2.4359347657024446
0.484856705518819 0.11347517730496454 0.76 2.456972932690118
0.4890657602478558 0.11347517730496454 0.77 2.478831081010266
0.49316189475761296 0.11347517730496454 0.78 2.501555717244407
0.4971408186838875 0.11347517730496454 0.79 2.525197415959629
0.5009979690470946 0.11347517730496454 0.8 2.5498113110834884
0.5047284798650155 0.11347517730496454 0.81 2.5754576674000424
0.508327146748661 0.11347517730496454 0.82 2.602202548834495
0.511788385285098 0.11347517730496454 0.83 2.630118605588039
0.515106181695664 0.11347517730496454 0.84 2.6592860080882947
0.5182740337363477 0.11347517730496454 0.85 2.6897935646468616
0.5212848791321224 0.11347517730496454 0.86 2.7217400715176527
0.5241310077523219 0.11347517730496454 0.87 2.7552359619643463
0.5268039522916423 0.11347517730496454 0.88 2.7904053453687085
0.5292943498380027 0.11347517730496454 0.89 2.8273885658795668
0.531591763151099 0.11347517730496454 0.9 2.866345467543112
0.5336844444855868 0.11347517730496454 0.91 2.9074596467484914
0.5355590148067638 0.11347517730496454 0.92 2.950944127430273
0.5372000155301456 0.11347517730496454 0.93 2.9970491417415146
0.5385881128185502 0.11347517730496454 0.94 3.0460861324265265
0.5397046710806718 0.11347517730496454 0.95 3.0983812574666185
0.5405188758532539 0.11347517730496454 0.96 3.15442885187697
0.540993915272747 0.11347517730496454 0.97 3.2148351458085496
0.5410188508821114 0.11347517730496454 0.98 3.281159604331658
0.0 0.1276595744680851 0.0 1.8842369207201393
0.007284916168367635 0.1276595744680851 0.01 1.8843036226478491
0.014569058616121218 0.1276595744680851 0.02 1.8845037678058132
0.021851653272366718 0.1276595744680851 0.03 1.8848374743664909
0.029131925365061456 0.1276595744680851 0.04 1.8853049395060342
0.0364090990690231 0.1276595744680851 0.05 1.885906439726017
0.04368239715239613 0.1276595744680851 0.06 1.8866423312961131
0.05095104062035665 0.1276595744680851 0.07 1.887513050877317
0.058214248356887176 0.1276595744680851 0.08 1.8885191161943071
0.06547123676203798 0.1276595744680851 0.09 1.8896611269406116
0.07272121938594352 0.1276595744680851 0.1 1.890939765755401
0.07996340655807413 0.1276595744680851 0.11 1.8923557993612081
0.08719700501060039 0.1276595744680851 0.12 1.8939100798773532
0.09442121749658845 0.1276595744680851 0.13 1.8956035462432097
0.10163524240130871 0.1276595744680851 0.14 1.8974372258157493
0.10883827334606548 0.1276595744680851 0.15 1.899412236134894
0.11602949878399087 0.1276595744680851 0.16 1.9015297868547334
0.12320810158752277 0.1276595744680851 0.17 1.9037911818335531
0.1303732586260653 0.1276595744680851 0.18 1.906197821417008
0.13752414033279337 0.1276595744680851 0.19 1.9087512049245672
0.14465991026077218 0.1276595744680851 0.2 1.9114529333164578
0.15177972462716924 0.1276595744680851 0.21 1.9143047120648826
0.15888273184384813 0.1276595744680851 0.22 1.9173083542597988
0.1659680720336851 0.1276595744680851 0.23 1.9204657839484631
0.17303487653278124 0.1276595744680851 0.24 1.9237790396932526
0.18008226737530914 0.1276595744680851 0.25 1.9272502784139964
0.1871093567613957 0.1276595744680851 0.26 1.9308817794900446
0.1941152465069462 0.1276595744680851 0.27 1.9346759491381023
0.2010990274715648 0.1276595744680851 0.28 1.9386353251346748
0.20805977896730474 0.1276595744680851 0.29 1.9427625818161063
0.21499656814352933 0.1276595744680851 0.3 1.9470605354452375
0.22190844934557402 0.1276595744680851 0.31 1.9515321499751548
0.22879446345045115 0.1276595744680851 0.32 1.9561805431441277
0.23565363717113838 0.1276595744680851 0.33 1.9610089930502854
0.24248498233238547 0.1276595744680851 0.34 1.9660209451445243
0.2492874951142902 0.1276595744680851 0.35 1.971220019704595
0.2560601552596235 0.1276595744680851 0.36 1.976610019851737
0.2628019252461905 0.1276595744680851 0.37 1.9821949400868075
0.269511749417745 0.1276595744680851 0.38 1.9879789754491262
0.2761885530724833 0.1276595744680851 0.39 1.993966531311701
0.28283124150696437 0.1276595744680851 0.4 2.0001622338495735
0.2894386990080678 0.1276595744680851 0.41 2.006570941293742
0.2960097877946141 0.1276595744680851 0.42 2.013197755952923
0.3025433469008852 0.1276595744680851 0.43 2.0200480371240617
0.30903819099787494 0.1276595744680851 0.44 2.0271274149591236
0.3154931091495899 0.1276595744680851 0.45 2.0344418053394957
0.3219068634980237 0.1276595744680851 0.46 2.041997425862579
0.32827818786977436 0.1276595744680851 0.47 2.049800813054071
0.33460578629999743 0.1276595744680851 0.48 2.0578588408874015
0.3408883314664564 0.1276595744680851 0.49 2.0661787407345047
0.34712446302482886 0.1276595744680851 0.5 2.0747681228952746
0.35331278583736747 0.1276595744680851 0.51 2.0836349998456436
0.35945186808965457 0.1276595744680851 0.52 2.092787811320576
0.3655402392762415 0.1276595744680851 0.53 2.1022354515205715
0.3715763880539089 0.1276595744680851 0.54 2.111987298524267
0.3775587599435827 0.1276595744680851 0.55 2.1220532462099446
0.3834857548689652 0.1276595744680851 0.56 2.132443738914912
0.3893557245161043 0.1276595744680851 0.57 2.1431698091194815
0.39516696949863384 0.1276595744680851 0.58 2.154243118451873
0.4009177363031025 0.1276595744680851 0.59 2.1656760024415855
0.4066062140013017 0.1276595744680851 0.6 2.177481519330936
0.4122305306962383 0.1276595744680851 0.61 2.1896735035011483
0.41778874967690355 0.1276595744680851 0.62 2.2022666240018163
0.42327886525780956 0.1276595744680851 0.63 2.215276448700029
0.4286987982498946 0.1276595744680851 0.64 2.2287195149145136
0.4340463910397743 0.1276595744680851 0.65 2.242613407122602
0.43931940221815885 0.1276595744680851 0.66 2.2569768427640846
0.4445155007084945 0.1276595744680851 0.67 2.271829767119696
0.44963225933328077 0.1276595744680851 0.68 2.287193458459808
0.4546671477392974 0.1276595744680851 0.69 2.3030906449144144
0.4596175246059006 0.1276595744680851 0.7 2.319545634593109
0.4644806290314981 0.1276595744680851 0.71 2.3365844609099398
0.4692535709826164 0.1276595744680851 0.72 2.3542350453311296
0.4739333206692918 0.1276595744680851 0.73 2.3725273801619133
0.4785166966817882 0.1276595744680851 0.74 2.3914937345079497
0.4830003526844292 0.1276595744680851 0.75 2.41116888722124
0.4873807624524434 0.1276595744680851 0.76 2.4315903910865426
0.4916542029276899 0.1276595744680851 0.77 2.4527988740331406
0.4958167349866759 0.1276595744680851 0.78 2.4748383835154315
0.49986418143222794 0.1276595744680851 0.79 2.4977567826941605
0.5037921017136978 0.1276595744680851 0.8 2.5216062079638246
0.5075957626856982 0.1276595744680851 0.81 2.546443600400044
0.5112701044850316 0.1276595744680851 0.82 2.5723313274012294
0.5148097004950826 0.1276595744680851 0.83 2.5993379137240855
0.5182087098462057 0.1276595744680851 0.84 2.6275389087323324
0.5214608205793307 0.1276595744680851 0.85 2.6570179231217845
0.5245591808177688 0.1276595744680851 0.86 2.687867880622146
0.5274963143765654 0.1276595744680851 0.87 2.720192545456708
0.530264015730617 0.1276595744680851 0.88 2.754108410131859
0.5328532171880683 0.1276595744680851 0.89 2.7897470614815307
0.5352538174683795 0.1276595744680851 0.9 2.82725819831964
0.537454455744491 0.1276595744680851 0.91 2.866813554428554
0.5394422059697356 0.1276595744680851 0.92 2.9086121194309054
0.5412021759692774 0.1276595744680851 0.93 2.952887007624096
0.5427166856098259 0.1276595744680851 0.94 2.9999178298267246
0.543964656685981 0.1276595744680851 0.95 3.0500421748792093
0.5449197022081813 0.1276595744680851 0.96 3.103683624727143
0.545545463720196 0.1276595744680851 0.97 3.161415445108965
0.5457376228006311 0.1276595744680851 0.98 3.224663202557368
0.0 0.14184397163120566 0.0 1.8727013731545308
0.007307320356434388 0.14184397163120566 0.01 1.8727668148260952
0.014613874586694733 0.14184397163120566 0.02 1.872963177984265
0.021918896221824 0.14184397163120566 0.03 1.873290577143161
0.029221618106749198 0.14184397163120566 0.04 1.8737492033634318
0.03652127205588341 0.14184397163120566 0.05 1.8743393245623936
0.04381708850707505 0.14184397163120566 0.06 1.8750612859515068
0.05110829617327152 0.14184397163120566 0.07 1.8759155106066483
0.05839412169166715 0.14184397163120566 0.08 1.876902500146663
0.06567378926920726 0.14184397163120566 0.09 1.8780228355702633
0.07294652032430583 0.14184397163120566 0.1 1.87927717821231
0.08021153312417094 0.14184397163120566 0.11 1.8806662708322526
0.0874680424169257 0.14184397163120566 0.12 1.8821909388497489
0.0947152590576492 0.14184397163120566 0.13 1.8838520917378496
0.10195238962874138 0.14184397163120566 0.14 1.8856507245330725
0.10917863605224686 0.14184397163120566 0.15 1.887587919540988
0.11639319519540316 0.14184397163120566 0.16 1.889664848161698
0.12359525846686557 0.14184397163120566 0.17 1.8918827729136165
0.13078401140393708 0.14184397163120566 0.18 1.8942430496190772
0.13795863324997304 0.14184397163120566 0.19 1.8967471297647747
0.14511829652075753 0.14184397163120566 0.2 1.8993965630574325
0.1522621665585673 0.14184397163120566 0.21 1.9021930001924368
0.15938940107440497 0.14184397163120566 0.22 1.9051381958078317
0.16649914967628707 0.14184397163120566 0.23 1.908234011667813
0.17359055338268198 0.14184397163120566 0.24 1.9114824200824576
0.18066274411992578 0.14184397163120566 0.25 1.9148855075774605
0.18771484420358564 0.14184397163120566 0.26 1.918445478803954
0.19474596580099476 0.14184397163120566 0.27 1.9221646607391956
0.20175521037500016 0.14184397163120566 0.28 1.9260455071654636
0.20874166810563444 0.14184397163120566 0.29 1.9300906034835767
0.21570441729153472 0.14184397163120566 0.3 1.9343026718163137
0.22264252372566284 0.14184397163120566 0.31 1.938684576498773
0.22955504004714133 0.14184397163120566 0.32 1.9432393299126605
0.23644100506353258 0.14184397163120566 0.33 1.9479700987594541
0.243299443046963 0.14184397163120566 0.34 1.9528802107073437
0.2501293629963951 0.14184397163120566 0.35 1.9579731615395433
0.2569297578674412 0.14184397163120566 0.36 1.9632526227739542
0.2636996037664852 0.14184397163120566 0.37 1.9687224498055864
0.27043785910454865 0.14184397163120566 0.38 1.9743866906402463
0.2771434637134913 0.14184397163120566 0.39 1.9802495951813892
0.2838153379130397 0.14184397163120566 0.4 1.9863156252437295
0.2904523815335453 0.14184397163120566 0.41 1.99258946522251
0.297053472887701 0.14184397163120566 0.42 1.9990760335249702
0.30361746768361686 0.14184397163120566 0.43 2.0057804948750833
0.3101431978830956 0.14184397163120566 0.44 2.012708273448828
0.3166294704918488 0.14184397163120566 0.45 2.0198650670329656
0.3230750662845407 0.14184397163120566 0.46 2.0272568621838776
0.3294787384518884 0.14184397163120566 0.47 2.03488995057299
0.3358392111683003 0.14184397163120566 0.48 2.0427709465595156
0.34215517807479506 0.14184397163120566 0.49 2.050906806087099
0.3484253006627877 0.14184397163120566 0.5 2.05930484711493
0.3546482065600664 0.14184397163120566 0.51 2.06797277160558
0.3608224877014938 0.14184397163120566 0.52 2.0769186893262575
0.3669466983818377 0.14184397163120566 0.53 2.086151143546756
0.37301935317296864 0.14184397163120566 0.54 2.095679138904112
0.37903892470109773 0.14184397163120566 0.55 2.1055121715559166
0.3850038412624834 0.14184397163120566 0.56 2.115660261952175
0.3909124842698328 0.14184397163120566 0.57 2.1261339904094148
0.3967631855063142 0.14184397163120566 0.58 2.1369445358564256
0.40255422417502307 0.14184397163120566 0.59 2.1481037180150486
0.4082838237147695 0.14184397163120566 0.6 2.159624043483402
0.41395014836834954 0.14184397163120566 0.61 2.171518756044369
0.41955129946477326 0.14184397163120566 0.62 2.183801891812252
0.4250853113970798 0.14184397163120566 0.63 2.1964883396445467
0.4305501472488481 0.14184397163120566 0.64 2.2095939075818127
0.435943694041017 0.14184397163120566 0.65 2.2231353959244884
0.4412637575467399 0.14184397163120566 0.66 2.237130677853308
0.4465080566202496 0.14184397163120566 0.67 2.251598788572214
0.4516742169911367 0.14184397163120566 0.68 2.266560023966962
0.4567597644344969 0.14184397163120566 0.69 2.2820360502688044
0.4617621172618208 0.14184397163120566 0.7 2.298050025961186
0.46667857800483037 0.14184397163120566 0.71 2.3146267380149457
0.47150632421477623 0.14184397163120566 0.72 2.3317927541724046
0.4762423982197244 0.14184397163120566 0.73 2.349576593970645
0.48088369568440126 0.14184397163120566 0.74 2.368008921376711
0.48542695280669135 0.14184397163120566 0.75 2.3871227622664617
0.48986873188668756 0.14184397163120566 0.76 2.4069537512587194
0.4942054050304352 0.14184397163120566 0.77 2.427540412541263
0.49843313561419994 0.14184397163120566 0.78 2.4489244811467272
0.5025478571200782 0.14184397163120566 0.79 2.4711512718843465
0.506545248815678 0.14184397163120566 0.8 2.494270105251134
0.510420707607465 0.14184397163120566 0.81 2.518334802022547
0.5141693152572049 0.14184397163120566 0.82 2.5434042608512395
0.5177857998960397 0.14184397163120566 0.83 2.569543137337092
0.5212644903784505 0.14184397163120566 0.84 2.5968226490479367
0.5245992617183359 0.14184397163120566 0.85 2.6253215367985043
0.5277834690178459 0.14184397163120566 0.86 2.65512722461619
0.530809866537382 0.14184397163120566 0.87 2.6863372337598226
0.5336705070025949 0.14184397163120566 0.88 2.719060929188005
0.5363566144691208 0.14184397163120566 0.89 2.7534217054727317
0.5388584205242993 0.14184397163120566 0.9 2.7895597707488227
0.5411649488881145 0.14184397163120566 0.91 2.8276357591716854
0.5432637370780126 0.14184397163120566 0.92 2.8678353988093224
0.5451403590386713 0.14184397163120566 0.93 2.910376837559152
0.5467778312291176 0.14184397163120566 0.94 2.955520058078225
0.5481559324347317 0.14184397163120566 0.95 3.0035784057698285
0.549249277719965 0.14184397163120566 0.96 3.0549455720909817
0.5500231284709796 0.14184397163120566 0.97 3.1101516429060565
0.5503795897844427 0.14184397163120566 0.98 3.1704982002206137
0.0 0.15602836879432624 0.0 1.8614032757446473
0.0073294649365159914 0.15602836879432624 0.01 1.8614674946854468
0.014658171206623792 0.15602836879432624 0.02 1.8616601884921822
0.021985359808452083 0.15602836879432624 0.03 1.8619814681556246
0.029310271068723016 0.15602836879432624 0.04 1.8624315188560232
0.0366321443056441 0.15602836879432624 0.05 1.8630106002708202
0.043950217490290946 0.15602836879432624 0.06 1.8637190469859704
0.051263726906000416 0.15602836879432624 0.07 1.8645572690248031
0.0585719068044911 0.15602836879432624 0.08 1.8655257525467872
0.06587398905979931 0.15602836879432624 0.09 1.8666250605893588
0.07316920281719799 0.15602836879432624 0.1 1.8678558340285965
0.08045677413883516 0.15602836879432624 0.11 1.8692187925968555
0.08773592564345525 0.15602836879432624 0.12 1.8707147360909069
0.09500587614124177 0.15602836879432624 0.13 1.8723445456796737
0.10226584026214708 0.15602836879432624 0.14 1.8741091853720329
0.10951502807722421 0.15602836879432624 0.15 1.8760097036359482
0.11675264471277072 0.15602836879432624 0.16 1.8780472351572532
0.12397788995570518 0.15602836879432624 0.17 1.8802230027761764
0.13118995785055046 0.15602836879432624 0.18 1.8825383195694478
0.13838803628606305 0.15602836879432624 0.19 1.8849945911251176
0.14557130657197412 0.15602836879432624 0.2 1.8875933179785243
0.15273894300348548 0.15602836879432624 0.21 1.8903360982620683
0.15989011241422604 0.15602836879432624 0.22 1.893224630533293
0.16702397371547828 0.15602836879432624 0.23 1.8962607168263137
0.17413967742155423 0.15602836879432624 0.24 1.89944626591523
0.18123636515946415 0.15602836879432624 0.25 1.9027832968212786
0.18831316916294522 0.15602836879432624 0.26 1.9062739425507025
0.19536921174757424 0.15602836879432624 0.27 1.9099204541228363
0.20240360476916647 0.15602836879432624 0.28 1.9137252048322124
0.20941544905996728 0.15602836879432624 0.29 1.9176906948477013
0.21640383384425682 0.15602836879432624 0.3 1.9218195561041718
0.2233678361312854 0.15602836879432624 0.31 1.9261145575209655
0.2303065200822991 0.15602836879432624 0.32 1.9305786105976566
0.2372189363526901 0.15602836879432624 0.33 1.935214775361673
0.24410412140463267 0.15602836879432624 0.34 1.9400262667431083
0.2509610967897401 0.15602836879432624 0.35 1.945016461377479
0.257788868399754 0.15602836879432624 0.36 1.95018890486604
0.2645864256815334 0.15602836879432624 0.37 1.955547319549608
0.27135274081571925 0.15602836879432624 0.38 1.9610956128033887
0.27808676785528696 0.15602836879432624 0.39 1.9668378859108333
0.2847874418203968 0.15602836879432624 0.4 1.9727784435694768
0.29145367774731284 0.15602836879432624 0.41 1.9789218040627434
0.29808436968992447 0.15602836879432624 0.42 1.9852727101249257
0.3046783896639623 0.15602836879432624 0.43 1.9918361406419485
0.3112345865378062 0.15602836879432624 0.44 1.99861732314244
0.3177517848589171 0.15602836879432624 0.45 2.005621747238593
0.3242287836143221 0.15602836879432624 0.46 2.0128551790493643
0.3306643549205812 0.15602836879432624 0.47 2.0203236766837485
0.33705724263361814 0.15602836879432624 0.48 2.0280336069261664
0.3434061608755362 0.15602836879432624 0.49 2.0359916631837147
0.34970979247038536 0.15602836879432624 0.5 2.044204884824341
0.3559667872810688 0.15602836879432624 0.51 2.0526806780353404
0.3621757604371927 0.15602836879432624 0.52 2.061426838363707
0.3683352904501798 0.15602836879432624 0.53 2.0704515750306656
0.3744439171941828 0.15602836879432624 0.54 2.079763537323759
0.38050013975540903 0.15602836879432624 0.55 2.089371843101429
0.38650241412494313 0.15602836879432624 0.56 2.0992861097683897
0.39244915072665865 0.15602836879432624 0.57 2.1095164879012254
0.3983387117610218 0.15602836879432624 0.58 2.1200736978370642
0.40416940835216486 0.15602836879432624 0.59 2.1309690694808445
0.4099394974705576 0.15602836879432624 0.6 2.1422145857653905
0.4156471786138417 0.15602836879432624 0.61 2.1538229301066547
0.4212905902171961 0.15602836879432624 0.62 2.165807538339086
0.426867805764182 0.15602836879432624 0.63 2.1781826556457076
0.43237682956878354 0.15602836879432624 0.64 2.190963399032295
0.43781559218136695 0.15602836879432624 0.65 2.2041658261161365
0.44318194538716044 0.15602836879432624 0.66 2.2178070108805534
0.44847365673353007 0.15602836879432624 0.67 2.231905127426972
0.45368840354395734 0.15602836879432624 0.68 2.24647954259821
0.45882376633210753 0.15602836879432624 0.69 2.261550918866466
0.46387722155954636 0.15602836879432624 0.7 2.2771413286645443
0.468846133627841 0.15602836879432624 0.71 2.2932743819694292
0.47372774600770395 0.15602836879432624 0.72 2.309975368953137
0.4785191713719129 0.15602836879432624 0.73 2.327271420022693
0.48321738058575336 0.15602836879432624 0.74 2.3451916858832758
0.48781919037921034 0.15602836879432624 0.75 2.3637675407745244
0.4923212494555204 0.15602836879432624 0.76 2.3830328129848457
0.49672002282087074 0.15602836879432624 0.77 2.403024046800977
0.5010117739527365 0.15602836879432624 0.78 2.4237808021021117
0.5051925444575132 0.15602836879432624 0.79 2.4453459980236447
0.5092581306995237 0.15602836879432624 0.8 2.467766309428449
0.5132040567553433 0.15602836879432624 0.81 2.4910926270306097
0.5170255429532642 0.15602836879432624 0.82 2.5153805940440472
0.5207174689036668 0.15602836879432624 0.83 2.5406912371114627
0.5242743297547832 0.15602836879432624 0.84 2.567091712844679
0.5276901838394765 0.15602836879432624 0.85 2.5946561993886763
0.5309585894062901 0.15602836879432624 0.86 2.6234669704822515
0.5340725271286256 0.15602836879432624 0.87 2.6536157040123123
0.5370243037913812 0.15602836879432624 0.88 2.6852050964572025
0.5398054309660468 0.15602836879432624 0.89 2.7183508797945546
0.5424064692427679 0.15602836879432624 0.9 2.753184383498618
0.5448168297766248 0.15602836879432624 0.91 2.789855791838981
0.5470204276525529 0.15602836879432624 0.92 2.8285806446943433
0.5490154266400497 0.15602836879432624 0.93 2.8694377108493736
0.5507735521059026 0.15602836879432624 0.94 2.912792530773595
0.5522792755289853 0.15602836879432624 0.95 2.958896115006079
0.5535083039468964 0.15602836879432624 0.96 3.0081132639677426
0.5544274920422453 0.15602836879432624 0.97 3.0609339201439782
0.5549451613090005 0.15602836879432624 0.98 3.1185449863104098
0.0 0.1702127659574468 0.0 1.8503358579061269
0.007351353727644898 0.1702127659574468 0.01 1.8503988902376085
0.014701956116817474 0.1702127659574468 0.02 1.8505880230834852
0.02205105550075874 0.1702127659574468 0.03 1.8509033640491912
0.02939789955558101 0.1702127659574468 0.04 1.8513450926734267
0.03674173497035958 0.1702127659574468 0.05 1.8519134607160532
0.04408180711597027 0.1702127659574468 0.06 1.8526087925347678
0.05141735971121702 0.1702127659574468 0.07 1.8534314856457181
0.058747634487259316 0.1702127659574468 0.08 1.8543820113139209
0.0660718708479434 0.1702127659574468 0.09 1.8554609153485213
0.07338930552733011 0.1702127659574468 0.1 1.8566688189533176
0.08069917224203665 0.1702127659574468 0.11 1.8580064197620207
0.08800070134002774 0.1702127659574468 0.12 1.859474492933922
0.09529311944229236 0.1702127659574468 0.13 1.861073892466227
0.10257564908038254 0.1702127659574468 0.14 1.8628055525554794
0.10984750832535828 0.1702127659574468 0.15 1.8646704891828716
0.11710791041113133 0.1702127659574468 0.16 1.8666698017768861
0.12435606334877086 0.1702127659574468 0.17 1.8688046750697604
0.13159116953209138 0.1702127659574468 0.18 1.8710763811089632
0.13881242533445612 0.1702127659574468 0.19 1.8734862814136846
0.1460190206946256 0.1702127659574468 0.2 1.876035829326656
0.15321013869208172 0.1702127659574468 0.21 1.8787265725318136
0.16038495511004638 0.1702127659574468 0.22 1.8815601557732375
0.16754263798589306 0.1702127659574468 0.23 1.8845383237684314
0.17468234714718517 0.1702127659574468 0.24 1.8876629243458187
0.18180323373434176 0.1702127659574468 0.25 1.8909359117727516
0.1889044397059964 0.1702127659574468 0.26 1.894359350352215
0.1959850973277153 0.1702127659574468 0.27 1.8979354182589052
0.2030443286428792 0.1702127659574468 0.28 1.9016664116316613
0.210081244924319 0.1702127659574468 0.29 1.9055547489424074
0.21709494610376817 0.1702127659574468 0.3 1.9096029756875388
0.2240845201801418 0.1702127659574468 0.31 1.913813769373549
0.23104904260406886 0.1702127659574468 0.32 1.9181899448390511
0.23798757563564987 0.1702127659574468 0.33 1.9227344599578677
0.24489916767632733 0.1702127659574468 0.34 1.9274504217018276
0.25178285256991295 0.1702127659574468 0.35 1.932341092641042
0.2586376488734887 0.1702127659574468 0.36 1.9374098978647225
0.26546255909456185 0.1702127659574468 0.37 1.942660432378131
0.2722565688899345 0.1702127659574468 0.38 1.948096469040394
0.279018646230773 0.1702127659574468 0.39 1.9537219669769978
0.28574774052040297 0.1702127659574468 0.4 1.9595410806651956
0.2924427816719872 0.1702127659574468 0.41 1.965558169588436
0.2991026791365592 0.1702127659574468 0.42 1.9717778086005533
0.3057263208776151 0.1702127659574468 0.43 1.978204799053391
0.3123125722960049 0.1702127659574468 0.44 1.9848441806474424
0.3188602750886876 0.1702127659574468 0.45 1.9917012442327722
0.32536824604627745 0.1702127659574468 0.46 1.9987815455048483
0.3318352757827206 0.1702127659574468 0.47 2.0060909196992927
0.3382601273850013 0.1702127659574468 0.48 2.0136354974535764
0.3446415349873845 0.1702127659574468 0.49 2.021421721802259
0.35097820225266246 0.1702127659574468 0.5 2.0294563665461482
0.3572688007608969 0.1702127659574468 0.51 2.037746556019114
0.3635119682954305 0.1702127659574468 0.52 2.046299786412245
0.369706307010188 0.1702127659574468 0.53 2.0551239488814748
0.37585038148390504 0.1702127659574468 0.54 2.064227354426007
0.3819427166312189 0.1702127659574468 0.55 2.0736187609369274
0.3879817954719831 0.1702127659574468 0.56 2.083307402466331
0.39396605674164037 0.1702127659574468 0.57 2.0933030209881847
0.39989389231965233 0.1702127659574468 0.58 2.1036159009912674
0.4057636444736073 0.1702127659574468 0.59 2.1142569070366535
0.4115736028825833 0.1702127659574468 0.6 2.1252375247915767
0.4173220014314303 0.1702127659574468 0.61 2.1365699057686074
0.4230070147421688 0.1702127659574468 0.62 2.1482669162891246
0.42862675442184095 0.1702127659574468 0.63 2.1603421910759812
0.4341792649850427 0.1702127659574468 0.64 2.1728101921252914
0.4396625194245594 0.1702127659574468 0.65 2.1856862733845634
0.4450744143844901 0.1702127659574468 0.66 2.198986751998381
0.4504127648841196 0.1702127659574468 0.67 2.2127289869882456
0.455675298540311 0.1702127659574468 0.68 2.2269314662926876
0.46085964922899014 0.1702127659574468 0.69 2.2416139032324525
0.465963350099479 0.1702127659574468 0.7 2.2567973438067943
0.4709838258641771 0.1702127659574468 0.71 2.2725042862342733
0.4759183842555423 0.1702127659574468 0.72 2.288758814563756
0.48076420652863733 0.1702127659574468 0.73 2.3055867484499424
0.4855183368728336 0.1702127659574468 0.74 2.323015811496961
0.49017767054024125 0.1702127659574468 0.75 2.3410758213156124
0.49473894050526057 0.1702127659574468 0.76 2.3597989046239136
0.4991987023870943 0.1702127659574468 0.77 2.3792197418214753
0.5035533173341613 0.1702127659574468 0.78 2.3993758461658867
0.5077989324729041 0.1702127659574468 0.79 2.4203078840815797
0.5119314584752866 0.1702127659574468 0.8 2.4420600441996423
0.5159465436191809 0.1702127659574468 0.81 2.4646804652185663
0.5198395436092296 0.1702127659574468 0.82 2.48822173468845
0.5236054861309808 0.1702127659574468 0.83 2.512741474929976
0.5272390289648551 0.1702127659574468 0.84 2.5383030353987763
0.530734409881082 0.1702127659574468 0.85 2.564976318865475
0.5340853860696401 0.1702127659574468 0.86 2.5928387763421443
0.5372851601633658 0.1702127659574468 0.87 2.6219766165830696
0.5403262884024134 0.1702127659574468 0.88 2.652486296460882
0.5432005652319771 0.1702127659574468 0.89 2.6844763790938866
0.5458988793397559 0.1702127659574468 0.9 2.7180698510051577
0.5483881632375031 0.1702127659574468 0.91 2.7536366946894546
0.5507252633596739 0.1702127659574468 0.92 2.7906518308198915
0.5528283788549458 0.1702127659574468 0.93 2.8299922040153946
0.5547047226811597 0.1702127659574468 0.94 2.8716531333701374
0.5563355356759805 0.1702127659574468 0.95 2.9159065953725865
0.557697572613631 0.1702127659574468 0.96 2.9630907834141778
0.5587592553366985 0.1702127659574468 0.97 3.0136582995479873
0.5594348913441782 0.1702127659574468 0.98 3.0686902444196416
0.5595402456382245 0.1702127659574468 0.99 3.130456914764011
0.0 0.18439716312056736 0.0 1.8394925995956688
0.007372990474328207 0.18439716312056736 0.01 1.8395544800748418
0.01474523680907526 0.18439716312056736 0.02 1.8397401562846472
0.02211599454335401 0.18439716312056736 0.03 1.8400497325765874
0.02948451857309744 0.18439716312056736 0.04 1.8404833830641503
0.03685006282822875 0.18439716312056736 0.05 1.841041351888911
0.04421187994836466 0.18439716312056736 0.06 1.8417239536025263
0.05156922095647946 0.18439716312056736 0.07 1.8425315736653296
0.05892133492998436 0.18439716312056736 0.08 1.8434646690610275
0.06626746866891249 0.18439716312056736 0.09 1.8445237690155998
0.07360686636039762 0.18439716312056736 0.1 1.845709475844571
0.08093876923884682 0.18439716312056736 0.11 1.8470224659271315
0.08826241524224203 0.18439716312056736 0.12 1.8484634907649655
0.0955770386617755 0.18439716312056736 0.13 1.8500333782358855
0.10288186978722057 0.18439716312056736 0.14 1.8517330339050528
0.1101761345441557 0.18439716312056736 0.15 1.8535634425419711
0.1174590541261045 0.18439716312056736 0.16 1.855525669701078
0.12472984461692513 0.18439716312056736 0.17 1.8576208635216132
0.13198771660568806 0.18439716312056736 0.18 1.8598502566422894
0.13923187479275814 0.18439716312056736 0.19 1.8622151682657222
0.14646151758499082 0.18439716312056736 0.2 1.8647170064166723
0.15367583668105333 0.18439716312056736 0.21 1.8673572703490335
0.16087401664439321 0.18439716312056736 0.22 1.8701375531559068
0.16805523446478615 0.18439716312056736 0.23 1.873059544545583
0.17521865910537163 0.18439716312056736 0.24 1.8761250338469786
0.18236345103620125 0.18439716312056736 0.25 1.8793359132067902
0.18948876175241508 0.18439716312056736 0.26 1.8826941810124487
0.19659373327482338 0.18439716312056736 0.27 1.886201945575053
0.20367749763444382 0.18439716312056736 0.28 1.88986142903071
0.21073917633741734 0.18439716312056736 0.29 1.893674971524971
0.21777787980952262 0.18439716312056736 0.3 1.8976450356839845
0.22479270681870375 0.18439716312056736 0.31 1.9017742113927043
0.23178274387586528 0.18439716312056736 0.32 1.9060652208697282
0.23874706460944825 0.18439716312056736 0.33 1.9105209241107857
0.24568472911448702 0.18439716312056736 0.34 1.9151443246813422
0.2525947832725596 0.18439716312056736 0.35 1.9199385759129177
0.2594762580426207 0.18439716312056736 0.36 1.9249069874989921
0.2663281687164561 0.18439716312056736 0.37 1.9300530325832865
0.27314951414384575 0.18439716312056736 0.38 1.9353803552612998
0.2799392759158697 0.18439716312056736 0.39 1.9408927786670493
0.2866964175104317 0.18439716312056736 0.4 1.9465943135819201
0.29341988339429464 0.18439716312056736 0.41 1.9524891676503262
0.3001085980789705 0.18439716312056736 0.42 1.9585817552411866
0.3067614651275862 0.18439716312056736 0.43 1.9648767079992813
0.31337736610505706 0.18439716312056736 0.44 1.97137888619305
0.31995515947530584 0.18439716312056736 0.45 1.9780933908188114
0.32649367943343355 0.18439716312056736 0.46 1.9850255766294664
0.33299173466942195 0.18439716312056736 0.47 1.9921810661406278
0.3394481070653782 0.18439716312056736 0.48 1.999565764608501
0.3458615503062245 0.18439716312056736 0.49 2.007185876243824
0.3522307884112737 0.18439716312056736 0.5 2.015047921593793
0.35855451417291084 0.18439716312056736 0.51 2.023158756286588
0.3648313874942871 0.18439716312056736 0.52 2.0315255912646477
0.3710600336167247 0.18439716312056736 0.53 2.040156014651001
0.3772390412340394 0.18439716312056736 0.54 2.049058015327547
0.38336696047140106 0.18439716312056736 0.55 2.0582400085282875
0.38944230072800434 0.18439716312056736 0.56 2.067710863516082
0.3954635283635565 0.18439716312056736 0.57 2.0774799336340912
0.4014290642145723 0.18439716312056736 0.58 2.087557088964585
0.40733728092794286 0.18439716312056736 0.59 2.0979527518255767
0.41318650008615976 0.18439716312056736 0.6 2.1086779354866065
0.4189749891095663 0.18439716312056736 0.61 2.119744286384677
0.42470095790767026 0.18439716312056736 0.62 2.1311641302791533
0.43036255525524014 0.18439716312056736 0.63 2.142950522767067
0.43595786485861393 0.18439716312056736 0.64 2.1551173047099748
0.44148490108426086 0.18439716312056736 0.65 2.1676791630871413
0.446941604299471 0.18439716312056736 0.66 2.180651698046214
0.45232583578828384 0.18439716312056736 0.67 2.194051496831836
0.45763537218569783 0.18439716312056736 0.68 2.20789621552164
0.46286789936525535 0.18439716312056736 0.69 2.2222046696338045
0.4680210057165396 0.18439716312056736 0.7 2.2369969347274323
0.4730921747194691 0.18439716312056736 0.71 2.2522944584884548
0.4780787767254547 0.18439716312056736 0.72 2.268120185864017
0.4829780598202697 0.18439716312056736 0.73 2.284498699268946
0.4877871396394723 0.18439716312056736 0.74 2.3014563760750706
0.49250298795952185 0.18439716312056736 0.75 2.319021566229954
0.4971224198860884 0.18439716312056736 0.76 2.3372247930913637
0.5016420793638812 0.18439716312056736 0.77 2.3560989817578077
0.5060584227442743 0.18439716312056736 0.78 2.375679719405944
0.5103677000495138 0.18439716312056736 0.79 2.396005553495618
0.5145659334304291 0.18439716312056736 0.8 2.41711833557801
0.5186488923182484 0.18439716312056736 0.81 2.439063619100162
0.5226120645151625 0.18439716312056736 0.82 2.46189112289115
0.5264506222605757 0.18439716312056736 0.83 2.4856552751216285
0.5301593821658933 0.18439716312056736 0.84 2.5104158553984215
0.5337327573112751 0.18439716312056736 0.85 2.536238760316643
0.5371646994287861 0.18439716312056736 0.86 2.5631969240056915
0.5404486283950247 0.18439716312056736 0.87 2.5913714355576896
0.5435773451023452 0.18439716312056736 0.88 2.620852911350295
0.5465429240957805 0.18439716312056736 0.89 2.6517431842614902
0.5493366155068914 0.18439716312056736 0.9 2.6841570570064124
0.5519483617258623 0.18439716312056736 0.91 2.7182280353232464
0.5543671408413293 0.18439716312056736 0.92 2.7541062708543538
0.5565801212070727 0.18439716312056736 0.93 2.79196850600942
0.5585722702656183 0.18439716312056736 0.94 2.832024222516528
0.560325619774418 0.18439716312056736 0.95 2.874526059912687
0.5618179505501018 0.18439716312056736 0.96 2.919787491947796
0.5630192188823283 0.18439716312056736 0.97 2.9682264357515353
0.5638494718363712 0.18439716312056736 0.98 3.020826590477618
0.5641420508689975 0.18439716312056736 0.99 3.079593846281779
0.0 0.19858156028368795 0.0 1.8288672199089475
0.007394378848452501 0.19858156028368795 0.01 1.8289279820088715
0.014788020629875682 0.19858156028368795 0.02 1.8291103020289694
0.02218018796273072 0.19858156028368795 0.03 1.8294142811991185
0.029570142835893633 0.19858156028368795 0.04 1.829840088418155
0.03695714629275196 0.19858156028368795 0.05 1.8303879605024402
0.044340458113715765 0.19858156028368795 0.06 1.8310582025657067
0.05171933649686918 0.19858156028368795 0.07 1.8318511884908513
0.05909303773608979 0.19858156028368795 0.08 1.8327673615194584
0.06646081589629313 0.19858156028368795 0.09 1.8338072349449814
0.07382192248517079 0.19858156028368795 0.1 1.8349713929224052
0.08117560612093971 0.19858156028368795 0.11 1.8362604913926044
0.08852111219536758 0.19858156028368795 0.12 1.8376752591328307
0.09585768253209305 0.19858156028368795 0.13 1.8392164989104627
0.10318455503893675 0.19858156028368795 0.14 1.840885088778924
0.11050096335406259 0.19858156028368795 0.15 1.8426819834971637
0.11780613648515219 0.19858156028368795 0.16 1.8446082160869175
0.12509929844089038 0.19858156028368795 0.17 1.8466648995333352
0.13237966785523306 0.19858156028368795 0.18 1.8488532286013961
0.13964645760105557 0.19858156028368795 0.19 1.8511744818565228
0.1468988743957807 0.19858156028368795 0.2 1.8536300237942585
0.1541361183958471 0.19858156028368795 0.21 1.8562213071594647
0.16135738277952047 0.19858156028368795 0.22 1.8589498754487022
0.16856185331929857 0.19858156028368795 0.23 1.8618173655555212
0.17574870793930672 0.19858156028368795 0.24 1.864825510657982
0.1829171162603115 0.19858156028368795 0.25 1.8679761432725126
0.1900662391287644 0.19858156028368795 0.26 1.8712711985456236
0.19719522813146909 0.19858156028368795 0.27 1.8747127177394698
0.20430322509105417 0.19858156028368795 0.28 1.8783028519999876
0.21138936154485288 0.19858156028368795 0.29 1.8820438663447965
0.21845275820318982 0.19858156028368795 0.3 1.8859381439410174
0.2254925243873148 0.19858156028368795 0.31 1.889988190659042
0.23250775744539798 0.19858156028368795 0.32 1.894196639925129
0.23949754214263 0.19858156028368795 0.33 1.8985662579322602
0.2464609500279628 0.19858156028368795 0.34 1.9030999491602607
0.2533970387722487 0.19858156028368795 0.35 1.9078007622878626
0.2603048514769611 0.19858156028368795 0.36 1.9126718965028646
0.26718341595222306 0.19858156028368795 0.37 1.917716708227184
0.2740317439593914 0.19858156028368795 0.38 1.9229387183247597
0.28084883042026104 0.19858156028368795 0.39 1.9283416197606011
0.2876336525847256 0.19858156028368795 0.4 1.9339292858283792
0.294385169159109 0.19858156028368795 0.41 1.9397057789145642
0.3011023193876894 0.19858156028368795 0.42 1.9456753599046457
0.3077840220878094 0.19858156028368795 0.43 1.9518424982286031
0.3144291746329147 0.19858156028368795 0.44 1.958211882626841
0.3210366518793644 0.19858156028368795 0.45 1.964788432696621
0.32760530503392116 0.19858156028368795 0.46 1.9715773112675317
0.3341339604570658 0.19858156028368795 0.47 1.9785839376792278
0.3406214183927796 0.19858156028368795 0.48 1.9858140020888704
0.3470664516288306 0.19858156028368795 0.49 1.993273480778267
0.35346780407085765 0.19858156028368795 0.5 2.000968652682113
0.3598241892282047 0.19858156028368795 0.51 2.008906117183712
0.36613428860425073 0.19858156028368795 0.52 2.017092813292479
0.3723967499819312 0.19858156028368795 0.53 2.0255360403444786
0.3786101855948536 0.19858156028368795 0.54 2.034243480374325
0.38477317017515766 0.19858156028368795 0.55 2.0432232223044986
0.3908842388640218 0.19858156028368795 0.56 2.052483788161576
0.39694188497473804 0.19858156028368795 0.57 2.06203416149256
0.40294455759282105 0.19858156028368795 0.58 2.071883818222498
0.4088906589966196 0.19858156028368795 0.59 2.08204276021436
0.41477854188265173 0.19858156028368795 0.6 2.0925215517968003
0.4206065063721919 0.19858156028368795 0.61 2.103331359618781
0.4263727967781537 0.19858156028368795 0.62 2.1144839961798865
0.4320755981080146 0.19858156028368795 0.63 2.125991967439233
0.4377130322706783 0.19858156028368795 0.64 2.137868525007117
0.44328315395158446 0.19858156028368795 0.65 2.1501277234843954
0.44878394612805134 0.19858156028368795 0.66 2.1627844834724215
0.4542133151626538 0.19858156028368795 0.67 2.175854661147699
0.4595690854449785 0.19858156028368795 0.68 2.1893551250225185
0.4648489935078633 0.19858156028368795 0.69 2.2033038409961825
0.47005068154828755 0.19858156028368795 0.7 2.217719966821323
0.47517169029278916 0.19858156028368795 0.71 2.2326239570963455
0.48020945108177954 0.19858156028368795 0.72 2.2480376806077045
0.4851612770924315 0.19858156028368795 0.73 2.2639845515258785
0.4900243535464566 0.19858156028368795 0.74 2.2804896767863005
0.4947957267597786 0.19858156028368795 0.75 2.2975800220476006
0.49947229182353503 0.19858156028368795 0.76 2.3152845994518656
0.5040507787180347 0.19858156028368795 0.77 2.3336346805457717
0.5085277365468934 0.19858156028368795 0.78 2.3526640390931877
0.5128995155572431 0.19858156028368795 0.79 2.3724092290907057
0.5171622465318944 0.19858156028368795 0.8 2.3929099045255073
0.5213118169716364 0.19858156028368795 0.81 2.414209189583522
0.5253438434353832 0.19858156028368795 0.82 2.436354109274905
0.5292536391095173 0.19858156028368795 0.83 2.459396094213625
0.533036175523442 0.19858156028368795 0.84 2.48339157606432
0.5366860367950004 0.19858156028368795 0.85 2.508402696908297
0.5401973646929075 0.19858156028368795 0.86 2.5344981590783133
0.5435637915110897 0.19858156028368795 0.87 2.5617542573271885
0.5467783592329162 0.19858156028368795 0.88 2.590256125673362
0.5498334436868525 0.19858156028368795 0.89 2.620099043822547
0.5527204493585097 0.19858156028368795 0.9 2.6513920721028836
0.5554298645975569 0.19858156028368795 0.91 2.684258455863549
0.5579510458895625 0.19858156028368795 0.92 2.7188388228159286
0.5602716120600162 0.19858156028368795 0.93 2.7552985323516705
0.5623771571756301 0.19858156028368795 0.94 2.793832487183164
0.5642504807807539 0.19858156028368795 0.95 2.834675401087962
0.5658703665922074 0.19858156028368795 0.96 2.8781177848356174
0.5672082665732272 0.19858156028368795 0.97 2.924545383222056
0.5681897093669476 0.19858156028368795 0.98 2.974852407035191
0.568664261889035 0.19858156028368795 0.99 3.0308086500160294
0.0 0.2127659574468085 0.0 1.818453666375059
0.007415522451110442 0.2127659574468085 0.01 1.8185133423253639
0.014830314784031634 0.2127659574468085 0.02 1.8186924029010836
0.022243646572685953 0.2127659574468085 0.03 1.8189909463259033
0.02965478677472657 0.2127659574468085 0.04 1.8194091364768343
0.037063003422304674 0.2127659574468085 0.05 1.8199472031272081
0.04446756331122343 0.2127659574468085 0.06 1.8206054423173128
0.05186773168843394 0.2127659574468085 0.07 1.821384216797729
0.059262771937145076 0.2127659574468085 0.08 1.8222839565882836
0.06665194525871054 0.2127659574468085 0.09 1.823305159664572
0.07403451035168786 0.2127659574468085 0.1 1.824448392715113
0.08140972308640052 0.2127659574468085 0.11 1.8257142920472427
0.08877683617598536 0.2127659574468085 0.12 1.827103564560501
0.09613509884127167 0.2127659574468085 0.13 1.8286169888955828
0.10348375647113436 0.2127659574468085 0.14 1.8302554166555354
0.1108220502766321 0.2127659574468085 0.15 1.8320197737621238
0.11814921693799434 0.2127659574468085 0.16 1.8339110619575307
0.1254644882442648 0.2127659574468085 0.17 1.8359303604370292
0.13276709072619705 0.2127659574468085 0.18 1.8380788275846334
0.14005624527869895 0.2127659574468085 0.19 1.8403577029100509
0.14733116677543615 0.2127659574468085 0.2 1.842768309091215
0.15459106367247247 0.2127659574468085 0.21 1.8453120542010497
0.16183513760178708 0.2127659574468085 0.22 1.8479904340812123
0.16906258295209728 0.2127659574468085 0.23 1.850805034915047
0.17627258643775875 0.2127659574468085 0.24 1.8537575359675103
0.18346432665489826 0.2127659574468085 0.25 1.8568497125049557
0.19063697362222204 0.2127659574468085 0.26 1.8600834389399015
0.19778968830520624 0.2127659574468085 0.27 1.8634606922123325
0.2049216221269834 0.2127659574468085 0.28 1.86698355533516
0.2120319164581007 0.2127659574468085 0.29 1.8706542212495476
0.21911970209021153 0.2127659574468085 0.3 1.8744749968826422
0.22618409868659334 0.2127659574468085 0.31 1.8784483075313616
0.23322421421350634 0.2127659574468085 0.32 1.882576701491759
0.24023914434727897 0.2127659574468085 0.33 1.88686285501842
0.2472279718567274 0.2127659574468085 0.34 1.8913095776121929
0.25418976595829207 0.2127659574468085 0.35 1.8959198176724357
0.26112358164450594 0.2127659574468085 0.36 1.9006966685004125
0.26802845898026845 0.2127659574468085 0.37 1.9056433747351056
0.2749034223677084 0.2127659574468085 0.38 1.9107633392052505
0.2817474797750158 0.2127659574468085 0.39 1.916060130263325
0.2885596219291054 0.2127659574468085 0.4 1.921537489602121
0.29533882146775486 0.2127659574468085 0.41 1.9271993406157657
0.302084032047023 0.2127659574468085 0.42 1.9330497973617784
0.30879418740488535 0.2127659574468085 0.43 1.9390931741148831
0.3154682003724721 0.2127659574468085 0.44 1.945333995630154
0.3221049618338115 0.2127659574468085 0.45 1.9517770081091326
0.328703339624791 0.2127659574468085 0.46 1.9584271909938449
0.335262177375148 0.2127659574468085 0.47 1.9652897695530338
0.3417802932745229 0.2127659574468085 0.48 1.9723702285027114
0.3482564787734634 0.2127659574468085 0.49 1.9796743265450363
0.3546894972030221 0.2127659574468085 0.5 1.9872081120409704
0.3610780823049773 0.2127659574468085 0.51 1.9949779399276075
0.36742093667691866 0.2127659574468085 0.52 2.0029904898603093
0.37371673010805534 0.2127659574468085 0.53 2.0112527858830083
0.37996409781175666 0.2127659574468085 0.54 2.0197722175954103
0.3861616385354325 0.2127659574468085 0.55 2.028556563074748
0.3923079125388308 0.2127659574468085 0.56 2.0376140136969068
0.39840143943326745 0.2127659574468085 0.57 2.0469532009966285
0.40444069585966624 0.2127659574468085 0.58 2.0565832258679824
0.4104241129970706 0.2127659574468085 0.59 2.066513690269865
0.4163500738823488 0.2127659574468085 0.6 2.0767547317278767
0.4222169105200331 0.2127659574468085 0.61 2.0873170609530014
0.42802290076113536 0.2127659574468085 0.62 2.0982120029128395
0.4337662649292413 0.2127659574468085 0.63 2.109451541715286
0.43944516216202073 0.2127659574468085 0.64 2.121048369785852
0.44505768643563154 0.2127659574468085 0.65 2.1330159418489116
0.45060186223568277 0.2127659574468085 0.66 2.145368534288889
0.4560756398427749 0.2127659574468085 0.67 2.1581213104615116
0.4614768901604516 0.2127659574468085 0.68 2.1712903929491536
0.4668033990555863 0.2127659574468085 0.69 2.1848929433979674
0.47205286113070133 0.2127659574468085 0.7 2.1989472511148365
0.4772228728473826 0.2127659574468085 0.71 2.2134728316687604
0.48231092493290173 0.2127659574468085 0.72 2.228490536704563
0.48731439393399306 0.2127659574468085 0.73 2.2440226769119462
0.49223053281801143 0.2127659574468085 0.74 2.2600931598738248
0.49705646045720575 0.2127659574468085 0.75 2.276727645263954
0.5017891498147711 0.2127659574468085 0.76 2.2939537201986497
0.5064254146184557 0.2127659574468085 0.77 2.311801098071851
0.5109618942553966 0.2127659574468085 0.78 2.3303018449560016
0.5153950365616952 0.2127659574468085 0.79 2.349490638545252
0.5197210780646876 0.2127659574468085 0.8 2.369405066104946
0.5239360212284799 0.2127659574468085 0.81 2.3900859685095215
0.5280356080034976 0.2127659574468085 0.82 2.4115778404344206
0.5320152888581534 0.2127659574468085 0.83 2.4339292987989674
0.5358701862299168 0.2127659574468085 0.84 2.4571936349510826
0.5395950510306402 0.2127659574468085 0.85 2.481429470429392
0.5431842104683977 0.2127659574468085 0.86 2.50670154165871
0.546631505599948 0.2127659574468085 0.87 2.533081640319872
0.549930228585065 0.2127659574468085 0.88 2.5606496320575483
0.5530729402309474 0.2127659574468085 0.89 2.5894956874972683
0.5560513711459926 0.2127659574468085 0.9 2.6197218771759823
0.5588564974682381 0.2127659574468085 0.91 2.6514422692625454
0.5614779363122293 0.2127659574468085 0.92 2.6847896484052156
0.563903830490344 0.2127659574468085 0.93 2.7199179788170524
0.5661203721077779 0.2127659574468085 0.94 2.7570087236190046
0.5681111083931712 0.2127659574468085 0.95 2.796279946453626
0.5698558000890581 0.2127659574468085 0.96 2.8380008432816215
0.571327351165677 0.2127659574468085 0.97 2.882527355173441
0.5724565067052027 0.2127659574468085 0.98 2.9306716237537525
0.5731077394440188 0.2127659574468085 0.99 2.9839932917671277
0.0 0.22695035460992907 0.0 1.8082461047472826
0.007436424814371911 0.22695035460992907 0.01 1.808304725606289
0.014872126338268853 0.22695035460992907 0.02 1.8084806199416406
0.02230638097977058 0.22695035460992907 0.03 1.8087738830904754
0.02973846454373976 0.22695035460992907 0.04 1.8091846740911703
0.037167651928868235 0.22695035460992907 0.05 1.8097132159563094
0.04459321682374653 0.22695035460992907 0.06 1.810359795980742
0.052014431400607804 0.22695035460992907 0.07 1.8111247662101029
0.05943056600732763 0.22695035460992907 0.08 1.8120085439532974
0.06684088885603179 0.22695035460992907 0.09 1.8130116124477673
0.07424466570915603 0.22695035460992907 0.1 1.8141345215790496
0.08164115956072798 0.22695035460992907 0.11 1.8153778887653518
0.08902963031476198 0.22695035460992907 0.12 1.816742399877825
0.09640933445714693 0.22695035460992907 0.13 1.8182288103553
0.10377952472396035 0.22695035460992907 0.14 1.819837946354262
0.11113944976256634 0.22695035460992907 0.15 1.8215707060757655
0.11848835378671162 0.22695035460992907 0.16 1.8234280611933482
0.12582547622451862 0.22695035460992907 0.17 1.8254110584100856
0.13315005135900226 0.22695035460992907 0.18 1.8275208211424834
0.14046130795963652 0.22695035460992907 0.19 1.8297585513603276
0.14775846890539585 0.22695035460992907 0.2 1.8321255315551999
0.15504075079760282 0.22695035460992907 0.21 1.8346231268720488
0.16230736356319464 0.22695035460992907 0.22 1.8372527873765772
0.16955751004488723 0.22695035460992907 0.23 1.8400160505321999
0.1767903855813094 0.22695035460992907 0.24 1.842914543801763
0.18400517757211857 0.22695035460992907 0.25 1.845949987479152
0.1912010650307122 0.22695035460992907 0.26 1.849124197680734
0.19837721812110265 0.22695035460992907 0.27 1.8524390895618021
0.2055327976788733 0.22695035460992907 0.28 1.8558966807479216
0.21266695471533012 0.22695035460992907 0.29 1.8594990949907302
0.2197788299026578 0.22695035460992907 0.3 1.8632485660805915
0.22686755304039755 0.22695035460992907 0.31 1.8671474420027383
0.2339322425000115 0.22695035460992907 0.32 1.8711981893868823
0.24097200464765214 0.22695035460992907 0.33 1.875403398240649
0.24798593324250368 0.22695035460992907 0.34 1.8797657870048097
0.2549731088096858 0.22695035460992907 0.35 1.8842882079405532
0.26193259798605856 0.22695035460992907 0.36 1.8889736528707504
0.26886345283565444 0.22695035460992907 0.37 1.8938252593201825
0.27576471013395076 0.22695035460992907 0.38 1.8988463170621306
0.28263539061944787 0.22695035460992907 0.39 1.9040402750926517
0.28947449820808685 0.22695035460992907 0.4 1.9094107490943368
0.2962810191675524 0.22695035460992907 0.41 1.9149615294274576
0.3030539212529376 0.22695035460992907 0.42 1.9206965896306072
0.30979215279502176 0.22695035460992907 0.43 1.9266200955495492
0.3164946417422378 0.22695035460992907 0.44 1.9327364150824708
0.3231602946480239 0.22695035460992907 0.45 1.9390501286519997
0.329787995606389 0.22695035460992907 0.46 1.9455660403759845
0.33637660512307976 0.22695035460992907 0.47 1.9522891901010404
0.3429249589252115 0.22695035460992907 0.48 1.9592248662745273
0.3494318666975004 0.22695035460992907 0.49 1.9663786198099864
0.3558961107445695 0.22695035460992907 0.5 1.9737562789680285
0.36231644457171525 0.22695035460992907 0.51 1.98136396536209
0.3686915913714063 0.22695035460992907 0.52 1.9892081112547157
0.37502024241917653 0.22695035460992907 0.53 1.9972954781324894
0.3813010553588981 0.22695035460992907 0.54 2.0056331768139826
0.3875326523749515 0.22695035460992907 0.55 2.014228689154913
0.3937136182385388 0.22695035460992907 0.56 2.0230898915334836
0.39984249821491247 0.22695035460992907 0.57 2.0322250803078274
0.4059177958242678 0.22695035460992907 0.58 2.041642999383782
0.41193797042991565 0.22695035460992907 0.59 2.051352870235536
0.41790143465301716 0.22695035460992907 0.6 2.0613644244693203
0.42380655158040637 0.22695035460992907 0.61 2.0716879393649466
0.4296516317541382 0.22695035460992907 0.62 2.082334276618477
0.4354349299164332 0.22695035460992907 0.63 2.093314924676622
0.4411546414798776 0.22695035460992907 0.64 2.1046420451071524
0.44680889869776114 0.22695035460992907 0.65 2.116328523422831
0.4523957664941716 0.22695035460992907 0.66 2.128388024949843
0.45791323791837696 0.22695035460992907 0.67 2.1408350563143634
0.4633592291718943 0.22695035460992907 0.68 2.153685033310444
0.46873157415872535 0.22695035460992907 0.69 2.1669543559349704
0.4740280184942024 0.22695035460992907 0.7 2.1806604915681977
0.4792462129017659 0.22695035460992907 0.71 2.1948220673963914
0.4843837059049896 0.22695035460992907 0.72 2.2094589734498973
0.4894379357261493 0.22695035460992907 0.73 2.2245924776824735
0.49440622125576855 0.22695035460992907 0.74 2.24024535505557
0.49928575196596214 0.22695035460992907 0.75 2.256442032645043
0.5040735765841053 0.22695035460992907 0.76 2.273208753462124
0.5087665903198776 0.22695035460992907 0.77 2.2905737620901236
0.5133615204046788 0.22695035460992907 0.78 2.3085675157932
0.5178549095987197 0.22695035460992907 0.79 2.327222925995455
0.5222430973122819 0.22695035460992907 0.8 2.3465756354937453
0.5265221978668504 0.22695035460992907 0.81 2.366664338346036
0.5306880752037587 0.22695035460992907 0.82 2.387531151963257
0.5347363133880811 0.22695035460992907 0.83 2.4092220513839484
0.5386621818209731 0.22695035460992907 0.84 2.431787380675489
0.5424605939555003 0.22695035460992907 0.85 2.4552824588659514
0.5461260587317585 0.22695035460992907 0.86 2.479768295814354
0.5496526296264749 0.22695035460992907 0.87 2.5053123838743
0.5529685747917021 0.22695035460992907 0.88 2.5325874019953085
0.556262300697406 0.22695035460992907 0.89 2.559886782055332
0.5593303800583792 0.22695035460992907 0.9 2.58909628455401
0.5622291942698762 0.22695035460992907 0.91 2.6197267738226198
0.5649487830217719 0.22695035460992907 0.92 2.6519021767522055
0.5674777687230343 0.22695035460992907 0.93 2.6857661270808646
0.5698029233957286 0.22695035460992907 0.94 2.7214876074205656
0.5719085209379222 0.22695035460992907 0.95 2.7592692187921704
0.5737752708232338 0.22695035460992907 0.96 2.7993603876340494
0.5753774816604321 0.22695035460992907 0.97 2.8420894756032933
0.5766508462939907 0.22695035460992907 0.98 2.888193484426471
0.5774734703246892 0.22695035460992907 0.99 2.9390455366381634
0.0 0.24113475177304963 0.0 1.7982389093636995
0.007457089403057568 0.24113475177304963 0.01 1.7982965050588031
0.014913462224736771 0.24113475177304963 0.02 1.7984693229769588
0.02236840158853983 0.24113475177304963 0.03 1.7987574556695554
0.029821190027365992 0.24113475177304963 0.04 1.799161057533166
0.0372711091870052 0.24113475177304963 0.05 1.7996803450579066
0.04471743952850376 0.24113475177304963 0.06 1.8003155971376446
0.052159460028484456 0.24113475177304963 0.07 1.8010671555074078
0.059596447877512254 0.24113475177304963 0.08 1.801935425248054
0.06702767817552394 0.24113475177304963 0.09 1.8029208754101518
0.0744524236241569 0.24113475177304963 0.1 1.8040240397291378
0.0818699542155635 0.24113475177304963 0.11 1.8052455174362803
0.08927953691707438 0.24113475177304963 0.12 1.806585974177222
0.0966804353505099 0.24113475177304963 0.13 1.8080461430651715
0.1040719094675675 0.24113475177304963 0.14 1.8096268257906076
0.11145321521841237 0.24113475177304963 0.15 1.811328893891715
0.11882360421474883 0.24113475177304963 0.16 1.813153290113307
0.12618232338474425 0.24113475177304963 0.17 1.8151010299294643
0.13352861462260276 0.24113475177304963 0.18 1.8171732031264223
0.14086171442806958 0.24113475177304963 0.19 1.8193709755806533
0.14818085353743674 0.24113475177304963 0.2 1.8216955911616963
0.15548525654697376 0.24113475177304963 0.21 1.8241483737326425
0.16277414152299516 0.24113475177304963 0.22 1.8267307293831152
0.1700467196041012 0.24113475177304963 0.23 1.829444148742995
0.17730219458895363 0.24113475177304963 0.24 1.8322902095274698
0.18453976251369225 0.24113475177304963 0.25 1.8352705792065391
0.1917586112145271 0.24113475177304963 0.26 1.838387017890119
0.19895791987539127 0.24113475177304963 0.27 1.8416413814162744
0.2061368585618225 0.24113475177304963 0.28 1.8450356246132666
0.2132945877364329 0.24113475177304963 0.29 1.8485718048170097
0.22043025775767747 0.24113475177304963 0.3 1.8522520856015026
0.22754300835906383 0.24113475177304963 0.31 1.8560787407675627
0.23463196810885215 0.24113475177304963 0.32 1.8600541585819164
0.24169625384692414 0.24113475177304963 0.33 1.8641808463158291
0.24873497009934695 0.24113475177304963 0.34 1.8684614350678528
0.25574720846788174 0.24113475177304963 0.35 1.8728986849102176
0.26273204699238767 0.24113475177304963 0.36 1.877495490384603
0.26968854948582277 0.24113475177304963 0.37 1.8822548863479758
0.27661576483775424 0.24113475177304963 0.38 1.8871800542253212
0.28351272628586 0.24113475177304963 0.39 1.8922743286731942
0.2903784506523172 0.24113475177304963 0.4 1.8975412046963438
0.2972119375426256 0.24113475177304963 0.41 1.902984345249819
0.3040121685044815 0.24113475177304963 0.42 1.9086075893588226
0.31077810614237367 0.24113475177304963 0.43 1.9144149608138936
0.31750869318728336 0.24113475177304963 0.44 1.9204106774522889
0.32420285151454353 0.24113475177304963 0.45 1.9265991611173534
0.33085948111035973 0.24113475177304963 0.46 1.9329850482956858
0.33747745897733245 0.24113475177304963 0.47 1.939573201557166
0.34405563797765304 0.24113475177304963 0.48 1.9463687218215076
0.35059284561237397 0.24113475177304963 0.49 1.9533769614850511
0.35708788272136904 0.24113475177304963 0.5 1.9606035385992564
0.36353952210938123 0.24113475177304963 0.51 1.9680543520566904
0.3699465070818081 0.24113475177304963 0.52 1.9757355979901736
0.37630754988978143 0.24113475177304963 0.53 1.983653787414402
0.3826213300710279 0.24113475177304963 0.54 1.9918157652873747
0.38888649268314507 0.24113475177304963 0.55 2.0002287310630944
0.3951016464128737 0.24113475177304963 0.56 2.008900260950695
0.4012653615539058 0.24113475177304963 0.57 2.0178383320047404
0.4073761678406675 0.24113475177304963 0.58 2.0270513482328
0.4134325521226676 0.24113475177304963 0.59 2.0365481689423643
0.41943295586537394 0.24113475177304963 0.6 2.0463381395439284
0.42537577245431957 0.24113475177304963 0.61 2.0564311251288423
0.4312593442943009 0.24113475177304963 0.62 2.066837547004014
0.43708195966619545 0.24113475177304963 0.63 2.0775684226673756
0.44284184932356324 0.24113475177304963 0.64 2.088635409530407
0.4485371828079191 0.24113475177304963 0.65 2.1000508527505075
0.4541660644264455 0.24113475177304963 0.66 2.1118278378906887
0.4597265288750876 0.24113475177304963 0.67 2.1239802487785227
0.4652165364574558 0.24113475177304963 0.68 2.136522831279639
0.47063396784019557 0.24113475177304963 0.69 2.1494712638269333
0.4759766182927091 0.24113475177304963 0.7 2.1628422355250216
0.48124219133675783 0.24113475177304963 0.71 2.1766535329113776
0.48642829173920243 0.24113475177304963 0.72 2.190924136451999
0.49153241771742184 0.24113475177304963 0.73 2.2056743285070737
0.49655195229522786 0.24113475177304963 0.74 2.2209258139805144
0.5014841536105271 0.24113475177304963 0.75 2.236701856218148
0.5063261440765645 0.24113475177304963 0.76 2.253027429956492
0.5110748981393453 0.24113475177304963 0.77 2.269929394730631
0.5157272284354544 0.24113475177304963 0.78 2.2874366918152704
0.5202797700270767 0.24113475177304963 0.79 2.305580569184491
0.5247289623582354 0.24113475177304963 0.8 2.3243948396094103
0.5290710284942558 0.24113475177304963 0.81 2.343916178177968
0.5333019510008108 0.24113475177304963 0.82 2.3641844679010147
0.5374174439023212 0.24113475177304963 0.83 2.385243202048891
0.5414129196068069 0.24113475177304963 0.84 2.407139957695086
0.54528345071032 0.24113475177304963 0.85 2.4299269470358387
0.5490237288655067 0.24113475177304963 0.86 2.4536616341553286
0.5526142658365568 0.24113475177304963 0.87 2.478530805007861
0.556089855184169 0.24113475177304963 0.88 2.5042368376005704
0.5594025123093134 0.24113475177304963 0.89 2.5312275476769446
0.5625583632986442 0.24113475177304963 0.9 2.559468846953799
0.5655489016400436 0.24113475177304963 0.91 2.589062044886053
0.5683645613098722 0.24113475177304963 0.92 2.6201229596439948
0.570994427071129 0.24113475177304963 0.93 2.652785640458907
0.573425833275625 0.24113475177304963 0.94 2.6872074724228234
0.5756437583141335 0.24113475177304963 0.95 2.7235767028015414
0.5776298302767411 0.24113475177304963 0.96 2.7621244337053414
0.5793597122396109 0.24113475177304963 0.97 2.803153530544179
0.5807737757350324 0.24113475177304963 0.98 2.8473323041318146
0.5817625446625262 0.24113475177304963 0.99 2.895868757709372
0.0 0.2553191489361702 0.0 1.788426653999634
0.007477519616385247 0.2553191489361702 0.01 1.7884832533830202
0.014954329244322618 0.2553191489361702 0.02 1.788653081473823
0.022429718606450478 0.2553191489361702 0.03 1.7889362281369374
0.02990297684705923 0.2553191489361702 0.04 1.789332843307013
0.03737339224198169 0.2553191489361702 0.05 1.7898431371918946
0.044840251907034535 0.2553191489361702 0.06 1.7904673805987854
0.05230284150467342 0.2553191489361702 0.07 1.7912059053448277
0.05976044494885642 0.2553191489361702 0.08 1.792059104733057
0.06721234410666692 0.2553191489361702 0.09 1.7930274341695014
0.07465781849744282 0.2553191489361702 0.1 1.7941114118323904
0.08209614498802593 0.2553191489361702 0.11 1.7953116194633287
0.08952659748425404 0.2553191489361702 0.12 1.7966287032446433
0.09694844661725992 0.2553191489361702 0.13 1.7980633748080719
0.10436095942610994 0.2553191489361702 0.14 1.7996164122934608
0.11176339903292813 0.2553191489361702 0.15 1.8012886615939203
0.11915502431402954 0.2553191489361702 0.16 1.8030810376349682
0.12653508956279305 0.2553191489361702 0.17 1.804994525829551
0.13390284414570122 0.2553191489361702 0.18 1.8070301836368443
0.1412575321514336 0.2553191489361702 0.19 1.8091891422236577
0.14859839203008646 0.2553191489361702 0.2 1.8114726082979344
0.15592465622362817 0.2553191489361702 0.21 1.8138818660661322
0.16323555078742352 0.2553191489361702 0.22 1.8164182793135886
0.17053029499992142 0.2553191489361702 0.23 1.8190832936675665
0.1778081009606973 0.2553191489361702 0.24 1.8218784390222533
0.18506817317856894 0.2553191489361702 0.25 1.8248053320834692
0.192309708142955 0.2553191489361702 0.26 1.827865679167803
0.1995318938852697 0.2553191489361702 0.27 1.8310612791056167
0.20673390952113407 0.2553191489361702 0.28 1.8343940264244223
0.2139149247800165 0.2553191489361702 0.29 1.837865914674186
0.22107409951589582 0.2553191489361702 0.3 1.8414790400101366
0.2282105831990354 0.2553191489361702 0.31 1.8452356050188135
0.23532351439088764 0.2553191489361702 0.32 1.8491379227492606
0.24241202019381547 0.2553191489361702 0.33 1.853188421080718
0.24947521568207182 0.2553191489361702 0.34 1.8573896473139884
0.2565122033071051 0.2553191489361702 0.35 1.8617442730945877
0.2635220722771215 0.2553191489361702 0.36 1.8662550996608234
0.2705038979087869 0.2553191489361702 0.37 1.8709250634437697
0.27745674095234824 0.2553191489361702 0.38 1.875757241999492
0.2843796468795036 0.2553191489361702 0.39 1.8807548604198927
0.29127164514447346 0.2553191489361702 0.4 1.8859212980748472
0.2981317484030893 0.2553191489361702 0.41 1.891260095893186
0.30495895169664694 0.2553191489361702 0.42 1.8967749640893976
0.31175223159130416 0.2553191489361702 0.43 1.9024697904583472
0.31851054527568917 0.2553191489361702 0.44 1.9083486492058213
0.32523282960615324 0.2553191489361702 0.45 1.9144158104500018
0.3319180001046795 0.2553191489361702 0.46 1.9206757503371574
0.3385649498976095 0.2553191489361702 0.47 1.9271331619222218
0.3451725485937271 0.2553191489361702 0.48 1.9337929668374505
0.3517396410995968 0.2553191489361702 0.49 1.9406603277859047
0.3582650463619326 0.2553191489361702 0.5 1.947740661990192
0.36474755603373166 0.2553191489361702 0.51 1.9550396556478422
0.37118593306046604 0.2553191489361702 0.52 1.9625632794553762
0.3775789101711991 0.2553191489361702 0.53 1.9703178053882813
0.38392518827424627 0.2553191489361702 0.54 1.978309824766397
0.39022343474830556 0.2553191489361702 0.55 1.986546267735187
0.3964722816146413 0.2553191489361702 0.56 1.9950344243508311
0.4026703235814002 0.2553191489361702 0.57 2.00378196740316
0.40881611595126666 0.2553191489361702 0.58 2.012796977117442
0.4149081723769936 0.2553191489361702 0.59 2.0220879679509727
0.42094496244108315 0.2553191489361702 0.6 2.0316639177866724
0.4269249090670917 0.2553191489361702 0.61 2.041534299531152
0.43284638570897715 0.2553191489361702 0.62 2.0517091157325433
0.43870771332434766 0.2553191489361702 0.63 2.0621989362639646
0.44450715710016353 0.2553191489361702 0.64 2.073014939500971
0.4502429228907398 0.2553191489361702 0.65 2.0841689575152818
0.45591315335444377 0.2553191489361702 0.66 2.0956735255780545
0.46151592373782835 0.2553191489361702 0.67 2.107541936645538
0.4670492372749599 0.2553191489361702 0.68 2.119788301349867
0.4725110201418469 0.2553191489361702 0.69 2.132427614309816
0.47789911592489454 0.2553191489361702 0.7 2.145475827443352
0.48321127951682363 0.2553191489361702 0.71 2.158949931427311
0.48844517038938867 0.2553191489361702 0.72 2.172868046183676
0.49359834511967626 0.2553191489361702 0.73 2.1872495219968915
0.49866824908432156 0.2553191489361702 0.74 2.2021150526138835
0.5036522071947342 0.2553191489361702 0.75 2.217486802155642
0.5085474134887894 0.2553191489361702 0.76 2.2333885483060496
0.5133509194295109 0.2553191489361702 0.77 2.2498458440916718
0.5180596206620108 0.2553191489361702 0.78 2.2668862016398497
0.5226702419499358 0.2553191489361702 0.79 2.284539301807771
0.527179319932216 0.2553191489361702 0.8 2.3028372345872445
0.5315831833500502 0.2553191489361702 0.81 2.3218147754998024
0.5358779300884732 0.2553191489361702 0.82 2.3415097063630013
0.5400594005614884 0.2553191489361702 0.83 2.3619631878300695
0.5441231469565889 0.2553191489361702 0.84 2.383220192031159
0.5480644005317095 0.2553191489361702 0.85 2.405329981150733
0.5518780797714576 0.2553191489361702 0.86 2.42834626111281
0.55555835890621 0.2553191489361702 0.87 2.4523312508576565
0.5590993586019447 0.2553191489361702 0.88 2.477349932592371
0.5624944394410893 0.2553191489361702 0.89 2.5034766561760384
0.5657362329622766 0.2553191489361702 0.9 2.530795364074405
0.5688165652280461 0.2553191489361702 0.91 2.559400871833363
0.5717262468306131 0.2553191489361702 0.92 2.5894014933568195
0.5744548098411342 0.2553191489361702 0.93 2.620922365883943
0.5769901329267052 0.2553191489361702 0.94 2.654110098665184
0.579317875898802 0.2553191489361702 0.95 2.689139619556255
0.5814205539522556 0.2553191489361702 0.96 2.7262250559085093
0.583275132585665 0.2553191489361702 0.97 2.765645721958896
0.5848263950980286 0.2553191489361702 0.98 2.8080072216758296
0.5859761357020801 0.2553191489361702 0.99 2.854371722952119
0.0 0.2695035460992908 0.0 1.7788041031905475
0.0074977187896292 0.2695035460992908 0.01 1.778859734081043
0.014994734069995321 0.2695035460992908 0.02 1.7790266558352887
0.02249034204891016 0.2695035460992908 0.03 1.7793049557415457
0.029983838367928388 0.2695035460992908 0.04 1.7796947794223839
0.0374745178182261 0.2695035460992908 0.05 1.7801963310450184
0.044961674055085304 0.2695035460992908 0.06 1.7808098736337277
0.05244459931092797 0.2695035460992908 0.07 1.7815357294449483
0.059922584105929225 0.2695035460992908 0.08 1.7823742804601437
0.06739491695654995 0.2695035460992908 0.09 1.7833259689343057
0.07486088408040072 0.2695035460992908 0.1 1.7843912980803909
0.08231976909861145 0.2695035460992908 0.11 1.7855708327931767
0.08977085273318479 0.2695035460992908 0.12 1.7868652005282355
0.09721341250079951 0.2695035460992908 0.13 1.788275092235606
0.1046467224016184 0.2695035460992908 0.14 1.7898012634054994
0.11207005260235346 0.2695035460992908 0.15 1.7914445352320707
0.11948266911357053 0.2695035460992908 0.16 1.7932057958779233
0.12688383346065973 0.2695035460992908 0.17 1.79508600184722
0.13427280234786312 0.2695035460992908 0.18 1.7970861794742952
0.14164882731450829 0.2695035460992908 0.19 1.7992074265395506
0.14901115438213136 0.2695035460992908 0.2 1.801450914032747
0.1563590236950335 0.2695035460992908 0.21 1.8038178879891344
0.16369166914871813 0.2695035460992908 0.22 1.80630967153041
0.1710083180094216 0.2695035460992908 0.23 1.80892766701476
0.17830819052224145 0.2695035460992908 0.24 1.8116733583489109
0.185590499507465 0.2695035460992908 0.25 1.8145483134598601
0.19285444994384124 0.2695035460992908 0.26 1.8175541869430192
0.20009923853911887 0.2695035460992908 0.27 1.820692722872337
0.20732405328480083 0.2695035460992908 0.28 1.8239657578235002
0.2145280729965553 0.2695035460992908 0.29 1.827375224074138
0.22171046683714532 0.2695035460992908 0.3 1.8309231530321124
0.22887039382168445 0.2695035460992908 0.31 1.83461167888627
0.2360070023047184 0.2695035460992908 0.32 1.8384430424830587
0.24311942944507292 0.2695035460992908 0.33 1.8424195954885678
0.25020680065187095 0.2695035460992908 0.34 1.8465438047759788
0.2572682290045657 0.2695035460992908 0.35 1.8508182571459904
0.26430281464844513 0.2695035460992908 0.36 1.8552456643491397
0.27130964416734205 0.2695035460992908 0.37 1.8598288683850588
0.27828778992179315 0.2695035460992908 0.38 1.8645708472428681
0.28523630936051964 0.2695035460992908 0.39 1.8694747209647653
0.2921542443010748 0.2695035460992908 0.4 1.8745437580942348
0.2990406201692771 0.2695035460992908 0.41 1.8797813826429233
0.3058944452076653 0.2695035460992908 0.42 1.885191181439992
0.3127147096405845 0.2695035460992908 0.43 1.8907769120281144
0.31950038479459403 0.2695035460992908 0.44 1.8965425111198575
0.32625042217556943 0.2695035460992908 0.45 1.9024921036015332
0.332963752493843 0.2695035460992908 0.46 1.9086300121951938
0.3396392846343195 0.2695035460992908 0.47 1.9149607678187306
0.346275904572534 0.2695035460992908 0.48 1.9214891206421656
0.35287247422098744 0.2695035460992908 0.49 1.9282200520287562
0.35942783021306635 0.2695035460992908 0.5 1.9351587872885625
0.3659407826126872 0.2695035460992908 0.51 1.9423108093943187
0.3724101135408901 0.2695035460992908 0.52 1.9496818737708463
0.3788345757185235 0.2695035460992908 0.53 1.957278024187359
0.3852128909144946 0.2695035460992908 0.54 1.9651056098906128
0.3915437482895001 0.2695035460992908 0.55 1.9731713041124286
0.3978258026314019 0.2695035460992908 0.56 1.981482124025462
0.40405767246509394 0.2695035460992908 0.57 1.990045452362263
0.4102379380287179 0.2695035460992908 0.58 1.9988690608241428
0.41636513910777817 0.2695035460992908 0.59 2.0079611354190714
0.42243777270090554 0.2695035460992908 0.6 2.0173303040487958
0.4284542905157395 0.2695035460992908 0.61 2.026985666431259
0.43441309626449176 0.2695035460992908 0.62 2.0369368267367753
0.4403125427423867 0.2695035460992908 0.63 2.0471939291930643
0.4461509286728968 0.2695035460992908 0.64 2.057767696924688
0.4519264952780869 0.2695035460992908 0.65 2.068669474547749
0.4576374225562204 0.2695035460992908 0.66 2.079911274834889
0.4632818252296701 0.2695035460992908 0.67 2.0915058299684453
0.4688577483116402 0.2695035460992908 0.68 2.103466648055861
0.47436316226522945 0.2695035460992908 0.69 2.1158080753854875
0.47979595768092725 0.2695035460992908 0.7 2.1285453653689146
0.4851539394219884 0.2695035460992908 0.71 2.1416947549471628
0.4904348201609751 0.2695035460992908 0.72 2.1552735495276587
0.49563621321287 0.2695035460992908 0.73 2.169300217739887
0.5007556245811747 0.2695035460992908 0.74 2.1837944972789467
0.5057904440610845 0.2695035460992908 0.75 2.1987775138362466
0.5107379353079311 0.2695035460992908 0.76 2.214271914670394
0.5155952246127161 0.2695035460992908 0.77 2.2303020199654005
0.5203592882605669 0.2695035460992908 0.78 2.2468939941294543
0.5250269381429128 0.2695035460992908 0.79 2.2640760411895933
0.5295948053208962 0.2695035460992908 0.8 2.281878628473753
0.5340593211990572 0.2695035460992908 0.81 2.300334743452925
0.5384166957635923 0.2695035460992908 0.82 2.319480190820019
0.5426628927595023 0.2695035460992908 0.83 2.3393539338196985
0.5467936032712976 0.2695035460992908 0.84 2.3599984708004413
0.5508042588141887 0.2695035460992908 0.85 2.381459895775091
0.5546896954928079 0.2695035460992908 0.86 2.40379100889971
0.5584445794759274 0.2695035460992908 0.87 2.427047888627801
0.5620631541695216 0.2695035460992908 0.88 2.4512923612051707
0.5655389528939425 0.2695035460992908 0.89 2.476594855737861
0.5688648974203626 0.2695035460992908 0.9 2.503033989943112
0.5720331260171924 0.2695035460992908 0.91 2.5306986082886898
0.5750348126649926 0.2695035460992908 0.92 2.5596900440712855
0.5778599218620863 0.2695035460992908 0.93 2.590125145142227
0.5804968582335359 0.2695035460992908 0.94 2.622140509628938
0.5829319392317833 0.2695035460992908 0.95 2.6558987104018827
0.5851485347417532 0.2695035460992908 0.96 2.6915981576064096
0.5871248594341966 0.2695035460992908 0.97 2.7294964267823345
0.5888098458254336 0.2695035460992908 0.98 2.770141951954033
0.5901154823113389 0.2695035460992908 0.99 2.8144683634526335
0.0 0.2836879432624113 0.0 1.7693662039895663
0.007517690195704275 0.2836879432624113 0.01 1.7694208932232807
0.015034683249895438 0.2836879432624113 0.02 1.7695849891789048
0.022550281744054084 0.2836879432624113 0.03 1.7698585766518782
0.03006378770509185 0.2836879432624113 0.04 1.7702417971246058
0.03757450232721303 0.2836879432624113 0.05 1.7707348489462094
0.045081725692369144 0.2836879432624113 0.06 1.7713379876370126
0.05258475648915604 0.2836879432624113 0.07 1.7720515262596646
0.06008289172970643 0.2836879432624113 0.08 1.7728758358751109
0.06757542646405058 0.2836879432624113 0.09 1.7738113460905829
0.07506165349159633 0.2836879432624113 0.1 1.7748585456935702
0.0825408630693333 0.2836879432624113 0.11 1.7760179833731522
0.09001234261602291 0.2836879432624113 0.12 1.7772902685438317
0.09747537641248821 0.2836879432624113 0.13 1.778676072247801
0.1049292452969899 0.2836879432624113 0.14 1.780176128164695
0.11237322635507764 0.2836879432624113 0.15 1.7817912337310398
0.11980659260468639 0.2836879432624113 0.16 1.783522251330826
0.12722861267335356 0.2836879432624113 0.17 1.785370109647052
0.13463855047011272 0.2836879432624113 0.18 1.7873358050756845
0.14203566484964478 0.2836879432624113 0.19 1.7894204032708938
0.1494192092673984 0.2836879432624113 0.2 1.7916250408379102
0.1567884314279211 0.2836879432624113 0.21 1.793950927104849
0.16414257292199097 0.2836879432624113 0.22 1.79639934607618
0.17148086885520486 0.2836879432624113 0.23 1.7989716584896587
0.1788025474649751 0.2836879432624113 0.24 1.8016693040403917
0.18610682972672704 0.2836879432624113 0.25 1.8044938037436546
0.19339292894692342 0.2836879432624113 0.26 1.8074467624776356
0.2006600503437487 0.2836879432624113 0.27 1.8105298716799738
0.20790739061354035 0.2836879432624113 0.28 1.8137449122291547
0.21513413748123403 0.2836879432624113 0.29 1.817093757533038
0.22233946923649595 0.2836879432624113 0.3 1.8205783767880157
0.22952255425066317 0.2836879432624113 0.31 1.8242008384876807
0.2366825504766517 0.2836879432624113 0.32 1.8279633141357845
0.2438186049286721 0.2836879432624113 0.33 1.8318680822110738
0.25092985314113847 0.2836879432624113 0.34 1.8359175323872083
0.25801541860477756 0.2836879432624113 0.35 1.8401141700331511
0.26507441217935995 0.2836879432624113 0.36 1.8444606209980898
0.27210593148005413 0.2836879432624113 0.37 1.8489596367206627
0.27910906023621274 0.2836879432624113 0.38 1.8536140996746464
0.286082867622136 0.2836879432624113 0.39 1.858427029155673
0.29302640755435394 0.2836879432624113 0.4 1.8634015874805692
0.29993871795637805 0.2836879432624113 0.41 1.8685410865837913
0.30681881998755256 0.2836879432624113 0.42 1.873848995055573
0.3136657172311527 0.2836879432624113 0.43 1.8793289456824391
0.3204783948419858 0.2836879432624113 0.44 1.8849847434871565
0.32725581865084535 0.2836879432624113 0.45 1.8908203743052368
0.33399693421662485 0.2836879432624113 0.46 1.8968400140105344
0.3407006658296681 0.2836879432624113 0.47 1.9030480383515598
0.34736591545670836 0.2836879432624113 0.48 1.909449033518071
0.35399156162800205 0.2836879432624113 0.49 1.916047807439389
0.36057645825536183 0.2836879432624113 0.5 1.9228494019513052
0.3671194333820841 0.2836879432624113 0.51 1.9298591058325498
0.373619287854997 0.2836879432624113 0.52 1.9370824688336536
0.3800747939125644 0.2836879432624113 0.53 1.9445253167805872
0.38648469368403593 0.2836879432624113 0.54 1.9521937678284087
0.3928476975876434 0.2836879432624113 0.55 1.9600942500153837
0.3991624826230927 0.2836879432624113 0.56 1.9682335201962469
0.4054276905456712 0.2836879432624113 0.57 1.976618684519041
0.41164192591353965 0.2836879432624113 0.58 1.9852572205713557
0.4178037539929005 0.2836879432624113 0.59 1.9941570013956098
0.42391169850589483 0.2836879432624113 0.6 2.0033263215757984
0.4299642392160823 0.2836879432624113 0.61 2.012773925511859
0.43595980931770245 0.2836879432624113 0.62 2.0225090382802957
0.4418967926238769 0.2836879432624113 0.63 2.032541399212874
0.4477735205198298 0.2836879432624113 0.64 2.042881298613415
0.4535882686675582 0.2836879432624113 0.65 2.0535396178561496
0.45933925341927434 0.2836879432624113 0.66 2.064527873395318
0.4650246279175938 0.2836879432624113 0.67 2.0758582650446202
0.47064247783355884 0.2836879432624113 0.68 2.0875437291541403
0.47619081671854563 0.2836879432624113 0.69 2.0995979971163057
0.4816675808855164 0.2836879432624113 0.7 2.1120356602069106
0.4870706237925414 0.2836879432624113 0.71 2.1248722412934695
0.4923977098349216 0.2836879432624113 0.72 2.138124274583491
0.497646507483094 0.2836879432624113 0.73 2.1518093943689744
0.5028145816566351 0.2836879432624113 0.74 2.165946434204669
0.5078993852111731 0.2836879432624113 0.75 2.1805555381558883
0.5128982494134915 0.2836879432624113 0.76 2.195658285868728
0.5178083732484985 0.2836879432624113 0.77 2.21127783361746
0.5226268113103016 0.2836879432624113 0.78 2.2274390744227364
0.5273504600915339 0.2836879432624113 0.79 2.24416881999741
0.5319760423759878 0.2836879432624113 0.8 2.2614960084572284
0.5365000893158336 0.2836879432624113 0.81 2.279451943090732
0.5409189202123434 0.2836879432624113 0.82 2.2980705641501067
0.5452286209838391 0.2836879432624113 0.83 2.3173887479090314
0.5494250443634092 0.2836879432624113 0.84 2.337446440024897
0.5535036522989483 0.2836879432624113 0.85 2.3582881545805567
0.557459459185752 0.2836879432624113 0.86 2.379963651323269
0.5612875133010136 0.2836879432624113 0.87 2.40252404939018
0.564982066418723 0.2836879432624113 0.88 2.4260291724394265
0.5685369195338565 0.2836879432624113 0.89 2.450544927626165
0.5719452572645021 0.2836879432624113 0.9 2.476145113680352
0.5751995180865415 0.2836879432624113 0.91 2.5029130207521835
0.5782912268595946 0.2836879432624113 0.92 2.530943482298046
0.5812107655429144 0.2836879432624113 0.93 2.5603456357183556
0.5839470460877444 0.2836879432624113 0.94 2.591246779961168
0.5864870194329603 0.2836879432624113 0.95 2.6237980304069564
0.5888148771494105 0.2836879432624113 0.96 2.6581832505543144
0.5909100292893898 0.2836879432624113 0.97 2.694639962374775
0.5927253010748715 0.2836879432624113 0.98 2.7336645413081704
0.5941818737517814 0.2836879432624113 0.99 2.776077532216509
0.0 0.2978723404255319 0.0 1.7601080781741008
0.007537437046689256 0.2978723404255319 0.01 1.7601618516393696
0.015074183210504813 0.2978723404255319 0.02 1.7603231994920177
0.022609547337275757 0.2978723404255319 0.03 1.760592204136177
0.03014283772974448 0.2978723404255319 0.04 1.760969003056659
0.0376733618751271 0.2978723404255319 0.05 1.761453789001633
0.045200426171501405 0.2978723404255319 0.06 1.7620468102602977
0.05272333565244857 0.2978723404255319 0.07 1.7627483710331109
0.060241393709811304 0.2978723404255319 0.08 1.7635588318698325
0.0677539018140817 0.2978723404255319 0.09 1.7644786101916194
0.07526015923197939 0.2978723404255319 0.1 1.765508180899131
0.08275946274095042 0.2978723404255319 0.11 1.7666480770609294
0.0902511063391101 0.2978723404255319 0.12 1.7678988907285704
0.09773438095287773 0.2978723404255319 0.13 1.7692612737628235
0.10520857413774587 0.2978723404255319 0.14 1.7707359388509087
0.11267296977597097 0.2978723404255319 0.15 1.7723236605386725
0.12012684776741192 0.2978723404255319 0.16 1.7740252764129656
0.12756948371506557 0.2978723404255319 0.17 1.7758416883599693
0.13500014860327353 0.2978723404255319 0.18 1.7777738639531673
0.14241810846932956 0.2978723404255319 0.19 1.779822837935114
0.1498226240676903 0.2978723404255319 0.2 1.7819897138089378
0.15721295052411774 0.2978723404255319 0.21 1.7842756655936476
0.16458833698319025 0.2978723404255319 0.22 1.7866819396473974
0.17194802624428127 0.2978723404255319 0.23 1.7892098566701502
0.17929125438814786 0.2978723404255319 0.24 1.7918608138224486
0.18661725039130214 0.2978723404255319 0.25 1.7946362870138666
0.19392523573043577 0.2978723404255319 0.26 1.7975378333064351
0.20121442397234124 0.2978723404255319 0.27 1.8005670935178242
0.20848402034966915 0.2978723404255319 0.28 1.803725795003623
0.21573322132523381 0.2978723404255319 0.29 1.807015754566001
0.222961214136422 0.2978723404255319 0.3 1.8104388816324941
0.23016717632736577 0.2978723404255319 0.31 1.8139971815629057
0.23735027525860508 0.2978723404255319 0.32 1.8176927592523036
0.2445096676028855 0.2978723404255319 0.33 1.8215278228816565
0.251644498815897 0.2978723404255319 0.34 1.825504687990047
0.2587539025885386 0.2978723404255319 0.35 1.8296257817581323
0.2658370002741022 0.2978723404255319 0.36 1.8338936475997243
0.27289290029221247 0.2978723404255319 0.37 1.838310950029336
0.2799206975048001 0.2978723404255319 0.38 1.8428804798694414
0.28691947256372097 0.2978723404255319 0.39 1.8476051597977692
0.29388829122983634 0.2978723404255319 0.4 1.8524880502364707
0.3008262036565587 0.2978723404255319 0.41 1.8575323556729806
0.30773224364030166 0.2978723404255319 0.42 1.8627414313783646
0.3146054278341262 0.2978723404255319 0.43 1.868118790572233
0.32144475491848107 0.2978723404255319 0.44 1.8736681121089327
0.32824920473074737 0.2978723404255319 0.45 1.879393248665116
0.3350177373475046 0.2978723404255319 0.46 1.8852982355053793
0.3417492921166041 0.2978723404255319 0.47 1.891387299863553
0.34844278663607764 0.2978723404255319 0.48 1.897664870979963
0.35509711566906427 0.2978723404255319 0.49 1.9041355909215176
0.36171115000996457 0.2978723404255319 0.5 1.9108043260292162
0.36828373526023245 0.2978723404255319 0.51 1.9176761794561794
0.37481369055278796 0.2978723404255319 0.52 1.9247565043885186
0.38129980718097695 0.2978723404255319 0.53 1.9320509184386585
0.38774084714677004 0.2978723404255319 0.54 1.9395653190714888
0.3941355416120083 0.2978723404255319 0.55 1.9473059002560509
0.40048258924756674 0.2978723404255319 0.56 1.9552791704216719
0.40678065447067485 0.2978723404255319 0.57 1.9634919718494166
0.41302836555472244 0.2978723404255319 0.58 1.9719515016903397
0.4192243126089976 0.2978723404255319 0.59 1.9806653346791192
0.42536704540682957 0.2978723404255319 0.6 1.9896414478029685
0.4314550710540686 0.2978723404255319 0.61 1.9988882470615632
0.43748685147015476 0.2978723404255319 0.62 2.008414596647889
0.4434608006812043 0.2978723404255319 0.63 2.018229850634899
0.4493752818847013 0.2978723404255319 0.64 2.0283438876360598
0.4552286042764899 0.2978723404255319 0.65 2.0387671486306607
0.4610190195946264 0.2978723404255319 0.66 2.04951067849093
0.46674471837439807 0.2978723404255319 0.67 2.0605861714062303
0.47240382585069585 0.2978723404255319 0.68 2.072006020944826
0.47799439748528605 0.2978723404255319 0.69 2.0837833751458525
0.4835144140573116 0.2978723404255319 0.7 2.0959321974143155
0.48896177627298504 0.2978723404255319 0.71 2.108467333871351
0.49433429880981317 0.2978723404255319 0.72 2.1214045882096677
0.49962970374677473 0.2978723404255319 0.73 2.134760804842503
0.5048456132422265 0.2978723404255319 0.74 2.148553961970493
0.5099795413974756 0.2978723404255319 0.75 2.162803275609206
0.5150288851683194 0.2978723404255319 0.76 2.1775293163665705
0.5199909141067638 0.2978723404255319 0.77 2.1927541415466156
0.5248627588446995 0.2978723404255319 0.78 2.208501444196813
0.529641398054093 0.2978723404255319 0.79 2.2247967223973206
0.5343236435936652 0.2978723404255319 0.8 2.2416674725063235
0.538906123870705 0.2978723404255319 0.81 2.25914340767529
0.5433852661963544 0.2978723404255319 0.82 2.277256697016755
0.5477572924276494 0.2978723404255319 0.83 2.296042107885756
0.5520175959906513 0.2978723404255319 0.84 2.3155423546071967
0.5561632452451853 0.2978723404255319 0.85 2.3357872434858997
0.5601882145066538 0.2978723404255319 0.86 2.3568338499715846
0.5640879330852889 0.2978723404255319 0.87 2.3787285569186576
0.5678569186130498 0.2978723404255319 0.88 2.401527152824194
0.5714891967037673 0.2978723404255319 0.89 2.425291603802764
0.5749782034724652 0.2978723404255319 0.9 2.4500912297590465
0.5783166669113435 0.2978723404255319 0.91 2.4760041439502207
0.5814964503782399 0.2978723404255319 0.92 2.5031191262557018
0.5845083383230018 0.2978723404255319 0.93 2.531538141823135
0.5873417312580562 0.2978723404255319 0.94 2.5613798528091825
0.5899841892487094 0.2978723404255319 0.95 2.592784751864961
0.5924206923239925 0.2978723404255319 0.96 2.6259232436096873
0.594631792053119 0.2978723404255319 0.97 2.6610143609135224
0.5965739573184391 0.2978723404255319 0.98 2.69850712851864
0.598176636577305 0.2978723404255319 0.99 2.7391227579461934
0.0 0.3120567375886525 0.0 1.7510250147971322
0.00755696249535593 0.3120567375886525 0.01 1.7510778974788956
0.015113240259562375 0.3120567375886525 0.02 1.751236572220084
0.02266814829578596 0.3120567375886525 0.03 1.7515011191113419
0.030221001075264032 0.3120567375886525 0.04 1.7518716717907212
0.03777111227057053 0.3120567375886525 0.05 1.7523484176012414
0.04531779448752025 0.3120567375886525 0.06 1.7529315978751592
0.052860358995706014 0.3120567375886525 0.07 1.7536215082707032
0.06039811545680859 0.3120567375886525 0.08 1.7544184992115575
0.06793037165104576 0.3120567375886525 0.09 1.7553229763722311
0.07545643320048188 0.3120567375886525 0.1 1.7563354012751822
0.08297560328953608 0.3120567375886525 0.11 1.7574562919503565
0.0904871823815102 0.3120567375886525 0.12 1.7586862237004603
0.09799046793133771 0.3120567375886525 0.13 1.7600258299403284
0.10548475409431962 0.3120567375886525 0.14 1.761475803112303
0.11296933142890932 0.3120567375886525 0.15 1.7630368957327858
0.12044348659532364 0.3120567375886525 0.16 1.7647099214903605
0.12790650204708157 0.3120567375886525 0.17 1.7664957564830739
0.1353576557169472 0.3120567375886525 0.18 1.7683953405313022
0.14279622069596035 0.3120567375886525 0.19 1.770409678599438
0.15022146490411212 0.3120567375886525 0.2 1.7725398423509833
0.15763265075367439 0.3120567375886525 0.21 1.7747869717988871
0.16502903480383138 0.3120567375886525 0.22 1.7771522770787893
0.17240986740576764 0.3120567375886525 0.23 1.7796370403546031
0.17977439233687326 0.3120567375886525 0.24 1.7822426178743709
0.1871218464254337 0.3120567375886525 0.25 1.7849704421389716
0.19445145916399983 0.3120567375886525 0.26 1.787822024217353
0.20176245230812048 0.3120567375886525 0.27 1.790798956261174
0.20905403946480566 0.3120567375886525 0.28 1.7939029141277025
0.21632542566419338 0.3120567375886525 0.29 1.7971356602265032
0.22357580691887577 0.3120567375886525 0.3 1.8004990465019728
0.23080436976443622 0.3120567375886525 0.31 1.8039950176575743
0.23801029078417216 0.3120567375886525 0.32 1.8076256145625624
0.24519273611606893 0.3120567375886525 0.33 1.8113929778702462
0.25235086093768494 0.3120567375886525 0.34 1.8152993519078537
0.2594838089329009 0.3120567375886525 0.35 1.8193470887722794
0.26659071173575943 0.3120567375886525 0.36 1.8235386527014867
0.2736706883459415 0.3120567375886525 0.37 1.827876624790053
0.2807228445271181 0.3120567375886525 0.38 1.832363707890334
0.28774627216848886 0.3120567375886525 0.39 1.8370027319674478
0.2947400486239522 0.3120567375886525 0.4 1.8417966597070266
0.30170323601619226 0.3120567375886525 0.41 1.8467485925450593
0.3086348805081512 0.3120567375886525 0.42 1.8518617770836545
0.3155340115377384 0.3120567375886525 0.43 1.857139611944887
0.3223996410148129 0.3120567375886525 0.44 1.8625856550750868
0.3292307624739274 0.3120567375886525 0.45 1.868203631578349
0.3360263501869384 0.3120567375886525 0.46 1.8739974420342702
0.3427853582204061 0.3120567375886525 0.47 1.8799711714773988
0.34950671944640416 0.3120567375886525 0.48 1.8861290989433808
0.3561893444950083 0.3120567375886525 0.49 1.8924757077222882
0.36283212064734205 0.3120567375886525 0.5 1.8990156963387235
0.36943391065847414 0.3120567375886525 0.51 1.9057539903831353
0.3759935515160764 0.3120567375886525 0.52 1.9126957551445154
0.38250985311583197 0.3120567375886525 0.53 1.9198464092599639
0.3889815968577149 0.3120567375886525 0.54 1.9272116393548167
0.39540753414636864 0.3120567375886525 0.55 1.9347974158658303
0.4017863847958046 0.3120567375886525 0.56 1.9426100100690094
0.4081168353280359 0.3120567375886525 0.57 1.9506560124467816
0.4143975371433563 0.3120567375886525 0.58 1.9589423526442178
0.4206271045731805 0.3120567375886525 0.59 1.9674763209480894
0.4268041127846771 0.3120567375886525 0.6 1.9762655916324032
0.43292709552620917 0.3120567375886525 0.61 1.9853182483244152
0.43899454270789395 0.3120567375886525 0.62 1.9946428115075774
0.44500489778547786 0.3120567375886525 0.63 2.0042482685289476
0.4509565549352174 0.3120567375886525 0.64 2.0141441063055754
0.4568478559983701 0.3120567375886525 0.65 2.024340347022519
0.4626770871615751 0.3120567375886525 0.66 2.0348475872385987
0.4684424753435269 0.3120567375886525 0.67 2.0456770407928135
0.4741421842702399 0.3120567375886525 0.68 2.0568405858218135
0.47977431016888106 0.3120567375886525 0.69 2.0683508166811673
0.48533687705938383 0.3120567375886525 0.7 2.080221101155519
0.4908278315695851 0.3120567375886525 0.71 2.092465643843091
0.4962450372716002 0.3120567375886525 0.72 2.1050995560211923
0.5015862683045628 0.3120567375886525 0.73 2.1181389343311485
0.5068492024424114 0.3120567375886525 0.74 2.131600947318379
0.5120314132790073 0.3120567375886525 0.75 2.145503933081209
0.5171303615351959 0.3120567375886525 0.76 2.159867508527458
0.5221433852965509 0.3120567375886525 0.77 2.174712692505751
0.5270676890207472 0.3120567375886525 0.78 2.1900620449430472
0.5319003312106414 0.3120567375886525 0.79 2.205939823805145
0.5366382105003753 0.3120567375886525 0.8 2.2223721631329694
0.5412780512553433 0.3120567375886525 0.81 2.239387264438783
0.5458163975153698 0.3120567375886525 0.82 2.2570155301698938
0.5500109708940221 0.3120567375886525 0.83 2.2772645214393723
0.5545734237659242 0.3120567375886525 0.84 2.294248545852016
0.5587839788014797 0.3120567375886525 0.85 2.313928632005219
0.5628766737521979 0.3120567375886525 0.86 2.3343737972539205
0.566846617898391 0.3120567375886525 0.87 2.355631676639662
0.5706885238863492 0.3120567375886525 0.88 2.377754792499068
0.5743966305495488 0.3120567375886525 0.89 2.4008014571529137
0.5779646161879259 0.3120567375886525 0.9 2.424836812686314
0.5813854879345202 0.3120567375886525 0.91 2.4499341447491894
0.5846514353848117 0.3120567375886525 0.92 2.476176594272965
0.5877536305238841 0.3120567375886525 0.93 2.5036594548236644
0.5906819436732599 0.3120567375886525 0.94 2.532493367515796
0.5934245196523392 0.3120567375886525 0.95 2.562808977945889
0.5959670937514993 0.3120567375886525 0.96 2.594764241664236
0.5982913055524759 0.3120567375886525 0.97 2.628561152700744
0.6003570270865609 0.3120567375886525 0.98 2.6646057129158676
0.6021011233996112 0.3120567375886525 0.99 2.703531998478161
0.0 0.326241134751773 0.0 1.742112463151344
0.007576269636584104 0.326241134751773 0.01 1.7421644791762512
0.015151860589039614 0.326241134751773 0.02 1.7423205531917312
0.02272609391297857 0.326241134751773 0.03 1.7425807630738608
0.030298290143072032 0.326241134751773 0.04 1.7429452387412925
0.03786776903162656 0.326241134751773 0.05 1.7434141623392916
0.045433849286234264 0.326241134751773 0.06 1.7439877684828526
0.05299584830562944 0.326241134751773 0.07 1.7446663446068826
0.06055308191381179 0.326241134751773 0.08 1.7454502313708105
0.06810486409217027 0.326241134751773 0.09 1.7463398231291727
0.07565050670847065 0.326241134751773 0.1 1.7473355685114846
0.0831893192431641 0.326241134751773 0.11 1.748437971057308
0.0907206085121529 0.326241134751773 0.12 1.7496475899401864
0.09824367838558584 0.326241134751773 0.13 1.7509650407789419
0.10575782950240686 0.326241134751773 0.14 1.7523909965317581
0.11326235898015735 0.326241134751773 0.15 1.7539261884789052
0.1207565601195049 0.326241134751773 0.16 1.7555714072989872
0.1282397221027965 0.326241134751773 0.17 1.7573275042473346
0.13571112968724958 0.326241134751773 0.18 1.7591953924085628
0.14317006289019557 0.326241134751773 0.19 1.7611760480867853
0.1506157966681542 0.326241134751773 0.2 1.7632705122713779
0.15804760058730735 0.326241134751773 0.21 1.7654798922346844
0.16546473848551133 0.326241134751773 0.22 1.7678053632446629
0.1728664681261042 0.326241134751773 0.23 1.7702481703803528
0.18025204084082455 0.326241134751773 0.24 1.7728096305012813
0.18762070116320373 0.326241134751773 0.25 1.7754911343313702
0.19497168644964907 0.326241134751773 0.26 1.7782941487067951
0.20230422648998048 0.326241134751773 0.27 1.7812202189451816
0.20961754310504285 0.326241134751773 0.28 1.7842709713772884
0.21691084972810845 0.326241134751773 0.29 1.7874481160886124
0.22418335097551007 0.326241134751773 0.3 1.790753449769314
0.2314342421993817 0.326241134751773 0.31 1.7941888587921335
0.2386627090235669 0.326241134751773 0.32 1.7977563224892632
0.24586792686211753 0.326241134751773 0.33 1.801457916632168
0.2530490604213138 0.326241134751773 0.34 1.8052958170984825
0.26020526317566506 0.326241134751773 0.35 1.8092723038615472
0.2673356768282799 0.326241134751773 0.36 1.8133897651437607
0.2744394307447615 0.326241134751773 0.37 1.8176507018897448
0.281515641361704 0.326241134751773 0.38 1.8220577325350422
0.2885634115721975 0.326241134751773 0.39 1.8266135980371587
0.29558183007810945 0.326241134751773 0.4 1.8313211673015894
0.3025699707163071 0.326241134751773 0.41 1.8361834429059296
0.3095268917509073 0.326241134751773 0.42 1.8412035672244067
0.31645163512801777 0.326241134751773 0.43 1.846384828992197
0.32334322569735785 0.326241134751773 0.44 1.8517306702570178
0.33020067039012146 0.326241134751773 0.45 1.857244693847117
0.3370229573557141 0.326241134751773 0.46 1.8629306713250142
0.3438090550496595 0.326241134751773 0.47 1.868792551518754
0.3505579112728859 0.326241134751773 0.48 1.8748344696317447
0.35726845215842945 0.326241134751773 0.49 1.8810607569827174
0.3639395810948659 0.326241134751773 0.5 1.8874759514977573
0.37057017759083155 0.326241134751773 0.51 1.8940848089157762
0.37715909607015125 0.326241134751773 0.52 1.9008923148313146
0.38370516459087634 0.326241134751773 0.53 1.9079036976560058
0.39020718348455274 0.326241134751773 0.54 1.9151244425516742
0.39666392391128086 0.326241134751773 0.55 1.9225603064007124
0.40307412631471096 0.326241134751773 0.56 1.9302173339936892
0.4094364987749405 0.326241134751773 0.57 1.9381018754788542
0.41574971524747817 0.326241134751773 0.58 1.9462206052199518
0.4220124136804295 0.326241134751773 0.59 1.954580542174136
0.42822319398953257 0.326241134751773 0.6 1.9631890720238818
0.4343806158903842 0.326241134751773 0.61 1.9720539711174219
0.4404831965600744 0.326241134751773 0.62 1.9811834325325488
0.4465294081185308 0.326241134751773 0.63 1.99058609441647
0.45251767491156847 0.326241134751773 0.64 2.0002710708424174
0.458446370560812 0.326241134751773 0.65 2.0102479855828954
0.4643138147777088 0.326241134751773 0.66 2.020527008926201
0.4701182698900203 0.326241134751773 0.67 2.0311188981122967
0.4758579370612612 0.326241134751773 0.68 2.0420350416945046
0.48153095216628117 0.326241134751773 0.69 2.053287508309039
0.48713538126350303 0.326241134751773 0.7 2.0648891005518797
0.49266921563867 0.326241134751773 0.71 2.0768534143965898
0.4981303663331845 0.326241134751773 0.72 2.0891949051505665
0.5035166581013747 0.326241134751773 0.73 2.101928960718864
0.508825822722553 0.326241134751773 0.74 2.115071983155051
0.5140554915621409 0.326241134751773 0.75 2.1286414798041857
0.5192031872567665 0.326241134751773 0.76 2.1426561655753793
0.524266314426227 0.326241134751773 0.77 2.157136077741197
0.5292421492787469 0.326241134751773 0.78 2.1721027050810844
0.5341278280405204 0.326241134751773 0.79 2.187579132797616
0.5389203349082672 0.326241134751773 0.8 2.203590198536277
0.5436164960769216 0.326241134751773 0.81 2.220162607296576
0.5481432323561262 0.326241134751773 0.82 2.2378944118816415
0.5527059458206656 0.326241134751773 0.83 2.2551109386256214
0.5570918183463494 0.326241134751773 0.84 2.2735526272508264
0.5613664928637574 0.326241134751773 0.85 2.2926875787537364
0.5655255718202387 0.326241134751773 0.86 2.3125567941724188
0.5695643368736654 0.326241134751773 0.87 2.333205162854947
0.5734776833729828 0.326241134751773 0.88 2.3546821951827286
0.5772600550998471 0.326241134751773 0.89 2.3770427934462
0.5809053637460124 0.326241134751773 0.9 2.400348198927181
0.5844068854149127 0.326241134751773 0.91 2.4246671939408766
0.587757123782911 0.326241134751773 0.92 2.450077666170915
0.5909476235295137 0.326241134751773 0.93 2.47666870301868
0.5939687061234685 0.326241134751773 0.94 2.5045434969071647
0.5968090769413197 0.326241134751773 0.95 2.5338235663535476
0.599455193568262 0.326241134751773 0.96 2.5646553545919715
0.6018897308171948 0.326241134751773 0.97 2.597225159408366
0.6040757326937002 0.326241134751773 0.98 2.6318999311771356
0.605956703296123 0.326241134751773 0.99 2.669237397324371
0.0 0.3404255319148936 0.0 1.733366026085387
0.00759536150880183 0.3404255319148936 0.01 1.73341719873369
0.015190050277890221 0.3404255319148936 0.02 1.7335707419269373
0.02278339331266502 0.3404255319148936 0.03 1.7338267313821305
0.030374717108131066 0.3404255319148936 0.04 1.7341852934521835
0.03796334739310277 0.3404255319148936 0.05 1.7346466052506173
0.04554860887288856 0.3404255319148936 0.06 1.7352108949326854
0.05312982497081793 0.3404255319148936 0.07 1.7358784420009643
0.06070631756792183 0.3404255319148936 0.08 1.7366495776960922
0.06827740674031896 0.3404255319148936 0.09 1.737524685467884
0.07584241049420012 0.3404255319148936 0.1 1.738504201511121
0.08340064449735281 0.3404255319148936 0.11 1.7395886154021312
0.0909514218083462 0.3404255319148936 0.12 1.740778470765947
0.09849405260075744 0.3404255319148936 0.13 1.7420743660798148
0.10602784388410512 0.3404255319148936 0.14 1.743476955519095
0.11355209921988316 0.3404255319148936 0.15 1.7449869499027786
0.12106611843228844 0.3404255319148936 0.16 1.7466051177340094
0.12856919731327404 0.3404255319148936 0.17 1.7483322863332718
0.13606062732280877 0.3404255319148936 0.18 1.7501693430320342
0.1435396952804986 0.3404255319148936 0.19 1.7521172365243343
0.15100568305255566 0.3404255319148936 0.2 1.7541769782552288
0.15845786722891414 0.3404255319148936 0.21 1.75634964397482
0.16589551879354994 0.3404255319148936 0.22 1.7586363753674823
0.17331790278598666 0.3404255319148936 0.23 1.761038381800914
0.1807242779523461 0.3404255319148936 0.24 1.7635569422193862
0.18811389638700385 0.3404255319148936 0.25 1.7661934071489849
0.19548600316376238 0.3404255319148936 0.26 1.7689492008326175
0.20283983595497299 0.3404255319148936 0.27 1.7718258235176134
0.2101746246372978 0.3404255319148936 0.28 1.774824853909972
0.21748959088676506 0.3404255319148936 0.29 1.7779479517428802
0.22478394775739433 0.3404255319148936 0.3 1.7811968605547692
0.232056899244729 0.3404255319148936 0.31 1.7845734106428062
0.23930763983578401 0.3404255319148936 0.32 1.7880795221653387
0.24653535403815727 0.3404255319148936 0.33 1.7917172085021538
0.2537392158942495 0.3404255319148936 0.34 1.7954885797737712
0.26091838847311916 0.3404255319148936 0.35 1.799395846629056
0.26807202334264 0.3404255319148936 0.36 1.803441324254787
0.2751992600196401 0.3404255319148936 0.37 1.8076274366382368
0.28229922539511587 0.3404255319148936 0.38 1.8119567211184253
0.2893710331347055 0.3404255319148936 0.39 1.816431833219736
0.29641378305086 0.3404255319148936 0.4 1.8210555518120861
0.30342656044581434 0.3404255319148936 0.41 1.8258307846059383
0.31040843542441293 0.3404255319148936 0.42 1.8307605739935549
0.3173584621714309 0.3404255319148936 0.43 1.8358481033011618
0.32427567819463715 0.3404255319148936 0.44 1.8410967034362373
0.33115910352565225 0.3404255319148936 0.45 1.8465098600236922
0.3380077398838212 0.3404255319148936 0.46 1.8520912209720988
0.34482056979149256 0.3404255319148936 0.47 1.8578446046059172
0.3515965556415029 0.3404255319148936 0.48 1.863774008355734
0.3583346387145149 0.3404255319148936 0.49 1.8698836180388139
0.36503373813679746 0.3404255319148936 0.5 1.876177817837417
0.3716927497804559 0.3404255319148936 0.51 1.8826612009610373
0.3783105450953169 0.3404255319148936 0.52 1.8893385811160404
0.38488596987161855 0.3404255319148936 0.53 1.8962150048028241
0.3914178429226682 0.3404255319148936 0.54 1.9032957645648159
0.3979049546859965 0.3404255319148936 0.55 1.910586413220766
0.4043460657303453 0.3404255319148936 0.56 1.9180927792257685
0.4107399051669314 0.3404255319148936 0.57 1.9258209832001316
0.41708516894460507 0.3404255319148936 0.58 1.933777455849193
0.42338051803674964 0.3404255319148936 0.59 1.9419689572326078
0.4296245764831014 0.3404255319148936 0.6 1.950402597766458
0.4358159293019751 0.3404255319148936 0.61 1.959085860856965
0.4419531202355934 0.3404255319148936 0.62 1.9680266275620415
0.4480346493235983 0.3404255319148936 0.63 1.9772332033819477
0.454058970282427 0.3404255319148936 0.64 1.9867143474490545
0.46002448767746645 0.3404255319148936 0.65 1.9964793043140256
0.4659295538475044 0.3404255319148936 0.66 2.0065378387777155
0.4717724655642439 0.3404255319148936 0.67 2.016900274023905
0.4775514604173529 0.3404255319148936 0.68 2.027577533264624
0.483264712825946 0.3404255319148936 0.69 2.0385811858941145
0.48891032972594495 0.3404255319148936 0.7 2.0499234978963323
0.49448634579295786 0.3404255319148936 0.71 2.061617487899295
0.4999907182046313 0.3404255319148936 0.72 2.0736769890672897
0.5054213208799226 0.3404255319148936 0.73 2.0861167176329296
0.510775938046881 0.3404255319148936 0.74 2.0989523496220053
0.5160522571673325 0.3404255319148936 0.75 2.1122006059116756
0.5212478610068788 0.3404255319148936 0.76 2.1258793478205718
0.5263602188341766 0.3404255319148936 0.77 2.1400076838934443
0.5313866767345207 0.3404255319148936 0.78 2.15460608865853
0.5363244474948428 0.3404255319148936 0.79 2.1696965304528706
0.5411706051530832 0.3404255319148936 0.8 2.1853025681785128
0.5459216653742054 0.3404255319148936 0.81 2.2014527964633372
0.5505754156744402 0.3404255319148936 0.82 2.2181661528197107
0.5551272566359455 0.3404255319148936 0.83 2.235481506882802
0.5595739388702806 0.3404255319148936 0.84 2.253427616727219
0.5639114788129341 0.3404255319148936 0.85 2.272040043600906
0.568135634927566 0.3404255319148936 0.86 2.2913574395094516
0.5722418469725413 0.3404255319148936 0.87 2.311422187028812
0.5762251854706633 0.3404255319148936 0.88 2.3322809853089157
0.5800802916124282 0.3404255319148936 0.89 2.3539855489947707
0.5838013019345393 0.3404255319148936 0.9 2.376593475605929
0.5873817514838436 0.3404255319148936 0.91 2.4001693458656472
0.5908144460255097 0.3404255319148936 0.92 2.4247861528303374
0.5940912882403144 0.3404255319148936 0.93 2.4505272105169555
0.5972030323131335 0.3404255319148936 0.94 2.477488794047293
0.6001389202466585 0.3404255319148936 0.95 2.505783963027303
0.6028860993995729 0.3404255319148936 0.96 2.535548516418897
0.6054282280225637 0.3404255319148936 0.97 2.5669542974956676
0.6077313008383952 0.3404255319148936 0.98 2.600332843555157
0.6097447536900035 0.3404255319148936 0.99 2.636175045616616
0.0 0.3546099290780142 0.0 1.7247814535841586
0.007614241095333016 0.3546099290780142 0.01 1.7248318053583822
0.015227815294880303 0.3546099290780142 0.02 1.7249828852379174
0.02284005545312999 0.3546099290780142 0.03 1.7252347668779962
0.030450293924625532 0.3546099290780142 0.04 1.7255875731748294
0.038057862313272746 0.3546099290780142 0.05 1.7260414764069596
0.045662091220411295 0.3546099290780142 0.06 1.726596698487692
0.053262309991532746 0.3546099290780142 0.07 1.7272535112714298
0.060857846461437805 0.3546099290780142 0.08 1.7280122369195836
0.06844802669677691 0.3546099290780142 0.09 1.7288732483701847
0.07603217473675208 0.3546099290780142 0.1 1.7298369698375273
0.08360961233053005 0.3546099290780142 0.11 1.7309038774144996
0.09117965867128146 0.3546099290780142 0.12 1.732074499751121
0.09874163012690272 0.3546099290780142 0.13 1.7333494187949505
0.10629483996678589 0.3546099290780142 0.14 1.7347292706106285
0.11383859808355139 0.3546099290780142 0.15 1.7362147463013884
0.1213722107100086 0.3546099290780142 0.16 1.737806593006554
0.12889498013150982 0.3546099290780142 0.17 1.7395056149648331
0.13640620439117332 0.3546099290780142 0.18 1.7413126747073957
0.1439051769900363 0.3546099290780142 0.19 1.7432286943084752
0.1513911865792911 0.3546099290780142 0.2 1.74525465676378
0.1588635166459528 0.3546099290780142 0.21 1.747391607449948
0.16632144519014067 0.3546099290780142 0.22 1.7496406557026762
0.1737642443939366 0.3546099290780142 0.23 1.7520029765039515
0.18119118028092618 0.3546099290780142 0.24 1.7544798122899299
0.18860151236652364 0.3546099290780142 0.25 1.757072474870423
0.1959944932972148 0.3546099290780142 0.26 1.7597823474904113
0.20336936847845385 0.3546099290780142 0.27 1.7626108870293486
0.21072537569152794 0.3546099290780142 0.28 1.765559626327185
0.2180617446962128 0.3546099290780142 0.29 1.768630176687254
0.22537769682086328 0.3546099290780142 0.3 1.771824230519779
0.23267244453784305 0.3546099290780142 0.31 1.7751435641574391
0.23994519102271508 0.3546099290780142 0.32 1.7785900408615325
0.2471951296964388 0.3546099290780142 0.33 1.782165614023428
0.2544214437520361 0.3546099290780142 0.34 1.785872330536212
0.2616233056599261 0.3546099290780142 0.35 1.789712334418284
0.26879987665268085 0.3546099290780142 0.36 1.7936878706694048
0.2759503061913735 0.3546099290780142 0.37 1.7978012893277802
0.28307373140540387 0.3546099290780142 0.38 1.80205504983627
0.2901692765083357 0.3546099290780142 0.39 1.806451725676763
0.29723605218985355 0.3546099290780142 0.4 1.8109940092717465
0.30427315497484386 0.3546099290780142 0.41 1.8156847172641786
0.31127966655614075 0.3546099290780142 0.42 1.8205267960906004
0.31825465309369155 0.3546099290780142 0.43 1.8255233279378973
0.32519716447558084 0.3546099290780142 0.44 1.8306775371340454
0.3321062335485236 0.3546099290780142 0.45 1.835992796885817
0.33898087529996823 0.3546099290780142 0.46 1.8414726365700622
0.3458200860042198 0.3546099290780142 0.47 1.8471207494384208
0.3526228423164061 0.3546099290780142 0.48 1.8529410009199536
0.359388100319305 0.3546099290780142 0.49 1.8589374374688268
0.3661147945155919 0.3546099290780142 0.5 1.8651142960441311
0.37280183676118744 0.3546099290780142 0.51 1.8714760142737705
0.3794481151322636 0.3546099290780142 0.52 1.8780272413865429
0.3860524927318554 0.3546099290780142 0.53 1.884772849864446
0.3926138064126979 0.3546099290780142 0.54 1.8917179480634991
0.3991308654244802 0.3546099290780142 0.55 1.8988678937343053
0.40560244997408657 0.3546099290780142 0.56 1.9062283085754037
0.4120273096826203 0.3546099290780142 0.57 1.9138050939947446
0.4184041619503306 0.3546099290780142 0.58 1.9216044479995764
0.4247316901953912 0.3546099290780142 0.59 1.9296328835659498
0.43100854197398336 0.3546099290780142 0.6 1.937897248449832
0.4372333269590745 0.3546099290780142 0.61 1.9464047466891294
0.4434046147718761 0.3546099290780142 0.62 1.95516296189727
0.4495209326450001 0.3546099290780142 0.63 1.9641798825918093
0.4555807628974793 0.3546099290780142 0.64 1.9734639297954464
0.4615825402084517 0.3546099290780142 0.65 1.9830239870977273
0.4675246486691432 0.3546099290780142 0.66 1.9928694334413373
0.4734054185693432 0.3546099290780142 0.67 2.00301017910844
0.47922312291337366 0.3546099290780142 0.68 2.013456705061915
0.4849759736163471 0.3546099290780142 0.69 2.0242201061948673
0.4906621173385538 0.3546099290780142 0.7 2.0353121389961437
0.4962796309223485 0.3546099290780142 0.71 2.0467452741092407
0.5018265163855457 0.3546099290780142 0.72 2.0585327543798893
0.5073006953787761 0.3546099290780142 0.73 2.070688659404059
0.5127000030805168 0.3546099290780142 0.74 2.0832279770809112
0.5180221814338247 0.3546099290780142 0.75 2.096166683303427
0.5232648716434198 0.3546099290780142 0.76 2.109521830856993
0.5284256059834666 0.3546099290780142 0.77 2.123311647614016
0.5335017992530182 0.3546099290780142 0.78 2.1375556419338584
0.5384907440369486 0.3546099290780142 0.79 2.1522746828001345
0.5433896847696892 0.3546099290780142 0.8 2.167490457718709
0.5481952495464556 0.3546099290780142 0.81 2.183230059279953
0.5529045113507499 0.3546099290780142 0.82 2.1995175811617864
0.5575141177379098 0.3546099290780142 0.83 2.2163811406208027
0.5620204337111154 0.3546099290780142 0.84 2.2338518163876495
0.5664196213634745 0.3546099290780142 0.85 2.2519631140211347
0.5707075772686808 0.3546099290780142 0.86 2.2707515801899643
0.5748798922326698 0.3546099290780142 0.87 2.2902572591302537
0.5789318053989461 0.3546099290780142 0.88 2.310524219430478
0.5828581481097141 0.3546099290780142 0.89 2.3316011942090373
0.5866532733797453 0.3546099290780142 0.9 2.353542376361679
0.5903109653569242 0.3546099290780142 0.91 2.376408425691868
0.5938243200834085 0.3546099290780142 0.92 2.4002677742187144
0.5971855837809452 0.3546099290780142 0.93 2.4251983646859054
0.6003859252018178 0.3546099290780142 0.94 2.4512900482811277
0.6034150994337534 0.3546099290780142 0.95 2.478648045339196
0.6062609116708452 0.3546099290780142 0.96 2.5073983144758705
0.6089079530240519 0.3546099290780142 0.97 2.537699391828699
0.6113249579784845 0.3546099290780142 0.98 2.5698507300014466
0.6134666534961731 0.3546099290780142 0.99 2.6042847515687932
0.0 0.36879432624113473 0.0 1.716354636759938
0.0076329113257330465 0.36879432624113473 0.01 1.716404189397918
0.015265161501135128 0.36879432624113473 0.02 1.7165528711884817
0.0228960891311582 0.36879432624113473 0.03 1.7168007538065193
0.03052503233107331 0.36879432624113473 0.04 1.7171479568065735
0.03815132848060371 0.36879432624113473 0.05 1.7175946478098691
0.04577431397743993 0.36879432624113473 0.06 1.718141042703699
0.05339332398882489 0.36879432624113473 0.07 1.7187874059696664
0.061007692202064735 0.36879432624113473 0.08 1.719534051019389
0.06861675057262084 0.36879432624113473 0.09 1.7203813406349135
0.07621982906960457 0.36879432624113473 0.1 1.7213296874815323
0.08381625541899348 0.36879432624113473 0.11 1.7223795546645282
0.09140535484333902 0.36879432624113473 0.12 1.7235314563793995
0.09898644979786499 0.36879432624113473 0.13 1.7247859586363237
0.10655885970312638 0.36879432624113473 0.14 1.7261436800427419
0.11412190067232889 0.36879432624113473 0.15 1.72760529269995
0.12167488523544812 0.36879432624113473 0.16 1.729171523128286
0.12921712205599403 0.36879432624113473 0.17 1.730843153344596
0.13674791564453756 0.36879432624113473 0.18 1.7326210219532474
0.14426656606375282 0.36879432624113473 0.19 1.7345060253953448
0.1517723686290616 0.36879432624113473 0.2 1.7364991192319157
0.1592646135998678 0.36879432624113473 0.21 1.7386013195827392
0.16674258586501906 0.36879432624113473 0.22 1.7408137046202194
0.17420556461903916 0.36879432624113473 0.23 1.743137416194811
0.1816528230291216 0.36879432624113473 0.24 1.7455736615789712
0.18908362789457686 0.36879432624113473 0.25 1.7481237152906635
0.19649723929232515 0.36879432624113473 0.26 1.750788921114571
0.203892910217016 0.36879432624113473 0.27 1.7535706941497686
0.2112698862034987 0.36879432624113473 0.28 1.756470523107142
0.21862740494175945 0.36879432624113473 0.29 1.759489972663214
0.22596469587555082 0.36879432624113473 0.3 1.7626306860218146
0.233280979788732 0.36879432624113473 0.31 1.7658943876067135
0.24057546837623958 0.36879432624113473 0.32 1.7692828859325627
0.2478473637971613 0.36879432624113473 0.33 1.7727980766849587
0.25509585821243397 0.36879432624113473 0.34 1.7764419459657814
0.26232013330490694 0.36879432624113473 0.35 1.7802165737361872
0.26951935977775854 0.36879432624113473 0.36 1.7841241375086216
0.27669269683263437 0.36879432624113473 0.37 1.7881669162623364
0.28383929162626137 0.36879432624113473 0.38 1.7923472945974335
0.2909582787023962 0.36879432624113473 0.39 1.7966677671658902
0.2980487793993656 0.36879432624113473 0.4 1.80113094337327
0.3051099012272454 0.36879432624113473 0.41 1.8057395524225262
0.3121407372205012 0.36879432624113473 0.42 1.8104964486265804
0.3191403652544768 0.36879432624113473 0.43 1.8154046171298055
0.32610784733172204 0.36879432624113473 0.44 1.8204671799644763
0.3330422288300073 0.36879432624113473 0.45 1.8256874025384136
0.3399425377139933 0.36879432624113473 0.46 1.8310687005316455
0.3468077837017846 0.36879432624113473 0.47 1.8366146473014429
0.35363695738811235 0.36879432624113473 0.48 1.842328981777338
0.3604290293234484 0.36879432624113473 0.49 1.8482156168607415
0.3671829490321508 0.36879432624113473 0.5 1.8542786485112426
0.37389764398145453 0.36879432624113473 0.51 1.8605223654003777
0.3805720184880598 0.36879432624113473 0.52 1.8669512592805022
0.3872049525565178 0.36879432624113473 0.53 1.8735700361347765
0.39379530064894713 0.36879432624113473 0.54 1.8803836281244088
0.40034189037407375 0.36879432624113473 0.55 1.8873972064651252
0.4068435210966354 0.36879432624113473 0.56 1.894616195239464
0.41329896244799275 0.36879432624113473 0.57 1.9020462863470935
0.4197069527439749 0.36879432624113473 0.58 1.9096934555584997
0.42606619728592154 0.36879432624113473 0.59 1.917563979923647
0.4323753665512084 0.36879432624113473 0.6 1.9256644565086698
0.43863309423742114 0.36879432624113473 0.61 1.9340018228223974
0.44483797517756934 0.36879432624113473 0.62 1.9425833788170987
0.45098856308635293 0.36879432624113473 0.63 1.9514168108717251
0.4570833681301442 0.36879432624113473 0.64 1.960510217875527
0.46312085430524536 0.36879432624113473 0.65 1.9698721396134433
0.4690994365987192 0.36879432624113473 0.66 1.979511587752646
0.47501747790613774 0.36879432624113473 0.67 1.9894380797378335
0.48087328568400367 0.36879432624113473 0.68 1.9996616758872252
0.48666510829203624 0.36879432624113473 0.69 2.0101930201858678
0.4923911310084058 0.36879432624113473 0.7 2.021043385056618
0.4980494716551653 0.36879432624113473 0.71 2.0322247207936943
0.5036381758023375 0.36879432624113473 0.72 2.0437497101080466
0.5091552114873864 0.36879432624113473 0.73 2.0556318285278894
0.5145984633695817 0.36879432624113473 0.74 2.0678854115707486
0.5199657263557488 0.36879432624113473 0.75 2.080525728708102
0.525254698607263 0.36879432624113473 0.76 2.0935690652368377
0.5304629743519355 0.36879432624113473 0.77 2.1070328091464727
0.5355880396998346 0.36879432624113473 0.78 2.1209355182626677
0.5406273300786596 0.36879432624113473 0.79 2.135296505781961
0.5455778099963985 0.36879432624113473 0.8 2.150139202918036
0.5504366480653284 0.36879432624113473 0.81 2.165485872353121
0.5552008703202133 0.36879432624113473 0.82 2.1813604176827264
0.5598671346451294 0.36879432624113473 0.83 2.197790218751886
0.5644319478373632 0.36879432624113473 0.84 2.2148044983564525
0.5688915937755193 0.36879432624113473 0.85 2.232434978181276
0.5732421003070356 0.36879432624113473 0.86 2.2507162441280566
0.5774792035040158 0.36879432624113473 0.87 2.269686150627531
0.5815983049231868 0.36879432624113473 0.88 2.289386302617016
0.585594419006213 0.36879432624113473 0.89 2.309862643367535
0.5894621070717057 0.36879432624113473 0.9 2.331166183672031
0.5931953927039809 0.36879432624113473 0.91 2.3533539237240624
0.5967876506347416 0.36879432624113473 0.92 2.376490044709418
0.6002314564386036 0.36879432624113473 0.93 2.4006474916938587
0.6035183756330509 0.36879432624113473 0.94 2.425910149852842
0.6066386533258631 0.36879432624113473 0.95 2.452375974647852
0.6095807213164204 0.36879432624113473 0.96 2.4801618284451257
0.6123300543967203 0.36879432624113473 0.97 2.509413999560132
0.6148579263833152 0.36879432624113473 0.98 2.540402896481771
0.6171237773895866 0.36879432624113473 0.99 2.573509818617352
0.0 0.3829787234042553 0.0 1.708081602068034
0.007651375077096924 0.3829787234042553 0.01 1.7081303765650033
0.015302094652803308 0.3829787234042553 0.02 1.708276723303091
0.022951502985999205 0.3829787234042553 0.03 1.7085207120227093
0.030598943855708424 0.3829787234042553 0.04 1.7088624590757158
0.03824376032033659 0.3829787234042553 0.05 1.7093021275759592
0.04588529447609954 0.3829787234042553 0.06 1.7098399276068263
0.05352288721382213 0.3829787234042553 0.07 1.7104761165239373
0.06115587797416928 0.3829787234042553 0.08 1.7112109993043116
0.0687836045013392 0.3829787234042553 0.09 1.7120449289387565
0.07640540259345482 0.3829787234042553 0.1 1.7129783069478062
0.08402060585144364 0.3829787234042553 0.11 1.7140115838992245
0.09162854542352601 0.3829787234042553 0.12 1.715145260061492
0.09922854974766844 0.3829787234042553 0.13 1.7163798860652728
0.10681994428907907 0.3829787234042553 0.14 1.7177160636879591
0.1144020512739638 0.3829787234042553 0.15 1.7191544466921092
0.12197418941871695 0.3829787234042553 0.16 1.7206957417413986
0.12953567365394003 0.3829787234042553 0.17 1.722340709401845
0.13708581484306048 0.3829787234042553 0.18 1.7240901652241778
0.14462391949432316 0.3829787234042553 0.19 1.7259449809298255
0.15214928946805273 0.3829787234042553 0.2 1.727906085644378
0.15966122167455538 0.3829787234042553 0.21 1.7299744672857353
0.16715900776697945 0.3829787234042553 0.22 1.7321511739920836
0.17464193382434692 0.3829787234042553 0.23 1.7344373156955744
0.18210928002693966 0.3829787234042553 0.24 1.7368340657818597
0.18956032032289014 0.3829787234042553 0.25 1.7393426628565827
0.19699432208217238 0.3829787234042553 0.26 1.7419644126819562
0.20441054574563816 0.3829787234042553 0.27 1.7447006901349515
0.21180824445581134 0.3829787234042553 0.28 1.7475529414255053
0.2191866636818619 0.3829787234042553 0.29 1.7505226863422572
0.2265450408275128 0.3829787234042553 0.3 1.753611520719557
0.23388260482771175 0.3829787234042553 0.31 1.7568211190179452
0.24119857572993686 0.3829787234042553 0.32 1.7601532370826183
0.24849216425924 0.3829787234042553 0.33 1.7636097150859353
0.25576257136827585 0.3829787234042553 0.34 1.767192480631174
0.263008987767666 0.3829787234042553 0.35 1.770903552081022
0.2702305934388821 0.3829787234042553 0.36 1.7747450420740458
0.2774265571273257 0.3829787234042553 0.37 1.7787191612597186
0.2845960358106352 0.3829787234042553 0.38 1.782828222312422
0.29173817414954184 0.3829787234042553 0.39 1.7870746441261742
0.29885210390733624 0.3829787234042553 0.4 1.7914609563666137
0.3059369433486831 0.3829787234042553 0.41 1.795989804240227
0.3129917966077356 0.3829787234042553 0.42 1.800663953606174
0.3200157530246564 0.3829787234042553 0.43 1.8054862964361522
0.32700788645252427 0.3829787234042553 0.44 1.8104598565989076
0.33396725452746034 0.3829787234042553 0.45 1.8155877960527453
0.34089289790348415 0.3829787234042553 0.46 1.8208734214288531
0.3477838394421371 0.3829787234042553 0.47 1.8263201911155769
0.35463908336748046 0.3829787234042553 0.48 1.8319317227314031
0.3614576143648933 0.3829787234042553 0.49 1.8377118012212228
0.36823839663693053 0.3829787234042553 0.5 1.843664387437685
0.37498037290277497 0.3829787234042553 0.51 1.849793627356052
0.3816824633377943 0.3829787234042553 0.52 1.8561038619626868
0.38834356444982837 0.3829787234042553 0.53 1.8625996378587693
0.394962547889339 0.3829787234042553 0.54 1.8692857186190888
0.40153825918397046 0.3829787234042553 0.55 1.8761670970111557
0.4080695163888333 0.3829787234042553 0.56 1.883249008170915
0.4145551086537072 0.3829787234042553 0.57 1.8905369437415895
0.4209937946922469 0.3829787234042553 0.58 1.8980366671374034
0.4273843011423642 0.3829787234042553 0.59 1.905754230054127
0.43372532081699383 0.3829787234042553 0.6 1.9136959902620183
0.44001551082940227 0.3829787234042553 0.61 1.9218686308591677
0.4462534905700907 0.3829787234042553 0.62 1.9302791812253968
0.452437839545202 0.3829787234042553 0.63 1.938935039633828
0.45856709503451315 0.3829787234042553 0.64 1.9478439979395132
0.4646397495695013 0.3829787234042553 0.65 1.9570142683979816
0.4706542482042365 0.3829787234042553 0.66 1.9664545129182733
0.47660898555070746 0.3829787234042553 0.67 1.9761738750703577
0.4825023025698842 0.3829787234042553 0.68 1.98618201501411
0.4883324830572753 0.3829787234042553 0.69 1.99648914796923
0.49409774982638316 0.3829787234042553 0.7 2.0071060863226378
0.4997962605259974 0.3829787234042553 0.71 2.0180442860511727
0.5054261030398606 0.3829787234042553 0.72 2.0293158980490804
0.5109852904766725 0.3829787234042553 0.73 2.04093382450169
0.5164717556242481 0.3829787234042553 0.74 2.052911781566606
0.5218833450161334 0.3829787234042553 0.75 2.0652643674686906
0.5272178128376799 0.3829787234042553 0.76 2.0780071346007176
0.5324728174148047 0.3829787234042553 0.77 2.0911566445682084
0.5376459612757325 0.3829787234042553 0.78 2.1047301862579273
0.542734520420064 0.3829787234042553 0.79 2.1187479307484933
0.5477357107113595 0.3829787234042553 0.8 2.133230875758455
0.552646921320912 0.3829787234042553 0.81 2.148199087408537
0.5574650547353742 0.3829787234042553 0.82 2.163676897744617
0.5621869144271305 0.3829787234042553 0.83 2.179689938167365
0.5668091155767313 0.3829787234042553 0.84 2.1962659068937773
0.5713280569604121 0.3829787234042553 0.85 2.2134348693147143
0.5757398925283704 0.3829787234042553 0.86 2.2312295740762966
0.5800404982703541 0.3829787234042553 0.87 2.2496858221881304
0.5842254321566932 0.3829787234042553 0.88 2.268842910145185
0.5882898848623751 0.3829787234042553 0.89 2.2887441698422286
0.5922286180017513 0.3829787234042553 0.9 2.3094376373533145
0.5960358851525669 0.3829787234042553 0.91 2.3309768963788877
0.5997053283913935 0.3829787234042553 0.92 2.353422165787632
0.6032298387735304 0.3829787234042553 0.93 2.3768417399747377
0.606601361176966 0.3829787234042553 0.94 2.401313963029249
0.6098106082144799 0.3829787234042553 0.95 2.4269300577816533
0.6128466078619921 0.3829787234042553 0.96 2.453798478763169
0.6156956709414269 0.3829787234042553 0.97 2.482054243861384
0.618331420768376 0.3829787234042553 0.98 2.511941491629372
0.6207174910354796 0.3829787234042553 0.99 2.543796833258387
0.0 0.3971631205673759 0.0 1.6999585058061704
0.007669635175267598 0.3971631205673759 0.01 1.700006522467836
0.015338620403545083 0.3971631205673759 0.02 1.7001505950770766
0.023006305502925078 0.3971631205673759 0.03 1.700390791520778
0.03067203982132254 0.3971631205673759 0.04 1.700727225049967
0.03833517200059686 0.3971631205673759 0.05 1.7011600544273422
0.04599504973963131 0.3971631205673759 0.06 1.701689484146115
0.05365101955648769 0.3971631205673759 0.07 1.7023157646825728
0.06130242654824628 0.3971631205673759 0.08 1.703039192866539
0.06894861414970771 0.3971631205673759 0.09 1.703860112253126
0.07658892388936822 0.3971631205673759 0.1 1.7047789135958242
0.08422269514273968 0.3971631205673759 0.11 1.7057960353819623
0.09184926488283902 0.3971631205673759 0.12 1.7069119644274016
0.09946796742747158 0.3971631205673759 0.13 1.708127236536845
0.10707813418244641 0.3971631205673759 0.14 1.709442437248846
0.11467909338108587 0.3971631205673759 0.15 1.7108582026389172
0.12227016981885952 0.3971631205673759 0.16 1.7123752202110265
0.12985068458356488 0.3971631205673759 0.17 1.7139942298526443
0.13741995477953972 0.3971631205673759 0.18 1.7157160248886798
0.14497729324729797 0.3971631205673759 0.19 1.7175414531872062
0.1525220082749543 0.3971631205673759 0.2 1.7194714184025897
0.16005340330529716 0.3971631205673759 0.21 1.7215068812498415
0.1675707766332214 0.3971631205673759 0.22 1.723648860930738
0.17507342109765803 0.3971631205673759 0.23 1.7258984366070471
0.18256062376404408 0.3971631205673759 0.24 1.7282567490042922
0.19003166559691487 0.3971631205673759 0.25 1.7307250021405856
0.19748582112552235 0.3971631205673759 0.26 1.7333044651198315
0.20492235809664075 0.3971631205673759 0.27 1.735996474095114
0.2123405371181852 0.3971631205673759 0.28 1.7388024343258885
0.2197396112901641 0.3971631205673759 0.29 1.7417238223866547
0.22711882582428358 0.3971631205673759 0.3 1.744762188498198
0.2344774176498215 0.3971631205673759 0.31 1.7479191590162713
0.2418146150041172 0.3971631205673759 0.32 1.7511964390956645
0.24912963701085114 0.3971631205673759 0.33 1.7545958154775196
0.25642169323968417 0.3971631205673759 0.34 1.7581191594925112
0.26368998324962467 0.3971631205673759 0.35 1.7617684302377108
0.2709336961142314 0.3971631205673759 0.36 1.7655456779511407
0.2781520099278716 0.3971631205673759 0.37 1.7694530475914854
0.28534409128992827 0.3971631205673759 0.38 1.773492782660193
0.2925090947665584 0.3971631205673759 0.39 1.7776672292662012
0.29964616233076297 0.3971631205673759 0.4 1.7819788404223413
0.3067544227756116 0.3971631205673759 0.41 1.7864301806360654
0.31383299109810975 0.3971631205673759 0.42 1.791023930819648
0.32088096785785875 0.3971631205673759 0.43 1.7957628934698082
0.3278974385025479 0.3971631205673759 0.44 1.8006499982107655
0.33488147265944274 0.3971631205673759 0.45 1.8056883077074948
0.3418321233907828 0.3971631205673759 0.46 1.8108810239722348
0.3487484264120152 0.3971631205673759 0.47 1.8162314950777578
0.3556293992661263 0.3971631205673759 0.48 1.8217432223515555
0.36247404045641485 0.3971631205673759 0.49 1.8274198680287055
0.36928132852760526 0.3971631205673759 0.5 1.8332652634727176
0.376050221096387 0.3971631205673759 0.51 1.8392834179564694
0.38277965382499607 0.3971631205673759 0.52 1.8454785280744337
0.3894685393380551 0.3971631205673759 0.53 1.8518549877929702
0.3961157660643591 0.3971631205673759 0.54 1.8584173993255582
0.40272019701880885 0.3971631205673759 0.55 1.8651705846972881
0.4092806684925905 0.3971631205673759 0.56 1.872119598316128
0.4157959886770806 0.3971631205673759 0.57 1.8792697403273673
0.42226493617369737 0.3971631205673759 0.58 1.8866265712134986
0.4286862584235026 0.3971631205673759 0.59 1.8941959273490554
0.43505867001577914 0.3971631205673759 0.6 1.9019839379098533
0.4413808508721106 0.3971631205673759 0.61 1.909997043191715
0.4476514443115164 0.3971631205673759 0.62 1.918242014326814
0.4538690549544082 0.3971631205673759 0.63 1.9267259748079164
0.46003224648301466 0.3971631205673759 0.64 1.9354564237134495
0.466139539199313 0.3971631205673759 0.65 1.9444412611925799
0.47218940741385235 0.3971631205673759 0.66 1.9536888159883927
0.4781802765980014 0.3971631205673759 0.67 1.9632078756440916
0.4841105202877824 0.3971631205673759 0.68 1.973007719569457
0.48997845673738916 0.3971631205673759 0.69 1.9830981550848452
0.4957823452469788 0.3971631205673759 0.7 1.9934895571777453
0.5015203821667732 0.3971631205673759 0.71 2.004192912086593
0.5071906965231251 0.3971631205673759 0.72 2.01521986531225
0.512791345255232 0.3971631205673759 0.73 2.0265827743370095
0.5183203080809905 0.3971631205673759 0.74 2.038294766138073
0.5237754823485476 0.3971631205673759 0.75 2.0503697969894534
0.5291546800848013 0.3971631205673759 0.76 2.062822697728451
0.5344556576858174 0.3971631205673759 0.77 2.075668968898716
0.5396759542169082 0.3971631205673759 0.78 2.0889260663530567
0.5448128327205116 0.3971631205673759 0.79 2.1026138725935226
0.5498640054747574 0.3971631205673759 0.8 2.116749136446333
0.5548265862678534 0.3971631205673759 0.81 2.1313536191844578
0.5596976356631694 0.3971631205673759 0.82 2.1464499198274383
0.564474054578163 0.3971631205673759 0.83 2.162062354810076
0.5691525594408019 0.3971631205673759 0.84 2.178217213483093
0.5737296592415321 0.3971631205673759 0.85 2.194943008780152
0.5782016293702896 0.3971631205673759 0.86 2.2122707646386055
0.5825644805908498 0.3971631205673759 0.87 2.230234355457634
0.5868139214642665 0.3971631205673759 0.88 2.248870913891339
0.5909453121966586 0.3971631205673759 0.89 2.2682213268794507
0.5949536068927446 0.3971631205673759 0.9 2.288330848898254
0.5988332798991872 0.3971631205673759 0.91 2.309249873501869
0.602578229574744 0.3971631205673759 0.92 2.3310349254590093
0.6061816489119992 0.3971631205673759 0.93 2.3537499709065552
0.6096358451923227 0.3971631205673759 0.94 2.3774682070135698
0.6129319766281062 0.3971631205673759 0.95 2.402274616983176
0.61605963780432 0.3971631205673759 0.96 2.4282698842778156
0.6190059295668674 0.3971631205673759 0.97 2.4555786575162055
0.6217466454599906 0.3971631205673759 0.98 2.4844213334546743
0.6242491471583704 0.3971631205673759 0.99 2.5150954630624462
0.0 0.41134751773049644 0.0 1.6919816289079146
0.007687694396098211 0.41134751773049644 0.01 1.6920289073623305
0.015374744306943276 0.41134751773049644 0.02 1.6921707647503546
0.023060505017065497 0.41134751773049644 0.03 1.6924072671684194
0.03074433135028676 0.41134751773049644 0.04 1.6927385248717899
0.03842557743847852 0.41134751773049644 0.05 1.6931646924320647
0.04610359648955107 0.41134751773049644 0.06 1.693685968930108
0.05377774055418255 0.41134751773049644 0.07 1.6943025982195674
0.0614473602908091 0.41134751773049644 0.08 1.6950148692607983
0.06911180472908589 0.41134751773049644 0.09 1.6958231164920148
0.0767704210306598 0.41134751773049644 0.1 1.696727720292037
0.084422554247907 0.41134751773049644 0.11 1.6977291074774121
0.09206754707918001 0.41134751773049644 0.12 1.6988277518931627
0.09970473962180218 0.41134751773049644 0.13 1.700024175029077
0.10733346912021702 0.41134751773049644 0.14 1.7013189467542156
0.11495306971103353 0.41134751773049644 0.15 1.7027126860858617
0.12256287216352714 0.41134751773049644 0.16 1.7042060620398543
0.13016220361527014 0.41134751773049644 0.17 1.705799794559076
0.13775038730252698 0.41134751773049644 0.18 1.707494655520201
0.14532674228565248 0.41134751773049644 0.19 1.7092914698055401
0.152890583167373 0.41134751773049644 0.2 1.7111911164856868
0.16044121980573178 0.41134751773049644 0.21 1.7131945300594669
0.1679779570184336 0.41134751773049644 0.22 1.7153027018207057
0.17550009428233856 0.41134751773049644 0.23 1.717516681261744
0.18300692542189514 0.41134751773049644 0.24 1.719837577640876
0.1904977382903381 0.41134751773049644 0.25 1.7222665616215822
0.19797181444256515 0.41134751773049644 0.26 1.7248048670054428
0.205428428796802 0.41134751773049644 0.27 1.7274537926059952
0.21286684928498364 0.41134751773049644 0.28 1.7302147042535545
0.2202863364945732 0.41134751773049644 0.29 1.733089036881221
0.22768614329631898 0.41134751773049644 0.3 1.7360782967815058
0.23506551445931104 0.41134751773049644 0.31 1.7391840640014673
0.24242368625328123 0.41134751773049644 0.32 1.7424079948738462
0.2497598860357261 0.41134751773049644 0.33 1.7457518247169639
0.2570733318234103 0.41134751773049644 0.34 1.7492173707039778
0.26436323184805777 0.41134751773049644 0.35 1.752806534900589
0.2716287840930835 0.41134751773049644 0.36 1.756521307510678
0.2788691758127806 0.41134751773049644 0.37 1.7603637703062607
0.2860835830306926 0.41134751773049644 0.38 1.7643361002825761
0.2932711700162834 0.41134751773049644 0.39 1.7684405735453885
0.30043108873911945 0.41134751773049644 0.4 1.7726795694376418
0.3075624782983078 0.41134751773049644 0.41 1.7770555749311083
0.31466446432542855 0.41134751773049644 0.42 1.7815711893016504
0.3217361583599584 0.41134751773049644 0.43 1.786229129098401
0.3287766571939014 0.41134751773049644 0.44 1.791032233443633
0.3357850421826947 0.41134751773049644 0.45 1.795983469694294
0.342760378525697 0.41134751773049644 0.46 1.801085939429898
0.34970171450589865 0.41134751773049644 0.47 1.80634288488143
0.3566080806878375 0.41134751773049644 0.48 1.811757695809666
0.3634784890787644 0.41134751773049644 0.49 1.8173339167843257
0.37031193223597836 0.41134751773049644 0.5 1.8230752550442062
0.37710738233283203 0.41134751773049644 0.51 1.8289855888146764
0.3838637901584973 0.41134751773049644 0.52 1.8350689763368926
0.3905800840705714 0.41134751773049644 0.53 1.841329665425393
0.3972551688798069 0.41134751773049644 0.54 1.8477721037679433
0.4038879246651667 0.41134751773049644 0.55 1.8544009499917808
0.41047720551610495 0.41134751773049644 0.56 1.8612210855377274
0.41702183819136573 0.41134751773049644 0.57 1.868237627456119
0.42352062069515467 0.41134751773049644 0.58 1.8754559421344164
0.4299723207481945 0.41134751773049644 0.59 1.882881660179861
0.4363756741608117 0.41134751773049644 0.6 1.8905206924149554
0.44272938308531157 0.41134751773049644 0.61 1.8983792472157301
0.449032114145505 0.41134751773049644 0.62 1.9064638492419914
0.4552824964287405 0.41134751773049644 0.63 1.9147813597248502
0.4614791193125508 0.41134751773049644 0.64 1.9233389985906761
0.4676205301374976 0.41134751773049644 0.65 1.9321443683723323
0.47370523168324324 0.41134751773049644 0.66 1.9412054803290708
0.4797316794265774 0.41134751773049644 0.67 1.9505307830137661
0.485698278601484 0.41134751773049644 0.68 1.9601291932027258
0.4916033809560049 0.41134751773049644 0.69 1.9700101301399608
0.49744528127121496 0.41134751773049644 0.7 1.980183552666585
0.5032222135241697 0.41134751773049644 0.71 1.9906600003160329
0.5089323467663737 0.41134751773049644 0.72 2.00145063794712
0.5145737807108439 0.41134751773049644 0.73 2.0125673041649734
0.5201445413452066 0.41134751773049644 0.74 2.0240225612878264
0.5256425783897558 0.41134751773049644 0.75 2.035829733116986
0.5310657891297732 0.41134751773049644 0.76 2.0480027421023186
0.5364118521890321 0.41134751773049644 0.77 2.060557414499293
0.5416783330762371 0.41134751773049644 0.78 2.0735106805463834
0.5468629754028811 0.41134751773049644 0.79 2.086878383109952
0.5519631627207789 0.41134751773049644 0.8 2.100679440799254
0.5569761798366394 0.41134751773049644 0.81 2.1149338755980747
0.5618991758405649 0.41134751773049644 0.82 2.1296631416539293
0.5667291414033276 0.41134751773049644 0.83 2.1448903493997387
0.5714628898739418 0.41134751773049644 0.84 2.1606404678303255
0.5760970363552057 0.41134751773049644 0.85 2.1769405511067434
0.5806279732431753 0.41134751773049644 0.86 2.193820002860095
0.585051841095128 0.41134751773049644 0.87 2.211310889112884
0.5893644934012126 0.41134751773049644 0.88 2.2294483135632284
0.5935614533763068 0.41134751773049644 0.89 2.2482708733435897
0.5976378600069921 0.41134751773049644 0.9 2.267821221306709
0.6015883994252449 0.41134751773049644 0.91 2.288146771545553
0.6054072154969886 0.41134751773049644 0.92 2.3093006041654918
0.6090877899772666 0.41134751773049644 0.93 2.33134265647537
0.6126227760687121 0.41134751773049644 0.94 2.3543413443379455
0.6160037563108655 0.41134751773049644 0.95 2.3783758680271005
0.6192208632771892 0.41134751773049644 0.96 2.403539728524656
0.6222619435287233 0.41134751773049644 0.97 2.429948035772071
0.6251047920062421 0.41134751773049644 0.98 2.457799746053356
0.6277200823261606 0.41134751773049644 0.99 2.4873582652022064
0.0 0.425531914893617 0.0 1.684147371962097
0.007705555466597636 0.425531914893617 0.01 1.6841939311888874
0.015410471818871514 0.425531914893617 0.02 1.6843336303231549
0.02311410971689685 0.425531914893617 0.03 1.684566533725928
0.03081582936920447 0.425531914893617 0.04 1.6848927487685448
0.03851499030620361 0.425531914893617 0.05 1.6853124259723224
0.04621095115288277 0.425531914893617 0.06 1.6858257591926595
0.053903069400069385 0.425531914893617 0.07 1.6864329858862785
0.0615907011744021 0.425531914893617 0.08 1.6871343874143576
0.06927320100616283 0.425531914893617 0.09 1.687930289425804
0.07694992159535731 0.425531914893617 0.1 1.6888210622757274
0.08462021357505033 0.425531914893617 0.11 1.6898071215225527
0.09228342527221774 0.425531914893617 0.12 1.6908889284730544
0.0999389024648839 0.425531914893617 0.13 1.6920669908146262
0.10758598813594052 0.425531914893617 0.14 1.693341863301392
0.11522402222427207 0.425531914893617 0.15 1.6947141484724433
0.12285234136917521 0.425531914893617 0.16 1.6961844975199234
0.13047027865354624 0.425531914893617 0.17 1.6977536111242248
0.13807716333808598 0.425531914893617 0.18 1.6994222404796455
0.1456723205938293 0.425531914893617 0.19 1.7011911882909931
0.15325507122643453 0.425531914893617 0.2 1.7030613099166556
0.16082473139480657 0.425531914893617 0.21 1.7050335145756177
0.16838061232339382 0.425531914893617 0.22 1.7071087666317886
0.17592202000677717 0.425531914893617 0.23 1.7092880869794596
0.18344825490571853 0.425531914893617 0.24 1.7115725545369445
0.19095861163644431 0.425531914893617 0.25 1.7139633078076637
0.19845237865047619 0.425531914893617 0.26 1.716461546558281
0.20592883790308097 0.425531914893617 0.27 1.7190685336379712
0.2133872645146001 0.425531914893617 0.28 1.7217855968579896
0.2208269264181574 0.425531914893617 0.29 1.7246141310410767
0.2282470839979788 0.425531914893617 0.3 1.7275556001617494
0.23564698971345083 0.425531914893617 0.31 1.7306115396528086
0.2430258877103805 0.425531914893617 0.32 1.7337835588470598
0.2503830134205884 0.425531914893617 0.33 1.737073343536483
0.25771759314204296 0.425531914893617 0.34 1.7404826587570166
0.2650288436065777 0.425531914893617 0.35 1.7440133516912935
0.27231597152961246 0.425531914893617 0.36 1.7476673547672574
0.27957817314044064 0.425531914893617 0.37 1.7514466889654423
0.28681463369504084 0.425531914893617 0.38 1.7553534673059488
0.2940245269665266 0.425531914893617 0.39 1.7593898985755498
0.30120701471409667 0.425531914893617 0.4 1.7635582912797791
0.30836124612726884 0.425531914893617 0.41 1.767861057856773
0.3154863572482536 0.425531914893617 0.42 1.7723007191180482
0.32258147036058415 0.425531914893617 0.43 1.776879909052086
0.32964569335633626 0.425531914893617 0.44 1.7816013798470185
0.3366781190664717 0.425531914893617 0.45 1.7864680073084205
0.3436778245601008 0.425531914893617 0.46 1.791482796604462
0.35064387040730166 0.425531914893617 0.47 1.7966488883983593
0.35757529990572146 0.425531914893617 0.48 1.8019695653675043
0.3644711382593784 0.425531914893617 0.49 1.8074482592300507
0.37133039172197935 0.425531914893617 0.5 1.8130885581557257
0.37815204668217756 0.425531914893617 0.51 1.81889421479329
0.38493506870673516 0.425531914893617 0.52 1.824869154759299
0.3916784015169628 0.425531914893617 0.53 1.831017485835983
0.3983809659156826 0.425531914893617 0.54 1.8373435077184361
0.4050416586373512 0.425531914893617 0.55 1.8438517225813595
0.4116593511350849 0.425531914893617 0.56 1.8505468463452035
0.41823288828452987 0.425531914893617 0.57 1.8574338208418781
0.424761087010133 0.425531914893617 0.58 1.8645178268444618
0.4312427348009629 0.425531914893617 0.59 1.87180429827147
0.43767658815756444 0.425531914893617 0.6 1.879298937220597
0.44406137089106745 0.425531914893617 0.61 1.8870077305497874
0.4503957723342223 0.425531914893617 0.62 1.8949369675110739
0.4566784453924234 0.425531914893617 0.63 1.9030932590931937
0.4629080044699969 0.425531914893617 0.64 1.9114835588078114
0.46908302322111756 0.425531914893617 0.65 1.9201151853940817
0.4752020321211948 0.425531914893617 0.66 1.9289958475235915
0.4812635158580167 0.425531914893617 0.67 1.9381336705755925
0.48726591047487394 0.425531914893617 0.68 1.9475372261064146
0.49320760030570115 0.425531914893617 0.69 1.9572155637689297
0.49908691463418386 0.425531914893617 0.7 1.9671782463328835
0.5049021240833248 0.425531914893617 0.71 1.9774353878680049
0.5106514367677207 0.425531914893617 0.72 1.9879976949834
0.5163329946034197 0.425531914893617 0.73 1.998876508250452
0.521944871279618 0.425531914893617 0.74 2.0100838325477124
0.5274850916605435 0.425531914893617 0.75 2.0216322055109477
0.5329507034212604 0.425531914893617 0.76 2.0335418055294863
0.5383417991651595 0.425531914893617 0.77 2.0458097644587725
0.5436538942570688 0.425531914893617 0.78 2.058468373375584
0.5488853630056724 0.425531914893617 0.79 2.0715283592038163
0.5540336869168023 0.425531914893617 0.8 2.0850075411871063
0.5590962320502175 0.425531914893617 0.81 2.0989249350157624
0.5640702275279051 0.425531914893617 0.82 2.1133009561644553
0.5689527497199891 0.425531914893617 0.83 2.128157585454363
0.5737407052620778 0.425531914893617 0.84 2.143518550121442
0.5784308115108034 0.425531914893617 0.85 2.159409532244354
0.5830195735824842 0.425531914893617 0.86 2.1758584125733362
0.5875032570125932 0.425531914893617 0.87 2.192895559004964
0.5918778547150606 0.425531914893617 0.88 2.210554172190233
0.5961390465622641 0.425531914893617 0.89 2.2288707042211575
0.6002821490269105 0.425531914893617 0.9 2.247885374014208
0.6043020512920987 0.425531914893617 0.91 2.2676428123391856
0.6081931322543203 0.425531914893617 0.92 2.288192886643065
0.6119491496478964 0.425531914893617 0.93 2.3095917834480555
0.615563086605895 0.425531914893617 0.94 2.331903476466245
0.6190269294019894 0.425531914893617 0.95 2.3552018059298616
0.6223313209478328 0.425531914893617 0.96 2.3795736343743448
0.6254648109644193 0.425531914893617 0.97 2.405125298208673
0.6284070371888567 0.425531914893617 0.98 2.4320364059117017
0.6311316143510409 0.425531914893617 0.99 2.460540505514305
0.0 0.43971631205673756 0.0 1.6764522504563617
0.007723221066097392 0.43971631205673756 0.01 1.6764981088189927
0.015445808299805963 0.43971631205673756 0.02 1.6766357048040381
0.023167127647624814 0.43971631205673756 0.03 1.6768651011006825
0.030886544613462765 0.43971631205673756 0.04 1.6771864022940663
0.03860342403666745 0.43971631205673756 0.05 1.6775997549883437
0.04631712986910901 0.43971631205673756 0.06 1.6781053480017982
0.05402702495113482 0.43971631205673756 0.07 1.6787034126101574
0.06173247078616613 0.43971631205673756 0.08 1.6793942228410133
0.06943282731309855 0.43971631205673756 0.09 1.6801780958496602
0.07712745267735482 0.43971631205673756 0.1 1.681055392309564
0.08481570299865994 0.43971631205673756 0.11 1.68202651690979
0.09249693213701088 0.43971631205673756 0.12 1.683091918867385
0.10017049145469344 0.43971631205673756 0.13 1.6842520925412745
0.10783572957581497 0.43971631205673756 0.14 1.6855075780729052
0.11549199214127658 0.43971631205673756 0.15 1.6868589621225785
0.12313862156011074 0.43971631205673756 0.16 1.6883068786548456
0.13077495675673487 0.43971631205673756 0.17 1.689852009784293
0.1384003329118606 0.43971631205673756 0.18 1.691495086733143
0.14601408120030163 0.43971631205673756 0.19 1.693236890804182
0.15361552852112065 0.43971631205673756 0.2 1.6950782544832679
0.1612039972228007 0.43971631205673756 0.21 1.6970200625916625
0.16877880482169796 0.43971631205673756 0.22 1.699063253526754
0.17633926371299172 0.43971631205673756 0.23 1.7012088205992135
0.1838846808739465 0.43971631205673756 0.24 1.703457813462006
0.19141435756106276 0.43971631205673756 0.25 1.7058113395978198
0.19892758899418295 0.43971631205673756 0.26 1.708270565988477
0.20642366403742055 0.43971631205673756 0.27 1.7108367207778508
0.2139018648642964 0.43971631205673756 0.28 1.7135110951522385
0.22136146661629574 0.43971631205673756 0.29 1.716295045266595
0.22880173704807283 0.43971631205673756 0.3 1.7191899943297124
0.23622193616245854 0.43971631205673756 0.31 1.7221974347906939
0.24362131583086674 0.43971631205673756 0.32 1.725318930691054
0.25099911940123937 0.43971631205673756 0.33 1.7285561201437578
0.2583545812902744 0.43971631205673756 0.34 1.7319107179829005
0.2656869265630105 0.43971631205673756 0.35 1.7353845185376195
0.27299537049211337 0.43971631205673756 0.36 1.738979398631628
0.2802791181021016 0.43971631205673756 0.37 1.7426973207315815
0.28753736369335886 0.43971631205673756 0.38 1.7465403363103253
0.29476929034733457 0.43971631205673756 0.39 1.7505105894031778
0.30197406941117744 0.43971631205673756 0.4 1.7546103203782728
0.309150859954727 0.43971631205673756 0.41 1.7588418700011923
0.3162988082094714 0.43971631205673756 0.42 1.763207683677582
0.32341704697685547 0.43971631205673756 0.43 1.7677103160216132
0.33050469500962715 0.43971631205673756 0.44 1.7723524357031701
0.3375608563645707 0.43971631205673756 0.45 1.777136830593159
0.3445846197214336 0.43971631205673756 0.46 1.7820664132632844
0.35157505766744485 0.43971631205673756 0.47 1.7871442268455608
0.358531225945401 0.43971631205673756 0.48 1.7923734512741223
0.3654521626619184 0.43971631205673756 0.49 1.79775740994644
0.3723368874510069 0.43971631205673756 0.5 1.803299576854572
0.37918440059521497 0.43971631205673756 0.51 1.809003584167832
0.3859936820901116 0.43971631205673756 0.52 1.8148732304103845
0.39276369066426375 0.43971631205673756 0.53 1.820912489121451
0.39949336272932207 0.43971631205673756 0.54 1.827125518247522
0.4061816112783429 0.43971631205673756 0.55 1.8335166701025114
0.4128273247072063 0.43971631205673756 0.56 1.8400905021414813
0.41942936556708826 0.43971631205673756 0.57 1.8468517884846003
0.42598656922704126 0.43971631205673756 0.58 1.8538055323939002
0.4324977424603234 0.43971631205673756 0.59 1.8609569795976562
0.4389616619276785 0.43971631205673756 0.6 1.8683116327204765
0.44537707254991804 0.43971631205673756 0.61 1.8758752669036916
0.45174268577651794 0.43971631205673756 0.62 1.883653946585732
0.45805717771885257 0.43971631205673756 0.63 1.8916540437417801
0.4643191871463279 0.43971631205673756 0.64 1.8998822576300658
0.4705273133170808 0.43971631205673756 0.65 1.9083456363201243
0.47668011367404073 0.43971631205673756 0.66 1.9170515998005495
0.4827761013071266 0.43971631205673756 0.67 1.9260079655334033
0.48881374225143553 0.43971631205673756 0.68 1.9352229759484763
0.49479145254271245 0.43971631205673756 0.69 1.9447053285939464
0.5007075950728255 0.43971631205673756 0.7 1.954464208694764
0.5065604762535751 0.43971631205673756 0.71 1.964509324179062
0.5123483427948602 0.43971631205673756 0.72 1.9748509409627268
0.5180693801876304 0.43971631205673756 0.73 1.985499906567065
0.5237217298711533 0.43971631205673756 0.74 1.9964675333316626
0.5292966252605142 0.43971631205673756 0.75 2.0078176924221447
0.5348121589433191 0.43971631205673756 0.76 2.019410638311573
0.5402461159872853 0.43971631205673756 0.77 2.0314126089905695
0.545603001085093 0.43971631205673756 0.78 2.0437873388984933
0.5508804692689492 0.43971631205673756 0.79 2.056550753704373
0.5560760773838676 0.43971631205673756 0.8 2.069719779520231
0.5611872632396576 0.43971631205673756 0.81 2.083312532341908
0.566211332130375 0.43971631205673756 0.82 2.097348455820912
0.5711454428820704 0.43971631205673756 0.83 2.1118484676055704
0.575986592032593 0.43971631205673756 0.84 2.1268351257088396
0.5807315954898539 0.43971631205673756 0.85 2.1423328209295964
0.5853770669585224 0.43971631205673756 0.86 2.1583680020238094
0.589919392258765 0.43971631205673756 0.87 2.1749694419108967
0.5943546983885962 0.43971631205673756 0.88 2.1921685557028256
0.5986788157111111 0.43971631205673756 0.89 2.2099997854936384
0.6028872309994056 0.43971631205673756 0.9 2.2285010725863756
0.6069750280101429 0.43971631205673756 0.91 2.2477144470464183
0.6109368105142196 0.43971631205673756 0.92 2.2676867793836446
0.6147665998280456 0.43971631205673756 0.93 2.2884707636509507
0.6184576935454388 0.43971631205673756 0.94 2.3101262459161203
0.6220024617795964 0.43971631205673756 0.95 2.332722097921258
0.6253920311268791 0.43971631205673756 0.96 2.356339046511028
0.6286156136904165 0.43971631205673756 0.97 2.3810753591619984
0.6316545413672132 0.43971631205673756 0.98 2.407093197593346
0.6344850402223722 0.43971631205673756 0.99 2.4345999879495435
0.0 0.45390070921985815 0.0 1.6688928902728521
0.007740693827351763 0.45390070921985815 0.01 1.6689380655386563
0.015480759017027506 0.45390070921985815 0.02 1.669073611689554
0.023219566714614417 0.45390070921985815 0.03 1.6692995898026264
0.03095648763181115 0.45390070921985815 0.04 1.6696161017757483
0.03869089182904861 0.45390070921985815 0.05 1.6700232904251553
0.046422148496748916 0.45390070921985815 0.06 1.670521339705458
0.0541496257360258 0.45390070921985815 0.07 1.671110474915599
0.06187269033749327 0.45390070921985815 0.08 1.671790963006432
0.06959070755834545 0.45390070921985815 0.09 1.6725631129315732
0.07730304089823585 0.45390070921985815 0.1 1.6734272760144797
0.0850090518714633 0.45390070921985815 0.11 1.6743838464437582
0.09270809977774466 0.45390070921985815 0.12 1.6754332617626628
0.10039954146933253 0.45390070921985815 0.13 1.6765760034522763
0.10808273111505044 0.45390070921985815 0.14 1.6778125975647806
0.11575701996106524 0.45390070921985815 0.15 1.6791436154088044
0.12342175608665934 0.45390070921985815 0.16 1.6805696743309397
0.13107628415720562 0.45390070921985815 0.17 1.6820914385167558
0.13871994517076217 0.45390070921985815 0.18 1.6837096199093449
0.14635207620066773 0.45390070921985815 0.19 1.6854249791664146
0.15397201013293724 0.45390070921985815 0.2 1.6872383266872275
0.16157907539611024 0.45390070921985815 0.21 1.6891505237538076
0.16917259568630788 0.45390070921985815 0.22 1.6911624837141495
0.1767518896848492 0.45390070921985815 0.23 1.6932751732639826
0.18431627076850068 0.45390070921985815 0.24 1.6954896138163111
0.19186504671182236 0.45390070921985815 0.25 1.6978068829631285
0.19939751938160008 0.45390070921985815 0.26 1.7002281160245174
0.20691298442126485 0.45390070921985815 0.27 1.7027545077171764
0.21441073092720764 0.45390070921985815 0.28 1.7053873139031723
0.22189004111389224 0.45390070921985815 0.29 1.70812785346821
0.22935018996816367 0.45390070921985815 0.3 1.710977510315453
0.23679044489196308 0.45390070921985815 0.31 1.7139377354828667
0.24421006533345035 0.45390070921985815 0.32 1.7170100493804925
0.2516083024042048 0.45390070921985815 0.33 1.7201960441781616
0.25898439848161786 0.45390070921985815 0.34 1.723497386349878
0.2663375867984276 0.45390070921985815 0.35 1.7269158193447496
0.27366709101533293 0.45390070921985815 0.36 1.730453166438059
0.28097212477408845 0.45390070921985815 0.37 1.7341113337893468
0.28825189123786127 0.45390070921985815 0.38 1.7378923136182223
0.29550558260719567 0.45390070921985815 0.39 1.7417981876441535
0.3027323796168055 0.45390070921985815 0.4 1.7458311307181231
0.3099314510131447 0.45390070921985815 0.41 1.7499934146483123
0.317101953002266 0.45390070921985815 0.42 1.7542874123393013
0.32424302867952987 0.45390070921985815 0.43 1.75871560210864
0.33135380742724635 0.45390070921985815 0.44 1.7632805723395424
0.3384334042849312 0.45390070921985815 0.45 1.767985026413152
0.345480919287782 0.45390070921985815 0.46 1.772831787968362
0.35249543677618245 0.45390070921985815 0.47 1.7778238064610514
0.3594760246613477 0.45390070921985815 0.48 1.7829641631773132
0.3664217336607481 0.45390070921985815 0.49 1.7882560775603706
0.3733315964863087 0.45390070921985815 0.5 1.793702914027238
0.38020462699296814 0.45390070921985815 0.51 1.7993081892009712
0.38703981927344555 0.45390070921985815 0.52 1.8050755797006746
0.3938361467080092 0.45390070921985815 0.53 1.8110089304089771
0.4005925609514216 0.45390070921985815 0.54 1.8171122633926393
0.40730799086124 0.45390070921985815 0.55 1.8233897874417193
0.41398134137384934 0.45390070921985815 0.56 1.8298459081835101
0.4206114922736271 0.45390070921985815 0.57 1.8364852392707638
0.42719729692771513 0.45390070921985815 0.58 1.843312614006439
0.43373758090638265 0.45390070921985815 0.59 1.8503330981365924
0.44023114052559276 0.45390070921985815 0.6 1.857552003500501
0.44667674127397955 0.45390070921985815 0.61 1.8649749028861842
0.45307311615112333 0.45390070921985815 0.62 1.8726076458861105
0.45941896387028497 0.45390070921985815 0.63 1.8804563761797564
0.46571294691405074 0.45390070921985815 0.64 1.8885275503628316
0.47195368948415833 0.45390070921985815 0.65 1.896827958024784
0.4781397752546937 0.45390070921985815 0.66 1.9053647438654897
0.4842697449673537 0.45390070921985815 0.67 1.9141454315809867
0.4903420938503725 0.45390070921985815 0.68 1.9231779497341157
0.4963552688408265 0.45390070921985815 0.69 1.9324706598473929
0.5023076656788931 0.45390070921985815 0.7 1.9420323862770508
0.5081976261545605 0.45390070921985815 0.71 1.9518724458470933
0.514023436973648 0.45390070921985815 0.72 1.9620006662869776
0.5197833456106933 0.45390070921985815 0.73 1.9724272775308678
0.5254325325586787 0.45390070921985815 0.74 1.983487745086231
0.5310977440987517 0.45390070921985815 0.75 1.9942225066938057
0.5366483551596075 0.45390070921985815 0.76 2.0056150478395587
0.5421252035485766 0.45390070921985815 0.77 2.0173546510066624
0.5475260982072707 0.45390070921985815 0.78 2.029455605263055
0.5528487646941335 0.45390070921985815 0.79 2.0419330358976944
0.5580908245211389 0.45390070921985815 0.8 2.0548030853558807
0.5632497835062237 0.45390070921985815 0.81 2.068083029370473
0.5683230201926163 0.45390070921985815 0.82 2.081791396406673
0.5733077728773268 0.45390070921985815 0.83 2.0959481020324704
0.5782011247817699 0.45390070921985815 0.84 2.110574602515661
0.58299998679302 0.45390070921985815 0.85 2.12569407287168
0.5877010771870099 0.45390070921985815 0.86 2.1413316149423314
0.5923008975320319 0.45390070921985815 0.87 2.1575145029606615
0.5967957037138988 0.45390070921985815 0.88 2.174272476362745
0.6011814706096574 0.45390070921985815 0.89 2.1916380932195048
0.6054538483277009 0.45390070921985815 0.9 2.2096471629268017
0.6096081069771169 0.45390070921985815 0.91 2.2283392849389037
0.6136390653682066 0.45390070921985815 0.92 2.247758533468427
0.6175409964116484 0.45390070921985815 0.93 2.267954350001928
0.6213074972152164 0.45390070921985815 0.94 2.2889827446725617
0.6249313025477523 0.45390070921985815 0.95 2.3109079832513926
0.6284039970551428 0.45390070921985815 0.96 2.3338051213878885
0.6317154162298331 0.45390070921985815 0.97 2.3577650062614866
0.6348484471404876 0.45390070921985815 0.98 2.38293407816869
0.6377816344689339 0.45390070921985815 0.99 2.4094968943669737
0.0 0.46808510638297873 0.0 1.6614660233622032
0.007757976337640886 0.46808510638297873 0.01 1.6615105327266526
0.015515329146816331 0.46808510638297873 0.02 1.6616440806417876
0.02327143468654516 0.46808510638297873 0.03 1.6618667266363236
0.03102566879061154 0.46808510638297873 0.04 1.6621785699945755
0.03877740665429724 0.46808510638297873 0.05 1.6625797498876407
0.0465260226201279 0.46808510638297873 0.06 1.6630704455615324
0.054270889962759555 0.46808510638297873 0.07 1.6636508765517575
0.06201138067225731 0.46808510638297873 0.08 1.6643213029716144
0.06974686523589488 0.46808510638297873 0.09 1.6650820258381702
0.07747671241796934 0.46808510638297873 0.1 1.6659333874563984
0.08520028903719828 0.46808510638297873 0.11 1.6668757718648186
0.0929169597413514 0.46808510638297873 0.12 1.6679096053413198
0.1006260867803002 0.46808510638297873 0.13 1.6690353569184926
0.10832702977368341 0.46808510638297873 0.14 1.6702535390407698
0.11601914547713926 0.46808510638297873 0.15 1.6715647082032214
0.1237017875436447 0.46808510638297873 0.16 1.6729694656920724
0.1313743062805204 0.46808510638297873 0.17 1.6744684583895184
0.13903604840234404 0.46808510638297873 0.18 1.6760623796302536
0.14668635677914738 0.46808510638297873 0.19 1.6777519701229087
0.1543245701784585 0.46808510638297873 0.2 1.6795380189628688
0.16195002300178316 0.46808510638297873 0.21 1.6814213647118637
0.16956204501582975 0.46808510638297873 0.22 1.683402896535011
0.1771599610756297 0.46808510638297873 0.23 1.6854835554499805
0.1847430908422292 0.46808510638297873 0.24 1.6876643356254346
0.1923107484908544 0.46808510638297873 0.25 1.6899462858051981
0.19986224241292594 0.46808510638297873 0.26 1.6923305107866111
0.20739687490750605 0.46808510638297873 0.27 1.69481817303012
0.21491394186533774 0.46808510638297873 0.28 1.697410494337698
0.22241273244239745 0.46808510638297873 0.29 1.700108757650484
0.22989252872024052 0.46808510638297873 0.3 1.7029143089992522
0.23735260536046604 0.46808510638297873 0.31 1.705828559490189
0.24479222924275143 0.46808510638297873 0.32 1.7088529874866345
0.2522106590922033 0.46808510638297873 0.33 1.7119891408914456
0.25960714509204924 0.46808510638297873 0.34 1.7152386395853905
0.26698092848267807 0.46808510638297873 0.35 1.7186031780026902
0.2743312411454197 0.46808510638297873 0.36 1.7220845278631516
0.28165730516841736 0.46808510638297873 0.37 1.725684541090905
0.28895833239763863 0.46808510638297873 0.38 1.7294051528778105
0.29623352396635344 0.46808510638297873 0.39 1.7332483849728106
0.3034820698057975 0.46808510638297873 0.4 1.737216349158684
0.31070314813515637 0.46808510638297873 0.41 1.741311250937796
0.3178959249292629 0.46808510638297873 0.42 1.745535393444238
0.32505955335783465 0.46808510638297873 0.43 1.7498911816484601
0.3321931732051542 0.46808510638297873 0.44 1.754381126753713
0.33929591025650635 0.46808510638297873 0.45 1.7590078509355638
0.3463668756569976 0.46808510638297873 0.46 1.7637740923599206
0.35340516523906645 0.46808510638297873 0.47 1.7686827105205503
0.36040985881374843 0.46808510638297873 0.48 1.7737366919469393
0.367380019424494 0.46808510638297873 0.49 1.778939156294018
0.37431469256553423 0.46808510638297873 0.5 1.7842933627971902
0.3812129053527065 0.46808510638297873 0.51 1.7898027172143742
0.3880736656494398 0.46808510638297873 0.52 1.7954707792296638
0.3948959611451694 0.46808510638297873 0.53 1.8013012703505789
0.40167875837245415 0.46808510638297873 0.54 1.8072980824312166
0.40842100169066387 0.46808510638297873 0.55 1.8134652865755063
0.41512161215390886 0.46808510638297873 0.56 1.8198071431722336
0.42177948637528295 0.46808510638297873 0.57 1.826328112060778
0.42839349527039366 0.46808510638297873 0.58 1.8330328638923716
0.4349624827391868 0.46808510638297873 0.59 1.8399262921680857
0.44148526425506185 0.46808510638297873 0.6 1.8470135262448986
0.44796062535458386 0.46808510638297873 0.61 1.8542999453828088
0.454387320034755 0.46808510638297873 0.62 1.8617911937980882
0.46076406900970046 0.46808510638297873 0.63 1.8694931971485527
0.467089557873271 0.46808510638297873 0.64 1.877412180094734
0.4733624351004634 0.46808510638297873 0.65 1.8855546855260814
0.479581309912132 0.46808510638297873 0.66 1.8939275952894814
0.485744749979002 0.46808510638297873 0.67 1.9025381526650122
0.49185127899984704 0.46808510638297873 0.68 1.9113939863773437
0.4978993741395023 0.46808510638297873 0.69 1.920503136342088
0.5038874636696188 0.46808510638297873 0.7 1.929874078616047
0.5098139262502531 0.46808510638297873 0.71 1.9395157388421234
0.5156771059015176 0.46808510638297873 0.72 1.949437388667873
0.5212645772388539 0.46808510638297873 0.73 1.9612334587384097
0.5272063455417296 0.46808510638297873 0.74 1.970163104624208
0.5328687480160322 0.46808510638297873 0.75 1.9809888280164056
0.538460477049545 0.46808510638297873 0.76 1.992138466018753
0.5439794789209399 0.46808510638297873 0.77 2.003624884964473
0.5494236290979816 0.46808510638297873 0.78 2.015461650416963
0.5547907116666694 0.46808510638297873 0.79 2.0276632017689296
0.560078409142141 0.46808510638297873 0.8 2.0402449513310867
0.5652842927071509 0.46808510638297873 0.81 2.053223383141292
0.5704058115011909 0.46808510638297873 0.82 2.066616162300049
0.5754402804785625 0.46808510638297873 0.83 2.080442259001258
0.5803848664390637 0.46808510638297873 0.84 2.094722090892224
0.5852365717885528 0.46808510638297873 0.85 2.1094776878847834
0.5899922154859228 0.46808510638297873 0.86 2.12473288447757
0.5946484104407471 0.46808510638297873 0.87 2.1405135463173424
0.5992015364004398 0.46808510638297873 0.88 2.1568478397281052
0.6036477069580878 0.46808510638297873 0.89 2.173766556386559
0.6079827288099402 0.46808510638297873 0.9 2.191303509652902
0.6122020504650972 0.46808510638297873 0.91 2.209496026758061
0.616300696263118 0.46808510638297873 0.92 2.2283855722539574
0.6202731791301513 0.46808510638297873 0.93 2.248018557914304
0.6241133812724616 0.46808510638297873 0.94 2.2684474284942238
0.6278143836517871 0.46808510638297873 0.95 2.289732179394029
0.6313682043499929 0.46808510638297873 0.96 2.3119426241840455
0.6347652650353854 0.46808510638297873 0.97 2.3351627866850113
0.6379898782572727 0.46808510638297873 0.98 2.3595249502118087
0.6410226479198454 0.46808510638297873 0.99 2.3851936340550948
0.0 0.48226950354609927 0.0 1.6541684836579909
0.007775071139782072 0.48226950354609927 0.01 1.6542123437578293
0.015549523776462845 0.48226950354609927 0.02 1.6543439433910807
0.023322739198675575 0.48226950354609927 0.03 1.654563340563055
0.031094098278079064 0.48226950354609927 0.04 1.654870632052276
0.038862981260386335 0.48226950354609927 0.05 1.6552659535030394
0.046628767555365117 0.48226950354609927 0.06 1.6557494796118708
0.05439083552591538 0.48226950354609927 0.07 1.6563214243405495
0.06214856227566102 0.48226950354609927 0.08 1.6569820411916465
0.06990132343505291 0.48226950354609927 0.09 1.6577316235245318
0.07764849294559331 0.48226950354609927 0.1 1.6585705049243966
0.08538944284170653 0.48226950354609927 0.11 1.6594990596315653
0.09312354303015628 0.48226950354609927 0.12 1.6605177030207454
0.10085016106712581 0.48226950354609927 0.13 1.6616268921196566
0.10856866193134666 0.48226950354609927 0.14 1.6628271262160301
0.116278407794507 0.48226950354609927 0.15 1.6641189474953686
0.12397875778764005 0.48226950354609927 0.16 1.6655029417489469
0.13166906776395906 0.48226950354609927 0.17 1.6669797391291747
0.13934869005622189 0.48226950354609927 0.18 1.6685500149972063
0.14701697322982238 0.48226950354609927 0.19 1.6702144908191885
0.15467326183152383 0.48226950354609927 0.2 1.6719739351131009
0.16231689613126593 0.48226950354609927 0.21 1.6738291644993613
0.16994721185885953 0.48226950354609927 0.22 1.675781044803998
0.17756353993342613 0.48226950354609927 0.23 1.677830492256135
0.18516520618729174 0.48226950354609927 0.24 1.679978474739068
0.19275153108110793 0.48226950354609927 0.25 1.682226013153846
0.20032182941212187 0.48226950354609927 0.26 1.6845741828512317
0.20787541001372956 0.48226950354609927 0.27 1.6870241151629606
0.21541157544511436 0.48226950354609927 0.28 1.689576999045313
0.2229296216732856 0.48226950354609927 0.29 1.6922340827924942
0.23042883774360584 0.48226950354609927 0.3 1.6949966758806598
0.23790850543893535 0.48226950354609927 0.31 1.6978661509322366
0.24536789892866445 0.48226950354609927 0.32 1.7008439457781175
0.2528062844049636 0.48226950354609927 0.33 1.7039315656547525
0.2602229197046047 0.48226950354609927 0.34 1.7071305855530154
0.26761705392002144 0.48226950354609927 0.35 1.7104426526658387
0.27498792699007313 0.48226950354609927 0.36 1.713869489058323
0.28233476928070855 0.48226950354609927 0.37 1.717412894421519
0.2896568011463689 0.48226950354609927 0.38 1.7210747490290288
0.2969532324711444 0.48226950354609927 0.39 1.7248570169004713
0.3042232621938999 0.48226950354609927 0.4 1.728761749118115
0.31146607781213703 0.48226950354609927 0.41 1.7327910873592793
0.3186808548620996 0.48226950354609927 0.42 1.7369472676688935
0.3258667563779556 0.48226950354609927 0.43 1.74123262443811
0.3330229323234178 0.48226950354609927 0.44 1.7456495946618622
0.3401485189978033 0.48226950354609927 0.45 1.7502007224509364
0.34724263841524516 0.48226950354609927 0.46 1.754888663813661
0.35430439764820987 0.48226950354609927 0.47 1.7597161917981012
0.3613328881415394 0.48226950354609927 0.48 1.764686201929228
0.36832718499132894 0.48226950354609927 0.49 1.7698017180020604
0.3752863461825566 0.48226950354609927 0.5 1.7750658982910816
0.38220941178945683 0.48226950354609927 0.51 1.7804820421387755
0.38909540312679913 0.48226950354609927 0.52 1.7860535970400369
0.39594332186162823 0.48226950354609927 0.53 1.791784166136399
0.4027521490580627 0.48226950354609927 0.54 1.7976775163783467
0.4095208441849325 0.48226950354609927 0.55 1.803737587087426
0.41624834405206795 0.48226950354609927 0.56 1.809968499240016
0.42293356167711105 0.48226950354609927 0.57 1.8163745654577972
0.4295753850988587 0.48226950354609927 0.58 1.8229603005784905
0.43617267608413257 0.48226950354609927 0.59 1.8297304332783133
0.44272426878989063 0.48226950354609927 0.6 1.8366899182303673
0.44922896828657416 0.48226950354609927 0.61 1.843843949615678
0.4556855490190779 0.48226950354609927 0.62 1.8511979753585672
0.46209275315812987 0.48226950354609927 0.63 1.858757712514984
0.4684492887878196 0.48226950354609927 0.64 1.8665291642744315
0.4747538280356392 0.48226950354609927 0.65 1.8745186377462557
0.481005005016452 0.48226950354609927 0.66 1.8827327636140145
0.4872014136765427 0.48226950354609927 0.67 1.8911785170120672
0.4933416055903421 0.48226950354609927 0.68 1.8998632392968384
0.49942408794118714 0.48226950354609927 0.69 1.9087946590522036
0.5054473230944821 0.48226950354609927 0.7 1.917980901842017
0.5114097436209316 0.48226950354609927 0.71 1.927430384949115
0.5166380250376279 0.48226950354609927 0.72 1.942192433683269
0.5231452623663929 0.48226950354609927 0.73 1.9471577022374962
0.5289149061003777 0.48226950354609927 0.74 1.9574551771725968
0.5346167673510089 0.48226950354609927 0.75 1.9680556546831747
0.5402489156345238 0.48226950354609927 0.76 1.9789707574835977
0.545809360264618 0.48226950354609927 0.77 1.9902126935256415
0.5512960299145653 0.48226950354609927 0.78 2.0017944251084665
0.5567067636084381 0.48226950354609927 0.79 2.013729754357071
0.5620393024231415 0.48226950354609927 0.8 2.0260334056479286
0.5672912805504137 0.48226950354609927 0.81 2.038721115444101
0.5724602152486274 0.48226950354609927 0.82 2.0518097334521195
0.5775434954218838 0.48226950354609927 0.83 2.065317337552812
0.5825383684441549 0.48226950354609927 0.84 2.0792633659183815
0.587441924889496 0.48226950354609927 0.85 2.0936687695549385
0.592251080633411 0.48226950354609927 0.86 2.1085561900991743
0.5969625556611722 0.48226950354609927 0.87 2.123950168863098
0.6015728487077617 0.48226950354609927 0.88 2.1398773949534955
0.606078206475137 0.48226950354609927 0.89 2.156367003436037
0.6104745857166254 0.48226950354609927 0.9 2.1734509383750953
0.6147576056597259 0.48226950354609927 0.91 2.1911644022823977
0.618922486985115 0.48226950354609927 0.92 2.2095464237154467
0.6229639714691734 0.48226950354609927 0.93 2.228640591752597
0.6268762125386766 0.48226950354609927 0.94 2.248496036690825
0.6306526196028381 0.48226950354609927 0.95 2.2691687942706236
0.6342856205893985 0.48226950354609927 0.96 2.290723832356747
0.6377661878867404 0.48226950354609927 0.97 2.313238900658363
0.6410799387559412 0.48226950354609927 0.98 2.336833542790297
0.6442093067717853 0.48226950354609927 0.99 2.361654702854012
0.0 0.49645390070921985 0.0 1.6469972031189628
0.007791980733162876 0.49645390070921985 0.01 1.6470404300722106
0.015583347906468533 0.49645390070921985 0.02 1.6471701297736379
0.023373487755818236 0.49645390070921985 0.03 1.647386358780428
0.031161786108315215 0.49645390070921985 0.04 1.6476892114370079
0.03894762817741557 0.49645390070921985 0.05 1.6480788199727867
0.046730398356925794 0.49645390070921985 0.06 1.6485553546929617
0.05450948001423063 0.49645390070921985 0.07 1.649119024177929
0.062284255282339426 0.49645390070921985 0.08 1.6497700755337212
0.07005410484975853 0.49645390070921985 0.09 1.6505087947259776
0.07781840774957173 0.49645390070921985 0.1 1.6513355069038154
0.08557654114519815 0.49645390070921985 0.11 1.6522505768392652
0.0933278801144905 0.49645390070921985 0.12 1.6532544093766453
0.10107179743105393 0.49645390070921985 0.13 1.6543474499424449
0.10880766334230223 0.49645390070921985 0.14 1.6555301851188038
0.11653484534455498 0.49645390070921985 0.15 1.6568031432603127
0.1242527079543481 0.49645390070921985 0.16 1.6581668951746757
0.13196061247527574 0.49645390070921985 0.17 1.659622054875244
0.13965791676167125 0.49645390070921985 0.18 1.6611692803633151
0.14734397497664214 0.49645390070921985 0.19 1.6628092745017684
0.15501813734555125 0.49645390070921985 0.2 1.6645427859413755
0.16267974990370695 0.49645390070921985 0.21 1.6663706101240574
0.17032815423887948 0.49645390070921985 0.22 1.6682935903432152
0.17796268722728012 0.49645390070921985 0.23 1.6703126188859216
0.18558268076197793 0.49645390070921985 0.24 1.6724286382685694
0.19318746147624286 0.49645390070921985 0.25 1.674642642513999
0.20077635045679645 0.49645390070921985 0.26 1.676955678559731
0.20834866295201174 0.49645390070921985 0.27 1.6793688477003998
0.2159037080668787 0.49645390070921985 0.28 1.6818833072007984
0.2234407884538784 0.49645390070921985 0.29 1.684500271920233
0.23095919999014353 0.49645390070921985 0.3 1.6872210161041077
0.2384582314468134 0.49645390070921985 0.31 1.6900468752418856
0.2459371641439709 0.49645390070921985 0.32 1.692979248087752
0.2533952715978442 0.49645390070921985 0.33 1.6960195987418907
0.26083181915097986 0.49645390070921985 0.34 1.6991694589219115
0.26824606359273606 0.49645390070921985 0.35 1.702430430316946
0.2756372527619243 0.49645390070921985 0.36 1.7058041871322622
0.28300462513833674 0.49645390070921985 0.37 1.7092924787325796
0.29034740941264325 0.49645390070921985 0.38 1.7128971325147662
0.2976648240435469 0.49645390070921985 0.39 1.7166200568946353
0.30495607679317444 0.49645390070921985 0.4 1.7204632445168897
0.3122203642450724 0.49645390070921985 0.41 1.7244287756324606
0.31945687129932104 0.49645390070921985 0.42 1.7285188217054743
0.3266647706444908 0.49645390070921985 0.43 1.7327356492488637
0.3338432222086833 0.49645390070921985 0.44 1.7370816238639744
0.34099137258041307 0.49645390070921985 0.45 1.741559214582864
0.3481083544048024 0.49645390070921985 0.46 1.7461709984525096
0.35519328574919623 0.49645390070921985 0.47 1.750919665423627
0.3622452694360787 0.49645390070921985 0.48 1.7558080235644133
0.36926339234176625 0.49645390070921985 0.49 1.7608390046143982
0.3762467246633526 0.49645390070921985 0.5 1.76601566985743
0.38319431913476315 0.49645390070921985 0.51 1.7713412164987514
0.3901052102160176 0.49645390070921985 0.52 1.7768189843189068
0.39697841321927346 0.49645390070921985 0.53 1.7824524629514327
0.4038129233990132 0.49645390070921985 0.54 1.7882452995314257
0.410607714984941 0.49645390070921985 0.55 1.7942013069213316
0.41736174014889155 0.49645390070921985 0.56 1.8003244725933667
0.4240739279249407 0.49645390070921985 0.57 1.8066189680082752
0.4307431830430863 0.49645390070921985 0.58 1.8130891588471807
0.4373683847075611 0.49645390070921985 0.59 1.819739615837486
0.44394838527590263 0.49645390070921985 0.6 1.826575126561786
0.45048200886213524 0.49645390070921985 0.61 1.833600708064544
0.4569680498537891 0.49645390070921985 0.62 1.8408216203672194
0.46340527130474707 0.49645390070921985 0.63 1.8482433812233534
0.4697924032324073 0.49645390070921985 0.64 1.8558717819039587
0.4761281408166335 0.49645390070921985 0.65 1.8637129040741083
0.48241114247640615 0.49645390070921985 0.66 1.8717731379955926
0.4886400279387759 0.49645390070921985 0.67 1.880059201219223
0.494813376508523 0.49645390070921985 0.68 1.8885781562817647
0.5009297270783443 0.49645390070921985 0.69 1.8973374159341265
0.5069875933309969 0.49645390070921985 0.7 1.9063446355087184
0.5119075778322398 0.49645390070921985 0.71 1.9236833249463612
0.5189213452689795 0.49645390070921985 0.72 1.9251382469168512
0.5247939636159776 0.49645390070921985 0.73 1.9349424756037594
0.5306015111600016 0.49645390070921985 0.74 1.9450307621388723
0.5363421686360181 0.49645390070921985 0.75 1.955413636100306
0.5420140653670458 0.49645390070921985 0.76 1.9661021184742307
0.547615259206543 0.49645390070921985 0.77 1.9771078843546197
0.5531437284826524 0.49645390070921985 0.78 1.9884433375381407
0.5585973648960252 0.49645390070921985 0.79 2.0001216797705315
0.563973965986558 0.49645390070921985 0.8 2.0121569852404244
0.5692712267569877 0.49645390070921985 0.81 2.0245642836888376
0.5744867302151386 0.49645390070921985 0.82 2.0373596542613277
0.579617936589145 0.49645390070921985 0.83 2.0505603323465627
0.5846621709291717 0.49645390070921985 0.84 2.0641848320286136
0.5896166087347621 0.49645390070921985 0.85 2.0782530874321745
0.5944782591474601 0.49645390070921985 0.86 2.092786617106159
0.5992439450992351 0.49645390070921985 0.87 2.107808716857689
0.6039102795978653 0.49645390070921985 0.88 2.1233446882085087
0.6084736370317082 0.49645390070921985 0.89 2.139422112134109
0.6129301179042344 0.49645390070921985 0.9 2.156071181598938
0.6172755047349429 0.49645390070921985 0.91 2.1733251118932566
0.6215052056943776 0.49645390070921985 0.92 2.191220657097805
0.6256141806516281 0.49645390070921985 0.93 2.2097987759594857
0.6295968409091 0.49645390070921985 0.94 2.229105517059899
0.6334469072975517 0.49645390070921985 0.95 2.249193244112876
0.6371571950103909 0.49645390070921985 0.96 2.2701224454228854
0.6407191934362227 0.49645390070921985 0.97 2.2919651017981155
0.644119712300934 0.49645390070921985 0.98 2.3148293000469944
0.6473428119281681 0.49645390070921985 0.99 2.338846551318667
0.0 0.5106382978723404 0.0 1.639949208003164
0.007808707574772875 0.5106382978723404 0.01 1.6399918174110988
0.015616806452367103 0.5106382978723404 0.02 1.6401196640165998
0.0234236877353203 0.5106382978723404 0.03 1.6403328029673518
0.03122874212537592 0.5106382978723404 0.04 1.64063132625214
0.03903135972254261 0.5106382978723404 0.05 1.641015362806263
0.04683092982311545 0.5106382978723404 0.06 1.6414850786899085
0.05462684071705346 0.5106382978723404 0.07 1.6420406772735165
0.06241847948409835 0.5106382978723404 0.08 1.642682399483499
0.07020523178769769 0.5106382978723404 0.09 1.6434105241297758
0.07798648166802391 0.5106382978723404 0.1 1.6442253682260766
0.08576161133273703 0.5106382978723404 0.11 1.645127287380269
0.09353000094445744 0.5106382978723404 0.12 1.6461166762699917
0.10129102840753619 0.5106382978723404 0.13 1.6471939690924147
0.10904406914968214 0.5106382978723404 0.14 1.6483596401528586
0.11678849590195735 0.5106382978723404 0.15 1.6496142044460487
0.12452367847470952 0.5106382978723404 0.16 1.6509582183142015
0.13224898352962322 0.5106382978723404 0.17 1.6523922801623367
0.1399637743483572 0.5106382978723404 0.18 1.653917031213752
0.14766741059470842 0.5106382978723404 0.19 1.6555331563752944
0.15535924807441764 0.5106382978723404 0.2 1.6572413851026035
0.16303863848786235 0.5106382978723404 0.21 1.6590424923774458
0.17070492917781926 0.5106382978723404 0.22 1.6609372997353722
0.17835746287212936 0.5106382978723404 0.23 1.6629266763474009
0.18599557741685585 0.5106382978723404 0.24 1.6650115402349248
0.1936186055073521 0.5106382978723404 0.25 1.667192859469926
0.20122587440675732 0.5106382978723404 0.26 1.6694716535540148
0.20881670566018057 0.5106382978723404 0.27 1.671848994815863
0.21639041479939672 0.5106382978723404 0.28 1.674326009919161
0.22394631103851126 0.5106382978723404 0.29 1.6769038814656725
0.23148369695950846 0.5106382978723404 0.3 1.6795838497053273
0.23900186818930425 0.5106382978723404 0.31 1.6823672143253812
0.24650011306420727 0.5106382978723404 0.32 1.685255336376509
0.25397771228324584 0.5106382978723404 0.33 1.6882496403079867
0.26143393855051883 0.5106382978723404 0.34 1.691351616108317
0.26886805620269655 0.5106382978723404 0.35 1.6945628216004744
0.2762793208240934 0.5106382978723404 0.36 1.6978848848549797
0.2836669788451696 0.5106382978723404 0.37 1.7013195067714555
0.2910302671284124 0.5106382978723404 0.38 1.7048684637763956
0.29836841253260166 0.5106382978723404 0.39 1.708533610744318
0.30568063146340274 0.5106382978723404 0.4 1.7123168840424194
0.3129661294032724 0.5106382978723404 0.41 1.7162203047818958
0.32022410042104565 0.5106382978723404 0.42 1.7202459822677207
0.3274537266585102 0.5106382978723404 0.43 1.7243961176743348
0.33465417779585177 0.5106382978723404 0.44 1.7286730079252877
0.3418246104896383 0.5106382978723404 0.45 1.7330790498437685
0.34896416778699846 0.5106382978723404 0.46 1.7376167445341035
0.35607197850990013 0.5106382978723404 0.47 1.7422887020579645
0.36314715660708585 0.5106382978723404 0.48 1.747097646427816
0.3701888004735589 0.5106382978723404 0.49 1.7520464209180855
0.37719599223965045 0.5106382978723404 0.5 1.7571379936777307
0.38416779701775966 0.5106382978723404 0.51 1.762375463761055
0.3911032621023194 0.5106382978723404 0.52 1.7677620676155767
0.39800141613753065 0.5106382978723404 0.53 1.773301185896235
0.40486126823606156 0.5106382978723404 0.54 1.7789963507696163
0.41168180703346835 0.5106382978723404 0.55 1.7848512538444716
0.41846199970091486 0.5106382978723404 0.56 1.7908697545319425
0.425200790892674 0.5106382978723404 0.57 1.797055889054135
0.43189710163111383 0.5106382978723404 0.58 1.8034138800843278
0.43854982811150617 0.5106382978723404 0.59 1.8099481471781986
0.44515784045188667 0.5106382978723404 0.6 1.8166633177974776
0.45171998133212127 0.5106382978723404 0.61 1.8235642394070353
0.45823506456477564 0.5106382978723404 0.62 1.8306559923062151
0.46470187357516896 0.5106382978723404 0.63 1.8379439034086182
0.47111915977707686 0.5106382978723404 0.64 1.845433561104765
0.47748564086749545 0.5106382978723404 0.65 1.8531308310551238
0.4837999991477715 0.5106382978723404 0.66 1.86104187213739
0.49006088005638143 0.5106382978723404 0.67 1.8691731512396261
0.4962668925209302 0.5106382978723404 0.68 1.8775314449171676
0.5024166252053639 0.5106382978723404 0.69 1.886123723047804
0.5077610203539795 0.5106382978723404 0.7 1.900541529432542
0.5145410349733948 0.5106382978723404 0.71 1.9040426225190432
0.5205126192876891 0.5106382978723404 0.72 1.9133854489128856
0.5264216818774183 0.5106382978723404 0.73 1.9229951259680387
0.5322665043598769 0.5106382978723404 0.74 1.9328812174408616
0.5380453241314864 0.5106382978723404 0.75 1.9430537018495124
0.5437563149342423 0.5106382978723404 0.76 1.9535231276869214
0.5493975796404511 0.5106382978723404 0.77 1.9643006787714252
0.5549671441408413 0.5106382978723404 0.78 1.975398232767906
0.5604629509278137 0.5106382978723404 0.79 1.9868284235532985
0.565882852052702 0.5106382978723404 0.8 1.9986047100509687
0.5712246012384102 0.5106382978723404 0.81 2.0107414534160664
0.5764858449445007 0.5106382978723404 0.82 2.023254004376552
0.5816641121993751 0.5106382978723404 0.83 2.036158802473719
0.5867568029172574 0.5106382978723404 0.84 2.0494734897148765
0.5917611743823591 0.5106382978723404 0.85 2.063217041506875
0.5966743254742558 0.5106382978723404 0.86 2.0774099186409556
0.6014931780747709 0.5106382978723404 0.87 2.092074245219452
0.6062144549110781 0.5106382978723404 0.88 2.107234018955645
0.610834652811728 0.5106382978723404 0.89 2.1229153625469914
0.6153500099455633 0.5106382978723404 0.9 2.139146828109841
0.619756464966955 0.5106382978723404 0.91 2.1559597718054206
0.6240496050024048 0.5106382978723404 0.92 2.173388823596412
0.6282245976687248 0.5106382978723404 0.93 2.191472490617914
0.6322760993278311 0.5106382978723404 0.94 2.2102539556368344
0.6361981259145871 0.5106382978723404 0.95 2.2297821766423604
0.6399838583142721 0.5106382978723404 0.96 2.2501135005217168
0.64362527088441 0.5106382978723404 0.97 2.2713146038725083
0.6471102616868429 0.5106382978723404 0.98 2.29348327695139
0.650424338561303 0.5106382978723404 0.99 2.3167374615078637
0.0 0.524822695035461 0.0 1.633021615288437
0.00782525408008844 0.524822695035461 0.01 1.6330636222725792
0.015649904246710613 0.524822695035461 0.02 1.6331896611448937
0.023473346390008348 0.524822695035461 0.03 1.6333997856917728
0.03129497600706443 0.524822695035461 0.04 1.633694085632251
0.03911418800485812 0.524822695035461 0.05 1.634072686717639
0.04693037650240049 0.524822695035461 0.06 1.6345357508905936
0.05474293463180776 0.524822695035461 0.07 1.6350834764882078
0.06255125433825079 0.524822695035461 0.08 1.6357160984800845
0.07035472617876487 0.524822695035461 0.09 1.636433888738596
0.0781527391182288 0.524822695035461 0.1 1.6372371564113186
0.08594468032507008 0.524822695035461 0.11 1.6381262482535703
0.09372993496264538 0.524822695035461 0.12 1.6391015491046808
0.10150788598037865 0.524822695035461 0.13 1.640163482317106
0.10927791389938475 0.524822695035461 0.14 1.6413125103371626
0.1170393965979664 0.524822695035461 0.15 1.642549135232615
0.12479170909097206 0.524822695035461 0.16 1.643873899364377
0.13253422330755565 0.524822695035461 0.17 1.6452873860466337
0.14026630786315444 0.524822695035461 0.18 1.6467902203132982
0.14798732782850824 0.524822695035461 0.19 1.6483830697045023
0.1556966444931279 0.524822695035461 0.2 1.6500666451360804
0.1633936151239687 0.524822695035461 0.21 1.6518417018245666
0.1710775927187922 0.524822695035461 0.22 1.6537090402752905
0.17874792575280443 0.524822695035461 0.23 1.65566950735591
0.18640395792087033 0.524822695035461 0.24 1.65772399740532
0.1940450278709883 0.524822695035461 0.25 1.6598734534572304
0.201670468931271 0.524822695035461 0.26 1.6621188685269863
0.20927960883046257 0.524822695035461 0.27 1.6644612869609576
0.21687176940911118 0.524822695035461 0.28 1.6669018058935634
0.22444626632176062 0.524822695035461 0.29 1.6694415767978998
0.23200240873097897 0.524822695035461 0.3 1.6720818071139911
0.239539498991393 0.524822695035461 0.31 1.6748237619805804
0.24705683232140568 0.524822695035461 0.32 1.6776687660980487
0.2545536964674019 0.524822695035461 0.33 1.680618205650929
0.2620293713526446 0.524822695035461 0.34 1.6836735303971044
0.26948312871565705 0.524822695035461 0.35 1.6868362558518686
0.27691423173219104 0.524822695035461 0.36 1.6901079656415203
0.28432193462893596 0.524822695035461 0.37 1.6934903139205049
0.29170548227543674 0.524822695035461 0.38 1.6969850280198522
0.29906410976155157 0.524822695035461 0.39 1.7005939112281496
0.30639704196111434 0.524822695035461 0.4 1.704318845699798
0.3137034930735673 0.524822695035461 0.41 1.70816179558461
0.32098266614537857 0.524822695035461 0.42 1.7121248103517226
0.3282337525733044 0.524822695035461 0.43 1.7162100282846726
0.33545593158379977 0.524822695035461 0.44 1.7204196802095884
0.3426483696867612 0.524822695035461 0.45 1.7247560934721022
0.34981022010872254 0.524822695035461 0.46 1.7292216961100824
0.3569406221879179 0.524822695035461 0.47 1.733819021399761
0.36403870075609857 0.524822695035461 0.48 1.7385507125254076
0.3711035654719536 0.524822695035461 0.49 1.7434195277228222
0.3781343101314296 0.524822695035461 0.5 1.7484283456455019
0.3851300119366773 0.524822695035461 0.51 1.7535801711340409
0.3920897307312376 0.524822695035461 0.52 1.7588781413183006
0.3990125081812288 0.524822695035461 0.53 1.7643255322401685
0.40589736692640366 0.524822695035461 0.54 1.7699257657827334
0.41274330967022926 0.524822695035461 0.55 1.7756824171903662
0.4195493182249049 0.524822695035461 0.56 1.7815992230410247
0.4263143524890972 0.524822695035461 0.57 1.787680089871426
0.43303734937283206 0.524822695035461 0.58 1.7939291033372853
0.439717221655413 0.524822695035461 0.59 1.8003505380420908
0.44635285676547765 0.524822695035461 0.6 1.806948868135123
0.45294311548809146 0.524822695035461 0.61 1.8137287786509604
0.45948683058997275 0.524822695035461 0.62 1.8206951776820033
0.4659828053824902 0.524822695035461 0.63 1.8278532092517874
0.4724298121944176 0.524822695035461 0.64 1.8352082671457643
0.4788265908845779 0.524822695035461 0.65 1.8427660087273547
0.4851718476866529 0.524822695035461 0.66 1.8505323666093223
0.4914642558597109 0.524822695035461 0.67 1.8585135472636962
0.4977024736531506 0.524822695035461 0.68 1.86671590106898
0.503639406540314 0.524822695035461 0.69 1.8769762373205179
0.510010396647846 0.524822695035461 0.7 1.8838140051462624
0.5160771736606842 0.524822695035461 0.71 1.8927244684072424
0.5220838300980446 0.524822695035461 0.72 1.9018861150814306
0.5280287395993424 0.524822695035461 0.73 1.9113076507730806
0.5339102372157457 0.524822695035461 0.74 1.9209981350018037
0.5397266010619365 0.524822695035461 0.75 1.9309671261203512
0.5454760458415129 0.524822695035461 0.76 1.9412247387903654
0.5511567175079655 0.524822695035461 0.77 1.9517816940895099
0.5567666878002863 0.524822695035461 0.78 1.9626493717981779
0.5623039482668302 0.524822695035461 0.79 1.973839867894272
0.5677664036197466 0.524822695035461 0.8 1.985366058622228
0.573151864280287 0.524822695035461 0.81 1.9972416723995232
0.5784580379509044 0.524822695035461 0.82 2.0094813710381443
0.5836825200106062 0.524822695035461 0.83 2.02210084209117
0.588822782519234 0.524822695035461 0.84 2.0351169042855806
0.5938761615097926 0.524822695035461 0.85 2.0485476288404647
0.5988398421855708 0.524822695035461 0.86 2.0624124800248276
0.6037108415161723 0.524822695035461 0.87 2.076732479319716
0.6084859875459383 0.524822695035461 0.88 2.0915303990097662
0.6131618944870657 0.524822695035461 0.89 2.106830992978136
0.6177349322978323 0.524822695035461 0.9 2.122661275432104
0.6222011888745268 0.524822695035461 0.91 2.1390508627717484
0.6265564220870742 0.524822695035461 0.92 2.1560324007900995
0.6307959973597246 0.524822695035461 0.93 2.173642111096319
0.634914803819868 0.524822695035461 0.94 2.191920510939644
0.6389071368908107 0.524822695035461 0.95 2.2109133991240664
0.642766522557212 0.524822695035461 0.96 2.2306732934430746
0.6464853897657995 0.524822695035461 0.97 2.2512619935978866
0.6500526284921296 0.524822695035461 0.98 2.272768041759726
0.6534550358650741 0.524822695035461 0.99 2.2952974318950505
0.0 0.5390070921985816 0.0 1.6262116292544933
0.00784162262408499 0.5390070921985816 0.01 1.6262530484619848
0.01568264604099653 0.5390070921985816 0.02 1.6263773235500298
0.023522470850904906 0.5390070921985816 0.03 1.626584506999709
0.03136049726862575 0.5390070921985816 0.04 1.6268746863188208
0.039196124930144384 0.5390070921985816 0.05 1.627247984182688
0.047028752698656286 0.5390070921985816 0.06 1.6277045585660999
0.05485777846968446 0.5390070921985816 0.07 1.6282446029298454
0.06268259897474042 0.5390070921985816 0.08 1.6288683464670812
0.0705026095839763 0.5390070921985816 0.09 1.6295760543652318
0.07831720410646685 0.5390070921985816 0.1 1.6303680281501085
0.08612577458937958 0.5390070921985816 0.11 1.6312446060318944
0.0939277111147391 0.5390070921985816 0.12 1.6322061633150482
0.10172240159265372 0.5390070921985816 0.13 1.633253112891476
0.10950923155364956 0.5390070921985816 0.14 1.634385905713245
0.11728758393647858 0.5390070921985816 0.15 1.6356050313714487
0.1250568388731444 0.5390070921985816 0.16 1.636911018705019
0.13281637347070868 0.5390070921985816 0.17 1.6383044364531079
0.14056556158832656 0.5390070921985816 0.18 1.6397858939852163
0.14830377361098043 0.5390070921985816 0.19 1.6413560420629192
0.1560303762175353 0.5390070921985816 0.2 1.6430155736867087
0.16374473214524887 0.5390070921985816 0.21 1.6447652249716775
0.17144619994781016 0.5390070921985816 0.22 1.6466057761134947
0.17913413374788206 0.5390070921985816 0.23 1.6485380524142994
0.18680788298440723 0.5390070921985816 0.24 1.6505629253613705
0.19446679215263282 0.5390070921985816 0.25 1.6526813137934941
0.20211020053727105 0.5390070921985816 0.26 1.6548941851401304
0.20973744193881522 0.5390070921985816 0.27 1.657202556729832
0.21734784439085492 0.5390070921985816 0.28 1.6596074971994224
0.22494072987036207 0.5390070921985816 0.29 1.6621101279670878
0.23251541399888526 0.5390070921985816 0.3 1.6647116248005354
0.2400712057318718 0.5390070921985816 0.31 1.66741321951469
0.2476074070417791 0.5390070921985816 0.32 1.6702162017126185
0.25512331258808374 0.5390070921985816 0.33 1.673121920668461
0.2626182093742859 0.5390070921985816 0.34 1.676131787341492
0.2700913763967262 0.5390070921985816 0.35 1.6792472764554067
0.2775420842768219 0.5390070921985816 0.36 1.6824699287515619
0.28496959488189516 0.5390070921985816 0.37 1.685801353344383
0.2923731609291758 0.5390070921985816 0.38 1.6892432302445237
0.29975202557537456 0.5390070921985816 0.39 1.6927973130165381
0.30710542199123475 0.5390070921985816 0.4 1.6964654315782675
0.31443257291210586 0.5390070921985816 0.41 1.7002494952398977
0.32173269017823675 0.5390070921985816 0.42 1.7041514958261277
0.3290049742494072 0.5390070921985816 0.43 1.7081735110539182
0.33624861369570175 0.5390070921985816 0.44 1.7123177081379846
0.34346278467077407 0.5390070921985816 0.45 1.7165863475573222
0.35064665035850223 0.5390070921985816 0.46 1.7209817870795545
0.3577993603898723 0.5390070921985816 0.47 1.7255064860709637
0.3649200502395368 0.5390070921985816 0.48 1.7301630099992835
0.3720078405768404 0.5390070921985816 0.49 1.7349540353745025
0.37906183660256443 0.5390070921985816 0.5 1.739882354825749
0.3860811273398072 0.5390070921985816 0.51 1.7449508826212843
0.39306478488628827 0.5390070921985816 0.52 1.750162660557918
0.40001186363172425 0.5390070921985816 0.53 1.7555208641906523
0.40692139942966205 0.5390070921985816 0.54 1.7610288095037507
0.41379240871715683 0.5390070921985816 0.55 1.7666899600828476
0.42062388759783326 0.5390070921985816 0.56 1.7725079346591617
0.42741481084559996 0.5390070921985816 0.57 1.7784865153996026
0.43416413087807965 0.5390070921985816 0.58 1.7846296565295827
0.44087077665011665 0.5390070921985816 0.59 1.7909414937228947
0.4475336524808358 0.5390070921985816 0.6 1.7974263541505946
0.45415163682539045 0.5390070921985816 0.61 1.804088767116078
0.4607235809663735 0.5390070921985816 0.62 1.8109334755005593
0.46724830767149866 0.5390070921985816 0.63 1.8179654476736888
0.47372460987986426 0.5390070921985816 0.64 1.8251898894379635
0.48015124981743856 0.5390070921985816 0.65 1.832612253030704
0.48652696002293955 0.5390070921985816 0.66 1.8402382322495
0.49285046403309407 0.5390070921985816 0.67 1.848073611498023
0.49907172908310554 0.5390070921985816 0.68 1.8564868923172309
0.5053351506346655 0.5390070921985816 0.69 1.864400302266241
0.5114935622896073 0.5390070921985816 0.7 1.872904943706486
0.5175941196627281 0.5390070921985816 0.71 1.8816464697993953
0.5236352806563916 0.5390070921985816 0.72 1.8906328203711722
0.5296154689059124 0.5390070921985816 0.73 1.899872241458581
0.5355330568633897 0.5390070921985816 0.74 1.9093734178522093
0.5413863600058926 0.5390070921985816 0.75 1.919145523615601
0.5471736321700862 0.5390070921985816 0.76 1.9291982650727297
0.552893060847498 0.5390070921985816 0.77 1.9395419250706527
0.5585427620757333 0.5390070921985816 0.78 1.950187411340137
0.5641207748078628 0.5390070921985816 0.79 1.9611463099820503
0.5696250546363213 0.5390070921985816 0.8 1.9724309451619302
0.5750534667374189 0.5390070921985816 0.81 1.9840544461924698
0.5804037779090598 0.5390070921985816 0.82 1.996030823178856
0.5856736475180392 0.5390070921985816 0.83 2.008375052845221
0.5908606171407195 0.5390070921985816 0.84 2.02110317645077
0.5959620986203179 0.5390070921985816 0.85 2.0342324122058
0.6009753601852835 0.5390070921985816 0.86 2.0477812852466935
0.6058975101619664 0.5390070921985816 0.87 2.061769779131419
0.6107254776636261 0.5390070921985816 0.88 2.0762195140347344
0.6154559894068734 0.5390070921985816 0.89 2.0911539586449175
0.6200855414802767 0.5390070921985816 0.9 2.106598685324208
0.6246103643830738 0.5390070921985816 0.91 2.1225816820153787
0.6290263788357652 0.5390070921985816 0.92 2.1391337406047626
0.633329138527384 0.5390070921985816 0.93 2.1562889515498473
0.6375137535716183 0.5390070921985816 0.94 2.1740853524140813
0.6415747839490518 0.5390070921985816 0.95 2.1925658111008492
0.6455060811163807 0.5390070921985816 0.96 2.2117793047510004
0.649300499833683 0.5390070921985816 0.97 2.23178314905695
0.6529478328555266 0.5390070921985816 0.98 2.252657584820336
0.6564360269615058 0.5390070921985816 0.99 2.2744980699654054
0.0 0.5531914893617021 0.0 1.6195165382362504
0.007857815542094148 0.5531914893617021 0.01 1.6195573838487491
0.015715036507377763 0.5531914893617021 0.02 1.6196799377454447
0.02357106813008435 0.5531914893617021 0.03 1.6198842511262235
0.03142531526654188 0.5531914893617021 0.04 1.620170409367198
0.0392771822052056 0.5531914893617021 0.05 1.6205385321733965
0.047126072476895875 0.5531914893617021 0.06 1.6209887736597608
0.05497138866298728 0.5531914893617021 0.07 1.6215213225925398
0.06281253220359446 0.5531914893617021 0.08 1.6221364025696965
0.07064890320347725 0.5531914893617021 0.09 1.6228342723142821
0.07847990023674521 0.5531914893617021 0.1 1.623615225977383
0.08630492014968431 0.5531914893617021 0.11 1.6244795934887981
0.09412335786090144 0.5531914893617021 0.12 1.625427740973048
0.10193460616034665 0.5531914893617021 0.13 1.6264600711626453
0.10973805550405544 0.5531914893617021 0.14 1.6275770239194673
0.11753309380707802 0.5531914893617021 0.15 1.6287790767612038
0.12531910623272652 0.5531914893617021 0.16 1.6300667454541231
0.13309547497872634 0.5531914893617021 0.17 1.6314405846452527
0.14086157905911464 0.5531914893617021 0.18 1.6329011885598501
0.14861679408226428 0.5531914893617021 0.19 1.6344491917461503
0.15636049202436497 0.5531914893617021 0.2 1.6360852698789459
0.1640920409981356 0.5531914893617021 0.21 1.6378101406210792
0.1718108050168612 0.5531914893617021 0.22 1.6396245645367695
0.1795161437516823 0.5531914893617021 0.23 1.6415293460930402
0.18720741228456486 0.5531914893617021 0.24 1.6435253346955299
0.19488396085467108 0.5531914893617021 0.25 1.6456134258017683
0.20254513459608994 0.5531914893617021 0.26 1.6477945621390597
0.21019027327126122 0.5531914893617021 0.27 1.6500697349472666
0.2178187109953671 0.5531914893617021 0.28 1.6524399853266916
0.22542977595161767 0.5531914893617021 0.29 1.6549064056827516
0.2330227901004904 0.5531914893617021 0.3 1.6574701412176744
0.24059706887705706 0.5531914893617021 0.31 1.6601323915555275
0.24815192088009544 0.5531914893617021 0.32 1.6628944124395575
0.2556866475502198 0.5531914893617021 0.33 1.6657575175398196
0.26320054283711136 0.5531914893617021 0.34 1.6687230803657582
0.27069289285455866 0.5531914893617021 0.35 1.6717925362975787
0.2781629755244492 0.5531914893617021 0.36 1.6749673847193396
0.2856100602047596 0.5531914893617021 0.37 1.678249191312865
0.29303340730497907 0.5531914893617021 0.38 1.6816395904654058
0.30043226788809985 0.5531914893617021 0.39 1.6851402878023016
0.30780588325061203 0.5531914893617021 0.4 1.6887530629396603
0.3151534844945026 0.5531914893617021 0.41 1.6924797722950011
0.3224742920694247 0.5531914893617021 0.42 1.6963223521994066
0.3297675153087362 0.5531914893617021 0.43 1.7002828220475064
0.3370323519314511 0.5531914893617021 0.44 1.7043632877872053
0.3442679875298523 0.5531914893617021 0.45 1.7085659455335145
0.35147359503043 0.5531914893617021 0.46 1.7128930854376205
0.3586483341390403 0.5531914893617021 0.47 1.7173470957030559
0.36579135073139774 0.5531914893617021 0.48 1.7219304671266298
0.3729017762498231 0.5531914893617021 0.49 1.7266457975697496
0.3799787270445511 0.5531914893617021 0.5 1.7314957969631046
0.3870213036898735 0.5531914893617021 0.51 1.736483292548617
0.3940285902606614 0.5531914893617021 0.52 1.741611234497795
0.4009996535743667 0.5531914893617021 0.53 1.7468827018617878
0.4079335423921194 0.5531914893617021 0.54 1.7523009089157169
0.41482928656454604 0.5531914893617021 0.55 1.7578692120241588
0.42168589613774343 0.5531914893617021 0.56 1.7635911168959721
0.42850236041572104 0.5531914893617021 0.57 1.7694702862727494
0.435277646950292 0.5531914893617021 0.58 1.775510548301558
0.4420107004796304 0.5531914893617021 0.59 1.7817159054183538
0.44870044182234553 0.5531914893617021 0.6 1.7880905437051489
0.45534576669835275 0.5531914893617021 0.61 1.7946388429728561
0.46194554453253905 0.5531914893617021 0.62 1.8013653871446311
0.4684986173153946 0.5531914893617021 0.63 1.8082749744159636
0.4750037989567432 0.5531914893617021 0.64 1.8153726239460735
0.4814598768508138 0.5531914893617021 0.65 1.8226635663726636
0.4878656362364497 0.5531914893617021 0.66 1.8301530647955926
0.49421278634856336 0.5531914893617021 0.67 1.8378990391413226
0.5005206999676032 0.5531914893617021 0.68 1.8457536627650142
0.5067673854364657 0.5531914893617021 0.69 1.8538767930278655
0.5129583597396639 0.5531914893617021 0.7 1.862223728411883
0.5190921581782988 0.5531914893617021 0.71 1.8708017228348253
0.5251672849742265 0.5531914893617021 0.72 1.8796182998874302
0.5311821981433477 0.5531914893617021 0.73 1.8886813707607453
0.5371353043037023 0.5531914893617021 0.74 1.8979992788030453
0.5430249545943217 0.5531914893617021 0.75 1.90758083648332
0.5488494405894618 0.5531914893617021 0.76 1.91743536315826
0.554606989916376 0.5531914893617021 0.77 1.9275727259094086
0.5602957614441851 0.5531914893617021 0.78 1.9380033845409772
0.5659138399550455 0.5531914893617021 0.79 1.9487384415240248
0.5714592301982773 0.5531914893617021 0.8 1.95978969776494
0.5769298502239739 0.5531914893617021 0.81 1.9711697151328882
0.5823235238564657 0.5531914893617021 0.82 1.9828918869667107
0.5876379721613584 0.5531914893617021 0.83 1.9949705178739383
0.592870803687871 0.5531914893617021 0.84 2.00742091468576
0.598019503251942 0.5531914893617021 0.85 2.020259490616042
0.6030814189188743 0.5531914893617021 0.86 2.033503885493024
0.6080537467721793 0.5531914893617021 0.87 2.0471731055427003
0.6129335128951984 0.5531914893617021 0.88 2.061287687446064
0.6177175518044623 0.5531914893617021 0.89 2.075869892872018
0.6224024802717282 0.5531914893617021 0.9 2.0909439420133618
0.6269846650125352 0.5531914893617021 0.91 2.1065362981466937
0.6314601820199527 0.5531914893617021 0.92 2.122676020515885
0.6358247640898557 0.5531914893617021 0.93 2.139395211975505
0.6400737310505711 0.5531914893617021 0.94 2.1567296028149205
0.6442018931827909 0.5531914893617021 0.95 2.1747193414035024
0.6482034087231544 0.5531914893617021 0.96 2.193410130654135
0.6520715310232237 0.5531914893617021 0.97 2.2128551634283
0.6557968733612375 0.5531914893617021 0.98 2.233127233299633
0.6593684089369397 0.5531914893617021 0.99 2.254312492013575
0.0 0.5673758865248226 0.0 1.6129337114661586
0.007873835130688749 0.5673758865248226 0.01 1.6129739972449355
0.015747080240503322 0.5673758865248226 0.02 1.6130948712282465
0.023619145123234167 0.5673758865248226 0.03 1.613296383381502
0.03148943920187612 0.5673758865248226 0.04 1.613578617034845
0.03935737134267223 0.5673758865248226 0.05 1.6139416889878306
0.047222349668340186 0.5673758865248226 0.06 1.6143857496571425
0.055083781370744316 0.5673758865248226 0.07 1.614910983235545
0.0629410725219983 0.5673758865248226 0.08 1.6155176079278846
0.07079362788482596 0.5673758865248226 0.09 1.6162058761878213
0.07864085072048539 0.5673758865248226 0.1 1.616976075043904
0.08648214259576263 0.5673758865248226 0.11 1.617828526420096
0.09431690318714323 0.5673758865248226 0.12 1.618763587535819
0.1021445300833511 0.5673758865248226 0.13 1.619781651321287
0.10996441858449135 0.5673758865248226 0.14 1.6208831469078346
0.11777596149940675 0.5673758865248226 0.15 1.6220685401289783
0.12557854893839954 0.5673758865248226 0.16 1.623338334115459
0.1333715681046658 0.5673758865248226 0.17 1.6246930698784656
0.14115440307994753 0.5673758865248226 0.18 1.6261333270027127
0.14892643460732738 0.5673758865248226 0.19 1.627659724359105
0.1566870398694136 0.5673758865248226 0.2 1.6292729208800107
0.16443559226225277 0.5673758865248226 0.21 1.6309736163832351
0.17217146116389265 0.5673758865248226 0.22 1.6327625524631721
0.1798940116975275 0.5673758865248226 0.23 1.6346405134436681
0.18760260448900334 0.5673758865248226 0.24 1.6366083273922936
0.19529659541905112 0.5673758865248226 0.25 1.6386668671866014
0.20297533536739965 0.5673758865248226 0.26 1.6408170516783886
0.2106381699522585 0.5673758865248226 0.27 1.6430598468908735
0.21828443925869706 0.5673758865248226 0.28 1.6453962673523561
0.22591347756401267 0.5673758865248226 0.29 1.6478273774312062
0.2335246130511163 0.5673758865248226 0.3 1.650354292813078
0.24111716751294837 0.5673758865248226 0.31 1.6529781820635414
0.24869045605180012 0.5673758865248226 0.32 1.6557002682222395
0.2562437867606785 0.5673758865248226 0.33 1.6585218306042793
0.2637764604037362 0.5673758865248226 0.34 1.661444206570971
0.27128777007595084 0.5673758865248226 0.35 1.6644687935351388
0.2787770008560853 0.5673758865248226 0.36 1.6675970510083937
0.286243429447597 0.5673758865248226 0.37 1.6708305027630597
0.2936863237999303 0.5673758865248226 0.38 1.67417073919405
0.30110494272332977 0.5673758865248226 0.39 1.6776194197210614
0.30849853547873335 0.5673758865248226 0.4 1.6811782754454092
0.3158663413613076 0.5673758865248226 0.41 1.6848491118454985
0.32320758925696375 0.5673758865248226 0.42 1.6886338117424593
0.3305214971854372 0.5673758865248226 0.43 1.6925343383807672
0.3378072718231492 0.5673758865248226 0.44 1.6965527386994737
0.34506410800334414 0.5673758865248226 0.45 1.7006911468176107
0.3522911881889938 0.5673758865248226 0.46 1.7049517877752476
0.35948768193092756 0.5673758865248226 0.47 1.7093369814065411
0.36665274529147274 0.5673758865248226 0.48 1.7138491465411547
0.37378552024385897 0.5673758865248226 0.49 1.7184908054306236
0.38088513403815266 0.5673758865248226 0.5 1.723264588488715
0.3879506985402747 0.5673758865248226 0.51 1.7281732392855709
0.3949813095307864 0.5673758865248226 0.52 1.733219619919922
0.4019760459732243 0.5673758865248226 0.53 1.7384067166821684
0.40893396922998165 0.5673758865248226 0.54 1.7437376462054666
0.4158541222486038 0.5673758865248226 0.55 1.7492156619061203
0.42273552870728015 0.5673758865248226 0.56 1.7548441608228478
0.42957719208192074 0.5673758865248226 0.57 1.7606266911728623
0.43637809470049305 0.5673758865248226 0.58 1.766566960079169
0.443137196732189 0.5673758865248226 0.59 1.7726688419265264
0.4498534351306026 0.5673758865248226 0.6 1.7789363871976966
0.4565257225655729 0.5673758865248226 0.61 1.7853738315395957
0.463152946444612 0.5673758865248226 0.62 1.7919856043224072
0.4697339684684383 0.5673758865248226 0.63 1.7987763333867777
0.4762676268051849 0.5673758865248226 0.64 1.8057508304966925
0.48275276702262837 0.5673758865248226 0.65 1.812913862496763
0.4891874065894745 0.5673758865248226 0.66 1.820276383839213
0.4955721551111664 0.5673758865248226 0.67 1.8278300473745828
0.5019039347124099 0.5673758865248226 0.68 1.8355939797430418
0.508182033593338 0.5673758865248226 0.69 1.8435697262046309
0.5144050582070857 0.5673758865248226 0.7 1.8517639251945925
0.5205715863208049 0.5673758865248226 0.71 1.8601834564465216
0.5266801538045334 0.5673758865248226 0.72 1.8688355436790451
0.5327292499764127 0.5673758865248226 0.73 1.8777277939530375
0.5387173140397296 0.5673758865248226 0.74 1.8868682294409858
0.544642731517169 0.5673758865248226 0.75 1.8962653198152988
0.5505038304632415 0.5673758865248226 0.76 1.9059280169724897
0.5562988773310281 0.5673758865248226 0.77 1.9158657930930179
0.5620260724131192 0.5673758865248226 0.78 1.926088682723626
0.5676835447959541 0.5673758865248226 0.79 1.9366073294478625
0.573269346727583 0.5673758865248226 0.8 1.9474330380008662
0.5787814473099031 0.5673758865248226 0.81 1.958577832633289
0.5842177253939974 0.5673758865248226 0.82 1.9700545227849893
0.5895759615273827 0.5673758865248226 0.83 1.981876777372418
0.594853828776949 0.5673758865248226 0.84 1.99405920921483
0.6000488821891032 0.5673758865248226 0.85 2.006617471610013
0.6051585465901747 0.5673758865248226 0.86 2.0195683695456363
0.6101801023453077 0.5673758865248226 0.87 2.032929988708395
0.6151106685568019 0.5673758865248226 0.88 2.0467218465109718
0.6199471830118513 0.5673758865248226 0.89 2.0609650706832094
0.624686377921056 0.5673758865248226 0.9 2.0756826130143584
0.6293247500834348 0.5673758865248226 0.91 2.0908995088792466
0.6338585234819952 0.5673758865248226 0.92 2.106643197873527
0.6382836012553725 0.5673758865248226 0.93 2.122943928640667
0.642595502161293 0.5673758865248226 0.94 2.139835284237844
0.6467892731806402 0.5673758865248226 0.95 2.1573548892164
0.6508593615509398 0.5673758865248226 0.96 2.1755454183301097
0.6547993934893201 0.5673758865248226 0.97 2.1944562736236226
0.6586007270182158 0.5673758865248226 0.98 2.2141535714452063
0.6622532529825913 0.5673758865248226 0.99 2.234715229704136
0.0 0.5815602836879432 0.0 1.6064605961246252
0.007889683648581173 0.5815602836879432 0.01 1.6065003354053315
0.01577878175919883 0.5815602836879432 0.02 1.6066195695011996
0.023666708612175298 0.5815602836879432 0.03 1.6068183471692685
0.031552878123931094 0.5815602836879432 0.04 1.6070967497643875
0.039436703664830625 0.5815602836879432 0.05 1.6074548912884339
0.047317597875888504 0.5815602836879432 0.06 1.6078929185564452
0.05519497248493226 0.5815602836879432 0.07 1.608411011353841
0.06306823812143844 0.5815602836879432 0.08 1.6090093826552254
0.07093680413050395 0.5815602836879432 0.09 1.6096882788565494
0.07880007838453154 0.5815602836879432 0.1 1.6104479800881455
0.08665746709390616 0.5815602836879432 0.11 1.6112888005273687
0.0945083746150131 0.5815602836879432 0.12 1.6122110887836616
0.10235220325673929 0.5815602836879432 0.13 1.6132152282967986
0.11018835308336306 0.5815602836879432 0.14 1.6143016378179018
0.11801622171616503 0.5815602836879432 0.15 1.6154707718853425
0.12583520413065094 0.5815602836879432 0.16 1.6167231213913669
0.1336446924509225 0.5815602836879432 0.17 1.618059214178776
0.14144407574157997 0.5815602836879432 0.18 1.6194796156605469
0.1492327397929956 0.5815602836879432 0.19 1.6209849295573162
0.15701006690630753 0.5815602836879432 0.2 1.6225757985939375
0.16477543566971342 0.5815602836879432 0.21 1.624252905347075
0.17252822073341428 0.5815602836879432 0.22 1.6260169730711473
0.18026779257813297 0.5815602836879432 0.23 1.6278687666133516
0.18799351727658667 0.5815602836879432 0.24 1.6298090934160288
0.19570475625177486 0.5815602836879432 0.25 1.6318388045312477
0.20340086602663812 0.5815602836879432 0.26 1.6339587957448283
0.21108119796994754 0.5815602836879432 0.27 1.6361700087204112
0.21874509802964442 0.5815602836879432 0.28 1.6384734323035595
0.22639190646599872 0.5815602836879432 0.29 1.6408701037835671
0.2340209575697837 0.5815602836879432 0.3 1.6433611103439487
0.24163157937562377 0.5815602836879432 0.31 1.645947590537272
0.24922309336581466 0.5815602836879432 0.32 1.6486307358560792
0.2567948141631668 0.5815602836879432 0.33 1.6514117924143557
0.2643460492146323 0.5815602836879432 0.34 1.654292062711734
0.27187609846269906 0.5815602836879432 0.35 1.6572729075177228
0.2793842540063827 0.5815602836879432 0.36 1.6603557478490927
0.2868697997488692 0.5815602836879432 0.37 1.6635420670753809
0.2943320110332445 0.5815602836879432 0.38 1.666833413132293
0.30177015426142606 0.5815602836879432 0.39 1.6702314008977253
0.30918348649903016 0.5815602836879432 0.4 1.6737377146941856
0.31657125506933587 0.5815602836879432 0.41 1.677354110884577
0.3239326971184861 0.5815602836879432 0.42 1.6810824207532442
0.33126703917559874 0.5815602836879432 0.43 1.6849245534122583
0.33857349669053655 0.5815602836879432 0.44 1.6888824989237305
0.34585127353420064 0.5815602836879432 0.45 1.692958331780466
0.35309956150554517 0.5815602836879432 0.46 1.6971542142982874
0.36031753979456 0.5815602836879432 0.47 1.701472400435813
0.3675043744206781 0.5815602836879432 0.48 1.7059152398355848
0.37465921766029797 0.5815602836879432 0.49 1.710485181963767
0.3817812074195624 0.5815602836879432 0.5 1.7151847807606226
0.3888694666050616 0.5815602836879432 0.51 1.720016699310478
0.39592310243723783 0.5815602836879432 0.52 1.7249837150431766
0.40294120574402 0.5815602836879432 0.53 1.73008872512401
0.4099228502008294 0.5815602836879432 0.54 1.735334752336649
0.4168670915587392 0.5815602836879432 0.55 1.7407249511009053
0.42377296679202864 0.5815602836879432 0.56 1.7462626142203344
0.43063949323622136 0.5815602836879432 0.57 1.751951179758077
0.437465667673989 0.5815602836879432 0.58 1.75779423841865
0.4442504653678313 0.5815602836879432 0.59 1.763795541449644
0.4509928391397052 0.5815602836879432 0.6 1.7699590082859262
0.45769171853330154 0.5815602836879432 0.61 1.7762887337334685
0.46434600955645833 0.5815602836879432 0.62 1.782788990960537
0.4709545978409876 0.5815602836879432 0.63 1.78946420908943
0.47751638948217284 0.5815602836879432 0.64 1.796318669412128
0.4840301152916236 0.5815602836879432 0.65 1.8033579826761266
0.4904943561766512 0.5815602836879432 0.66 1.8105888515088786
0.4969082170877617 0.5815602836879432 0.67 1.8180141053085637
0.5032703243552146 0.5815602836879432 0.68 1.8256401570796692
0.5095793499758419 0.5815602836879432 0.69 1.8334730914404855
0.5158339390196431 0.5815602836879432 0.7 1.8415192125140025
0.5220326983773362 0.5815602836879432 0.71 1.8497851312783455
0.5281741926508617 0.5815602836879432 0.72 1.8582777999142992
0.534256941008483 0.5815602836879432 0.73 1.867004539380709
0.5402794140715937 0.5815602836879432 0.74 1.8759730672286137
0.5462400306142998 0.5815602836879432 0.75 1.8851915273460222
0.5521371539954262 0.5815602836879432 0.76 1.8946685223033466
0.5579690882292557 0.5815602836879432 0.77 1.9044131490529312
0.5637340736872144 0.5815602836879432 0.78 1.9144350381499093
0.5694302822847779 0.5815602836879432 0.79 1.9247443976228624
0.5750558121620097 0.5815602836879432 0.8 1.9353520615838342
0.5806086817141284 0.5815602836879432 0.81 1.946269544732627
0.5860868228798477 0.5815602836879432 0.82 1.9575091035854073
0.5914880735528238 0.5815602836879432 0.83 1.9690838055826116
0.596810168942753 0.5815602836879432 0.84 1.9810076075362804
0.6020507316779325 0.5815602836879432 0.85 1.9932954451658942
0.6072072603771742 0.5815602836879432 0.86 2.0059633359703146
0.6122771163370552 0.5815602836879432 0.87 2.0190284983201043
0.6172575078725101 0.5815602836879432 0.88 2.032509490490537
0.6221454716807235 0.5815602836879432 0.89 2.0464263746259026
0.6269378503697487 0.5815602836879432 0.9 2.0608009123480153
0.6316312649275514 0.5815602836879432 0.91 2.075656801426414
0.6362220803515368 0.5815602836879432 0.92 2.0910199670008995
0.6407063617251657 0.5815602836879432 0.93 2.1069189275930356
0.6450798164340866 0.5815602836879432 0.94 2.1233852675457205
0.6493377151930232 0.5815602836879432 0.95 2.140454268867321
0.6534747773493117 0.5815602836879432 0.96 2.158165805407894
0.6574849777011705 0.5815602836879432 0.97 2.1765657935605756
0.6613603493166188 0.5815602836879432 0.98 2.1957143660489136
0.6650916046252551 0.5815602836879432 0.99 2.215682142920989
0.0 0.5957446808510638 0.0 1.6000947144820061
0.007905363317397952 0.5957446808510638 0.01 1.6001339201986335
0.015810145508196344 0.5957446808510638 0.02 1.6002515532049846
0.023713765267454775 0.5957446808510638 0.03 1.6004476611158656
0.031615640933345755 0.5957446808510638 0.04 1.6007223233452388
0.0395151903082267 0.5957446808510638 0.05 1.6010756511974469
0.04741183047889135 0.5957446808510638 0.06 1.6015077880084128
0.055304977636357174 0.5957446808510638 0.07 1.602018909291094
0.06319404689418494 0.5957446808510638 0.08 1.6026092229543383
0.07107845210579777 0.5957446808510638 0.09 1.6032789695369338
0.07895760568019489 0.5957446808510638 0.1 1.6040284224889796
0.08683091839572418 0.5957446808510638 0.11 1.604857888499808
0.09469779921258992 0.5957446808510638 0.12 1.6057677078383403
0.10255765508249198 0.5957446808510638 0.13 1.6067582547643484
0.11040989075580843 0.5957446808510638 0.14 1.6078299379777214
0.11825390858650421 0.5957446808510638 0.15 1.6089832010969338
0.12608910833432863 0.5957446808510638 0.16 1.610218523178516
0.1339148869629728 0.5957446808510638 0.17 1.611536419305718
0.14173063843554742 0.5957446808510638 0.18 1.6129374412016024
0.14953575350513645 0.5957446808510638 0.19 1.6144221779186085
0.15732961950382612 0.5957446808510638 0.2 1.6159912565208814
0.16511162012367336 0.5957446808510638 0.21 1.6176453429019357
0.17288113519687526 0.5957446808510638 0.22 1.619385142571878
0.18063754046759065 0.5957446808510638 0.23 1.6212114015708454
0.18838020736100491 0.5957446808510638 0.24 1.623124907388899
0.19610850274531894 0.5957446808510638 0.25 1.6251264899745066
0.20382178868695067 0.5957446808510638 0.26 1.6272170228164835
0.21151942220178763 0.5957446808510638 0.27 1.6293974240500488
0.21920075499598904 0.5957446808510638 0.28 1.6316686576907633
0.22686513320372953 0.5957446808510638 0.29 1.6340317348735653
0.23451189711211087 0.5957446808510638 0.3 1.6364877152454038
0.24214038088229625 0.5957446808510638 0.31 1.6390377083698109
0.24974991225889004 0.5957446808510638 0.32 1.6416828752597188
0.25733981227031394 0.5957446808510638 0.33 1.6444244299922242
0.26490939492104715 0.5957446808510638 0.34 1.6472636413935473
0.27245796686988255 0.5957446808510638 0.35 1.6502018348671297
0.27998482710040296 0.5957446808510638 0.36 1.653240394281671
0.28748926657720575 0.5957446808510638 0.37 1.6563807639994206
0.29497056788926174 0.5957446808510638 0.38 1.6596244510223652
0.3024280048807243 0.5957446808510638 0.39 1.6629730272510714
0.30986084226559074 0.5957446808510638 0.4 1.6664281318952083
0.31726833523143405 0.5957446808510638 0.41 1.6699914739764747
0.32464972902062 0.5957446808510638 0.42 1.6736648350491548
0.33200425849381143 0.5957446808510638 0.43 1.67745007207905
0.33933114768423356 0.5957446808510638 0.44 1.6813491203962214
0.3466296093208796 0.5957446808510638 0.45 1.6853639969458418
0.3538988443362304 0.5957446808510638 0.46 1.6894968036728821
0.3611380413499292 0.5957446808510638 0.47 1.6937497311283902
0.36834637612676924 0.5957446808510638 0.48 1.698125062310879
0.3755230110159238 0.5957446808510638 0.49 1.7026251766789324
0.38266709435014457 0.5957446808510638 0.5 1.7072525545332242
0.389777759826957 0.5957446808510638 0.51 1.712009781562988
0.39685412584503593 0.5957446808510638 0.52 1.7168995538025003
0.40389529482803327 0.5957446808510638 0.53 1.7219246827125751
0.4109003524977825 0.5957446808510638 0.54 1.7270881007292094
0.41786836710033914 0.5957446808510638 0.55 1.7323928672414406
0.42479838862045133 0.5957446808510638 0.56 1.7378421747056585
0.43168944795216757 0.5957446808510638 0.57 1.7434393551858798
0.43854055602454545 0.5957446808510638 0.58 1.7491878873333644
0.4453507030139692 0.5957446808510638 0.59 1.7550914027769968
0.4521188575819912 0.5957446808510638 0.6 1.7611536924955942
0.45884396699251007 0.5957446808510638 0.61 1.7673787066409028
0.4655249613340373 0.5957446808510638 0.62 1.7737705237687922
0.4721608124160203 0.5957446808510638 0.63 1.780332910363757
0.4787502322438248 0.5957446808510638 0.64 1.7870715981816447
0.48529189315366145 0.5957446808510638 0.65 1.79399257147024
0.4917849764471147 0.5957446808510638 0.66 1.8010980516397495
0.4982281382337541 0.5957446808510638 0.67 1.8083941883106016
0.5046201108746351 0.5957446808510638 0.68 1.8158865674127143
0.5109596011875935 0.5957446808510638 0.69 1.8235809769444906
0.5172452810372193 0.5957446808510638 0.7 1.8314834800067483
0.5234757837533704 0.5957446808510638 0.71 1.839600444460942
0.5296497013395638 0.5957446808510638 0.72 1.8479385669985393
0.5357655817423616 0.5957446808510638 0.73 1.856504897134287
0.5418219259730511 0.5957446808510638 0.74 1.865306862727128
0.5478171850009226 0.5957446808510638 0.75 1.874352297680813
0.5537497563608034 0.5957446808510638 0.76 1.8836494723036081
0.5596179804336341 0.5957446808510638 0.77 1.89320712669896
0.5654201363442626 0.5957446808510638 0.78 1.9030345076692907
0.5711544374211135 0.5957446808510638 0.79 1.913141409624772
0.5768190261424225 0.5957446808510638 0.8 1.9235382201411575
0.5824119684949026 0.5957446808510638 0.81 1.9342359708239665
0.587931247634035 0.5957446808510638 0.82 1.9452463944086695
0.5933747567324765 0.5957446808510638 0.83 1.9565819890762834
0.5987402908492088 0.5957446808510638 0.84 1.9682560913620653
0.6040255376401218 0.5957446808510638 0.85 1.9802829591636002
0.6092280666524159 0.5957446808510638 0.86 1.9926778669353404
0.6143453168861425 0.5957446808510638 0.87 2.005457215625152
0.619374582202086 0.5957446808510638 0.88 2.0186386606963542
0.6243129940125879 0.5957446808510638 0.89 2.0322412626496966
0.6291575004795777 0.5957446808510638 0.9 2.046285666030659
0.6339048411238164 0.5957446808510638 0.91 2.0607943152474557
0.6385515152687403 0.5957446808510638 0.92 2.0757917190085085
0.6430937419113905 0.5957446808510638 0.93 2.0913047811061167
0.6475274072293268 0.5957446808510638 0.94 2.1073632250411025
0.6518479933253126 0.5957446808510638 0.95 2.1240001581565795
0.6560504756187878 0.5957446808510638 0.96 2.141252863319703
0.6601291545908563 0.5957446808510638 0.97 2.15916405172082
0.6640766743520751 0.5957446808510638 0.98 2.1777884967514645
0.667884484025212 0.5957446808510638 0.99 2.1971903385311258
0.0 0.6099290780141844 0.0 1.5938336611646826
0.007920876322548311 0.6099290780141844 0.01 1.5938723458542343
0.015841175859652352 0.6099290780141844 0.02 1.5939884154078787
0.02376032165085504 0.6099290780141844 0.03 1.5941819163254758
0.03167773638560838 0.6099290780141844 0.04 1.594452926147195
0.039592842227526175 0.6099290780141844 0.05 1.5948015535685032
0.047505060638271486 0.6099290780141844 0.06 1.5952279385476558
0.055413812200535276 0.6099290780141844 0.07 1.59573225246849
0.0633185164400587 0.6099290780141844 0.08 1.5963146983338334
0.07121859164613445 0.6099290780141844 0.09 1.5969755110102621
0.07911345469086176 0.6099290780141844 0.1 1.5977149574948113
0.08700252084714995 0.6099290780141844 0.11 1.598533337206209
0.09488520360399456 0.6099290780141844 0.12 1.5994309823513477
0.10276091447997587 0.6099290780141844 0.13 1.600408258311601
0.11062906283504147 0.6099290780141844 0.14 1.601465564051133
0.11848905567808296 0.6099290780141844 0.15 1.60260333261759
0.12634029747369033 0.6099290780141844 0.16 1.6038220316221352
0.13418218994479306 0.6099290780141844 0.17 1.6051221637983992
0.14201413187090556 0.6099290780141844 0.18 1.60650426762866
0.1498355188848817 0.6099290780141844 0.19 1.6079689179626513
0.1576457432639113 0.6099290780141844 0.2 1.6095167267304713
0.16544419371754696 0.6099290780141844 0.21 1.6111483436763976
0.17323025517099663 0.6099290780141844 0.22 1.6128644571517021
0.18100330854125557 0.6099290780141844 0.23 1.6146657950039844
0.18876273051269016 0.6099290780141844 0.24 1.616553125434357
0.19650789330284493 0.6099290780141844 0.25 1.6185272579949508
0.20423816442415987 0.6099290780141844 0.26 1.6205890446120885
0.21195290643927514 0.6099290780141844 0.27 1.6227393806764494
0.21965147670996388 0.6099290780141844 0.28 1.6249792061958803
0.22733322713729678 0.6099290780141844 0.29 1.6273095070432522
0.23499750389620971 0.6099290780141844 0.3 1.6297313162471387
0.24264364716107348 0.6099290780141844 0.31 1.632245715374954
0.2502709908226602 0.6099290780141844 0.32 1.634853835997731
0.2578788621959169 0.6099290780141844 0.33 1.6375568612415186
0.2654665817185371 0.6099290780141844 0.34 1.6403560274230085
0.2730334626384556 0.6099290780141844 0.35 1.6432526257908393
0.280578810690862 0.6099290780141844 0.36 1.646248004361642
0.2881019237649253 0.6099290780141844 0.37 1.6493435698476675
0.2956020915532648 0.6099290780141844 0.38 1.652540789754454
0.3030785951955834 0.6099290780141844 0.39 1.655841194512869
0.31053070690158735 0.6099290780141844 0.4 1.6592463798162127
0.3179576895684893 0.6099290780141844 0.41 1.6627580089890626
0.3253587963605831 0.6099290780141844 0.42 1.6663778157346327
0.3327332703050287 0.6099290780141844 0.43 1.6701076066828067
0.3400803438424612 0.6099290780141844 0.44 1.6739492643906935
0.347399238370457 0.6099290780141844 0.45 1.6779047503886007
0.35468916376105997 0.6099290780141844 0.46 1.6819761084659708
0.361949317863522 0.6099290780141844 0.47 1.6861654680861997
0.36917888597832116 0.6099290780141844 0.48 1.690475048066368
0.37637704030806185 0.6099290780141844 0.49 1.6949071604653612
0.3835429393777081 0.6099290780141844 0.5 1.6994642147500416
0.39067572743768536 0.6099290780141844 0.51 1.7041487221185807
0.3977745338246233 0.6099290780141844 0.52 1.7089633002102629
0.40483847229486586 0.6099290780141844 0.53 1.7139106780643618
0.41186664033536413 0.6099290780141844 0.54 1.7189937012973535
0.4188581184256868 0.6099290780141844 0.55 1.7242153377278286
0.42581196929220544 0.6099290780141844 0.56 1.7295786831095197
0.4327272371272962 0.6099290780141844 0.57 1.735086967218735
0.43960294687693324 0.6099290780141844 0.58 1.7407435594858538
0.4464381036499297 0.6099290780141844 0.59 1.7465519738339932
0.4532316931734643 0.6099290780141844 0.6 1.752515865678058
0.45998268761806016 0.6099290780141844 0.61 1.7586389886785454
0.4666901366130985 0.6099290780141844 0.62 1.7649245105648295
0.47335261625910446 0.6099290780141844 0.63 1.771379177371819
0.4799691241249942 0.6099290780141844 0.64 1.7780065100324838
0.4865387131772686 0.6099290780141844 0.65 1.784809664665509
0.49306012542965116 0.6099290780141844 0.66 1.7917941212867952
0.49953214889644576 0.6099290780141844 0.67 1.7989650160086326
0.5059535471339072 0.6099290780141844 0.68 1.8063276730962452
0.5123230516187885 0.6099290780141844 0.69 1.8138876642146655
0.5186393585834962 0.6099290780141844 0.7 1.8216508343573217
0.5249011265629236 0.6099290780141844 0.71 1.829623322693787
0.5311069739871714 0.6099290780141844 0.72 1.8378115833691595
0.5372554766528578 0.6099290780141844 0.73 1.8462224075462053
0.543345165010261 0.6099290780141844 0.74 1.8548629472024956
0.5493745212115785 0.6099290780141844 0.75 1.8637407411278866
0.5553419758867078 0.6099290780141844 0.76 1.872863743422083
0.5612459046090368 0.6099290780141844 0.77 1.8822403548270095
0.5670846240007987 0.6099290780141844 0.78 1.891879457326246
0.5728563874231439 0.6099290780141844 0.79 1.9017904524849327
0.5785593801922003 0.6099290780141844 0.8 1.9119833040454692
0.5841917142395109 0.6099290780141844 0.81 1.9224685854662962
0.5897514221302166 0.6099290780141844 0.82 1.9332575331473103
0.5952364503167403 0.6099290780141844 0.83 1.9443621063495928
0.6006446514963681 0.6099290780141844 0.84 1.9557950549136207
0.6059737758869317 0.6099290780141844 0.85 1.9675699962800304
0.6112214612031173 0.6099290780141844 0.86 1.9797015035788708
0.6163852210372546 0.6099290780141844 0.87 1.9922052071366176
0.6214624312692865 0.6099290780141844 0.88 2.0050979123548975
0.626450313993274 0.6099290780141844 0.89 2.0183977379238756
0.631345918270793 0.6099290780141844 0.9 2.0321242796357852
0.6361460967323931 0.6099290780141844 0.91 2.04629880714574
0.6408474766231843 0.6099290780141844 0.92 2.0609445040664753
0.6454464231741754 0.6099290780141844 0.93 2.076086766814341
0.6499389919724139 0.6099290780141844 0.94 2.091753586042985
0.6543208647606871 0.6099290780141844 0.95 2.107976049932999
0.6585872578214914 0.6099290780141844 0.96 2.124789044252383
0.6627327757439364 0.6099290780141844 0.97 2.142232332732948
0.6667506150081806 0.6099290780141844 0.98 2.160355890862009
0.6706328863344849 0.6099290780141844 0.99 2.179218094616256
0.0 0.624113475177305 0.0 1.5876751005403433
0.007936224813968886 0.624113475177305 0.01 1.5877132763678357
0.015871877114782714 0.624113475177305 0.02 1.587827818979853
0.023806384217600014 0.624113475177305 0.03 1.588018773784854
0.03173917309396774 0.624113475177305 0.04 1.5882862165241391
0.0396696701995212 0.624113475177305 0.05 1.5886302533551093
0.04759730130109755 0.624113475177305 0.06 1.5890510209706323
0.05552149130310434 0.624113475177305 0.07 1.5895486867507331
0.06344166407258824 0.624113475177305 0.08 1.590123448966715
0.07135724226394127 0.624113475177305 0.09 1.5907755369737908
0.07926764714076295 0.624113475177305 0.1 1.5915052115167807
0.08717229839776043 0.624113475177305 0.11 1.59231276498769
0.09507061397925332 0.624113475177305 0.12 1.5931985217928775
0.10296200989693818 0.624113475177305 0.13 1.5941628387028888
0.11084590004447308 0.624113475177305 0.14 1.5952061052770732
0.11872169600980843 0.624113475177305 0.15 1.5963287443162497
0.12658880688494056 0.624113475177305 0.16 1.5975312123518401
0.13444663907251778 0.624113475177305 0.17 1.5988140001822033
0.1422945960888444 0.624113475177305 0.18 1.6001776334600843
0.15013207836420012 0.624113475177305 0.19 1.6016226733046812
0.1579584830383322 0.624113475177305 0.2 1.6031497169847742
0.16577320375263596 0.624113475177305 0.21 1.6047593986317708
0.1735756304376378 0.624113475177305 0.22 1.6064523900103231
0.1813651490950692 0.624113475177305 0.23 1.6082294013533764
0.189141141577259 0.624113475177305 0.24 1.6100911822083657
0.19690298535788436 0.624113475177305 0.25 1.6120385224004496
0.20465005329932034 0.624113475177305 0.26 1.6140722530113183
0.21238171341332943 0.624113475177305 0.27 1.6161932474309437
0.22009732861436948 0.624113475177305 0.28 1.6184024224872253
0.22779625646837312 0.624113475177305 0.29 1.6207007396070614
0.23547784893064824 0.624113475177305 0.3 1.623089206101627
0.2431414520786637 0.624113475177305 0.31 1.6255688764848302
0.25078640583617706 0.624113475177305 0.32 1.628140853876944
0.25841204368680715 0.624113475177305 0.33 1.6308062915135386
0.2660176923809232 0.624113475177305 0.34 1.6335663943054954
0.2736026716304938 0.624113475177305 0.35 1.6364224205185884
0.28116629379277724 0.624113475177305 0.36 1.6393756835552165
0.2887078635475553 0.624113475177305 0.37 1.6424275537819568
0.2962266775530647 0.624113475177305 0.38 1.6455794605753364
0.30372202410242116 0.624113475177305 0.39 1.648832894329758
0.31119318274976476 0.624113475177305 0.4 1.6521894087765154
0.31863942394216443 0.624113475177305 0.41 1.6556506232092492
0.3260600086153766 0.624113475177305 0.42 1.6592182250736858
0.3334541877897526 0.624113475177305 0.43 1.6628939725261396
0.3408212021391712 0.624113475177305 0.44 1.6666796972496358
0.348160281548959 0.624113475177305 0.45 1.6705773073599142
0.35547064464572803 0.624113475177305 0.46 1.674588790571386
0.3627514983082294 0.624113475177305 0.47 1.6787162175280033
0.3700020371689978 0.624113475177305 0.48 1.682961745213087
0.3772214430656065 0.624113475177305 0.49 1.687327620821089
0.3844088845017401 0.624113475177305 0.5 1.6918161855336127
0.3915635160450787 0.624113475177305 0.51 1.6964298788695882
0.398684477726316 0.624113475177305 0.52 1.7011712430265031
0.4057708943937043 0.624113475177305 0.53 1.7060429276268438
0.41282187505106566 0.624113475177305 0.54 1.7110476946278366
0.4198365121654242 0.624113475177305 0.55 1.7161884235242701
0.42681388098541234 0.624113475177305 0.56 1.72146811651857
0.4337530388945182 0.624113475177305 0.57 1.7268899035047323
0.4406530250645412 0.624113475177305 0.58 1.7324570448311893
0.44751286118815276 0.624113475177305 0.59 1.7381729260145167
0.45433156003678316 0.624113475177305 0.6 1.7440409932917333
0.461108181436524 0.624113475177305 0.61 1.7500643341311088
0.4678413516383238 0.624113475177305 0.62 1.7562493142483944
0.47453019182728157 0.624113475177305 0.63 1.7625985151823695
0.4811737018279673 0.624113475177305 0.64 1.7691154748479538
0.4877706990876934 0.624113475177305 0.65 1.7758050914917156
0.4943200228946019 0.624113475177305 0.66 1.782672095488948
0.5008204890932739 0.624113475177305 0.67 1.789721393089279
0.507270883957358 0.624113475177305 0.68 1.796958114124863
0.5136699614440636 0.624113475177305 0.69 1.8043876343137035
0.5200164410254142 0.624113475177305 0.7 1.812015593417159
0.5263090055574178 0.624113475177305 0.71 1.8198479133419292
0.5325462990534263 0.624113475177305 0.72 1.8278908172264772
0.5387269242994716 0.624113475177305 0.73 1.8361508500083095
0.5448494402732554 0.624113475177305 0.74 1.8446349007908107
0.5509123593387837 0.624113475177305 0.75 1.8533502272575793
0.5569141441771234 0.624113475177305 0.76 1.862304482464989
0.5628532044266706 0.624113475177305 0.77 1.8715057442631653
0.5687278929821533 0.624113475177305 0.78 1.8809625477683016
0.5745365019070865 0.624113475177305 0.79 1.8906839212825737
0.5802772579022021 0.624113475177305 0.8 1.9006794261538353
0.5859483172550827 0.624113475177305 0.81 1.9109592011982737
0.5915477601907986 0.624113475177305 0.82 1.9215340123652913
0.5970735845164851 0.624113475177305 0.83 1.9324153085256346
0.6025236984298062 0.624113475177305 0.84 1.9436152844443226
0.6078959123337795 0.624113475177305 0.85 1.9551469522172775
0.6131879294504301 0.624113475177305 0.86 1.9670242228229058
0.6183973349692585 0.624113475177305 0.87 1.979261999865421
0.62352158339477 0.624113475177305 0.88 1.991876288127286
0.6285579836276673 0.624113475177305 0.89 2.0048843204828986
0.6335036811633398 0.624113475177305 0.9 2.018304707827608
0.6383556365419052 0.624113475177305 0.91 2.0321576184536307
0.6431105988005328 0.624113475177305 0.92 2.0464649960053674
0.6477650720682241 0.624113475177305 0.93 2.0612508293994414
0.6523152723980721 0.624113475177305 0.94 2.0765414952853942
0.6567570700036565 0.624113475177305 0.95 2.092366206727428
0.6610859076152288 0.624113475177305 0.96 2.108757631500141
0.6652966736269773 0.624113475177305 0.97 2.1257528226974896
0.6693830631798134 0.624113475177305 0.98 2.1433974624441894
0.6733377820955951 0.624113475177305 0.99 2.161744789849186
0.0 0.6382978723404256 0.0 1.5816167642183456
0.00795141090691334 0.6382978723404256 0.01 1.5816544429915764
0.01590225350546814 0.6382978723404256 0.02 1.5817674940760218
0.02385195931873343 0.6382978723404256 0.03 1.5819559618476677
0.03179995953270135 0.6382978723404256 0.04 1.5822199202847687
0.03974568482690857 0.6382978723404256 0.05 1.5825594731011532
0.047688565205252324 0.6382978723404256 0.06 1.5829747538109402
0.05562802982488153 0.6382978723404256 0.07 1.5834659259362855
0.06356350682547912 0.6382978723404256 0.08 1.5840331831376686
0.0714944231563062 0.6382978723404256 0.09 1.5846767494612854
0.0794202044022854 0.6382978723404256 0.1 1.585396879587193
0.08734027460871939 0.6382978723404256 0.11 1.5861938591076308
0.09525405610367108 0.6382978723404256 0.12 1.5870680048646524
0.10316096931883784 0.6382978723404256 0.13 1.5880196653031764
0.11106043260823635 0.6382978723404256 0.14 1.5890492208642033
0.11895186206354792 0.6382978723404256 0.15 1.590157084442687
0.12683467132852708 0.6382978723404256 0.16 1.5913437018337604
0.13470827140796443 0.6382978723404256 0.17 1.5926095522902095
0.14257207047664572 0.6382978723404256 0.18 1.5939551490383175
0.15042547368219253 0.6382978723404256 0.19 1.5953810399079433
0.15826788294460103 0.6382978723404256 0.2 1.5968878079918165
0.16609869675408245 0.6382978723404256 0.21 1.598476072304662
0.1739173099615662 0.6382978723404256 0.22 1.600146488556765
0.18172311356611945 0.6382978723404256 0.23 1.6018997499440095
0.18951549449834154 0.6382978723404256 0.24 1.6037365879765986
0.19729383539692547 0.6382978723404256 0.25 1.6056577733926116
0.2050575143809655 0.6382978723404256 0.26 1.6076641171050126
0.2128059048140665 0.6382978723404256 0.27 1.6097564712446408
0.22053837506586396 0.6382978723404256 0.28 1.611935730205652
0.228254288264707 0.6382978723404256 0.29 1.6142028317926844
0.2359530020416904 0.6382978723404256 0.3 1.6165587584563996
0.2436338682696238 0.6382978723404256 0.31 1.6190045385629195
0.25129623279351754 0.6382978723404256 0.32 1.6215412477466113
0.2589394351526141 0.6382978723404256 0.33 1.6241700103418535
0.2665628082907787 0.6382978723404256 0.34 1.626892000930422
0.2741656782612362 0.6382978723404256 0.35 1.629708445925277
0.28174736391843713 0.6382978723404256 0.36 1.6326206252815139
0.28930717660071487 0.6382978723404256 0.37 1.635629874285179
0.2968444197977526 0.6382978723404256 0.38 1.638737585487519
0.3043583888110028 0.6382978723404256 0.39 1.6419452106883907
0.31184837040023433 0.6382978723404256 0.4 1.645254263048771
0.3193136424077078 0.6382978723404256 0.41 1.6486663194166329
0.32675347338277444 0.6382978723404256 0.42 1.6521830226212695
0.3341671221772994 0.6382978723404256 0.43 1.6558060840514044
0.34155383753024765 0.6382978723404256 0.44 1.6595372863178413
0.34891285763516366 0.6382978723404256 0.45 1.6633784860683094
0.35624340968804613 0.6382978723404256 0.46 1.6673316169779706
0.363544709413016 0.6382978723404256 0.47 1.6713986929382014
0.37081596056560373 0.6382978723404256 0.48 1.6755818114428098
0.3780563544236538 0.6382978723404256 0.49 1.6798831570824346
0.3852650692449121 0.6382978723404256 0.5 1.6843050053416373
0.3924412696952772 0.6382978723404256 0.51 1.6888497266557712
0.39958410627092417 0.6382978723404256 0.52 1.6935197905294639
0.40669271468689444 0.6382978723404256 0.53 1.6983177699669816
0.41376621525203156 0.6382978723404256 0.54 1.7032463460479452
0.4208037122373534 0.6382978723404256 0.55 1.708308312606873
0.42780429337649584 0.6382978723404256 0.56 1.713506579927336
0.43476702965788855 0.6382978723404256 0.57 1.7188441763094768
0.44169097660640066 0.6382978723404256 0.58 1.7243242383727264
0.44857518743272695 0.6382978723404256 0.59 1.729949911017705
0.45540362365808407 0.6382978723404256 0.6 1.7358393802486567
0.4622202668076438 0.6382978723404256 0.61 1.7416532807211689
0.46897903874243685 0.6382978723404256 0.62 1.7477387476707453
0.47569400722323674 0.6382978723404256 0.63 1.753984448609065
0.4823640524337737 0.6382978723404256 0.64 1.7603948029972871
0.4889880609344754 0.6382978723404256 0.65 1.7669741748158327
0.49556489684233285 0.6382978723404256 0.66 1.7737270926772155
0.5020933969219109 0.6382978723404256 0.67 1.7806582880916542
0.5085723682293347 0.6382978723404256 0.68 1.787772714458997
0.5150005861876892 0.6382978723404256 0.69 1.795075562939584
0.5213767927005055 0.6382978723404256 0.7 1.802572278219185
0.5276996941801176 0.6382978723404256 0.71 1.8102685751216467
0.5339679594422555 0.6382978723404256 0.72 1.8181704564598484
0.5401802174405307 0.6382978723404256 0.73 1.8262842323515318
0.5463350548077421 0.6382978723404256 0.74 1.8346165412717066
0.552431013179683 0.6382978723404256 0.75 1.8431743730551329
0.5584665862808884 0.6382978723404256 0.76 1.851965094043889
0.5644402167219998 0.6382978723404256 0.77 1.860996474781252
0.5703502924869446 0.6382978723404256 0.78 1.8702767204697304
0.5761951430547584 0.6382978723404256 0.79 1.879814504645032
0.5819730351066881 0.6382978723404256 0.8 1.889619006490367
0.587682167749164 0.6382978723404256 0.81 1.899699952362468
0.5933206671798104 0.6382978723404256 0.82 1.910067662140997
0.5988865806989836 0.6382978723404256 0.83 1.9207331011962885
0.6043778699447078 0.6382978723404256 0.84 1.931707938956242
0.609792403213339 0.6382978723404256 0.85 1.9430046151874059
0.6151279466697014 0.6382978723404256 0.86 1.954636415523855
0.6203821542198156 0.6382978723404256 0.87 1.9666175580263263
0.6255525557291709 0.6382978723404256 0.88 1.9789632931977468
0.63063654318127 0.6382978723404256 0.89 1.9916900205301622
0.635631354221725 0.6382978723404256 0.9 2.004815425722754
0.6405340523180949 0.6382978723404256 0.91 2.0183586442282406
0.6453415024367337 0.6382978723404256 0.92 2.03234045907801
0.6500503406021987 0.6382978723404256 0.93 2.0467835446201694
0.6546569348125638 0.6382978723404256 0.94 2.0617127738735768
0.6591573331405364 0.6382978723404256 0.95 2.07715561823643
0.6635471911147984 0.6382978723404256 0.96 2.093142692934062
0.6678216618446862 0.6382978723404256 0.97 2.109708558009384
0.6719748900492681 0.6382978723404256 0.98 2.126895055254744
0.6760001176819584 0.6382978723404256 0.99 2.1447508375871527
0.0 0.652482269503546 0.0 1.5756564486795588
0.007966436682683641 0.652482269503546 0.01 1.5756936418453904
0.015932309195533033 0.652482269503546 0.02 1.5758052357830972
0.023897053203344985 0.652482269503546 0.03 1.5759912738373252
0.03186010403990837 0.652482269503546 0.04 1.5762518283092688
0.03982089654225804 0.652482269503546 0.05 1.5765870005146692
0.04777886488394722 0.652482269503546 0.06 1.5769969209236703
0.055733442407906335 0.652482269503546 0.07 1.577481749290338
0.06368406145832858 0.652482269503546 0.08 1.5780416748278507
0.07163015321106653 0.652482269503546 0.09 1.5786769164339491
0.07957114750337368 0.652482269503546 0.1 1.5793877229143367
0.08750647266162297 0.652482269503546 0.11 1.5801743732694125
0.09543555532688609 0.652482269503546 0.12 1.5810371770251632
0.10335782027963947 0.652482269503546 0.13 1.5819764745589027
0.11127269026188916 0.652482269503546 0.14 1.5829926374833698
0.11917958579580698 0.652482269503546 0.15 1.5840860690982226
0.1270779250018992 0.652482269503546 0.16 1.5852572048159526
0.1349671234123882 0.652482269503546 0.17 1.5865065126853308
0.1428465937828291 0.652482269503546 0.18 1.5878344939187923
0.15071574589920672 0.652482269503546 0.19 1.589241683491192
0.15857398638259335 0.652482269503546 0.2 1.590728650754331
0.16642071848938658 0.652482269503546 0.21 1.5922960001105486
0.17425534190806805 0.652482269503546 0.22 1.5939443717203072
0.18207725254977403 0.652482269503546 0.23 1.5956744422916276
0.18988584233596917 0.652482269503546 0.24 1.5974869258833952
0.1976804989805619 0.652482269503546 0.25 1.599382574772399
0.2054606057671296 0.652482269503546 0.26 1.601362180367757
0.21322554131750154 0.652482269503546 0.27 1.6034265742281164
0.22097467936054566 0.652482269503546 0.28 1.6055766290394662
0.22870738848622432 0.652482269503546 0.29 1.6078132597835848
0.2364230318986495 0.652482269503546 0.3 1.6101374248792546
0.2441209671617506 0.652482269503546 0.31 1.6125501273979723
0.2518005459341906 0.652482269503546 0.32 1.6150524163936637
0.25946111369592184 0.652482269503546 0.33 1.6176453883060298
0.2671020094701156 0.652482269503546 0.34 1.620330188390574
0.27472256553097646 0.652482269503546 0.35 1.623108012295154
0.2823221071101948 0.652482269503546 0.36 1.6259801076230358
0.2898999520717969 0.652482269503546 0.37 1.6289477758379987
0.2974554106059207 0.652482269503546 0.38 1.632012373913993
0.3049877848887087 0.652482269503546 0.39 1.635175316351346
0.3124963687373531 0.652482269503546 0.4 1.6384380772122995
0.3199804472472946 0.652482269503546 0.41 1.6418021923219466
0.32743929642487973 0.652482269503546 0.42 1.6452692614926776
0.3348721827956099 0.652482269503546 0.43 1.6488409509811104
0.3422783629978947 0.652482269503546 0.44 1.6525189960669475
0.3496570833645082 0.652482269503546 0.45 1.6563052037349153
0.35700757947798867 0.652482269503546 0.46 1.660201455593264
0.3643290757184905 0.652482269503546 0.47 1.6642097108497846
0.3716207847849657 0.652482269503546 0.48 1.6683320095307348
0.37888190718104475 0.652482269503546 0.49 1.672570476011624
0.3861116307199461 0.652482269503546 0.5 1.6769273223750525
0.3933091299582584 0.652482269503546 0.51 1.6814048524095802
0.4004735656677736 0.652482269503546 0.52 1.6860054652855958
0.40760408421648514 0.652482269503546 0.53 1.6907316600375994
0.41469981708381715 0.652482269503546 0.54 1.695586038957263
0.4217598804117719 0.652482269503546 0.55 1.7005713108253728
0.428783374993309 0.652482269503546 0.56 1.7056902908294111
0.43576938862661074 0.652482269503546 0.57 1.7109458823471788
0.44271701714267625 0.652482269503546 0.58 1.7163409157583935
0.44882965557214227 0.652482269503546 0.59 1.7279888447776328
0.4564930064305399 0.652482269503546 0.6 1.72756439184691
0.46331942085837036 0.652482269503546 0.61 1.7333994738330036
0.47010349908219234 0.652482269503546 0.62 1.7393877674618177
0.4768441743567869 0.652482269503546 0.63 1.7455332925326115
0.4835403769026997 0.652482269503546 0.64 1.7518400814698722
0.4901910154551793 0.652482269503546 0.65 1.758312321169591
0.49679497341116696 0.652482269503546 0.66 1.7649543830779404
0.5033511067762048 0.652482269503546 0.67 1.7717708395791854
0.5098582424728634 0.652482269503546 0.68 1.7787664777521053
0.5163151766558348 0.652482269503546 0.69 1.7859463132075621
0.522720672964772 0.652482269503546 0.7 1.793315604563147
0.5290734606587045 0.652482269503546 0.71 1.8008798689918282
0.5353722326148754 0.652482269503546 0.72 1.808644898998437
0.5416156431637862 0.652482269503546 0.73 1.8166167806534945
0.5478023057494447 0.652482269503546 0.74 1.824801913398419
0.5539307903772879 0.652482269503546 0.75 1.8332070317195797
0.5599996208341779 0.652482269503546 0.76 1.8418392288447676
0.5660072716486956 0.652482269503546 0.77 1.8507059827321506
0.5719521647486328 0.652482269503546 0.78 1.8598151847030242
0.5778326657843713 0.652482269503546 0.79 1.8691751710011801
0.5836470800591569 0.652482269503546 0.8 1.87879475775488
0.5893936480147871 0.652482269503546 0.81 1.88868327978106
0.5950705401913697 0.652482269503546 0.82 1.898850633881305
0.6006758515853355 0.652482269503546 0.83 1.9093073272628334
0.6062075952898708 0.652482269503546 0.84 1.92006453199939
0.6116636952833626 0.652482269503546 0.85 1.9311341465940997
0.6170419782081168 0.652482269503546 0.86 1.9425288658925617
0.6223401639118981 0.652482269503546 0.87 1.9542622610831037
0.6275558544846841 0.652482269503546 0.88 1.9663488718333713
0.6326865214187074 0.652482269503546 0.89 1.978804313346607
0.637729490401549 0.652482269503546 0.9 1.991645401964013
0.6426819230591578 0.652482269503546 0.91 2.004890304282343
0.6475407946809303 0.652482269503546 0.92 2.018558716719363
0.6523028665053404 0.652482269503546 0.93 2.0326720855491307
0.6569646503642984 0.652482269503546 0.94 2.0472538826682944
0.6615223621152437 0.652482269503546 0.95 2.0623299614528863
0.6659718571721119 0.652482269503546 0.96 2.077929037404206
0.6703085354211077 0.652482269503546 0.97 2.0940833774427157
0.6745269463810522 0.652482269503546 0.98 2.1108313894457353
0.6786208157617568 0.652482269503546 0.99 2.1282176244137134
0.0 0.6666666666666666 0.0 1.5697920129447542
0.007981304189356978 0.6666666666666666 0.01 1.5698287316228354
0.015962048282473825 0.6666666666666666 0.02 1.5699389017690313
0.023941672020687622 0.6666666666666666 0.03 1.5701225657571818
0.031919614820693 0.6666666666666666 0.04 1.5703797942202593
0.03989531561128164 0.6666666666666666 0.05 1.570710686190845
0.047868212670142525 0.6666666666666666 0.06 1.5711153691698703
0.055837743459925766 0.6666666666666666 0.07 1.5715939992612151
0.06380334446260376 0.6666666666666666 0.08 1.572146761380772
0.071764451013923 0.6666666666666666 0.09 1.5727738694204159
0.07972049713562147 0.6666666666666666 0.1 1.5734755665054367
0.08767091536659707 0.6666666666666666 0.11 1.5742521252578152
0.09561513659197868 0.6666666666666666 0.12 1.5751038481098105
0.1035525898713544 0.6666666666666666 0.13 1.5760310676153442
0.11148270226316596 0.6666666666666666 0.14 1.577034146856846
0.11940489864884032 0.6666666666666666 0.15 1.5781134798205596
0.12731860155258873 0.6666666666666666 0.16 1.5792694918660395
0.13522323095910366 0.6666666666666666 0.17 1.5805026402102091
0.14311820412970147 0.6666666666666666 0.18 1.5818134144189169
0.15100293541162177 0.6666666666666666 0.19 1.5832023370244783
0.15887683604892103 0.6666666666666666 0.2 1.584669964067982
0.16673931398425737 0.6666666666666666 0.21 1.5862168858046237
0.1745897736610948 0.6666666666666666 0.22 1.5878437273582806
0.18242761581896577 0.6666666666666666 0.23 1.58955114947873
0.19025223728534904 0.6666666666666666 0.24 1.591339849323053
0.1980630307619834 0.6666666666666666 0.25 1.5932105612999103
0.205859384606145 0.6666666666666666 0.26 1.5951640579624373
0.21364068260706187 0.6666666666666666 0.27 1.5972011509454134
0.2214063037553751 0.6666666666666666 0.28 1.5993226919767958
0.22915562200702447 0.6666666666666666 0.29 1.6015295739378868
0.2368880060402324 0.6666666666666666 0.3 1.6038227319901806
0.24460281900553726 0.6666666666666666 0.31 1.6062031447663372
0.2522994182678502 0.6666666666666666 0.32 1.6086718356364798
0.25997715513942116 0.6666666666666666 0.33 1.6112298740602422
0.26763537461211073 0.6666666666666666 0.34 1.6138783769187863
0.2752734150634591 0.6666666666666666 0.35 1.6166185101421249
0.28289060797342225 0.6666666666666666 0.36 1.6194514901694825
0.29048627761642953 0.6666666666666666 0.37 1.6223785856793371
0.2980597407521453 0.6666666666666666 0.38 1.625401119302185
0.3056103062945737 0.6666666666666666 0.39 1.628520469549658
0.31313727498020794 0.6666666666666666 0.4 1.6317380727246056
0.3206399390150406 0.6666666666666666 0.41 1.6350554250356995
0.3281175817136836 0.6666666666666666 0.42 1.6384740847694368
0.335569477117665 0.6666666666666666 0.43 1.6419956746538928
0.342994889607365 0.6666666666666666 0.44 1.6456218842655483
0.3503930734782346 0.6666666666666666 0.45 1.6493544727670926
0.3577632725371434 0.6666666666666666 0.46 1.6531952714351994
0.36510471964177643 0.6666666666666666 0.47 1.6571461867233266
0.37241663623438287 0.6666666666666666 0.48 1.6612092033557153
0.37969823187600726 0.6666666666666666 0.49 1.6653863874162163
0.38694870373243145 0.6666666666666666 0.5 1.6696798898748166
0.3941672360774583 0.6666666666666666 0.51 1.6740919499677454
0.4013529997666466 0.6666666666666666 0.52 1.6786248988628354
0.40850515177981633 0.6666666666666666 0.53 1.683281162793646
0.4156228348977349 0.6666666666666666 0.54 1.68806326520918
0.4227051780390735 0.6666666666666666 0.55 1.6929738238432321
0.42975129998198786 0.6666666666666666 0.56 1.69801552167098
0.4367603483506032 0.6666666666666666 0.57 1.7031908054886191
0.44373100467227433 0.6666666666666666 0.58 1.7085057192228665
0.450663049151132 0.6666666666666666 0.59 1.7139577879252097
0.4575549202695357 0.6666666666666666 0.6 1.7195548802837852
0.46440586535417683 0.6666666666666666 0.61 1.7252986310057594
0.47121486361192355 0.6666666666666666 0.62 1.7311927192679004
0.47798088560627505 0.6666666666666666 0.63 1.7372408772340064
0.4847028814050912 0.6666666666666666 0.64 1.7434469817895393
0.49137977754183726 0.6666666666666666 0.65 1.7498150782592026
0.49801047525063386 0.6666666666666666 0.66 1.7563493943644786
0.5045938489558007 0.6666666666666666 0.67 1.7630543523134266
0.511128744778035 0.6666666666666666 0.68 1.7699345808718303
0.5176139789734274 0.6666666666666666 0.69 1.7769949280682817
0.5240483362719832 0.6666666666666666 0.7 1.7842404748006304
0.5304305681079302 0.6666666666666666 0.71 1.791676549427692
0.5367593907038686 0.6666666666666666 0.72 1.799308743636148
0.5430334830097432 0.6666666666666666 0.73 1.807142929606068
0.5492514844633908 0.6666666666666666 0.74 1.815185278735201
0.5554119925611058 0.6666666666666666 0.75 1.8234422820382956
0.5615135602103347 0.6666666666666666 0.76 1.831920772453079
0.5675546928330379 0.6666666666666666 0.77 1.8406279493125532
0.5735338451955795 0.6666666666666666 0.78 1.8495714052026084
0.5794494179149633 0.6666666666666666 0.79 1.8587591556025052
0.5852997536057865 0.6666666666666666 0.8 1.8681996716203215
0.5910831326090261 0.6666666666666666 0.81 1.8779019162987685
0.5967977682345019 0.6666666666666666 0.82 1.8878753850397128
0.6024418014442622 0.6666666666666666 0.83 1.8981301507428996
0.6080132948672923 0.6666666666666666 0.84 1.9086769145099212
0.6135102260382725 0.6666666666666666 0.85 1.9195270627756116
0.6189304797005595 0.6666666666666666 0.86 1.9306927320939737
0.6242718389765869 0.6666666666666666 0.87 1.9421868830775866
0.6295319751680848 0.6666666666666666 0.88 1.9540233852968156
0.6347084358448458 0.6666666666666666 0.89 1.9662171156585593
0.6397986307996677 0.6666666666666666 0.9 1.978784073374728
0.6447998152504939 0.6666666666666666 0.91 1.9917415159658882
0.6497090694573262 0.6666666666666666 0.92 2.0051081222221
0.6545232734984537 0.6666666666666666 0.93 2.0189041908749332
0.6592390753240197 0.6666666666666666 0.94 2.0331518879130837
0.663852849018039 0.6666666666666666 0.95 2.0478755632616266
0.668360637669833 0.6666666666666666 0.96 2.063102173886026
0.6727580711047008 0.6666666666666666 0.97 2.078861877249157
0.6770400628529396 0.6666666666666666 0.98 2.0951900116279316
0.6812007757838576 0.6666666666666666 0.99 2.112127452780639
0.0 0.6808510638297872 0.0 1.5640213764016022
0.007996015442519407 0.6808510638297872 0.01 1.5640576313826893
0.015991474798607307 0.6808510638297872 0.02 1.5641664101363932
0.023985821822542486 0.6808510638297872 0.03 1.5643477540567428
0.03197849994967738 0.6808510638297872 0.04 1.5646017322089982
0.03996895213662823 0.6808510638297872 0.05 1.564928441381864
0.047956620700841134 0.6808510638297872 0.06 1.5653280061985924
0.05594094715955145 0.6808510638297872 0.07 1.5658005792475116
0.06392137206757674 0.6808510638297872 0.08 1.566346341260441
0.07189733485460448 0.6808510638297872 0.09 1.5669655012892514
0.07986827366059975 0.6808510638297872 0.1 1.5676582969506467
0.08783362516984482 0.6808510638297872 0.11 1.5684249946913909
0.09579282444415647 0.6808510638297872 0.12 1.5692658900571337
0.10374530475299253 0.6808510638297872 0.13 1.5701813080442937
0.1116904974026058 0.6808510638297872 0.14 1.5711716034446794
0.11962783156215714 0.6808510638297872 0.15 1.572237161252226
0.12755673408845006 0.6808510638297872 0.16 1.5733783970747008
0.13547662934613958 0.6808510638297872 0.17 1.5745957576319396
0.1433869390277707 0.6808510638297872 0.18 1.575889721221971
0.1512870819671749 0.6808510638297872 0.19 1.5772607983115787
0.15917647395343254 0.6808510638297872 0.2 1.578709532075555
0.16705452753784777 0.6808510638297872 0.21 1.5802364990540183
0.17492065183889594 0.6808510638297872 0.22 1.5818423098112055
0.18277425234256048 0.6808510638297872 0.23 1.5835276096497783
0.1906147306977451 0.6808510638297872 0.24 1.5852930793799074
0.19844148450814547 0.6808510638297872 0.25 1.5871394361159348
0.20625390711774644 0.6808510638297872 0.26 1.58906743414699
0.21405138739155252 0.6808510638297872 0.27 1.5910778658491755
0.22183330949104077 0.6808510638297872 0.28 1.5931715626468366
0.22959905264237476 0.6808510638297872 0.29 1.5953493960490688
0.2373479908981623 0.6808510638297872 0.3 1.5976122787447185
0.24507949289516703 0.6808510638297872 0.31 1.5999611657225479
0.2527929216045052 0.6808510638297872 0.32 1.602397055466179
0.26048763406085573 0.6808510638297872 0.33 1.604920991385946
0.2681629811086251 0.6808510638297872 0.34 1.6075340629990305
0.2758183071206456 0.6808510638297872 0.35 1.6102374074347343
0.2834529497082041 0.6808510638297872 0.36 1.6130322110045434
0.29106623943193616 0.6808510638297872 0.37 1.615919710732519
0.29865749949293746 0.6808510638297872 0.38 1.6189011960892494
0.3062260454143059 0.6808510638297872 0.39 1.6219780108012691
0.3137711847175636 0.6808510638297872 0.4 1.6251515546917692
0.3212922165780027 0.6808510638297872 0.41 1.6284232857236893
0.32878843147175374 0.6808510638297872 0.42 1.6317947221029394
0.33625911080425364 0.6808510638297872 0.43 1.6352674445489053
0.3437035265379401 0.6808510638297872 0.44 1.6388430985549607
0.3511209407852307 0.6808510638297872 0.45 1.642523396974333
0.3585106053953404 0.6808510638297872 0.46 1.6463101226437817
0.3658717615316377 0.6808510638297872 0.47 1.6502051310882802
0.37320363921819777 0.6808510638297872 0.48 1.6542103535045565
0.3805054568868922 0.6808510638297872 0.49 1.6583277997365966
0.3877764209040488 0.6808510638297872 0.5 1.6625595614442195
0.3950157251203345 0.6808510638297872 0.51 1.6669078150955596
0.4022225504904234 0.6808510638297872 0.52 1.6713748244369433
0.4093960648327765 0.6808510638297872 0.53 1.6759629419394817
0.4165354237477931 0.6808510638297872 0.54 1.6806746011266336
0.42363977668464187 0.6808510638297872 0.55 1.6855122689337592
0.43070835198047347 0.6808510638297872 0.56 1.6904777823495443
0.4377399618111355 0.6808510638297872 0.57 1.6955762312643226
0.44473371866735567 0.6808510638297872 0.58 1.7008102769191038
0.45168895663145125 0.6808510638297872 0.59 1.706180908581918
0.45860462442237443 0.6808510638297872 0.6 1.7116920806724174
0.46547974175331985 0.6808510638297872 0.61 1.7173471773529765
0.4723133165403433 0.6808510638297872 0.62 1.723149658260542
0.4791043371998069 0.6808510638297872 0.63 1.7291031184907921
0.4858517702500444 0.6808510638297872 0.64 1.7352113072776996
0.4925545587892487 0.6808510638297872 0.65 1.7414781399014674
0.49921162115724416 0.6808510638297872 0.66 1.7479077082384447
0.5058218495918216 0.6808510638297872 0.67 1.7545042914271327
0.5123841088353246 0.6808510638297872 0.68 1.7612723670133181
0.5188972346595548 0.6808510638297872 0.69 1.7682166228301666
0.5253600322728987 0.6808510638297872 0.7 1.7753419698851938
0.5317712746378593 0.6808510638297872 0.71 1.7826535560845678
0.5381297006358363 0.6808510638297872 0.72 1.7901567812524015
0.5444340130980813 0.6808510638297872 0.73 1.7978573133417306
0.5506828766680539 0.6808510638297872 0.74 1.8057611061035306
0.556874915485269 0.6808510638297872 0.75 1.8138744183150681
0.5630087106609993 0.6808510638297872 0.76 1.8222038348049117
0.569082797524831 0.6808510638297872 0.77 1.8307562894595513
0.5750956626071267 0.6808510638297872 0.78 1.83953909049424
0.5810457403297643 0.6808510638297872 0.79 1.84855994823075
0.5869314093514728 0.6808510638297872 0.8 1.8578270058014519
0.5927509885272264 0.6808510638297872 0.81 1.8673488731246923
0.5985027324191888 0.6808510638297872 0.82 1.8771346646505107
0.6041848262801285 0.6808510638297872 0.83 1.8871940414951873
0.6097953804308434 0.6808510638297872 0.84 1.8975372585982138
0.6153324239127679 0.6808510638297872 0.85 1.9081752178124016
0.6207938972832828 0.6808510638297872 0.86 1.91911952795097
0.6261776443765162 0.6808510638297872 0.87 1.9303825731299835
0.6314814028102472 0.6808510638297872 0.88 1.9419775910509463
0.6367027929436431 0.6808510638297872 0.89 1.953918763395119
0.6418393049002802 0.6808510638297872 0.9 1.9662213211318433
0.6468882831252032 0.6808510638297872 0.91 1.9789016685371366
0.651846907733328 0.6808510638297872 0.92 1.991977531147639
0.6567121715716597 0.6808510638297872 0.93 2.005468135107
0.6614808513706405 0.6808510638297872 0.94 2.019394428965641
0.6661494703794346 0.6808510638297872 0.95 2.0337793653661045
0.6707142478270383 0.6808510638297872 0.96 2.0486482731751927
0.6751710276867796 0.6808510638297872 0.97 2.064029369105675
0.6795150504046268 0.6808510638297872 0.98 2.0799552481495556
0.6837408744784119 0.6808510638297872 0.99 2.096463487468603
0.0 0.6950354609929078 0.0 1.558342516696622
0.008010572425902657 0.6950354609929078 0.01 1.55837831846259
0.01602059271272523 0.6950354609929078 0.02 1.55848573725962
0.02402950856494991 0.6950354609929078 0.03 1.5586648135653627
0.03203676737402908 0.6950354609929078 0.04 1.5589156148948347
0.040041816061356206 0.6950354609929078 0.05 1.5592382358770733
0.04804410092098963 0.6950354609929078 0.06 1.559632798339347
0.05604306746115541 0.6950354609929078 0.07 1.5600994514652742
0.06403816024550804 0.6950354609929078 0.08 1.5606383719320298
0.07202882273322826 0.6950354609929078 0.09 1.561249764098488
0.08001449711727368 0.6950354609929078 0.1 1.5619338602497888
0.08799462416195408 0.6950354609929078 0.11 1.5626909208342845
0.09596864303887986 0.6950354609929078 0.12 1.563521234740751
0.10393599116037623 0.6950354609929078 0.13 1.5644251196333554
0.1118961040121733 0.6950354609929078 0.14 1.565402922276317
0.11984841498243341 0.6950354609929078 0.15 1.566455018940576
0.12779235518992557 0.6950354609929078 0.16 1.5675818157984491
0.1357273533086707 0.6950354609929078 0.17 1.5687837493831016
0.14365283538858242 0.6950354609929078 0.18 1.570061287108225
0.15156822467764586 0.6950354609929078 0.19 1.5714149277209628
0.15947294143354138 0.6950354609929078 0.2 1.5728452019589505
0.16736640273977696 0.6950354609929078 0.21 1.5743526730710595
0.17524802231127765 0.6950354609929078 0.22 1.5759379375242173
0.1831172103001664 0.6950354609929078 0.23 1.577601625665606
0.19097337309531495 0.6950354609929078 0.24 1.5793444024685035
0.1988159131176065 0.6950354609929078 0.25 1.5811669683176175
0.2066442286118807 0.6950354609929078 0.26 1.58307005981832
0.2144577134310994 0.6950354609929078 0.27 1.5850544506993107
0.22225575681508591 0.6950354609929078 0.28 1.5871209527624688
0.2300377431687385 0.6950354609929078 0.29 1.589270416811229
0.23780305182300768 0.6950354609929078 0.3 1.591503733795807
0.24555105680347517 0.6950354609929078 0.31 1.5938218358168597
0.2532811265780606 0.6950354609929078 0.32 1.5962256973859716
0.26099262380709287 0.6950354609929078 0.33 1.5987163366179344
0.2686849050801955 0.6950354609929078 0.34 1.6012948165642251
0.27635732064861346 0.6950354609929078 0.35 1.6039622465725534
0.2840092141436526 0.6950354609929078 0.36 1.6067197837848535
0.2916399222888129 0.6950354609929078 0.37 1.609568634677953
0.29924877460706534 0.6950354609929078 0.38 1.6125100566364312
0.30683509310211377 0.6950354609929078 0.39 1.6155453597877627
0.3143981919468754 0.6950354609929078 0.4 1.6186759087294564
0.3219373771511465 0.6950354609929078 0.41 1.6219031244607351
0.3294519462066207 0.6950354609929078 0.42 1.625228486520445
0.33694118774514475 0.6950354609929078 0.43 1.6286535349696074
0.34440438115761096 0.6950354609929078 0.44 1.6321798727538248
0.35184079620687964 0.6950354609929078 0.45 1.6358091680994578
0.3592496926381307 0.6950354609929078 0.46 1.6395431569248051
0.3666303197559679 0.6950354609929078 0.47 1.6433836455563493
0.3739819160213573 0.6950354609929078 0.48 1.6473325132625385
0.3813037085816208 0.6950354609929078 0.49 1.6513917153968751
0.3885949129307967 0.6950354609929078 0.5 1.6555632854174487
0.39585473255691955 0.6950354609929078 0.51 1.6598493371310565
0.4030823589806293 0.6950354609929078 0.52 1.6642520638139873
0.41027697323764967 0.6950354609929078 0.53 1.6687737259888886
0.4174377573669223 0.6950354609929078 0.54 1.6734165603594617
0.4245625599637796 0.6950354609929078 0.55 1.6781933369263886
0.43165429112884474 0.6950354609929078 0.56 1.683076781119831
0.43870819350629797 0.6950354609929078 0.57 1.6881001957574757
0.4457247977548406 0.6950354609929078 0.58 1.6932551061979808
0.452703136250687 0.6950354609929078 0.59 1.6985448419903038
0.4596422649609437 0.6950354609929078 0.6 1.7039725281654552
0.46654122643495477 0.6950354609929078 0.61 1.7095413766006122
0.4733990447233993 0.6950354609929078 0.62 1.7152547257694775
0.4802147234749142 0.6950354609929078 0.63 1.7211160554972618
0.48698724461827614 0.6950354609929078 0.64 1.7271289971442754
0.4937155671639859 0.6950354609929078 0.65 1.7332973428980216
0.5003986260094035 0.6950354609929078 0.66 1.7396250551012657
0.5070353306807646 0.6950354609929078 0.67 1.7461162761302098
0.5136245640074852 0.6950354609929078 0.68 1.752775338877448
0.5201651807175084 0.6950354609929078 0.69 1.7596067779408038
0.5266560059162831 0.6950354609929078 0.7 1.7666153417935122
0.5330958334668214 0.6950354609929078 0.71 1.773806005834962
0.5394834242450915 0.6950354609929078 0.72 1.7811839865212937
0.545817504250392 0.6950354609929078 0.73 1.788754756736154
0.5520967625693898 0.6950354609929078 0.74 1.796524062438761
0.5583198491622492 0.6950354609929078 0.75 1.8044979408312263
0.5644853724593903 0.6950354609929078 0.76 1.8126827401572814
0.5705918967396838 0.6950354609929078 0.77 1.821085141366211
0.5766379392649773 0.6950354609929078 0.78 1.8297121818542152
0.5826219671356083 0.6950354609929078 0.79 1.8385712815682165
0.588542393829682 0.6950354609929078 0.8 1.8476702717767677
0.5943975753797727 0.6950354609929078 0.81 1.8570174268803794
0.6001858061323966 0.6950354609929078 0.82 1.8666214996975072
0.6059053140226298 0.6950354609929078 0.83 1.8764917607576233
0.6115542552817392 0.6950354609929078 0.84 1.8866380422399858
0.6171307084856545 0.6950354609929078 0.85 1.8970707872800747
0.6226326678062247 0.6950354609929078 0.86 1.9078011056749637
0.6280580353251046 0.6950354609929078 0.87 1.9188408370625825
0.6334046121976158 0.6950354609929078 0.88 1.9302026231357694
0.6386700884164985 0.6950354609929078 0.89 1.9418999907303343
0.6438520308251462 0.6950354609929078 0.9 1.9539474483039456
0.648947868918984 0.6950354609929078 0.91 1.9663605990819586
0.6539548777877547 0.6950354609929078 0.92 1.9791562753885017
0.6588701572623604 0.6950354609929078 0.93 1.9923527005875457
0.6636906058816531 0.6950354609929078 0.94 2.005969687988363
0.6684128874739711 0.6950354609929078 0.95 2.020028891347593
0.673033386517647 0.6950354609929078 0.96 2.0345541319375537
0.6775481463336211 0.6950354609929078 0.97 2.049571840695222
0.6819527006059122 0.6950354609929078 0.98 2.0651121613321552
0.6862419663690602 0.6950354609929078 0.99 2.081209705584133
0.0 0.7092198581560284 0.0 1.5527534677191093
0.008024977092080186 0.7092198581560284 0.01 1.5527888264490293
0.016049405931064787 0.7092198581560284 0.02 1.5528949158364196
0.02407273811036557 0.7092198581560284 0.03 1.553071775449768
0.032094424915884136 0.7092198581560284 0.04 1.5533194713243057
0.040113917172144235 0.7092198581560284 0.05 1.5536380959839449
0.048130665087675766 0.7092198581560284 0.06 1.5540277685555988
0.05614411809943182 0.7092198581560284 0.07 1.5544886349147558
0.06415372471725221 0.7092198581560284 0.08 1.5550208678027932
0.07215893236630098 0.7092198581560284 0.09 1.5556246670425093
0.08015918722890149 0.7092198581560284 0.1 1.5563002597419413
0.08815393408483999 0.7092198581560284 0.11 1.5570479005396187
0.09614261615025041 0.7092198581560284 0.12 1.5578678718755896
0.10412467491479328 0.7092198581560284 0.13 1.558760484294396
0.11209954997630116 0.7092198581560284 0.14 1.5597260767980092
0.12006667887459489 0.7092198581560284 0.15 1.5607650171917389
0.12802549692159293 0.7092198581560284 0.16 1.5618777025063892
0.1359754370296079 0.7092198581560284 0.17 1.563064559431868
0.14391592953722995 0.7092198581560284 0.18 1.5643260447804712
0.15184640203163177 0.7092198581560284 0.19 1.5656626460024266
0.1597662791674393 0.7092198581560284 0.2 1.5670748817421558
0.16767498248348559 0.7092198581560284 0.21 1.5685633024064682
0.17557193021516088 0.7092198581560284 0.22 1.5701284907909463
0.18345653710157747 0.7092198581560284 0.23 1.5717710627696648
0.19132821419080015 0.7092198581560284 0.24 1.5734916679859754
0.19918636864033268 0.7092198581560284 0.25 1.5752909905975667
0.20703040350913635 0.7092198581560284 0.26 1.5771697501275304
0.21485971755369215 0.7092198581560284 0.27 1.5791287022204556
0.2226737050033047 0.7092198581560284 0.28 1.581168639687687
0.23047175534760048 0.7092198581560284 0.29 1.5832903933320797
0.23825325310509368 0.7092198581560284 0.3 1.5854948330249712
0.24601757759017176 0.7092198581560284 0.31 1.5877828687672348
0.2537641026737275 0.7092198581560284 0.32 1.5901554518076502
0.2614921965348955 0.7092198581560284 0.33 1.592613575848323
0.2692012214032366 0.7092198581560284 0.34 1.5951582783387306
0.2768905332997443 0.7092198581560284 0.35 1.597790641756142
0.2845594817629126 0.7092198581560284 0.36 1.6005117950406529
0.29220740956500285 0.7092198581560284 0.37 1.6033229151129744
0.2998336524273604 0.7092198581560284 0.38 1.606225228378073
0.3074375387132992 0.7092198581560284 0.39 1.6092200124539116
0.31501838911522545 0.7092198581560284 0.4 1.6123085979317013
0.32257551634225784 0.7092198581560284 0.41 1.6154923701133128
0.33010822477439766 0.7092198581560284 0.42 1.6187727710754056
0.3376158101196364 0.7092198581560284 0.43 1.622151301677651
0.3450975590517199 0.7092198581560284 0.44 1.6256295237473892
0.35255274885274446 0.7092198581560284 0.45 1.6292090622084434
0.35998064700342536 0.7092198581560284 0.46 1.6328916076953428
0.3673805108253567 0.7092198581560284 0.47 1.6366789186780664
0.37475158708017214 0.7092198581560284 0.48 1.6405728240069535
0.3820931116370817 0.7092198581560284 0.49 1.6445752248841796
0.3894043092427552 0.7092198581560284 0.5 1.6486880960571946
0.39668439391400795 0.7092198581560284 0.51 1.652913481997957
0.40393257155625795 0.7092198581560284 0.52 1.6572534754650945
0.41114806419026456 0.7092198581560284 0.53 1.6617100236001714
0.41807888311527663 0.7092198581560284 0.54 1.6682881127761633
0.4254773676055203 0.7092198581560284 0.55 1.6709846166355677
0.4325895159665739 0.7092198581560284 0.56 1.675807285863489
0.4396655692542285 0.7092198581560284 0.57 1.6807564931165178
0.44670461261982375 0.7092198581560284 0.58 1.6858351828610008
0.4537057348696407 0.7092198581560284 0.59 1.6910462499136276
0.4606680107258324 0.7092198581560284 0.6 1.6963926804313416
0.46759049740445513 0.7092198581560284 0.61 1.701877578729291
0.4744722330929726 0.7092198581560284 0.62 1.7075041789902528
0.4813122357946727 0.7092198581560284 0.63 1.7132758540666901
0.4881095022682019 0.7092198581560284 0.64 1.719196123570362
0.49486300694347257 0.7092198581560284 0.65 1.7252686621806108
0.5015717007922779 0.7092198581560284 0.66 1.7314973083554666
0.5082345101416718 0.7092198581560284 0.67 1.7378860735518207
0.5148503354058813 0.7092198581560284 0.68 1.744439152140452
0.5214180497309995 0.7092198581560284 0.69 1.7511609320691544
0.5279364975509142 0.7092198581560284 0.7 1.758056006301781
0.5344044930290804 0.7092198581560284 0.71 1.765129185223417
0.5408208183895369 0.7092198581560284 0.72 1.772385510008273
0.5471842221127017 0.7092198581560284 0.73 1.779830267136963
0.5534934169860474 0.7092198581560284 0.74 1.787469004153761
0.5597470779959672 0.7092198581560284 0.75 1.7953075467841209
0.5659438400350627 0.7092198581560284 0.76 1.803352017614698
0.5720822954082776 0.7092198581560284 0.77 1.8116088564822974
0.5781609911046071 0.7092198581560284 0.78 1.820084842830705
0.5841784258163775 0.7092198581560284 0.79 1.8287871202030859
0.5901330466610823 0.7092198581560284 0.8 1.837723223217082
0.5960232455546 0.7092198581560284 0.81 1.8469011074143644
0.6018473552162555 0.7092198581560284 0.82 1.8563291821902819
0.6076036447080267 0.7092198581560284 0.83 1.8660163475096985
0.6132903144595168 0.7092198581560284 0.84 1.8759720348208442
0.6189054906792816 0.7092198581560284 0.85 1.8862062529149508
0.6244472190401148 0.7092198581560284 0.86 1.896729639579969
0.6299134575032684 0.7092198581560284 0.87 1.9075535200629052
0.6353020680958512 0.7092198581560284 0.88 1.918689973698884
0.6406108074188394 0.7092198581560284 0.89 1.9301519103316196
0.6458373155777627 0.7092198581560284 0.9 1.9419531587227599
0.6509791031288235 0.7092198581560284 0.91 1.9541085698187468
0.6560335354788255 0.7092198581560284 0.92 1.9666341387689708
0.6609978139363892 0.7092198581560284 0.93 1.979547151165732
0.6658689522269662 0.7092198581560284 0.94 1.9928663614651578
0.670643746627624 0.7092198581560284 0.95 2.0066122157398927
0.6753187365916974 0.7092198581560284 0.96 2.020807139000626
0.6798901509287224 0.7092198581560284 0.97 2.035475918745037
0.6843537860360813 0.7092198581560284 0.98 2.0506465084885583
0.6887048842904477 0.7092198581560284 0.99 2.0663508498543726
0.0 0.7234042553191489 0.0 1.5472523176580555
0.008039231363126589 0.7234042553191489 0.01 1.5472872432378455
0.01607791829903946 0.7234042553191489 0.02 1.5473920328666178
0.02411551622972219 0.7234042553191489 0.03 1.5475667252605325
0.032151480275238245 0.7234042553191489 0.04 1.5478113850006987
0.040185265102678044 0.7234042553191489 0.05 1.5481261025716495
0.04821632477419543 0.7234042553191489 0.06 1.5485109944837743
0.05624411259448335 0.7234042553191489 0.07 1.5489662033950578
0.06426808095754308 0.7234042553191489 0.08 1.549491898256147
0.07228768119298 0.7234042553191489 0.09 1.5500882744653723
0.08030236340947576 0.7234042553191489 0.1 1.550755554130963
0.08831157633923818 0.7234042553191489 0.11 1.55149398625147
0.09631476717935568 0.7234042553191489 0.12 1.5523038470048152
0.10431138143146888 0.7234042553191489 0.13 1.5531854400567366
0.11230086274075386 0.7234042553191489 0.14 1.5541390968620399
0.12028265273162804 0.7234042553191489 0.15 1.55516517703895
0.1282561908419856 0.7234042553191489 0.16 1.5562640687507927
0.13622091415410797 0.7234042553191489 0.17 1.5574361891438517
0.14417625722491786 0.7234042553191489 0.18 1.5586819847714168
0.15212165191040525 0.7234042553191489 0.19 1.560001932124068
0.16005652718935365 0.7234042553191489 0.2 1.5613965381385908
0.167980308982858 0.7234042553191489 0.21 1.562866340766612
0.17589241997013158 0.7234042553191489 0.22 1.5644119095842812
0.18379227940145226 0.7234042553191489 0.23 1.5660338464250843
0.1916793029051436 0.7234042553191489 0.24 1.5677327860887378
0.19955290229486658 0.7234042553191489 0.25 1.569509397015605
0.2074124853625454 0.7234042553191489 0.26 1.5713643821666998
0.2152574556781337 0.7234042553191489 0.27 1.5732984797570775
0.2230872123781296 0.7234042553191489 0.28 1.5753124641422018
0.23090114994833438 0.7234042553191489 0.29 1.5774071467559627
0.23869865799891535 0.7234042553191489 0.3 1.5795833771239067
0.2464791210428021 0.7234042553191489 0.31 1.5818420438035652
0.2542419182542171 0.7234042553191489 0.32 1.5841840755655086
0.26198642322953913 0.7234042553191489 0.33 1.5866104425082381
0.26971200373780946 0.7234042553191489 0.34 1.589122157279312
0.2774180214638073 0.7234042553191489 0.35 1.5917202763596836
0.2851038317408613 0.7234042553191489 0.36 1.594405901442183
0.292768783279095 0.7234042553191489 0.37 1.5971801808366153
0.30041221787736416 0.7234042553191489 0.38 1.600044311033282
0.30803347013699517 0.7234042553191489 0.39 1.6029995382223476
0.3156318671526153 0.7234042553191489 0.4 1.6060471600393988
0.3232067282004873 0.7234042553191489 0.41 1.6091885273117497
0.3307573644113425 0.7234042553191489 0.42 1.6124250459451008
0.33828307844324784 0.7234042553191489 0.43 1.6157581787953028
0.34578316412291576 0.7234042553191489 0.44 1.6191894478367692
0.3532569061049862 0.7234042553191489 0.45 1.6227204361467198
0.3607035795122681 0.7234042553191489 0.46 1.6263527900778958
0.3681224495977787 0.7234042553191489 0.47 1.6300882212487848
0.3755127714604136 0.7234042553191489 0.48 1.6339285081118036
0.38287379001633143 0.7234042553191489 0.49 1.637875495434741
0.3902047407395482 0.7234042553191489 0.5 1.6419310876254893
0.3975048551269041 0.7234042553191489 0.51 1.6460972038295636
0.40477342451914394 0.7234042553191489 0.52 1.6503752615519796
0.4120094739089215 0.7234042553191489 0.53 1.6547688395286801
0.41921201377583533 0.7234042553191489 0.54 1.6592815314381595
0.42638060052249177 0.7234042553191489 0.55 1.6639125796326448
0.43351426347470945 0.7234042553191489 0.56 1.6686654412761073
0.4406121265254612 0.7234042553191489 0.57 1.673542786085912
0.4476733085011515 0.7234042553191489 0.58 1.6785473025217057
0.45469691406483176 0.7234042553191489 0.59 1.683681770681805
0.4616820313472493 0.7234042553191489 0.6 1.6889490808199266
0.46862773071313324 0.7234042553191489 0.61 1.6943522427230522
0.4755330637462136 0.7234042553191489 0.62 1.6998943933224713
0.48239706229200496 0.7234042553191489 0.63 1.7055788038646655
0.4892187374872494 0.7234042553191489 0.64 1.7114088872172883
0.49599707874068816 0.7234042553191489 0.65 1.7173882055888299
0.502731052658865 0.7234042553191489 0.66 1.7235204787213212
0.5094196019049008 0.7234042553191489 0.67 1.7298095926539006
0.5160616439864316 0.7234042553191489 0.68 1.736259609096585
0.5226560699577029 0.7234042553191489 0.69 1.7428747755305556
0.5292017430297353 0.7234042553191489 0.7 1.7496595360897298
0.5356974970834267 0.7234042553191489 0.71 1.756618543274959
0.542142135066585 0.7234042553191489 0.72 1.7637566706460537
0.5485344272714067 0.7234042553191489 0.73 1.771079026535266
0.554873109471522 0.7234042553191489 0.74 1.7785909689434782
0.5611568809096916 0.7234042553191489 0.75 1.786298121704399
0.567384402111785 0.7234042553191489 0.76 1.7942063921058593
0.5735542925114014 0.7234042553191489 0.77 1.802321990104423
0.5796651278594488 0.7234042553191489 0.78 1.8106514493389296
0.585715437390916 0.7234042553191489 0.79 1.8192016501667736
0.5917037007143744 0.7234042553191489 0.8 1.8279798449951346
0.5976283443892763 0.7234042553191489 0.81 1.836993686190019
0.6034877381411811 0.7234042553191489 0.82 1.8462512569481793
0.6092801906623776 0.7234042553191489 0.83 1.855761105544009
0.6150039449290933 0.7234042553191489 0.84 1.8655322834770174
0.6206571729555954 0.7234042553191489 0.85 1.8755743881280424
0.6262379698821177 0.7234042553191489 0.86 1.8858976106943457
0.6317443472747024 0.7234042553191489 0.87 1.8965127903122043
0.637174225474672 0.7234042553191489 0.88 1.9074314755497566
0.6425254247934773 0.7234042553191489 0.89 1.9186659947429745
0.6477956552896257 0.7234042553191489 0.9 1.9302295370501361
0.6529825047683228 0.7234042553191489 0.91 1.9421362467371646
0.6580834245129108 0.7234042553191489 0.92 1.9544013340722495
0.6630957120686221 0.7234042553191489 0.93 1.9670412074400887
0.668016490063384 0.7234042553191489 0.94 1.9800736334318816
0.6728426795281043 0.7234042553191489 0.95 1.9935179349794212
0.6775709652046759 0.7234042553191489 0.96 2.007395243692682
0.682197748423268 0.7234042553191489 0.97 2.0217288343522717
0.6867190606741165 0.7234042553191489 0.98 2.036544703515533
0.6911304399082278 0.7234042553191489 0.99 2.051872384981321
0.0 0.7375886524822695 0.0 1.5418372071517163
0.008053337131253741 0.7375886524822695 0.01 1.541871709176101
0.016106133602111754 0.7375886524822695 0.02 1.5419752278703973
0.02415784860408246 0.7375886524822695 0.03 1.5421478011037186
0.032207941032245925 0.7375886524822695 0.04 1.5423894920438628
0.040255869336723524 0.7375886524822695 0.05 1.542700389211831
0.04830109137368179 0.7375886524822695 0.06 1.5430806065735914
0.05634306425530976 0.7375886524822695 0.07 1.5435302836805083
0.06438124420004317 0.7375886524822695 0.08 1.5440495857707175
0.0724150863801825 0.7375886524822695 0.09 1.544638703997708
0.08044404477007756 0.7375886524822695 0.1 1.5452978555885097
0.08846757199217321 0.7375886524822695 0.11 1.5460272840827405
0.09648511916148479 0.7375886524822695 0.12 1.5468272595986083
0.10449613572868688 0.7375886524822695 0.13 1.5476980791167008
0.11250006932159849 0.7375886524822695 0.14 1.5486400667888556
0.12049636558437316 0.7375886524822695 0.15 1.549653574288033
0.12848446801477517 0.7375886524822695 0.16 1.5507389811816177
0.1364638177979879 0.7375886524822695 0.17 1.5518966953630928
0.14443385364073869 0.7375886524822695 0.18 1.5531271534472568
0.15239401159819924 0.7375886524822695 0.19 1.5544308213046996
0.16034372490227727 0.7375886524822695 0.2 1.5558081945291686
0.16828242378382002 0.7375886524822695 0.21 1.557259799006641
0.1762095352947804 0.7375886524822695 0.22 1.5587861914558954
0.1841244831179079 0.7375886524822695 0.23 1.560387960168183
0.19202668738654907 0.7375886524822695 0.24 1.5620657255307955
0.19991556448795242 0.7375886524822695 0.25 1.5638201408176522
0.20779052686920196 0.7375886524822695 0.26 1.5656518928977972
0.21565098283234183 0.7375886524822695 0.27 1.5675617030862559
0.22349633633310387 0.7375886524822695 0.28 1.569550327909438
0.23132598676622732 0.7375886524822695 0.29 1.5716185600446269
0.23913932874751845 0.7375886524822695 0.3 1.5737672292702616
0.24693575188977596 0.7375886524822695 0.31 1.5759972034705727
0.2547146405803161 0.7375886524822695 0.32 1.5783093895968077
0.26247537373467156 0.7375886524822695 0.33 1.5807047349091854
0.2702173245597242 0.7375886524822695 0.34 1.5831842280656943
0.277939860297819 0.7375886524822695 0.35 1.5857489004208065
0.28564234197344734 0.7375886524822695 0.36 1.588399827266474
0.2933241241184751 0.7375886524822695 0.37 1.5911381292965228
0.30098455450240763 0.7375886524822695 0.38 1.59396497398708
0.30862297384655546 0.7375886524822695 0.39 1.5968815771366176
0.3162387155230944 0.7375886524822695 0.4 1.5998892045416562
0.32383110525860537 0.7375886524822695 0.41 1.602989173605512
0.3313994608121124 0.7375886524822695 0.42 1.6061828551928348
0.3389430916638553 0.7375886524822695 0.43 1.609471675363082
0.3464612986903021 0.7375886524822695 0.44 1.6128571172408637
0.3539533738207827 0.7375886524822695 0.45 1.6163407230598883
0.3614185997882388 0.7375886524822695 0.46 1.6199240953630107
0.368856249903948 0.7375886524822695 0.47 1.6236088980961356
0.3762655882456928 0.7375886524822695 0.48 1.6273968542503185
0.38364587133702244 0.7375886524822695 0.49 1.6312897313056307
0.3909963600592203 0.7375886524822695 0.5 1.6352892427491108
0.39831466853207265 0.7375886524822695 0.51 1.6394106487309459
0.4056047375791703 0.7375886524822695 0.52 1.6436170933025236
0.4128609468199754 0.7375886524822695 0.53 1.647950379608777
0.42008424147816886 0.7375886524822695 0.54 1.652398298607594
0.4272737476774491 0.7375886524822695 0.55 1.6569635660396953
0.43442862082365713 0.7375886524822695 0.56 1.6616486344675845
0.4415480073938713 0.7375886524822695 0.57 1.6664560059613884
0.44863103996315373 0.7375886524822695 0.58 1.6713882721368476
0.4556768355331314 0.7375886524822695 0.59 1.6764481271159137
0.4626844944882851 0.7375886524822695 0.6 1.681638375336655
0.4696530997122379 0.7375886524822695 0.61 1.6869619380632586
0.47658171572998415 0.7375886524822695 0.62 1.6924218596958887
0.48346938782196913 0.7375886524822695 0.63 1.6980213143143956
0.4903151411045027 0.7375886524822695 0.64 1.7037636125149433
0.4971179795581494 0.7375886524822695 0.65 1.7096522086845134
0.5038768849983333 0.7375886524822695 0.66 1.7156907087637783
0.5105908159810271 0.7375886524822695 0.67 1.7218828785580327
0.5172587066369455 0.7375886524822695 0.68 1.7282326526520844
0.52387946542721 0.7375886524822695 0.69 1.734744143988722
0.5304519738112907 0.7375886524822695 0.7 1.7414216541857734
0.5369750848196512 0.7375886524822695 0.71 1.7482696846570092
0.5434476215204349 0.7375886524822695 0.72 1.755292948624357
0.5498683753709599 0.7375886524822695 0.73 1.7624963841014558
0.556236104437441 0.7375886524822695 0.74 1.769885167978479
0.5625495314728965 0.7375886524822695 0.75 1.777464731298114
0.5688073418345058 0.7375886524822695 0.76 1.7852407758721236
0.5750081812194507 0.7375886524822695 0.77 1.7932192924048034
0.5811506532055488 0.7375886524822695 0.78 1.80140658024856
0.587233316552618 0.7375886524822695 0.79 1.809809269111796
0.593254682261197 0.7375886524822695 0.8 1.8184343427908687
0.5992132103289305 0.7375886524822695 0.81 1.8272891653561831
0.6051073061742551 0.7375886524822695 0.82 1.8363815100467227
0.610935316676003 0.7375886524822695 0.83 1.8457195912679782
0.6166955257674063 0.7375886524822695 0.84 1.8553121001614512
0.6223861495098953 0.7375886524822695 0.85 1.8651682443074042
0.628005330556834 0.7375886524822695 0.86 1.8752977922319292
0.6335511318962059 0.7375886524822695 0.87 1.8857111235380217
0.6390215297288241 0.7375886524822695 0.88 1.8964192857010886
0.644414405302015 0.7375886524822695 0.89 1.9074340588207064
0.6497275354619283 0.7375886524822695 0.9 1.9187680300000276
0.6549585816218004 0.7375886524822695 0.91 1.9304346794682066
0.6601050767098359 0.7375886524822695 0.92 1.9424484814214977
0.6651644095233307 0.7375886524822695 0.93 1.9548250234591389
0.6701338056295933 0.7375886524822695 0.94 1.9675811503011347
0.675010303536911 0.7375886524822695 0.95 1.9807351401040834
0.6797907241484139 0.7375886524822695 0.96 1.99430692611973
0.6844716291891628 0.7375886524822695 0.97 2.0083183904624247
0.6890492602973195 0.7375886524822695 0.98 2.022793780882993
0.6935194242414356 0.7375886524822695 0.99 2.0377604568219425
0.0 0.75177304964539 0.0 1.5365063274954534
0.008067296259389263 0.75177304964539 0.01 1.536540415294867
0.01613405556730949 0.75177304964539 0.02 1.5366426910504996
0.024199740826783403 0.75177304964539 0.03 1.5368131918181367
0.03226381464984441 0.75177304964539 0.04 1.5370519793875244
0.04032573921128503 0.75177304964539 0.05 1.5373591403819677
0.048384976102751734 0.75177304964539 0.06 1.5377347862964652
0.05644098618542661 0.75177304964539 0.07 1.5381790536490443
0.06449322944224373 0.75177304964539 0.08 1.5386921041165078
0.07254116482911156 0.75177304964539 0.09 1.539274124703006
0.08058425012541197 0.75177304964539 0.1 1.5399253279208134
0.08862194178327422 0.75177304964539 0.11 1.5406459520046945
0.09665369477380961 0.75177304964539 0.12 1.5414362612091386
0.10467896243503705 0.75177304964539 0.13 1.542296546015133
0.11269719631438228 0.75177304964539 0.14 1.543227123496053
0.12070784601159408 0.75177304964539 0.15 1.5442283376290071
0.12871035901925068 0.75177304964539 0.16 1.5453005596522584
0.13670418056013933 0.75177304964539 0.17 1.5464441884749711
0.14468875342365678 0.75177304964539 0.18 1.547659651081911
0.15266351779600243 0.75177304964539 0.19 1.5489474030494201
0.160627911092714 0.75177304964539 0.2 1.5503079289778026
0.16858136778433958 0.75177304964539 0.21 1.5517417430450569
0.17652331921898293 0.75177304964539 0.22 1.553249389586595
0.1844531934438271 0.75177304964539 0.23 1.55483144366596
0.19237041501810048 0.75177304964539 0.24 1.556488511769105
0.2002744048283052 0.75177304964539 0.25 1.5582212324285984
0.20816457989451248 0.75177304964539 0.26 1.5600302769718943
0.21604035317203452 0.75177304964539 0.27 1.5619163503086422
0.22390113335203465 0.75177304964539 0.28 1.563880191706353
0.2317463246498678 0.75177304964539 0.29 1.565922575716976
0.23957532659999928 0.75177304964539 0.3 1.5680443129828416
0.24738753383127485 0.75177304964539 0.31 1.5702462512893203
0.2551823358435166 0.75177304964539 0.32 1.5725292765637293
0.2629591167799421 0.75177304964539 0.33 1.5748943139063003
0.27071725518307693 0.75177304964539 0.34 1.577342328799918
0.27845612375515594 0.75177304964539 0.35 1.579874328236756
0.2861750891044907 0.75177304964539 0.36 1.5824913619913927
0.29387351148392105 0.75177304964539 0.37 1.585194523958874
0.3015507445198996 0.75177304964539 0.38 1.5879849535724413
0.30920613493988935 0.75177304964539 0.39 1.5908638372196364
0.316839022281986 0.75177304964539 0.4 1.5938324098298053
0.3244487386105127 0.75177304964539 0.41 1.596891956384272
0.33203460820768604 0.75177304964539 0.42 1.6000438136604156
0.33959594728669 0.75177304964539 0.43 1.6032893717597614
0.3471320636995823 0.75177304964539 0.44 1.6066300757083112
0.35464225670192745 0.75177304964539 0.45 1.6100674265690407
0.3621258169295038 0.75177304964539 0.46 1.6136029807572512
0.36958202690346 0.75177304964539 0.47 1.6172383450256838
0.3770101646706068 0.75177304964539 0.48 1.6209751452342347
0.3844095366115355 0.75177304964539 0.49 1.6248147519224574
0.39177134605886293 0.75177304964539 0.5 1.628825917675316
0.39911857004633816 0.75177304964539 0.51 1.632813123459042
0.40642677921464604 0.75177304964539 0.52 1.6369750344696048
0.4137031201599053 0.75177304964539 0.53 1.6412477603727929
0.4209467716104617 0.75177304964539 0.54 1.645633627917265
0.42815691619198054 0.75177304964539 0.55 1.6501349070821139
0.4353327259894079 0.75177304964539 0.56 1.654753930622777
0.44247335965790024 0.75177304964539 0.57 1.6594931172942675
0.44957796118221566 0.75177304964539 0.58 1.6643549813249368
0.45664565900057086 0.75177304964539 0.59 1.6693421388479184
0.4636755652265432 0.75177304964539 0.6 1.6744573135236036
0.47066677486049113 0.75177304964539 0.61 1.6797033422311838
0.47761836499783905 0.75177304964539 0.62 1.685083180805298
0.48452939398874184 0.75177304964539 0.63 1.6905999101658138
0.4913989005518027 0.75177304964539 0.64 1.6962567428276296
0.4982259028562719 0.75177304964539 0.65 1.7020570297014792
0.5050093975174167 0.75177304964539 0.66 1.7080042675789027
0.5117483585538897 0.75177304964539 0.67 1.714102106969325
0.5184417362647213 0.75177304964539 0.68 1.7203543605927156
0.5250884560345641 0.75177304964539 0.69 1.7267650124773501
0.5316874170560519 0.75177304964539 0.7 1.7333382277500782
0.5382374909610672 0.75177304964539 0.71 1.740078363186927
0.5447375203530467 0.75177304964539 0.72 1.7469899785913743
0.5511863172265957 0.75177304964539 0.73 1.7540778491072948
0.5575826612693817 0.75177304964539 0.74 1.7613469785195413
0.5639252980237646 0.75177304964539 0.75 1.7688026137100714
0.570212936901281 0.75177304964539 0.76 1.776450260339597
0.5764442490276959 0.75177304964539 0.77 1.7842956999266164
0.5826178648987606 0.75177304964539 0.78 1.7923450084831731
0.5887323718229276 0.75177304964539 0.79 1.8006045768955548
0.594786311127513 0.75177304964539 0.8 1.8090811332422607
0.6007781750868731 0.75177304964539 0.81 1.817781767357837
0.6067064035449511 0.75177304964539 0.82 1.8267139578736915
0.6125693801769677 0.75177304964539 0.83 1.8358856021444463
0.6183654283427511 0.75177304964539 0.84 1.8453050494313208
0.6240928064590254 0.75177304964539 0.85 1.8549811378788896
0.6297497028147659 0.75177304964539 0.86 1.864923235855759
0.6353342297244123 0.75177304964539 0.87 1.8751412884238
0.6408444168955005 0.75177304964539 0.88 1.885645869831681
0.6462782038517416 0.75177304964539 0.89 1.8964482431679455
0.6516334312037253 0.75177304964539 0.9 1.9075604286332237
0.6569078304956896 0.75177304964539 0.91 1.9189952823119278
0.6620990122682401 0.75177304964539 0.92 1.930766587902765
0.6672044518324706 0.75177304964539 0.93 1.9428891647908189
0.6722214720406701 0.75177304964539 0.94 1.9553789971764317
0.677147222000527 0.75177304964539 0.95 1.968253391092949
0.6819786501825829 0.75177304964539 0.96 1.9815311692475432
0.6867124673789005 0.75177304964539 0.97 1.9952329313194521
0.6913451028825924 0.75177304964539 0.98 2.0093813618758167
0.6958726081801779 0.75177304964539 0.99 2.024001854220834
0.0 0.7659574468085106 0.0 1.53125791893913
0.008081110581807605 0.7659574468085106 0.01 1.5312916015872267
0.016161687864244604 0.7659574468085106 0.02 1.5313926616160785
0.024241198405039015 0.7659574468085106 0.03 1.5315611352879877
0.03231910847604804 0.7659574468085106 0.04 1.5317970830741858
0.04039488391972241 0.7659574468085106 0.05 1.5321005897380757
0.048467990005714966 0.7659574468085106 0.06 1.5324717643844277
0.056537891286099574 0.7659574468085106 0.07 1.5329107406085478
0.06460405145045302 0.7659574468085106 0.08 1.5334176766135046
0.07266593317995325 0.7659574468085106 0.09 1.5339927553693862
0.08072299799983128 0.7659574468085106 0.1 1.5346361848226566
0.08877470613183779 0.7659574468085106 0.11 1.5353481980777817
0.09682051634361945 0.7659574468085106 0.12 1.536129053676305
0.10485988579876122 0.7659574468085106 0.13 1.536979035821142
0.11289226990320753 0.7659574468085106 0.14 1.5378984546995664
0.12091712214937128 0.7659574468085106 0.15 1.5388876468350323
0.12893389396120605 0.7659574468085106 0.16 1.5399469753860153
0.13694203453413872 0.7659574468085106 0.17 1.5410768305592157
0.14494099067458135 0.7659574468085106 0.18 1.5422776300011967
0.15293020663327903 0.7659574468085106 0.19 1.5435498193003336
0.16090912394130755 0.7659574468085106 0.2 1.5448938724000696
0.1688771812391287 0.7659574468085106 0.21 1.5463102921359781
0.17683381410190477 0.7659574468085106 0.22 1.5477996108099372
0.1847784548658729 0.7659574468085106 0.23 1.5493623907178562
0.19271053244495515 0.7659574468085106 0.24 1.5509992248261164
0.20062947214785115 0.7659574468085106 0.25 1.5527107374056826
0.2085346954907341 0.7659574468085106 0.26 1.5544975847155709
0.21642562000082977 0.7659574468085106 0.27 1.5563604557991315
0.2243016590234467 0.7659574468085106 0.28 1.5583000731996173
0.2321622215168884 0.7659574468085106 0.29 1.5603171938310034
0.24000671184322242 0.7659574468085106 0.3 1.5624126098739886
0.24783452955804153 0.7659574468085106 0.31 1.5645871496607184
0.255645069185637 0.7659574468085106 0.32 1.5668416787255266
0.2634377200004644 0.7659574468085106 0.33 1.5691771007486763
0.27121186578877815 0.7659574468085106 0.34 1.5715943587253316
0.2789668846162168 0.7659574468085106 0.35 1.574094436036048
0.28670214857190585 0.7659574468085106 0.36 1.576678357769601
0.2944170235248682 0.7659574468085106 0.37 1.5793471918799478
0.3021108688581984 0.7659574468085106 0.38 1.5821020505769687
0.30978303719669564 0.7659574468085106 0.39 1.5849440917622695
0.3174328741523552 0.7659574468085106 0.4 1.5878745202694704
0.3250597180333792 0.7659574468085106 0.41 1.5908945894812232
0.3326628995692038 0.7659574468085106 0.42 1.5940056027745806
0.3402417416970058 0.7659574468085106 0.43 1.5972089144039079
0.3477955593865203 0.7659574468085106 0.44 1.6005059301230076
0.35532365980754477 0.7659574468085106 0.45 1.6038981048419303
0.36282534369350605 0.7659574468085106 0.46 1.6073869301493025
0.37029991418518915 0.7659574468085106 0.47 1.6109738582933202
0.37774675204731606 0.7659574468085106 0.48 1.6146596668716249
0.38516477538519417 0.7659574468085106 0.49 1.618449060689592
0.39255339592066246 0.7659574468085106 0.5 1.6223424469741408
0.39991202256388975 0.7659574468085106 0.51 1.6263403275868085
0.40723981150236177 0.7659574468085106 0.52 1.630445294639957
0.4145359744827834 0.7659574468085106 0.53 1.6346594437017576
0.4217997184753425 0.7659574468085106 0.54 1.6389848854391345
0.4290302393825685 0.7659574468085106 0.55 1.6434237980963073
0.4362267202579389 0.7659574468085106 0.56 1.6479784416588499
0.44338833035328595 0.7659574468085106 0.57 1.6526511649705882
0.45051422436161487 0.7659574468085106 0.58 1.6574444111734845
0.4576035417211156 0.7659574468085106 0.59 1.6623607226318329
0.46465540590624 0.7659574468085106 0.6 1.667402745948029
0.4716689237011347 0.7659574468085106 0.61 1.6725732371249857
0.4786431844343458 0.7659574468085106 0.62 1.6778750670412517
0.48557725918278216 0.7659574468085106 0.63 1.683311227190203
0.4924701999210548 0.7659574468085106 0.64 1.688884835860182
0.49932103862344024 0.7659574468085106 0.65 1.694599144708818
0.5061287863156666 0.7659574468085106 0.66 1.7004575457597464
0.5128924320615006 0.7659574468085106 0.67 1.7064635789323916
0.5196109418874785 0.7659574468085106 0.68 1.712620940089806
0.5262832576331222 0.7659574468085106 0.69 1.7189334896995998
0.5329082957257488 0.7659574468085106 0.7 1.725405262124623
0.5394849458673191 0.7659574468085106 0.71 1.7320404756389964
0.5460120696275824 0.7659574468085106 0.72 1.7388435432209426
0.5524884989334096 0.7659574468085106 0.73 1.745819084204424
0.5589130344421941 0.7659574468085106 0.74 1.7529719368860213
0.5652844437871298 0.7659574468085106 0.75 1.760307172185804
0.5716014596858568 0.7659574468085106 0.76 1.7678301084410668
0.5778627778804556 0.7659574468085106 0.77 1.7755463275612864
0.5840670549125021 0.7659574468085106 0.78 1.783461692553087
0.590212905691413 0.7659574468085106 0.79 1.791582366711582
0.5962989008425609 0.7659574468085106 0.8 1.7999148346028568
0.6023235637992479 0.7659574468085106 0.81 1.808465925106365
0.6082853676078416 0.7659574468085106 0.82 1.8172428367602345
0.6141827314016318 0.7659574468085106 0.83 1.8262531657437655
0.6200140164929225 0.7659574468085106 0.84 1.835504936876603
0.6257775220284205 0.7659574468085106 0.85 1.8450066380522787
0.6314714801278186 0.7659574468085106 0.86 1.85476725868725
0.6370940504206086 0.7659574468085106 0.87 1.8647963328114237
0.6426433138664532 0.7659574468085106 0.88 1.8751039876220919
0.6481172657224086 0.7659574468085106 0.89 1.885700998477821
0.6535138074684826 0.7659574468085106 0.9 1.8965988516435015
0.6588307374658988 0.7659574468085106 0.91 1.9078098163538881
0.664065740026815 0.7659574468085106 0.92 1.919347028370661
0.6692163724721735 0.7659574468085106 0.93 1.9312245878662144
0.6742800495821348 0.7659574468085106 0.94 1.9434576755530966
0.6792540245635927 0.7659574468085106 0.95 1.9560626927159204
0.6841353653697344 0.7659574468085106 0.96 1.969057432643928
0.6889209212823172 0.7659574468085106 0.97 1.9824613138028304
0.6936072890105683 0.7659574468085106 0.98 1.9962956229220583
0.6981907430024112 0.7659574468085106 0.99 2.010583973274657
0.0 0.7801418439716312 0.0 1.5260902690498728
0.008094781904736222 0.7801418439716312 0.01 1.5261235553585544
0.016189034106450034 0.7801418439716312 0.02 1.526223426108072
0.02428222676176012 0.7801418439716312 0.03 1.5263899167900479
0.03237382974641556 0.7801418439716312 0.04 1.526623086596144
0.04046331251443582 0.7801418439716312 0.05 1.5269230184831832
0.048550143957096115 0.7801418439716312 0.06 1.5272898192394346
0.05663379226072277 0.7801418439716312 0.07 1.527723619623076
0.06471372476493502 0.7801418439716312 0.08 1.5282245744469531
0.07278940781780908 0.7801418439716312 0.09 1.5287928628123164
0.08086030663317359 0.7801418439716312 0.1 1.5294286882024397
0.08892588514379307 0.7801418439716312 0.11 1.530132278750742
0.09698560585472508 0.7801418439716312 0.12 1.5309038874570842
0.10503892969553355 0.7801418439716312 0.13 1.531743792428131
0.11308531586886895 0.7801418439716312 0.14 1.5326522972064867
0.12112422169942606 0.7801418439716312 0.15 1.5336297310548488
0.1291551024806286 0.7801418439716312 0.16 1.5346764492861873
0.1371774113168931 0.7801418439716312 0.17 1.535792833677489
0.14519059896648095 0.7801418439716312 0.18 1.536979292837119
0.1531941136803625 0.7801418439716312 0.19 1.5382362626423949
0.1611874010380995 0.7801418439716312 0.2 1.5395642067117488
0.1691699037810514 0.7801418439716312 0.21 1.5409636169023369
0.17714106164429044 0.7801418439716312 0.22 1.542435013808699
0.18510031118036258 0.7801418439716312 0.23 1.5439789473841643
0.19304708558526246 0.7801418439716312 0.24 1.5455959974918518
0.2009808145162392 0.7801418439716312 0.25 1.5472867745718095
0.2089009239102166 0.7801418439716312 0.26 1.5490519202714372
0.21680683578998305 0.7801418439716312 0.27 1.5508921082397467
0.22469796807437525 0.7801418439716312 0.28 1.5528080448297894
0.23257373438104326 0.7801418439716312 0.29 1.5548004698908693
0.2404335438172772 0.7801418439716312 0.3 1.5568701576969823
0.24827680077711733 0.7801418439716312 0.31 1.5590179177617205
0.25610290472552777 0.7801418439716312 0.32 1.561244595805631
0.26391124997889853 0.7801418439716312 0.33 1.563551074744165
0.271701225471196 0.7801418439716312 0.34 1.5659382758239668
0.2794722145345379 0.7801418439716312 0.35 1.5684071595658675
0.2872235946489522 0.7801418439716312 0.36 1.5709587270530752
0.2949547371991902 0.7801418439716312 0.37 1.5735940211095334
0.3026650072312283 0.7801418439716312 0.38 1.5763141274733188
0.3103537631929573 0.7801418439716312 0.39 1.5791201761330593
0.3180203566807233 0.7801418439716312 0.4 1.5820133425957714
0.32566413221822205 0.7801418439716312 0.41 1.5849948488486363
0.3332844270484933 0.7801418439716312 0.42 1.5880659642529762
0.3408805711550824 0.7801418439716312 0.43 1.5912280043713625
0.3484518877721471 0.7801418439716312 0.44 1.5944823256439813
0.35599769673780657 0.7801418439716312 0.45 1.5978302953357084
0.363517342618825 0.7801418439716312 0.46 1.601273046765594
0.37092776785675063 0.7801418439716312 0.47 1.6055248198814098
0.378474968343456 0.7801418439716312 0.48 1.6084521742086333
0.3859115613193499 0.7801418439716312 0.49 1.6121913286771699
0.3933190925206161 0.7801418439716312 0.5 1.6160319831950858
0.40069679017802856 0.7801418439716312 0.51 1.6199761668088666
0.4080438914386425 0.7801418439716312 0.52 1.6240258056691843
0.415359625483192 0.7801418439716312 0.53 1.6281828683651236
0.42264321045599196 0.7801418439716312 0.54 1.6324493914938125
0.4298938522754524 0.7801418439716312 0.55 1.6368274889067285
0.4371107438789021 0.7801418439716312 0.56 1.6413193571913576
0.4442930645615825 0.7801418439716312 0.57 1.645927280308381
0.4514399793504729 0.7801418439716312 0.58 1.650653633925517
0.45855063835600257 0.7801418439716312 0.59 1.6555008899128025
0.4656241761113408 0.7801418439716312 0.6 1.6604716209420916
0.4726597108748507 0.7801418439716312 0.61 1.6655685053809637
0.47965634389886946 0.7801418439716312 0.62 1.6707943324628474
0.4866131586577274 0.7801418439716312 0.63 1.6761520077898935
0.4935292200338607 0.7801418439716312 0.64 1.6816445591821376
0.5004035734519945 0.7801418439716312 0.65 1.6872751429480402
0.5072352439651697 0.7801418439716312 0.66 1.6930470505562512
0.5140232352789237 0.7801418439716312 0.67 1.6989637158089663
0.5207665287191818 0.7801418439716312 0.68 1.7050287224870266
0.5274640821259579 0.7801418439716312 0.69 1.7112458125954761
0.5341148286779197 0.7801418439716312 0.7 1.7176188951856088
0.5407176756314619 0.7801418439716312 0.71 1.7241520558727124
0.547271502973663 0.7801418439716312 0.72 1.7308495670663369
0.553775161974386 0.7801418439716312 0.73 1.737715899023305
0.5602274736314117 0.7801418439716312 0.74 1.7447557317793867
0.5666272269963462 0.7801418439716312 0.75 1.7519739680573294
0.5729731773610302 0.7801418439716312 0.76 1.7593757473003073
0.5792640443048976 0.7801418439716312 0.77 1.766966460853972
0.5854985095702305 0.7801418439716312 0.78 1.7747517685318843
0.5916752147524554 0.7801418439716312 0.79 1.7827376166762479
0.5977927587835239 0.7801418439716312 0.8 1.790930257887321
0.6038496951759103 0.7801418439716312 0.81 1.79933627266328
0.6098445290008482 0.7801418439716312 0.82 1.8079625931611905
0.6157757135584541 0.7801418439716312 0.83 1.8168165293930312
0.6216416466981715 0.7801418439716312 0.84 1.8259057981740456
0.6274406667319864 0.7801418439716312 0.85 1.835238555245785
0.6331710478777544 0.7801418439716312 0.86 1.8448234310382734
0.638830995150073 0.7801418439716312 0.87 1.8546695706676348
0.6444186386009331 0.7801418439716312 0.88 1.8647866788722627
0.6499320267841484 0.7801418439716312 0.89 1.875185070777336
0.6553691192872367 0.7801418439716312 0.9 1.8858757295810726
0.660727778124622 0.7801418439716312 0.91 1.8968703725788967
0.6660057577224634 0.7801418439716312 0.92 1.9081815273522513
0.6712006931365748 0.7801418439716312 0.93 1.9198226205168318
0.6763100859979461 0.7801418439716312 0.94 1.9318080823433417
0.681331287477242 0.7801418439716312 0.95 1.944153471827814
0.6862614774053305 0.7801418439716312 0.96 1.9568756278134363
0.6910976336880795 0.7801418439716312 0.97 1.9699928804724292
0.6958365022703664 0.7801418439716312 0.98 1.9835252658687048
0.7004745608828803 0.7801418439716312 0.99 1.997494783887072
0.0 0.7943262411347518 0.0 1.5210017111085536
0.008108312006946101 0.7943262411347518 0.01 1.5210346096424805
0.016216097852518846 0.7943262411347518 0.02 1.5211333168222443
0.024322831237434686 0.7943262411347518 0.03 1.5212978673932405
0.03242798558657785 0.7943262411347518 0.04 1.5215283192910067
0.04053103391041449 0.7943262411347518 0.05 1.5218247537303025
0.04863144866641709 0.7943262411347518 0.06 1.5221872752593646
0.056728701620083456 0.7943262411347518 0.07 1.5226160118522922
0.06482226370395516 0.7943262411347518 0.08 1.5231111150951693
0.07291160487813074 0.7943262411347518 0.09 1.5236727602597733
0.08099619398719583 0.7943262411347518 0.1 1.5243011465459118
0.08907549861797219 0.7943262411347518 0.11 1.524996497245432
0.09714898495476743 0.7943262411347518 0.12 1.5257590599875708
0.10521611763432134 0.7943262411347518 0.13 1.5265891069677775
0.11327635959715308 0.7943262411347518 0.14 1.5274869352660014
0.12132917193993381 0.7943262411347518 0.15 1.5284528671051536
0.12937401376355362 0.7943262411347518 0.16 1.529487250209914
0.1374103420198424 0.7943262411347518 0.17 1.5305904581671135
0.14543761135699923 0.7943262411347518 0.18 1.5317628907937813
0.15345527396050782 0.7943262411347518 0.19 1.5330049745820549
0.16146277939334897 0.7943262411347518 0.2 1.5343171631296595
0.16945957443254103 0.7943262411347518 0.21 1.5356999376218983
0.17744510290178087 0.7943262411347518 0.22 1.537153807360435
0.1854188055038767 0.7943262411347518 0.23 1.5386793102710732
0.19338011964511562 0.7943262411347518 0.24 1.5402770135289297
0.2013284792604299 0.7943262411347518 0.25 1.5419475141407222
0.20926331463045553 0.7943262411347518 0.26 1.5436914396340886
0.21718405219796413 0.7943262411347518 0.27 1.545509448728172
0.22509011437904636 0.7943262411347518 0.28 1.547402232061012
0.23298091936759202 0.7943262411347518 0.29 1.5493705129874802
0.24085588093840476 0.7943262411347518 0.3 1.5514150483710578
0.24871440824381905 0.7943262411347518 0.31 1.5535366294426243
0.2565559055950273 0.7943262411347518 0.32 1.555736082826941
0.2643797722684052 0.7943262411347518 0.33 1.5580142712368552
0.27218540226172117 0.7943262411347518 0.34 1.5603720947683493
0.27997218408089924 0.7943262411347518 0.35 1.5628104917924905
0.2877395005048941 0.7943262411347518 0.36 1.5653304400962635
0.2954867283637672 0.7943262411347518 0.37 1.5679329578650985
0.3032132382892597 0.7943262411347518 0.38 1.570619104964201
0.310918394500923 0.7943262411347518 0.39 1.5733899838406133
0.3186015546194295 0.7943262411347518 0.4 1.5762467401978364
0.3262620695466355 0.7943262411347518 0.41 1.579190563102448
0.3338992837426804 0.7943262411347518 0.42 1.5822226814830054
0.34151253668680115 0.7943262411347518 0.43 1.5853443502362128
0.3491011724508814 0.7943262411347518 0.44 1.5885567643062355
0.3566645399777926 0.7943262411347518 0.45 1.591861065734701
0.3642018049408378 0.7943262411347518 0.46 1.5952600003763528
0.3717122333821193 0.7943262411347518 0.47 1.5987553366661607
0.3791953335104403 0.7943262411347518 0.48 1.602346759719657
0.3866503138809495 0.7943262411347518 0.49 1.6060365545550421
0.3940764362965727 0.7943262411347518 0.5 1.6098265083070815
0.4014729595271186 0.7943262411347518 0.51 1.6137184083614469
0.4088391332704973 0.7943262411347518 0.52 1.6177140947982642
0.41617419648665144 0.7943262411347518 0.53 1.6218154740376232
0.4234773765605243 0.7943262411347518 0.54 1.6260245251246164
0.43074788866206193 0.7943262411347518 0.55 1.630343304237833
0.4379849351730102 0.7943262411347518 0.56 1.634773948598557
0.44518770510846134 0.7943262411347518 0.57 1.6393186803929616
0.45235537353573463 0.7943262411347518 0.58 1.643979810710191
0.4594871009607572 0.7943262411347518 0.59 1.6487597437322326
0.46658203269252785 0.7943262411347518 0.6 1.6536609811024177
0.47363929817585293 0.7943262411347518 0.61 1.658686126551298
0.48065801028358324 0.7943262411347518 0.62 1.663837890845824
0.4876372645753444 0.7943262411347518 0.63 1.6691190970161165
0.4945761385084951 0.7943262411347518 0.64 1.6745326859646592
0.5014736906089444 0.7943262411347518 0.65 1.680081722409623
0.508328959586381 0.7943262411347518 0.66 1.6857694012741151
0.5151409633982057 0.7943262411347518 0.67 1.6915990544975772
0.5219086982532545 0.7943262411347518 0.68 1.6975741583369006
0.5286311375528052 0.7943262411347518 0.69 1.703698341182111
0.5353072307564101 0.7943262411347518 0.7 1.7099753919773717
0.5419359021770574 0.7943262411347518 0.71 1.7164092692287003
0.5485160496851442 0.7943262411347518 0.72 1.723004110743264
0.5550465433248531 0.7943262411347518 0.73 1.7297642440906025
0.5615262238261454 0.7943262411347518 0.74 1.7366941979089372
0.5679539010006291 0.7943262411347518 0.75 1.7437987141476181
0.574328352016582 0.7943262411347518 0.76 1.75108276129608
0.5806483195323378 0.7943262411347518 0.77 1.7585515487522083
0.5869125096745524 0.7943262411347518 0.78 1.7662105424397632
0.5931195898427202 0.7943262411347518 0.79 1.7740654818197286
0.5992681863172921 0.7943262411347518 0.8 1.7821223984684569
0.6053568816487715 0.7943262411347518 0.81 1.7903876363999596
0.6113842117986541 0.7943262411347518 0.82 1.7988678743543538
0.6173486629926831 0.7943262411347518 0.83 1.8075701503421442
0.6232486682520022 0.7943262411347518 0.84 1.816501888711198
0.6290826035522288 0.7943262411347518 0.85 1.8256709301046838
0.6348487835447931 0.7943262411347518 0.86 1.8350855647801745
0.6405454567791484 0.7943262411347518 0.87 1.844754569748315
0.6461708003284184 0.7943262411347518 0.88 1.854687250415202
0.65172291371625 0.7943262411347518 0.89 1.8648934874592857
0.6571998119957021 0.7943262411347518 0.9 1.8753837899682613
0.6625994178186295 0.7943262411347518 0.91 1.8861693559624544
0.6679195522465705 0.7943262411347518 0.92 1.897262141970126
0.673157924008415 0.7943262411347518 0.93 1.9086749436290078
0.6783121167800905 0.7943262411347518 0.94 1.9204214900928016
0.6833795739065877 0.7943262411347518 0.95 1.932516555985419
0.6883575799488426 0.7943262411347518 0.96 1.944976094979562
0.693243232239488 0.7943262411347518 0.97 1.957817434259233
0.6980334096640577 0.7943262411347518 0.98 1.9710594900700171
0.7027247753969004 0.7943262411347518 0.99 1.9847227984305709
0.0 0.8085106382978723 0.0 1.5159906226320408
0.008121702640208735 0.8085106382978723 0.01 1.516023141723714
0.01624288260705218 0.8085106382978723 0.02 1.5161207103247365
0.024363017091610952 0.8085106382978723 0.03 1.5162833624651788
0.03248158301391654 0.8085106382978723 0.04 1.5165111548741779
0.040598056886930356 0.8085106382978723 0.05 1.5168041670627233
0.048711914680439755 0.8085106382978723 0.06 1.5171625013820835
0.056822631683662125 0.8085106382978723 0.07 1.517586283162173
0.06492968236862301 0.8085106382978723 0.08 1.5180756607770216
0.07303254025090919 0.8085106382978723 0.09 1.5186308058474907
0.08113067775040457 0.8085106382978723 0.1 1.5192519133989415
0.0892235660521355 0.8085106382978723 0.11 1.5199392020084883
0.09731067496222902 0.8085106382978723 0.12 1.5206929141136023
0.10539147276711157 0.8085106382978723 0.13 1.5215133161702339
0.11346542608787201 0.8085106382978723 0.14 1.5224006989604855
0.1215319997327925 0.8085106382978723 0.15 1.5233553779136053
0.12959065655112065 0.8085106382978723 0.16 1.5243776933703266
0.1376408572807946 0.8085106382978723 0.17 1.5254680109828198
0.14568206039850032 0.8085106382978723 0.18 1.526626722030211
0.15371372196111238 0.8085106382978723 0.19 1.527854243905275
0.1617352954511877 0.8085106382978723 0.2 1.5291510204812477
0.1697462316160502 0.8085106382978723 0.21 1.5305175225937302
0.1777459783036171 0.8085106382978723 0.22 1.5319542485546562
0.18573398029602128 0.8085106382978723 0.23 1.5334617246785185
0.1937096791413642 0.8085106382978723 0.24 1.5350405058191947
0.20167251298037678 0.8085106382978723 0.25 1.5366911759706194
0.2096219163660819 0.8085106382978723 0.26 1.5384143489497328
0.21755732008729112 0.8085106382978723 0.27 1.540210668995077
0.22547815098262322 0.8085106382978723 0.28 1.5420808114904763
0.23338383174651223 0.8085106382978723 0.29 1.5440254837727492
0.24127378073912523 0.8085106382978723 0.3 1.546045425859528
0.24914741178827407 0.8085106382978723 0.31 1.5481414112698582
0.25700413397977084 0.8085106382978723 0.32 1.5503142479687404
0.2648433514574112 0.8085106382978723 0.33 1.5525647791703836
0.2726644632037978 0.8085106382978723 0.34 1.5548938843635347
0.28046686282630945 0.8085106382978723 0.35 1.5573024802555562
0.2882499383401018 0.8085106382978723 0.36 1.5597915217459326
0.29601307196354193 0.8085106382978723 0.37 1.5623620027695726
0.3037556399165515 0.8085106382978723 0.38 1.5650149571379393
0.31147701232501285 0.8085106382978723 0.39 1.5677514583475267
0.31917655323737587 0.8085106382978723 0.4 1.5705726184644677
0.326853621468388 0.8085106382978723 0.41 1.573479579345281
0.33450757488443555 0.8085106382978723 0.42 1.5764734726771934
0.34213781108484453 0.8085106382978723 0.43 1.5795550489720322
0.34974143974260163 0.8085106382978723 0.44 1.5827457861106065
0.3573239818576952 0.8085106382978723 0.45 1.5859909240210834
0.3648786777053743 0.8085106382978723 0.46 1.5893468759580214
0.3724068993575326 0.8085106382978723 0.47 1.5927964507679573
0.37990792541011537 0.8085106382978723 0.48 1.5963413652964553
0.3873810406800823 0.8085106382978723 0.49 1.5999832532504126
0.39482552326268994 0.8085106382978723 0.5 1.603723781757342
0.402240641954858 0.8085106382978723 0.51 1.6075646736079765
0.40962565525720207 0.8085106382978723 0.52 1.6115077151382193
0.4169798107272744 0.8085106382978723 0.53 1.615554760886533
0.42430234443601283 0.8085106382978723 0.54 1.6197077372912887
0.4315924804503118 0.8085106382978723 0.55 1.6239686461293947
0.43884943030967194 0.8085106382978723 0.56 1.6283395679802788
0.44607239248951935 0.8085106382978723 0.57 1.6328226657872917
0.45326055184039465 0.8085106382978723 0.58 1.6374201886061963
0.4604130790052959 0.8085106382978723 0.59 1.6421344755289926
0.4675291298057943 0.8085106382978723 0.6 1.646967959856311
0.47460784459329614 0.8085106382978723 0.61 1.651923173546089
0.48164834757205155 0.8085106382978723 0.62 1.6570027518953518
0.48864974608014183 0.8085106382978723 0.63 1.6622094385566144
0.49561112983078187 0.8085106382978723 0.64 1.6675460908752253
0.5025315701099338 0.8085106382978723 0.65 1.6730156855800284
0.5094101189259677 0.8085106382978723 0.66 1.6786213248614437
0.5162458081084784 0.8085106382978723 0.67 1.6843662428623023
0.5230376483479051 0.8085106382978723 0.68 1.6902538126433622
0.5297846281767924 0.8085106382978723 0.69 1.6962875536253452
0.5364857128835153 0.8085106382978723 0.7 1.7024711395767012
0.5431398433519607 0.8085106382978723 0.71 1.7088084071986944
0.549745934820137 0.8085106382978723 0.72 1.715303365363734
0.5563028755565759 0.8085106382978723 0.73 1.7219602050277913
0.5628095254292892 0.8085106382978723 0.74 1.7287833099899481
0.5692647143811442 0.8085106382978723 0.75 1.7357772684291632
0.5756672407755389 0.8085106382978723 0.76 1.7429468854619627
0.5820158696192121 0.8085106382978723 0.77 1.7502971966998906
0.5883093306347402 0.8085106382978723 0.78 1.7578334830000797
0.5945463161723967 0.8085106382978723 0.79 1.7655612864996209
0.6007254789380412 0.8085106382978723 0.8 1.773486428107171
0.6068454295172024 0.8085106382978723 0.81 1.7816150266080442
0.6129047336666223 0.8085106382978723 0.82 1.7899535195970557
0.6189019093420923 0.8085106382978723 0.83 1.798508686473134
0.624835423426467 0.8085106382978723 0.84 1.8072876737656924
0.6307036881122703 0.8085106382978723 0.85 1.816298023126173
0.6365050568891226 0.8085106382978723 0.86 1.8255477023522437
0.6422378200654416 0.8085106382978723 0.87 1.8350451399439218
0.6479001997545483 0.8085106382978723 0.88 1.844799263700947
0.653490344218752 0.8085106382978723 0.89 1.8548195440980657
0.6590063214598085 0.8085106382978723 0.9 1.865116043225288
0.6644461118896351 0.8085106382978723 0.91 1.8756994704172316
0.6698075998953 0.8085106382978723 0.92 1.8865812458411082
0.6750885640255123 0.8085106382978723 0.93 1.897773573846725
0.680286665452862 0.8085106382978723 0.94 1.909289528347418
0.6853994342348869 0.8085106382978723 0.95 1.9211431533115415
0.6904242529505097 0.8085106382978723 0.96 1.9333495812449164
0.6953583297917326 0.8085106382978723 0.97 1.945925214646978
0.7001986620076068 0.8085106382978723 0.98 1.958887966177373
0.7049420820158815 0.8085106382978723 0.99 1.9722570423791153
0.0 0.8226950354609929 0.0 1.5110554238732294
0.008134955529999424 0.8226950354609929 0.01 1.511087571622421
0.01626939182193008 0.8226950354609929 0.02 1.511184025960912
0.024402789504612783 0.8226950354609929 0.03 1.5113448202035102
0.03253462894042077 0.8226950354609929 0.04 1.511570009914706
0.04066439009168639 0.8226950354609929 0.05 1.5118596729638314
0.04879155238725907 0.8226950354609929 0.06 1.5122139095673712
0.05691559458686404 0.8226950354609929 0.07 1.5126328424710946
0.06503599464765322 0.8226950354609929 0.08 1.5131166169587678
0.07315222958694839 0.8226950354609929 0.09 1.513665401082152
0.08126377534531254 0.8226950354609929 0.1 1.5142793858145336
0.08937010664995114 0.8226950354609929 0.11 1.5149587851863127
0.09747069687394405 0.8226950354609929 0.12 1.5157038365622681
0.1055650178968242 0.8226950354609929 0.13 1.5165148008350382
0.11365253996210954 0.8226950354609929 0.14 1.5173919627021313
0.12173273153316977 0.8226950354609929 0.15 1.5183356309613734
0.12980505914816856 0.8226950354609929 0.16 1.5193461388072451
0.13786898727283128 0.8226950354609929 0.17 1.5204238441628066
0.1459239781499309 0.8226950354609929 0.18 1.5215691300639405
0.15396949164771154 0.8226950354609929 0.19 1.522782405040217
0.16200498510516104 0.8226950354609929 0.2 1.5240641035398834
0.1700299131748852 0.8226950354609929 0.21 1.5254146863780167
0.1780437276639416 0.8226950354609929 0.22 1.526834641201368
0.18604587736903763 0.8226950354609929 0.23 1.528324483030843
0.1940358079114669 0.8226950354609929 0.24 1.5298847547817123
0.2020129615671415 0.8226950354609929 0.25 1.5315160278448519
0.20997677709710938 0.8226950354609929 0.26 1.5332189026412308
0.2179266895588926 0.8226950354609929 0.27 1.5349940094401455
0.22586213013851042 0.8226950354609929 0.28 1.5368420088426251
0.23378252596029153 0.8226950354609929 0.29 1.5387635925788867
0.24168729989500978 0.8226950354609929 0.3 1.540759484295142
0.24957587036782294 0.8226950354609929 0.31 1.5428304403211346
0.2574476511665479 0.8226950354609929 0.32 1.544977250423304
0.26530205123265094 0.8226950354609929 0.33 1.5472007387591746
0.2731384744681397 0.8226950354609929 0.34 1.5495017646252116
0.28095631953542094 0.8226950354609929 0.35 1.5518812232974957
0.28875497967778135 0.8226950354609929 0.36 1.5543400466579937
0.29653384257616827 0.8226950354609929 0.37 1.5568792034861936
0.3042922903546054 0.8226950354609929 0.38 1.5594996983270117
0.3120297000331648 0.8226950354609929 0.39 1.5622025661771213
0.31974544593888327 0.8226950354609929 0.4 1.5649888488588213
0.32743891631869615 0.8226950354609929 0.41 1.5678594385892517
0.3349929525882699 0.8226950354609929 0.42 1.5719084170677395
0.3427562460131165 0.8226950354609929 0.43 1.5738602103923813
0.35037874356129306 0.8226950354609929 0.44 1.576993310544794
0.3579763568979305 0.8226950354609929 0.45 1.5802155810885326
0.36554836807706903 0.8226950354609929 0.46 1.5835287932012938
0.37309408448820547 0.8226950354609929 0.47 1.5869344546378406
0.38061280978531464 0.8226950354609929 0.48 1.5904340804970125
0.38810383976978174 0.8226950354609929 0.49 1.594029230500636
0.39556646112243976 0.8226950354609929 0.5 1.5977215196088312
0.40299995071627415 0.8226950354609929 0.51 1.6015126231697405
0.4104035750963911 0.8226950354609929 0.52 1.6054042804858777
0.41777659000131223 0.8226950354609929 0.53 1.609398297962246
0.4251182398951335 0.8226950354609929 0.54 1.6134965521305407
0.43242775748901324 0.8226950354609929 0.55 1.6177009927412562
0.4397043632443811 0.8226950354609929 0.56 1.6220136459911323
0.4469472648623155 0.8226950354609929 0.57 1.6264366178591285
0.4541556567419174 0.8226950354609929 0.58 1.6309720976834599
0.46132871941731796 0.8226950354609929 0.59 1.635622361909681
0.4684656189627703 0.8226950354609929 0.6 1.6403897780899852
0.47556550637138706 0.8226950354609929 0.61 1.6452768090962195
0.4826275168968862 0.8226950354609929 0.62 1.6502860176253968
0.48965076936035373 0.8226950354609929 0.63 1.6554200709856717
0.49663436541804545 0.8226950354609929 0.64 1.660681746194173
0.5035773887877709 0.8226950354609929 0.65 1.6660739354076546
0.5104789044291655 0.8226950354609929 0.66 1.6715996517223914
0.5173379576737687 0.8226950354609929 0.67 1.6772620353756096
0.5241535733038553 0.8226950354609929 0.68 1.6830643603617852
0.530924754569843 0.8226950354609929 0.69 1.689010041537492
0.5376504821467002 0.8226950354609929 0.7 1.695102642219737
0.5443297130195712 0.8226950354609929 0.71 1.7013458823501484
0.5509613792969391 0.8226950354609929 0.72 1.7077436472464038
0.5575443869321371 0.8226950354609929 0.73 1.7142999970731798
0.5640776143658214 0.8226950354609929 0.74 1.7210191769675725
0.5705599110565852 0.8226950354609929 0.75 1.7279056280388192
0.5769900959069473 0.8226950354609929 0.76 1.7349639992143078
0.5833669555652158 0.8226950354609929 0.77 1.742199160072223
0.5896892425881034 0.8226950354609929 0.78 1.7496162147750385
0.5959556734537674 0.8226950354609929 0.79 1.757220517192361
0.6021649264025412 0.8226950354609929 0.8 1.7650176873794428
0.6083156390866755 0.8226950354609929 0.81 1.7730136295567342
0.6144064060056117 0.8226950354609929 0.82 1.7812145517689904
0.6204357756938071 0.8226950354609929 0.83 1.7896269874630446
0.6264022476332501 0.8226950354609929 0.84 1.7982578191994878
0.6323042688482783 0.8226950354609929 0.85 1.8071143048056204
0.6381402301304483 0.8226950354609929 0.86 1.8162041063418806
0.6439084618481 0.8226950354609929 0.87 1.8255353222251505
0.6496072292546403 0.8226950354609929 0.88 1.8351165230973903
0.6552347272234014 0.8226950354609929 0.89 1.8449567919636636
0.6607890742952858 0.8226950354609929 0.9 1.8550657693795403
0.6662683059050399 0.8226950354609929 0.91 1.8654537046052875
0.6716703666171596 0.8226950354609929 0.92 1.8761315138694967
0.6769931011438304 0.8226950354609929 0.93 1.8871108472501847
0.682234243852265 0.8226950354609929 0.94 1.8984041660919848
0.6873914063636903 0.8226950354609929 0.95 1.9100248335260368
0.6924620629756013 0.8226950354609929 0.96 1.9219872200251484
0.6974435247630179 0.8226950354609929 0.97 1.934306875283254
0.7023328943291146 0.8226950354609929 0.98 1.947000811506012
0.7071271585938645 0.8226950354609929 0.99 1.9600870267736044
0.0 0.8368794326241135 0.0 1.5061945764301483
0.008148072375976773 0.8368794326241135 0.01 1.5062263607147492
0.01629562889754435 0.8368794326241135 0.02 1.5063217244239453
0.0244421535794619 0.8368794326241135 0.03 1.5064807001938434
0.03258713017452145 0.8368794326241135 0.04 1.506703342459409
0.0407300420427926 0.8368794326241135 0.05 1.5069897274627857
0.04887037201937541 0.8368794326241135 0.06 1.5073399533954526
0.05700760228266554 0.8368794326241135 0.07 1.5077541404490287
0.06514121422170523 0.8368794326241135 0.08 1.5082324309334176
0.07327068830217713 0.8368794326241135 0.09 1.5087749894397473
0.08139550393250375 0.8368794326241135 0.1 1.5093820029731402
0.0895151393268403 0.8368794326241135 0.11 1.510053681192526
0.09762907137156908 0.8368794326241135 0.12 1.5107902564999895
0.10573677548353437 0.8368794326241135 0.13 1.511591984404886
0.11383772547253936 0.8368794326241135 0.14 1.5124591437018304
0.12193139340051297 0.8368794326241135 0.15 1.513392036744975
0.13001724943789272 0.8368794326241135 0.16 1.5143909897715573
0.1380947617172452 0.8368794326241135 0.17 1.515456353261492
0.14616339619019572 0.8368794326241135 0.18 1.5165885022003691
0.15422261647489804 0.8368794326241135 0.19 1.5177878365390378
0.16227188370604295 0.8368794326241135 0.2 1.5190547815643574
0.17031065637977777 0.8368794326241135 0.21 1.5203897883531166
0.17833839019791217 0.8368794326241135 0.22 1.5217933342152152
0.18635453790794987 0.8368794326241135 0.23 1.5232659231924643
0.19435854913756412 0.8368794326241135 0.24 1.524808086625505
0.20234987023478407 0.8368794326241135 0.25 1.526420383607049
0.21032794409040068 0.8368794326241135 0.26 1.528103401698847
0.21829220996943996 0.8368794326241135 0.27 1.5298577574769423
0.22624210333783812 0.8368794326241135 0.28 1.5316840971409122
0.23417705567439684 0.8368794326241135 0.29 1.5335830973088205
0.242096494289933 0.8368794326241135 0.3 1.5355554656855372
0.24999984214972723 0.8368794326241135 0.31 1.5376019416864743
0.2578865176745637 0.8368794326241135 0.32 1.5397232973276271
0.26575593456934943 0.8368794326241135 0.33 1.5419203377673125
0.2736075016328762 0.8368794326241135 0.34 1.5441939020977424
0.28144062264925274 0.8368794326241135 0.35 1.5465448632416028
0.28925469632613277 0.8368794326241135 0.36 1.5489741274938216
0.29704911658259936 0.8368794326241135 0.37 1.5514826306094078
0.3048232740796393 0.8368794326241135 0.38 1.5540713219114717
0.31257656550632595 0.8368794326241135 0.39 1.5567410734708227
0.3203084003982408 0.8368794326241135 0.4 1.5594926256001487
0.3280180029760951 0.8368794326241135 0.41 1.5623284918635074
0.3357046696390634 0.8368794326241135 0.42 1.565250373817556
0.34336800058411115 0.8368794326241135 0.43 1.5682571344778613
0.3510072600943636 0.8368794326241135 0.44 1.5713508120246087
0.3586217748067029 0.8368794326241135 0.45 1.5745328158920335
0.3662108714288975 0.8368794326241135 0.46 1.5778045273735637
0.37377387026423203 0.8368794326241135 0.47 1.5811673608608408
0.3813100835741696 0.8368794326241135 0.48 1.5846227783535274
0.3888188148396184 0.8368794326241135 0.49 1.5881722952760204
0.39629935823753004 0.8368794326241135 0.5 1.5918174841655242
0.40375099820502336 0.8368794326241135 0.51 1.595559977510545
0.4111730090107745 0.8368794326241135 0.52 1.5994014704771977
0.4185646543256771 0.8368794326241135 0.53 1.6033437236128887
0.42592518678384006 0.8368794326241135 0.54 1.6073885656131677
0.4332538475259132 0.8368794326241135 0.55 1.6115378962210685
0.44054986572267196 0.8368794326241135 0.56 1.615793689277658
0.44781245808102527 0.8368794326241135 0.57 1.620157995911028
0.4550408283194853 0.8368794326241135 0.58 1.6246329479615689
0.4622341666262198 0.8368794326241135 0.59 1.6292207615487282
0.4693916490832956 0.8368794326241135 0.6 1.633923740901131
0.47651243706516444 0.8368794326241135 0.61 1.638744282393384
0.48359567660198133 0.8368794326241135 0.62 1.643684878858895
0.4906404977104149 0.8368794326241135 0.63 1.6487481241623814
0.4976460136881202 0.8368794326241135 0.64 1.6539367180624844
0.5046113203645078 0.8368794326241135 0.65 1.6592534714176956
0.5115354953121003 0.8368794326241135 0.66 1.6647013117108889
0.5184175970080853 0.8368794326241135 0.67 1.6702832889670538
0.5252566639461952 0.8368794326241135 0.68 1.6760025820685374
0.5320517136930124 0.8368794326241135 0.69 1.68186250551304
0.5388017418830185 0.8368794326241135 0.7 1.6878665166582223
0.5455057211493949 0.8368794326241135 0.71 1.6940182234805614
0.5521625999823351 0.8368794326241135 0.72 1.7003213929105305
0.5587713015080911 0.8368794326241135 0.73 1.7067799597973858
0.5653307221826093 0.8368794326241135 0.74 1.7133980365543895
0.5718397303900732 0.8368794326241135 0.75 1.7201799235586812
0.5782971649368055 0.8368794326241135 0.76 1.727130120380513
0.5847018334288964 0.8368794326241135 0.77 1.734253337931032
0.5910525105222861 0.8368794326241135 0.78 1.7415545116178326
0.5973479360279885 0.8368794326241135 0.79 1.7490388156359937
0.603586812861535 0.8368794326241135 0.8 1.7567116784874044
0.6097678048095608 0.8368794326241135 0.81 1.7645787999199924
0.6158895340984409 0.8368794326241135 0.82 1.772646169411564
0.621950578734265 0.8368794326241135 0.83 1.7809200864193844
0.6279494695855389 0.8368794326241135 0.84 1.7894071826093518
0.6338846871735843 0.8368794326241135 0.85 1.798114446322555
0.639754658123498 0.8368794326241135 0.86 1.807049249613883
0.645557751230293 0.8368794326241135 0.87 1.8162193781966052
0.6512922730714517 0.8368794326241135 0.88 1.8256330647710592
0.6569564630952471 0.8368794326241135 0.89 1.8352990262393123
0.6625484880852897 0.8368794326241135 0.9 1.8452265054871373
0.6680664358885252 0.8368794326241135 0.91 1.855425318508813
0.6735083082555076 0.8368794326241135 0.92 1.865905907890388
0.6788720125954397 0.8368794326241135 0.93 1.8766794039562318
0.6841553524022528 0.8368794326241135 0.94 1.887757695180537
0.6893560160089047 0.8368794326241135 0.95 1.8991535100664736
0.6944715635228536 0.8368794326241135 0.96 1.9108805116888041
0.6994994014840925 0.8368794326241135 0.97 1.9229534628971159
0.7044367262624157 0.8368794326241135 0.98 1.9353885668791169
0.7092806658463353 0.8368794326241135 0.99 1.9482027223824816
0.0 0.851063829787234 0.0 1.5014065818929587
0.008161054852556979 0.851063829787234 0.01 1.5014380103672134
0.016321597183626208 0.851063829787234 0.02 1.5015323064481894
0.02448111434311546 0.851063829787234 0.03 1.5016895021022267
0.032639093423680834 0.851063829787234 0.04 1.5019096506361678
0.040795021131595464 0.851063829787234 0.05 1.5021928267654308
0.04894838365753812 0.851063829787234 0.06 1.5025391266676893
0.05709866654663974 0.851063829787234 0.07 1.502948668085456
0.06524535456830959 0.851063829787234 0.08 1.5034215904232258
0.07338793158432354 0.851063829787234 0.09 1.5039580549167801
0.0815258804179074 0.851063829787234 0.1 1.50455824473365
0.0896586827185623 0.851063829787234 0.11 1.5052223652341523
0.09778581883027393 0.851063829787234 0.12 1.5059506440733001
0.10590676765378067 0.851063829787234 0.13 1.5067433315023304
0.11402100651076667 0.851063829787234 0.14 1.5076007005706633
0.12212801100561935 0.851063829787234 0.15 1.5085230473896623
0.13022725488414186 0.851063829787234 0.16 1.50951069145276
0.1383182098910984 0.851063829787234 0.17 1.5105639759550915
0.14640034562570553 0.851063829787234 0.18 1.5116832681380488
0.15447312940058477 0.851063829787234 0.19 1.5128689595484135
0.16253602608223622 0.851063829787234 0.2 1.5141214666565797
0.17058849795398656 0.851063829787234 0.21 1.5154412309957326
0.17863000454708813 0.851063829787234 0.22 1.5168287198997827
0.18666000249730863 0.851063829787234 0.23 1.5182844267360993
0.19467794537608366 0.851063829787234 0.24 1.5198088715778453
0.20268328353663653 0.851063829787234 0.25 1.5214026015963062
0.21067546394100958 0.851063829787234 0.26 1.5230661917448423
0.2186539299914638 0.851063829787234 0.27 1.5248002453408702
0.22661812137161663 0.851063829787234 0.28 1.5266053945046216
0.23456747385169324 0.851063829787234 0.29 1.5284823010884372
0.24250141913304277 0.851063829787234 0.3 1.5304316570456835
0.2504193846811234 0.851063829787234 0.31 1.532454184987588
0.25832079353347653 0.851063829787234 0.32 1.5345506390550416
0.26620506421343376 0.851063829787234 0.33 1.5367218045396138
0.2740716106302698 0.851063829787234 0.34 1.5389684978395008
0.281919842330981 0.851063829787234 0.35 1.5412915626977788
0.28974916558859287 0.851063829787234 0.36 1.5436918582231252
0.2975589896239203 0.851063829787234 0.37 1.5461701954456157
0.3053487908785749 0.851063829787234 0.38 1.5487266941735185
0.31311769105891923 0.851063829787234 0.39 1.551365047188155
0.32086515435483015 0.851063829787234 0.4 1.5540853671544532
0.3285906903552106 0.851063829787234 0.41 1.5568873996785464
0.3362936277900493 0.851063829787234 0.42 1.5597726623933
0.3439733098781859 0.851063829787234 0.43 1.562742489356538
0.351629084252384 0.851063829787234 0.44 1.5657981431497452
0.35926029351963734 0.851063829787234 0.45 1.5689409079813461
0.3668662732309861 0.851063829787234 0.46 1.5721721086611378
0.3744463510649656 0.851063829787234 0.47 1.5754931173940974
0.38199984632130257 0.851063829787234 0.48 1.578905357446817
0.3895260695011989 0.851063829787234 0.49 1.5824103059105439
0.39702432192310305 0.851063829787234 0.5 1.586009496093427
0.4044938953302437 0.851063829787234 0.51 1.5897045199431605
0.411934071502501 0.851063829787234 0.52 1.5934970304134803
0.41934412184123043 0.851063829787234 0.53 1.5973887440339996
0.4267233069568017 0.851063829787234 0.54 1.6013814434531382
0.43407087622003926 0.851063829787234 0.55 1.6054769802592292
0.44138606730927105 0.851063829787234 0.56 1.609677277836538
0.4486681057246728 0.851063829787234 0.57 1.6139843344731704
0.45591620428786106 0.851063829787234 0.58 1.6184002265870272
0.46312956261206234 0.851063829787234 0.59 1.6229271121801814
0.47030736654699234 0.851063829787234 0.6 1.6275672344920105
0.47744878759562503 0.851063829787234 0.61 1.6323229258735732
0.48455298230009025 0.851063829787234 0.62 1.637196611904841
0.4916190915947696 0.851063829787234 0.63 1.6421908157706477
0.49864624012309483 0.851063829787234 0.64 1.6473081629220916
0.5056335355166158 0.851063829787234 0.65 1.6525513860364505
0.5125800676332686 0.851063829787234 0.66 1.6579233303003995
0.5194849077477139 0.851063829787234 0.67 1.6634269590677735
0.5263471076984748 0.851063829787234 0.68 1.6690653598664769
0.5331656989777065 0.851063829787234 0.69 1.674841750852738
0.5399396917653211 0.851063829787234 0.7 1.6807594877077205
0.5466680739014067 0.851063829787234 0.71 1.6868220710233826
0.5533498097885475 0.851063829787234 0.72 1.6930331542391686
0.5599838392245857 0.851063829787234 0.73 1.699396552136826
0.5665690761468216 0.851063829787234 0.74 1.705916250022256
0.573104407291609 0.851063829787234 0.75 1.7125964135829133
0.5795886907542279 0.851063829787234 0.76 1.7194413995285749
0.5860207544393017 0.851063829787234 0.77 1.726455767091127
0.5923993943904072 0.851063829787234 0.78 1.7336442904708884
0.5987233729863608 0.851063829787234 0.79 1.7410119723263193
0.6049914169874777 0.851063829787234 0.8 1.7485640584312823
0.6112022154161884 0.851063829787234 0.81 1.7563060536207258
0.6173544172488178 0.851063829787234 0.82 1.76424373919336
0.6234466288965159 0.851063829787234 0.83 1.7723831919370479
0.6294774114490639 0.851063829787234 0.84 1.780730804972531
0.6354452776436899 0.851063829787234 0.85 1.789293310683033
0.6413486885276982 0.851063829787234 0.86 1.7980778059662381
0.6471860497597953 0.851063829787234 0.87 1.8070917801892117
0.6529557075034224 0.851063829787234 0.88 1.8163431461888704
0.6586559438344909 0.851063829787234 0.89 1.8258402748464901
0.6642849715896225 0.851063829787234 0.9 1.8355920337581695
0.6698409285434945 0.851063829787234 0.91 1.8456078307502335
0.6753218707873231 0.851063829787234 0.92 1.8558976631018758
0.6807257651430594 0.851063829787234 0.93 1.8664721735721583
0.686050480385431 0.851063829787234 0.94 1.8773427147069204
0.6912937769925799 0.851063829787234 0.95 1.8885214232275378
0.696453295340837 0.851063829787234 0.96 1.9000213053019308
0.7015265305406214 0.851063829787234 0.97 1.9118563974645708
0.7065107624349293 0.851063829787234 0.98 1.9240421748530079
0.7114032478174586 0.851063829787234 0.99 1.9365945354587284
0.0 0.8652482269503546 0.0 1.4966899804538571
0.008173904609573448 0.8652482269503546 0.01 1.4967210605874501
0.016347299980852686 0.8652482269503546 0.02 1.4968143114059016
0.024519676749209178 0.8652482269503546 0.03 1.4969697642298068
0.03269052529683966 0.8652482269503546 0.04 1.4971874713188424
0.04085933562665107 0.8652482269503546 0.05 1.497467505849203
0.04902559723448649 0.8652482269503546 0.06 1.497809962062246
0.05718879898174889 0.8652482269503546 0.07 1.4982149553192234
0.06534842896680536 0.8652482269503546 0.08 1.4986826222304466
0.07350397439761654 0.8652482269503546 0.09 1.4992131207122568
0.08165492145886602 0.8652482269503546 0.1 1.4998066302790583
0.0898007551842327 0.8652482269503546 0.11 1.5004633520750204
0.0979409593234112 0.8652482269503546 0.12 1.5011835091237569
0.10607501620759303 0.8652482269503546 0.13 1.5019673465821224
0.11420240661722572 0.8652482269503546 0.14 1.502815131903429
0.12232260964314581 0.8652482269503546 0.15 1.503727155178145
0.13043510255190563 0.8652482269503546 0.16 1.5047037293326924
0.1385393606441896 0.8652482269503546 0.17 1.5057451904922263
0.1466348571135401 0.8652482269503546 0.18 1.5068518983027526
0.15472106290327023 0.8652482269503546 0.19 1.5080242362752643
0.16279744656163067 0.8652482269503546 0.2 1.5092626121494295
0.17086347409155564 0.8652482269503546 0.21 1.5105674583416737
0.1789186087995341 0.8652482269503546 0.22 1.5119392323808376
0.18696231114751669 0.8652482269503546 0.23 1.5133784172780573
0.19499403859391604 0.8652482269503546 0.24 1.5148855220721338
0.20301324543060786 0.8652482269503546 0.25 1.516461082405665
0.21101938263640527 0.8652482269503546 0.26 1.5181056608357288
0.21901189769931678 0.8652482269503546 0.27 1.519819847613126
0.2269902344603499 0.8652482269503546 0.28 1.521604261116511
0.23495383295647504 0.8652482269503546 0.29 1.523459548317684
0.24290212927816138 0.8652482269503546 0.3 1.5253863850832
0.25083455542575206 0.8652482269503546 0.31 1.5273854765442767
0.2587505392892498 0.8652482269503546 0.32 1.5294575560532424
0.26664950476923394 0.8652482269503546 0.33 1.531603382807572
0.2745308728191035 0.8652482269503546 0.34 1.5338237296774606
0.2823940664367425 0.8652482269503546 0.35 1.5361193300966989
0.29023855812593186 0.8652482269503546 0.36 1.5384903829094825
0.29806233332955184 0.8652482269503546 0.37 1.540952508931803
0.30586849150217627 0.8652482269503546 0.38 1.543468287564866
0.31365286964335976 0.8652482269503546 0.39 1.5460754477245129
0.32141606733002626 0.8652482269503546 0.4 1.5487624717648332
0.32915744338018804 0.8652482269503546 0.41 1.5515306257996195
0.3368763646719098 0.8652482269503546 0.42 1.5543810647492937
0.3445721942157719 0.8652482269503546 0.43 1.557314955195896
0.3522442888244527 0.8652482269503546 0.44 1.5603334982773225
0.35989199823887646 0.8652482269503546 0.45 1.5634379373451117
0.36751466464543325 0.8652482269503546 0.46 1.5666295615627934
0.3751116222712335 0.8652482269503546 0.47 1.5699097086163922
0.3826821970394128 0.8652482269503546 0.48 1.573279766812999
0.3902257062084328 0.8652482269503546 0.49 1.5767411772703994
0.3977414580224861 0.8652482269503546 0.5 1.5802954359841697
0.40522875134661446 0.8652482269503546 0.51 1.5839440960054052
0.4126868752856566 0.8652482269503546 0.52 1.5876887697362247
0.4201151087991799 0.8652482269503546 0.53 1.5915311312514744
0.4275127202852715 0.8652482269503546 0.54 1.5954729188600663
0.43487896716191454 0.8652482269503546 0.55 1.5995159376843453
0.44221309541638126 0.8652482269503546 0.56 1.6036620624852567
0.44951433914257616 0.8652482269503546 0.57 1.607913240582511
0.4567819200504519 0.8652482269503546 0.58 1.6122714949895056
0.46401504695700935 0.8652482269503546 0.59 1.6167389276944037
0.47121291524619946 0.8652482269503546 0.6 1.6213177231799867
0.4783747063056749 0.8652482269503546 0.61 1.626010152126903
0.4854995869322536 0.8652482269503546 0.62 1.6308185753600337
0.49258670870638277 0.8652482269503546 0.63 1.6357454480377955
0.49963520733266387 0.8652482269503546 0.64 1.640793324107304
0.5066442019430992 0.8652482269503546 0.65 1.645964861050896
0.5136127943613581 0.8652482269503546 0.66 1.6512628249389458
0.5205400683247273 0.8652482269503546 0.67 1.6566900958154107
0.5274250886584396 0.8652482269503546 0.68 1.6622496734553238
0.5342669004024739 0.8652482269503546 0.69 1.6679446834994038
0.5410645278799284 0.8652482269503546 0.7 1.6737783840415392
0.5478169737103666 0.8652482269503546 0.71 1.679754172654852
0.5545232177560132 0.8652482269503546 0.72 1.6858755939410115
0.5611822159993234 0.8652482269503546 0.73 1.6921463476211815
0.5677928993414985 0.8652482269503546 0.74 1.698570297243578
0.5743541723171064 0.8652482269503546 0.75 1.7051514795491918
0.5808649117167289 0.8652482269503546 0.76 1.7118941145588356
0.5873239651045981 0.8652482269503546 0.77 1.7188026164754515
0.593730149227298 0.8652482269503546 0.78 1.7258816054434245
0.6000822482901746 0.8652482269503546 0.79 1.7331359203233625
0.6063790121004576 0.8652482269503546 0.8 1.7405706325116383
0.612619154048615 0.8652482269503546 0.81 1.7481910609978075
0.618801348919783 0.8652482269503546 0.82 1.7560027887376959
0.6249242305056627 0.8652482269503546 0.83 1.7640116805480464
0.6309863889951438 0.8652482269503546 0.84 1.7722239026872013
0.6369863681136058 0.8652482269503546 0.85 1.7806459443393896
0.6429226619744657 0.8652482269503546 0.86 1.789284641262314
0.6487937116052368 0.8652482269503546 0.87 1.79814720187272
0.6545979010894639 0.8652482269503546 0.88 1.8072412361702783
0.660333553273068 0.8652482269503546 0.89 1.8165747878706122
0.6659989249554397 0.8652482269503546 0.9 1.8261563702882762
0.6715922014723538 0.8652482269503546 0.91 1.8359950065988764
0.6771114905568574 0.8652482269503546 0.92 1.8461002752440263
0.6825548153281538 0.8652482269503546 0.93 1.8564823614649595
0.6879201062111466 0.8652482269503546 0.94 1.8671521162390856
0.6932051915296674 0.8652482269503546 0.95 1.8781211242566151
0.698407786737807 0.8652482269503546 0.96 1.8894017814280901
0.7035254691128192 0.8652482269503546 0.97 1.9010074535140808
0.7085555928497174 0.8652482269503546 0.98 1.9129529592290324
0.7134955323389576 0.8652482269503546 0.99 1.9252532849643549
0.0 0.8794326241134751 0.0 1.4920433497612617
0.008186623272747632 0.8794326241134751 0.01 1.49207408879026
0.016372740541586057 0.8794326241134751 0.02 1.4921663161099927
0.02455784567833947 0.8794326241134751 0.03 1.49232006241577
0.0327414323063757 0.8794326241134751 0.04 1.4925353788828502
0.04092299367550929 0.8794326241134751 0.05 1.4928123372658586
0.04910202253728402 0.8794326241134751 0.06 1.4931510299217665
0.057278011020269554 0.8794326241134751 0.07 1.4935515698651503
0.06545045050278055 0.8794326241134751 0.08 1.4940140909574733
0.07361883148690969 0.8794326241134751 0.09 1.4945387479789938
0.08178264347026176 0.8794326241134751 0.1 1.4951257168069823
0.08994137481907306 0.8794326241134751 0.11 1.495775194519182
0.09809451263611625 0.8794326241134751 0.12 1.496487399675534
0.10624154263220226 0.8794326241134751 0.13 1.4972625724422641
0.11438194899277447 0.8794326241134751 0.14 1.4981009748667948
0.12251521424386194 0.8794326241134751 0.15 1.4990028911363449
0.1306408191181965 0.8794326241134751 0.16 1.4999686278157267
0.13875824241741463 0.8794326241134751 0.17 1.5009985141676074
0.1468669608734667 0.8794326241134751 0.18 1.5020929024661749
0.15496644900794487 0.8794326241134751 0.19 1.5032521683379034
0.16305617899191704 0.8794326241134751 0.2 1.5044767110785262
0.1711356204929347 0.8794326241134751 0.21 1.5057669541945857
0.17920424053675924 0.8794326241134751 0.22 1.5071233456426052
0.18726150335866795 0.8794326241134751 0.23 1.5085463582665477
0.19530687024193966 0.8794326241134751 0.24 1.510036490420054
0.20333979938021357 0.8794326241134751 0.25 1.511594266183933
0.21135974571187827 0.8794326241134751 0.26 1.5132202360322613
0.2193661607850902 0.8794326241134751 0.27 1.514914977031341
0.2273584926153923 0.8794326241134751 0.28 1.5166790931966003
0.23533618556640393 0.8794326241134751 0.29 1.5185132155825825
0.24329868032965216 0.8794326241134751 0.3 1.5204180012192101
0.25124541408772905 0.8794326241134751 0.31 1.5223941301232617
0.2591758214900527 0.8794326241134751 0.32 1.5244422933763107
0.267089339621998 0.8794326241134751 0.33 1.5265631376690614
0.27498545336577335 0.8794326241134751 0.34 1.5287567698851208
0.28286120695935524 0.8794326241134751 0.35 1.5310497692632694
0.290722603506058 0.8794326241134751 0.36 1.5333715569143809
0.298562599333496 0.8794326241134751 0.37 1.5357928518662822
0.306382779964398 0.8794326241134751 0.38 1.5382909619114575
0.3141825211231444 0.8794326241134751 0.39 1.5408670681651973
0.3219612077369751 0.8794326241134751 0.4 1.543522224113582
0.3297182215880307 0.8794326241134751 0.41 1.546257488844735
0.33745293894761363 0.8794326241134751 0.42 1.5490739514135956
0.34516472972253703 0.8794326241134751 0.43 1.5519727386616304
0.3528529569850988 0.8794326241134751 0.44 1.5549550188409982
0.3605169766080825 0.8794326241134751 0.45 1.5580220040527721
0.3681561369353734 0.8794326241134751 0.46 1.5611749522615166
0.37576977846580517 0.8794326241134751 0.47 1.5644151691399275
0.3833572335321703 0.8794326241134751 0.48 1.5677440099241466
0.39091782597179703 0.8794326241134751 0.49 1.571162881318512
0.3984508707885311 0.8794326241134751 0.5 1.5746732434565447
0.40595567380240943 0.8794326241134751 0.51 1.5782766119522322
0.41343153128277144 0.8794326241134751 0.52 1.5819745600760875
0.42087772957193653 0.8794326241134751 0.53 1.5857687210012426
0.42829354468830805 0.8794326241134751 0.54 1.589660790207944
0.43567824191078613 0.8794326241134751 0.55 1.5936525280299993
0.4430310753508162 0.8794326241134751 0.56 1.5977457622977111
0.4503512874962324 0.8794326241134751 0.57 1.601942391195629
0.4576381087418201 0.8794326241134751 0.58 1.6062443862257956
0.46489075689152054 0.8794326241134751 0.59 1.6106537953878972
0.47210843663764784 0.8794326241134751 0.6 1.6151727465376016
0.4792903390142477 0.8794326241134751 0.61 1.6198034509454944
0.48643564082308594 0.8794326241134751 0.62 1.6245482070692228
0.49354350402777847 0.8794326241134751 0.63 1.629409404571552
0.5006130751161952 0.8794326241134751 0.64 1.6343895285856451
0.5076434844277236 0.8794326241134751 0.65 1.639491164253565
0.5146338454439311 0.8794326241134751 0.66 1.6447170015513009
0.5215832540359715 0.8794326241134751 0.67 1.6500698404475302
0.5284907876712475 0.8794326241134751 0.68 1.655552596384462
0.535355504569236 0.8794326241134751 0.69 1.6611683061508027
0.5421764428075577 0.8794326241134751 0.7 1.6669201341455824
0.5489526193712955 0.8794326241134751 0.71 1.6728113790839632
0.5556830291419346 0.8794326241134751 0.72 1.67884548117536
0.5623666438171459 0.8794326241134751 0.73 1.6850260298365825
0.5690024107596972 0.8794326241134751 0.74 1.6913567719604181
0.5755892517673173 0.8794326241134751 0.75 1.6978416208011977
0.5821260617508096 0.8794326241134751 0.76 1.704484665566154
0.5886117073193733 0.8794326241134751 0.77 1.7112901817334971
0.5950450252592139 0.8794326241134751 0.78 1.7182626421969764
0.6014248208883027 0.8794326241134751 0.79 1.7254067293558477
0.607749866288341 0.8794326241134751 0.8 1.7327273481661745
0.6140188983854858 0.8794326241134751 0.81 1.7402296403434785
0.6202306168668209 0.8794326241134751 0.82 1.7479189998191225
0.6263836819174939 0.8794326241134751 0.83 1.7558010895694038
0.6324767117484038 0.8794326241134751 0.84 1.7638818600257276
0.6385082798922224 0.8794326241134751 0.85 1.7721675692338579
0.644476912231954 0.8794326241134751 0.86 1.780664805012446
0.6503810837272079 0.8794326241134751 0.87 1.7893805093621051
0.656219214791637 0.8794326241134751 0.88 1.7983220054496243
0.6619896672653686 0.8794326241134751 0.89 1.8074970275544808
0.6676907399174344 0.8794326241134751 0.9 1.81691375442477
0.6733206633940036 0.8794326241134751 0.91 1.8265808466089999
0.6788775945040039 0.8794326241134751 0.92 1.8365074884789694
0.6843596097166154 0.8794326241134751 0.93 1.8467034357728962
0.6897646976762293 0.8794326241134751 0.94 1.857179069887279
0.6950907505084181 0.8794326241134751 0.95 1.8679454603507784
0.700335553885255 0.8794326241134751 0.96 1.8790144359133285
0.7054967613087647 0.8794326241134751 0.97 1.890398742515131
0.7105717932628246 0.8794326241134751 0.98 1.9021126057590951
0.7155581314774728 0.8794326241134751 0.99 1.9141701811777214
0.0 0.8936170212765957 0.0 1.4874653034694432
0.008199212444591588 0.8936170212765957 0.01 1.4874957084495737
0.016397922071775494 0.8936170212765957 0.02 1.4875869334474723
0.024595625942155936 0.8936170212765957 0.03 1.487739008518129
0.0327918208716119 0.8936170212765957 0.04 1.4879519838630297
0.040986003309561245 0.8936170212765957 0.05 1.4882259297633804
0.04917766921519634 0.8936170212765957 0.06 1.488560936747544
0.05736631393440194 0.8936170212765957 0.07 1.4889571156308867
0.06555143207693294 0.8936170212765957 0.08 1.4894145975701667
0.07373251739053559 0.8936170212765957 0.09 1.4899335342653508
0.08190906263637425 0.8936170212765957 0.1 1.4905140980565856
0.09008055946193413 0.8936170212765957 0.11 1.4911564821182606
0.09824649827496158 0.8936170212765957 0.12 1.4918609005936956
0.10640636811327206 0.8936170212765957 0.13 1.4926275888548282
0.11455965651592061 0.8936170212765957 0.14 1.4934568036888352
0.12270584939504631 0.8936170212765957 0.15 1.4943488234691753
0.1308444308945167 0.8936170212765957 0.16 1.495303948641356
0.13897488326734186 0.8936170212765957 0.17 1.4963225017136241
0.14709668672950543 0.8936170212765957 0.18 1.4974048278108332
0.15520931932988943 0.8936170212765957 0.19 1.4985512948271293
0.16331225680323502 0.8936170212765957 0.2 1.499762293928596
0.17140497243913622 0.8936170212765957 0.21 1.501038239719471
0.1794869369318615 0.8936170212765957 0.22 1.5023795707716314
0.18755761824003686 0.8936170212765957 0.23 1.5037867499495843
0.19561648144482546 0.8936170212765957 0.24 1.5052602647696298
0.20366298861555912 0.8936170212765957 0.25 1.5068006276567545
0.21169659868199978 0.8936170212765957 0.26 1.5084083761426867
0.21971676733608897 0.8936170212765957 0.27 1.510084072710298
0.22772294703882295 0.8936170212765957 0.28 1.5118283033687545
0.2357145872266937 0.8936170212765957 0.29 1.5136416740403766
0.2436911355179292 0.8936170212765957 0.3 1.5155247952866129
0.25165204375737754 0.8936170212765957 0.31 1.5174782115453065
0.25959682197746636 0.8936170212765957 0.32 1.5195017819151968
0.26752439104631187 0.8936170212765957 0.33 1.5216021436170106
0.27543507342196966 0.8936170212765957 0.34 1.52376976025371
0.283327588508701 0.8936170212765957 0.35 1.5260134389102529
0.2912016036984474 0.8936170212765957 0.36 1.5283311918843678
0.29905651398056743 0.8936170212765957 0.37 1.530724082942061
0.30689172142599996 0.8936170212765957 0.38 1.5331930669530824
0.3147066251688846 0.8936170212765957 0.39 1.5357391036220063
0.32250061933750773 0.8936170212765957 0.4 1.5383631797639896
0.330273092303265 0.8936170212765957 0.41 1.5410663164123004
0.33802342623603887 0.8936170212765957 0.42 1.5438495723332328
0.3457509967809377 0.8936170212765957 0.43 1.5467140461510036
0.3534551727581298 0.8936170212765957 0.44 1.5496608781551808
0.36113531587179754 0.8936170212765957 0.45 1.552691251965547
0.36879078042072067 0.8936170212765957 0.46 1.5558063961469377
0.37642091299978825 0.8936170212765957 0.47 1.5590075858792187
0.38402505219688327 0.8936170212765957 0.48 1.5622961446493742
0.39160252827573516 0.8936170212765957 0.49 1.5656734460485566
0.3991526628512249 0.8936170212765957 0.5 1.5691409156212377
0.406674768544225 0.8936170212765957 0.51 1.5727000328714034
0.41416814863322177 0.8936170212765957 0.52 1.5763523332883445
0.42163209668243545 0.8936170212765957 0.53 1.5800994105539485
0.4290658961591613 0.8936170212765957 0.54 1.5839429188307055
0.4364688200311834 0.8936170212765957 0.55 1.5878845752017703
0.4438401303478958 0.8936170212765957 0.56 1.5919261622354248
0.45117907780359834 0.8936170212765957 0.57 1.5960695306870034
0.4584849012756346 0.8936170212765957 0.58 1.6003166023914706
0.46575682734509516 0.8936170212765957 0.59 1.6046693732916937
0.47299406979364955 0.8936170212765957 0.6 1.6091299166507216
0.4801958290702218 0.8936170212765957 0.61 1.6137003864918094
0.48736129173791515 0.8936170212765957 0.62 1.6183830211963335
0.4944896298880062 0.8936170212765957 0.63 1.6231801473527283
0.5015800005222173 0.8936170212765957 0.64 1.6280941838491687
0.5086315449030218 0.8936170212765957 0.65 1.6331276462145956
0.515643387869775 0.8936170212765957 0.66 1.638283151226648
0.5226146371110716 0.8936170212765957 0.67 1.6435634218519828
0.5295443823985979 0.8936170212765957 0.68 1.648971292488813
0.5364316947756521 0.8936170212765957 0.69 1.6545097145609315
0.5432756257001915 0.8936170212765957 0.7 1.6601817624703794
0.5500752061181796 0.8936170212765957 0.71 1.665990640064014
0.5568294455037024 0.8936170212765957 0.72 1.6719396873969095
0.563537330816088 0.8936170212765957 0.73 1.6780323881073351
0.5701978253948872 0.8936170212765957 0.74 1.6842723772832215
0.5768098677818054 0.8936170212765957 0.75 1.6906634498982847
0.5833723704532273 0.8936170212765957 0.76 1.6972095699269398
0.5898842184686905 0.8936170212765957 0.77 1.703914880119998
0.5963442680121196 0.8936170212765957 0.78 1.710783712593189
0.6027513448274394 0.8936170212765957 0.79 1.7178206002365024
0.6091042425282868 0.8936170212765957 0.8 1.7250302890823939
0.6154017207690512 0.8936170212765957 0.81 1.7324177517286277
0.6216425032683314 0.8936170212765957 0.82 1.7399882018932697
0.6278252756558556 0.8936170212765957 0.83 1.7477471102960829
0.6339486831296831 0.8936170212765957 0.84 1.7557002219745217
0.6400113278960836 0.8936170212765957 0.85 1.7638535752286408
0.6460117663620472 0.8936170212765957 0.86 1.772213522407434
0.6519485060469908 0.8936170212765957 0.87 1.7807867527738896
0.6578200021718484 0.8936170212765957 0.88 1.7895803177395104
0.6636246538754986 0.8936170212765957 0.89 1.7986016588126583
0.669360799997566 0.8936170212765957 0.9 1.8078586386748712
0.6750267143516011 0.8936170212765957 0.91 1.8173595758933108
0.680620600389079 0.8936170212765957 0.92 1.8271132839197413
0.6861405851361263 0.8936170212765957 0.93 1.837129115144475
0.691584712221352 0.8936170212765957 0.94 1.847417011137578
0.6969509337680299 0.8936170212765957 0.95 1.8579875604781066
0.7022371011190955 0.8936170212765957 0.96 1.8688520645710736
0.7074409384901299 0.8936170212765957 0.97 1.8800226962850222
0.7125599255504139 0.8936170212765957 0.98 1.8915131439936126
0.7175916419721964 0.8936170212765957 0.99 1.9033368055795434
0.0 0.9078014184397163 0.0 1.4829544899727676
0.008211673705362577 0.9078014184397163 0.01 1.4829845677766997
0.016422847732914095 0.9078014184397163 0.02 1.4830748110484733
0.024633022284944763 0.9078014184397163 0.03 1.483225249246464
0.0328416973232953 0.9078014184397163 0.04 1.4834359315687675
0.04104837244915385 0.9078014184397163 0.05 1.4837069269345344
0.04925254678193073 0.9078014184397163 0.06 1.4840383240829853
0.05745371883887637 0.9078014184397163 0.07 1.4844302315990061
0.06565138641178092 0.9078014184397163 0.08 1.4848827781061467
0.07384504644732814 0.9078014184397163 0.09 1.4853961122427026
0.08203419491988255 0.9078014184397163 0.1 1.4859704029877887
0.0902183267124916 0.9078014184397163 0.11 1.486605839603914
0.09839693548537903 0.9078014184397163 0.12 1.4873026320529483
0.10656951355730998 0.9078014184397163 0.13 1.4880610109307484
0.11473555177263792 0.9078014184397163 0.14 1.4888812278719656
0.12289453937373987 0.9078014184397163 0.15 1.4897635557363489
0.13104596387424347 0.9078014184397163 0.16 1.4907082887823628
0.13918931092027226 0.9078014184397163 0.17 1.4917157431130927
0.14732406417040725 0.9078014184397163 0.18 1.4927862566740695
0.15544970515118753 0.9078014184397163 0.19 1.4939201898010857
0.1635657131238968 0.9078014184397163 0.2 1.4951179254810478
0.17167156495803987 0.9078014184397163 0.21 1.4963798695056678
0.1797667349874299 0.9078014184397163 0.22 1.4977064509576539
0.18785069490128284 0.9078014184397163 0.23 1.4990981220997648
0.19592291360910719 0.9078014184397163 0.24 1.5005553587784797
0.20398285720996603 0.9078014184397163 0.25 1.502078659283859
0.21202998898316178 0.9078014184397163 0.26 1.5036685432464256
0.22006376982943698 0.9078014184397163 0.27 1.5053255446907925
0.22808365998052588 0.9078014184397163 0.28 1.5070501898303394
0.2360891290150662 0.9078014184397163 0.29 1.5088428731185686
0.24407899420735485 0.9078014184397163 0.3 1.510712071213323
0.2520545315067123 0.9078014184397163 0.31 1.512635777315495
0.26001317341915986 0.9078014184397163 0.32 1.5146394110596935
0.2679552222076932 0.9078014184397163 0.33 1.5167130685085564
0.2758800418696212 0.9078014184397163 0.34 1.518858330913135
0.28378704751599937 0.9078014184397163 0.35 1.5210761238145958
0.29167565745134244 0.9078014184397163 0.36 1.5233673057799044
0.2995452868571324 0.9078014184397163 0.37 1.5257327441343016
0.3073953462804786 0.9078014184397163 0.38 1.5281733318753037
0.3152252410131014 0.9078014184397163 0.39 1.530689993638938
0.3230343707171584 0.9078014184397163 0.4 1.5332836886188
0.33082212913028003 0.9078014184397163 0.41 1.5359554124859018
0.3385879037931661 0.9078014184397163 0.42 1.5387061989866762
0.34633107579179895 0.9078014184397163 0.43 1.5415371213468159
0.35405101948807455 0.9078014184397163 0.44 1.5444492937461403
0.36174710225464823 0.9078014184397163 0.45 1.5474438727285522
0.3694186841961529 0.9078014184397163 0.46 1.5505220587145476
0.3770651178659504 0.9078014184397163 0.47 1.5536850975366592
0.38468574797080135 0.9078014184397163 0.48 1.556934282066024
0.39227991106326215 0.9078014184397163 0.49 1.56027095393018
0.3998469352242638 0.9078014184397163 0.5 1.5636965053021885
0.4073861397338 0.9078014184397163 0.51 1.567212380779312
0.4148968347266016 0.9078014184397163 0.52 1.5708200793757785
0.4223783208325766 0.9078014184397163 0.53 1.5745211566302095
0.4298298888047988 0.9078014184397163 0.54 1.5783172268070351
0.4372508191291794 0.9078014184397163 0.55 1.582209965237142
0.44464038161774944 0.9078014184397163 0.56 1.5862011107830272
0.4519978349819355 0.9078014184397163 0.57 1.5902924684554556
0.4593224263892864 0.9078014184397163 0.58 1.5944859121575998
0.46661339099406973 0.9078014184397163 0.59 1.5987833876256237
0.473869951451714 0.9078014184397163 0.6 1.6031869154964522
0.4810913174025858 0.9078014184397163 0.61 1.6076985946053388
0.4882766849354379 0.9078014184397163 0.62 1.6123206054430792
0.49542523601929966 0.9078014184397163 0.63 1.6170552138516454
0.5025361379085735 0.9078014184397163 0.64 1.6219047749280358
0.5096085425133421 0.9078014184397163 0.65 1.626871737192018
0.5166415857376945 0.9078014184397163 0.66 1.6319586470021132
0.5236343867791908 0.9078014184397163 0.67 1.6371681532680662
0.5305860473899792 0.9078014184397163 0.68 1.6425030124603461
0.5374956510939085 0.9078014184397163 0.69 1.6479660939572978
0.5443622623552592 0.9078014184397163 0.7 1.6535603857620957
0.5511849257002155 0.9078014184397163 0.71 1.659289000588787
0.5579626647797725 0.9078014184397163 0.72 1.6651551823938178
0.564694481373412 0.9078014184397163 0.73 1.6711623133642106
0.5713793543298611 0.9078014184397163 0.74 1.6773139213940065
0.5780162384319288 0.9078014184397163 0.75 1.683613688136415
0.5846040631866507 0.9078014184397163 0.76 1.690065457635456
0.5911417315267434 0.9078014184397163 0.77 1.696673245632452
0.5976281184190623 0.9078014184397163 0.78 1.7034412495868592
0.6040620693673574 0.9078014184397163 0.79 1.710373859501587
0.6104423987990595 0.9078014184397163 0.8 1.7174756696303979
0.6167678883252014 0.9078014184397163 0.81 1.7247514911510324
0.623037284853801 0.9078014184397163 0.82 1.7322063659397156
0.6292492985473844 0.9078014184397163 0.83 1.73984558152722
0.6354026005969663 0.9078014184397163 0.84 1.7476746874231726
0.6414958207943298 0.9078014184397163 0.85 1.7556995129454211
0.6475275448775276 0.9078014184397163 0.86 1.7639261867349894
0.6534963116097835 0.9078014184397163 0.87 1.7723611582232524
0.6594006095645382 0.9078014184397163 0.88 1.7810112212553015
0.6652388735608284 0.9078014184397163 0.89 1.7898835402372695
0.6710094806985643 0.9078014184397163 0.9 1.7989856791543903
0.6767107459207835 0.9078014184397163 0.91 1.8083256339392526
0.6823409170120989 0.9078014184397163 0.92 1.8179118687783287
0.6878981689129187 0.9078014184397163 0.93 1.82775335711891
0.6933805971821356 0.9078014184397163 0.94 1.8378596284073487
0.6987862103684436 0.9078014184397163 0.95 1.8482408219978095
0.7041129212318977 0.9078014184397163 0.96 1.8589077487435874
0.7093585195954277 0.9078014184397163 0.97 1.8698720513204252
0.714520538071581 0.9078014184397163 0.98 1.8811469301650683
0.7195966456610392 0.9078014184397163 0.99 1.892745091940028
0.0 0.9219858156028369 0.0 1.478509590946858
0.008224008614520795 0.9219858156028369 0.01 1.4785393482612712
0.01644752064511072 0.9219858156028369 0.02 1.4786286297987299
0.024670039389606976 0.9219858156028369 0.03 1.4787774645072305
0.032891067909776736 0.9219858156028369 0.04 1.4789859005915473
0.04111010891231393 0.9219858156028369 0.05 1.4792540056501846
0.049326664631478834 0.9219858156028369 0.06 1.4795818666191485
0.05754023670780525 0.9219858156028369 0.07 1.4799695900144834
0.06575032607080897 0.9219858156028369 0.08 1.480417301866109
0.0739564328179233 0.9219858156028369 0.09 1.4809251479035637
0.08215805609132869 0.9219858156028369 0.1 1.4814932937664105
0.09035469395941424 0.9219858156028369 0.11 1.4821219250109972
0.09854584329357785 0.9219858156028369 0.12 1.4828112473189605
0.10673099964045828 0.9219858156028369 0.13 1.4835614868038882
0.11490965710676249 0.9219858156028369 0.14 1.4843728899310353
0.12308130822032329 0.9219858156028369 0.15 1.4852457241129322
0.13124544381694025 0.9219858156028369 0.16 1.486180277572344
0.13940155290094255 0.9219858156028369 0.17 1.4871768598874455
0.1475491225318541 0.9219858156028369 0.18 1.4882358019065713
0.15568763769089985 0.9219858156028369 0.19 1.4893574561517797
0.16381658115206552 0.9219858156028369 0.2 1.4905421970985502
0.17193543338919734 0.9219858156028369 0.21 1.491790420831191
0.18004367246927677 0.9219858156028369 0.22 1.4931025450993365
0.18814077404778073 0.9219858156028369 0.23 1.494479007818387
0.1962262115013022 0.9219858156028369 0.24 1.495920263920235
0.20429945670140584 0.9219858156028369 0.25 1.497426773609471
0.21235998357288613 0.9219858156028369 0.26 1.4989989539827504
0.22040729423478297 0.9219858156028369 0.27 1.500636833469525
0.22753862237685607 0.9219858156028369 0.28 1.5142787015433115
0.2364597765802717 0.9219858156028369 0.29 1.5041163979638257
0.24446388677229228 0.9219858156028369 0.3 1.5059587793089404
0.25245258608468596 0.9219858156028369 0.31 1.507869441461204
0.2604252888480425 0.9219858156028369 0.32 1.5098494586005007
0.26838142869609105 0.9219858156028369 0.33 1.5118996232116637
0.2763204390100143 0.9219858156028369 0.34 1.514020702370229
0.2842417497770212 0.9219858156028369 0.35 1.5162134775166651
0.2921447866299419 0.9219858156028369 0.36 1.5184787554142387
0.3000289703862398 0.9219858156028369 0.37 1.520817372484386
0.30789371673776333 0.9219858156028369 0.38 1.5232301971250992
0.3157384359939364 0.9219858156028369 0.39 1.5257181313000612
0.32356253283729325 0.9219858156028369 0.4 1.5282821119135572
0.33136540608907955 0.9219858156028369 0.41 1.5309231120341575
0.3391464484653126 0.9219858156028369 0.42 1.5336421421753854
0.3469050463341179 0.9219858156028369 0.43 1.536440251537246
0.3546405794663212 0.9219858156028369 0.44 1.5393185292919065
0.3623524207742587 0.9219858156028369 0.45 1.5422781059584625
0.37003993604427843 0.9219858156028369 0.46 1.5453201548176325
0.37770248366220466 0.9219858156028369 0.47 1.548445893375887
0.3853394143245736 0.9219858156028369 0.48 1.5516565849396702
0.3929500707403468 0.9219858156028369 0.49 1.5549535402582695
0.400533787324062 0.9219858156028369 0.5 1.558338119229404
0.4080898898717033 0.9219858156028369 0.51 1.561811732737055
0.41561769522837966 0.9219858156028369 0.52 1.5653758445486505
0.4231165109373464 0.9219858156028369 0.53 1.5690319733536775
0.4305856348796548 0.9219858156028369 0.54 1.572781694872245
0.43802435489416497 0.9219858156028369 0.55 1.5766266441121881
0.44543194838120864 0.9219858156028369 0.56 1.5805685177489024
0.45280768189063464 0.9219858156028369 0.57 1.584609076623852
0.46015081068884844 0.9219858156028369 0.58 1.5887501484014057
0.4674605783060953 0.9219858156028369 0.59 1.592993630375208
0.47473621606319194 0.9219858156028369 0.6 1.5973414924311355
0.481976942573653 0.9219858156028369 0.61 1.6017957801960288
0.48918196322142465 0.9219858156028369 0.62 1.6063586183717655
0.4963504696122288 0.9219858156028369 0.63 1.6110322142700728
0.503481638998762 0.9219858156028369 0.64 1.615818861549085
0.5105746336696207 0.9219858156028369 0.65 1.6207209442199813
0.5176286003115588 0.9219858156028369 0.66 1.62574094086385
0.5246426693324315 0.9219858156028369 0.67 1.6308814291441638
0.5316159541484421 0.9219858156028369 0.68 1.6361450905950543
0.5385475504270626 0.9219858156028369 0.69 1.6415347157439335
0.54543653528931 0.9219858156028369 0.7 1.6470532095504482
0.5522819664598408 0.9219858156028369 0.71 1.6527035972386428
0.5590828813677496 0.9219858156028369 0.72 1.6584890305107467
0.5658382961882167 0.9219858156028369 0.73 1.664412794209684
0.5725472048224636 0.9219858156028369 0.74 1.6704783134533485
0.5792085778112821 0.9219858156028369 0.75 1.6766891612783426
0.5858213611728816 0.9219858156028369 0.76 1.6830490668582359
0.592384475158813 0.9219858156028369 0.77 1.6895619243443554
0.5988968129216483 0.9219858156028369 0.78 1.6962318023793514
0.6053572390837555 0.9219858156028369 0.79 1.7030629543603395
0.6117645881967826 0.9219858156028369 0.8 1.710059829528191
0.6181176630807628 0.9219858156028369 0.81 1.7172270849656022
0.6244152330262691 0.9219858156028369 0.82 1.7245695986194682
0.6306560318506468 0.9219858156028369 0.83 1.7320924834234142
0.6368387557817337 0.9219858156028369 0.84 1.7398011026975346
0.6429620611544007 0.9219858156028369 0.85 1.7477010869393101
0.649024561892433 0.9219858156028369 0.86 1.7557983521949665
0.65502482674515 0.9219858156028369 0.87 1.7640991202219314
0.6609613762462034 0.9219858156028369 0.88 1.7726099406694398
0.6668326793502842 0.9219858156028369 0.89 1.781337715574627
0.6726371496932787 0.9219858156028369 0.9 1.790289726533875
0.6783731414104649 0.9219858156028369 0.91 1.7994736649771672
0.68403894442722 0.9219858156028369 0.92 1.8088976660918457
0.6896327790991388 0.9219858156028369 0.93 1.818570347154858
0.6951527900364163 0.9219858156028369 0.94 1.8285008512702754
0.7005970388547742 0.9219858156028369 0.95 1.8386988980158687
0.7059634957594867 0.9219858156028369 0.96 1.8491748416666982
0.7112500114522677 0.9219858156028369 0.97 1.859939834038066
0.7164541660228928 0.9219858156028369 0.98 1.871006631059408
0.7215737098966326 0.9219858156028369 0.99 1.8823873085198235
0.0 0.9361702127659575 0.0 1.474129319329631
0.00823621871398541 0.9361702127659575 0.01 1.4741587626150416
0.016471943892910897 0.9361702127659575 0.02 1.4742471019072885
0.024706681885863977 0.9361702127659575 0.03 1.4743943655350908
0.032939938809386046 0.9361702127659575 0.04 1.4746006008052908
0.04117122043174991 0.9361702127659575 0.05 1.4748658739490477
0.04940003205558491 0.9361702127659575 0.06 1.4751902702615565
0.057625878401772405 0.9361702127659575 0.07 1.4755738941041034
0.06584826349157566 0.9361702127659575 0.08 1.4760168690353062
0.0740666905282466 0.9361702127659575 0.09 1.4765193379310924
0.08228066177779594 0.9361702127659575 0.1 1.4770814631211726
0.09048967845036855 0.9361702127659575 0.11 1.4777034264923912
0.09869324058520978 0.9361702127659575 0.12 1.4783854294960839
0.10689084692139145 0.9361702127659575 0.13 1.4791276936109161
0.11508199478069125 0.9361702127659575 0.14 1.4799304603630319
0.12326617994713271 0.9361702127659575 0.15 1.480793991486983
0.13144289655082458 0.9361702127659575 0.16 1.481718568999902
0.13961163695734233 0.9361702127659575 0.17 1.4827044952032307
0.14777189162996948 0.9361702127659575 0.18 1.4837520933010004
0.15592314908429697 0.9361702127659575 0.19 1.4848617061405878
0.1640648958226312 0.9361702127659575 0.2 1.486033695763594
0.17219661638641193 0.9361702127659575 0.21 1.4872684411157986
0.18031779389259542 0.9361702127659575 0.22 1.4885663284456145
0.18842791208697574 0.9361702127659575 0.23 1.4899277202081591
0.19652646777157098 0.9361702127659575 0.24 1.4913527740785066
0.2046030678272733 0.9361702127659575 0.25 1.4929859984441347
0.21268666067977018 0.9361702127659575 0.26 1.494397700945773
0.2207471202881696 0.9361702127659575 0.27 1.4960201211870772
0.22879392608310187 0.9361702127659575 0.28 1.497707763640015
0.23682648832264586 0.9361702127659575 0.29 1.4994619346331381
0.24484425318365585 0.9361702127659575 0.3 1.5012833891933055
0.252846669982587 0.9361702127659575 0.31 1.5031728086019465
0.260833185837668 0.9361702127659575 0.32 1.5051308757521575
0.26880324431221997 0.9361702127659575 0.33 1.5071582928879386
0.2767562848803133 0.9361702127659575 0.34 1.5092557874943184
0.28469174260058233 0.9361702127659575 0.35 1.5114241151220271
0.29260904786872977 0.9361702127659575 0.36 1.5136640610599084
0.30050762618164684 0.9361702127659575 0.37 1.515976441745077
0.30838689793267116 0.9361702127659575 0.38 1.5183621057718715
0.31624627818922685 0.9361702127659575 0.39 1.520821935042219
0.324085176477496 0.9361702127659575 0.4 1.5233568458102322
0.3319029965571252 0.9361702127659575 0.41 1.5259677898009765
0.33969913619421643 0.9361702127659575 0.42 1.5286557553252147
0.3474729869249322 0.9361702127659575 0.43 1.5314217684657352
0.3552239338119817 0.9361702127659575 0.44 1.534266894313041
0.3629513551931769 0.9361702127659575 0.45 1.537192238258301
0.3706546224201336 0.9361702127659575 0.46 1.5401989473599211
0.37833309959260714 0.9361702127659575 0.47 1.54328821173772
0.3859861432734243 0.9361702127659575 0.48 1.5464612661202952
0.3936131022025424 0.9361702127659575 0.49 1.5497193913897858
0.401213316994788 0.9361702127659575 0.5 1.5530639162532816
0.4087861198269064 0.9361702127659575 0.51 1.5564962189928724
0.41633083411168736 0.9361702127659575 0.52 1.5600177293122908
0.4238467741591317 0.9361702127659575 0.53 1.563629930280294
0.43133324482335655 0.9361702127659575 0.54 1.5673343603808545
0.4387895411346114 0.9361702127659575 0.55 1.5711326156749967
0.44621494791378236 0.9361702127659575 0.56 1.575026352093475
0.4536087393731434 0.9361702127659575 0.57 1.5790172878338005
0.460970178693701 0.9361702127659575 0.58 1.5831072059310702
0.46829851758847596 0.9361702127659575 0.59 1.5872979569368948
0.4755929958417316 0.9361702127659575 0.6 1.591591461778003
0.4828528408259089 0.9361702127659575 0.61 1.5959897147823239
0.4900772669994393 0.9361702127659575 0.62 1.6004947868535648
0.4972654753688113 0.9361702127659575 0.63 1.6051088289061684
0.5044166529367757 0.9361702127659575 0.64 1.6098340754178075
0.511529972110877 0.9361702127659575 0.65 1.6146728482720414
0.518604590086483 0.9361702127659575 0.66 1.6196275608004098
0.5256396481904586 0.9361702127659575 0.67 1.6247007221160166
0.5326342711961289 0.9361702127659575 0.68 1.629894941674965
0.5395875665912887 0.9361702127659575 0.69 1.6352129341841377
0.5464986238084111 0.9361702127659575 0.7 1.6406575248022597
0.5533665134061996 0.9361702127659575 0.71 1.6462316547066296
0.5601902862041829 0.9361702127659575 0.72 1.6519383870210222
0.5669689723603966 0.9361702127659575 0.73 1.6577809131715036
0.5737015803899813 0.9361702127659575 0.74 1.6637625596901213
0.5803870961225339 0.9361702127659575 0.75 1.6698867954883785
0.5870244815859766 0.9361702127659575 0.76 1.6761572396819993
0.5936126738138314 0.9361702127659575 0.77 1.6825776699956032
0.6001505835700034 0.9361702127659575 0.78 1.689152031794198
0.6066370939765938 0.9361702127659575 0.79 1.6958844478383002
0.6130710590438055 0.9361702127659575 0.8 1.7027792287841128
0.6194513020811678 0.9361702127659575 0.81 1.7098408845642292
0.6257766139846297 0.9361702127659575 0.82 1.7170741366996525
0.6320457513828927 0.9361702127659575 0.83 1.7244839316595202
0.6382574346229959 0.9361702127659575 0.84 1.7320754554054718
0.6444103455815959 0.9361702127659575 0.85 1.7398541492256407
0.6505031252711762 0.9361702127659575 0.86 1.7478257270610704
0.6565343712223232 0.9361702127659575 0.87 1.7559961944667417
0.6625026346001943 0.9361702127659575 0.88 1.764371869479143
0.6684064170201262 0.9361702127659575 0.89 1.7729594056307991
0.6742441670106546 0.9361702127659575 0.9 1.7817658174488455
0.6800142760589263 0.9361702127659575 0.91 1.7907985088533172
0.6857150741521152 0.9361702127659575 0.92 1.800065304993284
0.6913448246974642 0.9361702127659575 0.93 1.8095744882333777
0.6969017186422183 0.9361702127659575 0.94 1.8193348393381414
0.7023838675181738 0.9361702127659575 0.95 1.8293556854209196
0.707789295264284 0.9361702127659575 0.96 1.8396469555746449
0.7131159090876251 0.9361702127659575 0.97 1.850219346819645
0.7183613317836377 0.9361702127659575 0.98 1.8610852088161134
0.7235233879510848 0.9361702127659575 0.99 1.872256041316372
0.0 0.9503546099290779 0.0 1.4698124158727088
0.008248305535245328 0.9503546099290779 0.01 1.469841551403311
0.01649612054120626 0.9503546099290779 0.02 1.4699289672344977
0.024742954374976447 0.9503546099290779 0.03 1.470074691118483
0.032988316165444016 0.9503546099290779 0.04 1.470278769408865
0.041231714698681504 0.9503546099290779 0.05 1.4705412670767215
0.049472658304980884 0.9503546099290779 0.06 1.4708622676527727
0.05771065474212226 0.9503546099290779 0.07 1.471241873456741
0.06594521108172285 0.9503546099290779 0.08 1.4716802055675944
0.07417583359522012 0.9503546099290779 0.09 1.472177403881757
0.08240202763051117 0.9503546099290779 0.1 1.4727336275268683
0.09062329751263108 0.9503546099290779 0.11 1.4733490543282557
0.09883914641421833 0.9503546099290779 0.12 1.47402388150276
0.107049076242221 0.9503546099290779 0.13 1.4747583256494874
0.11525258754291147 0.9503546099290779 0.14 1.475552622340397
0.12344917938308639 0.9503546099290779 0.15 1.476407026508202
0.13163834928055276 0.9503546099290779 0.16 1.4773218116504985
0.13981959315731943 0.9503546099290779 0.17 1.4782972688978808
0.14799240544653378 0.9503546099290779 0.18 1.4793337033798344
0.15615627954383002 0.9503546099290779 0.19 1.480431425249374
0.16431070984481752 0.9503546099290779 0.2 1.481590714791018
0.17245520375507675 0.9503546099290779 0.21 1.4828116257908912
0.18057778529855037 0.9503546099290779 0.22 1.484283012587501
0.18871218743673399 0.9503546099290779 0.23 1.485442257847226
0.19682355755731581 0.9503546099290779 0.24 1.4868540108704746
0.20492293108034348 0.9503546099290779 0.25 1.4883288461002333
0.21300975168684494 0.9503546099290779 0.26 1.4898677648162038
0.22108347949786347 0.9503546099290779 0.27 1.4914714560471143
0.2291435785206204 0.9503546099290779 0.28 1.4931405169246046
0.23718951116828607 0.9503546099290779 0.29 1.4948755397672338
0.245220736893881 0.9503546099290779 0.3 1.496677132239866
0.2532367116578765 0.9503546099290779 0.31 1.4985459239807957
0.2612368876176065 0.9503546099290779 0.32 1.5004825695808257
0.2692207128904269 0.9503546099290779 0.33 1.5024877503171568
0.27718763135010194 0.9503546099290779 0.34 1.5045621753342697
0.2851370824284345 0.9503546099290779 0.35 1.506706582679323
0.29306850092139747 0.9503546099290779 0.36 1.5089217402330977
0.30098131679465884 0.9503546099290779 0.37 1.511208446612759
0.30887495498214607 0.9503546099290779 0.38 1.5135675321198925
0.31674883518284574 0.9503546099290779 0.39 1.5159998596831057
0.32460237165086325 0.9503546099290779 0.4 1.5185063258491447
0.33243497297928853 0.9503546099290779 0.41 1.5210878618166706
0.34024604187997637 0.9503546099290779 0.42 1.5237454344942234
0.34803497495072344 0.9503546099290779 0.43 1.5264800476605418
0.3558011624411437 0.9503546099290779 0.44 1.529292743122808
0.3635439880069617 0.9503546099290779 0.45 1.5321846019672227
0.3712628284544767 0.9503546099290779 0.46 1.5351567458827229
0.3789570534802645 0.9503546099290779 0.47 1.5382103385151873
0.38662602539692703 0.9503546099290779 0.48 1.5413465869298144
0.3942690988520835 0.9503546099290779 0.49 1.5445667431205743
0.4018856205337924 0.9503546099290779 0.5 1.5478721056224587
0.4094749288658912 0.9503546099290779 0.51 1.5512640211974373
0.41703635369114717 0.9503546099290779 0.52 1.5547438866111312
0.4245692159420433 0.9503546099290779 0.53 1.5583131505015646
0.4320728272953981 0.9503546099290779 0.54 1.56197331536811
0.43954648981642275 0.9503546099290779 0.55 1.5657259396391412
0.4469894955832915 0.9503546099290779 0.56 1.5695726398845695
0.454401126297872 0.9503546099290779 0.57 1.5735150931318374
0.4617806528782968 0.9503546099290779 0.58 1.5775550393175617
0.4691273350311041 0.9503546099290779 0.59 1.581694283890653
0.47644042080754684 0.9503546099290779 0.6 1.5859347005364166
0.48371914613436134 0.9503546099290779 0.61 1.5902782340893447
0.4909627343222957 0.9503546099290779 0.62 1.5947269036122775
0.4981703955544627 0.9503546099290779 0.63 1.5992828056309778
0.5053413263426917 0.9503546099290779 0.64 1.6039481176035955
0.5124747089609549 0.9503546099290779 0.65 1.6087251015675084
0.5195697108445186 0.9503546099290779 0.66 1.6136161080394908
0.5266254839600836 0.9503546099290779 0.67 1.6186235801381252
0.5336411641388615 0.9503546099290779 0.68 1.623750057982785
0.5406158703743974 0.9503546099290779 0.69 1.6289981833615261
0.5475487040770084 0.9503546099290779 0.7 1.634370704722201
0.5544387482873587 0.9503546099290779 0.71 1.6398704824761974
0.5612850668380288 0.9503546099290779 0.72 1.6455004946874356
0.5680867034714321 0.9503546099290779 0.73 1.6512638431033557
0.5748426808917929 0.9503546099290779 0.74 1.657163759666999
0.5815519997636869 0.9503546099290779 0.75 1.6632036134440864
0.588213637640614 0.9503546099290779 0.76 1.6693869180714134
0.5948265478203498 0.9503546099290779 0.77 1.6757173397549872
0.6013896581214747 0.9503546099290779 0.78 1.6821987058617802
0.6079018695712013 0.9503546099290779 0.79 1.6888350141745634
0.6143620549953412 0.9503546099290779 0.8 1.6956304428761868
0.6207690575008995 0.9503546099290779 0.81 1.7025893613334098
0.6271216888415665 0.9503546099290779 0.82 1.7097163417537864
0.6334187276453463 0.9503546099290779 0.83 1.7170161718518142
0.639658917497778 0.9503546099290779 0.84 1.724493868584723
0.6458409648559121 0.9503546099290779 0.85 1.732154693121834
0.651963536771979 0.9503546099290779 0.86 1.7400041671932993
0.6580252584039916 0.9503546099290779 0.87 1.7480480909774205
0.6640247102773064 0.9503546099290779 0.88 1.7562925627611554
0.6699604252622334 0.9503546099290779 0.89 1.7647440006075623
0.675830885215983 0.9503546099290779 0.9 1.7734091663593785
0.6816345172264116 0.9503546099290779 0.91 1.7822951923717103
0.6873696893734699 0.9503546099290779 0.92 1.7914096114882383
0.69303470588051 0.9503546099290779 0.93 1.800760391013196
0.6986278014743736 0.9503546099290779 0.94 1.8103559717182955
0.704147134648361 0.9503546099290779 0.95 1.8202053135828586
0.7095907796095936 0.9503546099290779 0.96 1.8303179495283999
0.7149566960267859 0.9503546099290779 0.97 1.8407041548577145
0.7202425452570913 0.9503546099290779 0.98 1.851375906569736
0.7254462194106516 0.9503546099290779 0.99 1.8623441782810124
0.0 0.9645390070921985 0.0 1.4655576400673378
0.00826027062331713 0.9645390070921985 0.01 1.4655864737924473
0.01652005368385725 0.9645390070921985 0.02 1.4656729839175855
0.024778861506831732 0.9645390070921985 0.03 1.4658171977343697
0.033036206195611505 0.9645390070921985 0.04 1.4660191604807642
0.04129159951567553 0.9645390070921985 0.05 1.4662789358928596
0.04954455279061727 0.9645390070921985 0.06 1.466596605530148
0.05779457677999998 0.9645390070921985 0.07 1.4669722696441407
0.06604118158409973 0.9645390070921985 0.08 1.4674060462502871
0.07428387651590507 0.9645390070921985 0.09 1.4678980721628951
0.08252217001254038 0.9645390070921985 0.1 1.4684485020624058
0.09075556951892123 0.9645390070921985 0.11 1.469057509024842
0.09898358141600372 0.9645390070921985 0.12 1.469725283521483
0.10720571094090893 0.9645390070921985 0.13 1.470452033158834
0.11542146222043172 0.9645390070921985 0.14 1.4712379796969288
0.1236303384745236 0.9645390070921985 0.15 1.4720833532568316
0.13183184292466432 0.9645390070921985 0.16 1.472988372970341
0.14002548311062046 0.9645390070921985 0.17 1.4739531626333244
0.14821076882404377 0.9645390070921985 0.18 1.474977821011807
0.15624583712864026 0.9645390070921985 0.19 1.4787347929691639
0.16455405502092982 0.9645390070921985 0.2 1.4772119546478304
0.1727110465239404 0.9645390070921985 0.21 1.4784218006430017
0.18085765565300813 0.9645390070921985 0.22 1.4796928237097853
0.1889933445271981 0.9645390070921985 0.23 1.4810258910166656
0.19711759026462136 0.9645390070921985 0.24 1.482421553629516
0.20522987091342548 0.9645390070921985 0.25 1.4838803143907944
0.21332966269681092 0.9645390070921985 0.26 1.4854026780601266
0.22141643919419085 0.9645390070921985 0.27 1.4869891646819782
0.2294896709427718 0.9645390070921985 0.28 1.4886403147960856
0.2375488251913239 0.9645390070921985 0.29 1.4903566917778912
0.24559336569943196 0.9645390070921985 0.3 1.4921388832611036
0.253622752549927 0.9645390070921985 0.31 1.493987502229654
0.2616364419799178 0.9645390070921985 0.32 1.4959031877930449
0.26963388619930645 0.9645390070921985 0.33 1.4978866060605733
0.2776145332195315 0.9645390070921985 0.34 1.4999384508554683
0.28557782667197185 0.9645390070921985 0.35 1.5020594445211441
0.2935232056241309 0.9645390070921985 0.36 1.504250338725394
0.3014501043935113 0.9645390070921985 0.37 1.5065119152696966
0.3093579523554423 0.9645390070921985 0.38 1.5088449869451277
0.3172461737420414 0.9645390070921985 0.39 1.5112503984600916
0.32511418744125153 0.9645390070921985 0.4 1.513729027351336
0.33296140678532443 0.9645390070921985 0.41 1.5162817849840264
0.34078723933277133 0.9645390070921985 0.42 1.518909617598126
0.3485910866478382 0.9645390070921985 0.43 1.5216135073656405
0.3563723440650794 0.9645390070921985 0.44 1.5243944735704213
0.364130400453307 0.9645390070921985 0.45 1.5272535737809962
0.3718646379662317 0.9645390070921985 0.46 1.5301919051291888
0.3795744317872914 0.9645390070921985 0.47 1.5332106056278167
0.38725914986320004 0.9645390070921985 0.48 1.5363108555738516
0.3949181526291786 0.9645390070921985 0.49 1.5394938790116515
0.40255079272170696 0.9645390070921985 0.5 1.5427609452895168
0.4101564146837174 0.9645390070921985 0.51 1.5461133706705055
0.4177343546533354 0.9645390070921985 0.52 1.5495525200665818
0.4252839400443643 0.9645390070921985 0.53 1.5530798088322837
0.4328044892111291 0.9645390070921985 0.54 1.5566967046747127
0.44029531110026954 0.9645390070921985 0.55 1.560404729659838
0.44775570488802313 0.9645390070921985 0.56 1.5642054623265165
0.45518495959941474 0.9645390070921985 0.57 1.5681005399337393
0.46258235371403933 0.9645390070921985 0.58 1.5720916608084912
0.46994715475076254 0.9645390070921985 0.59 1.5761805868489085
0.4772786188353875 0.9645390070921985 0.6 1.5803691461550187
0.48457599024660036 0.9645390070921985 0.61 1.584659235820355
0.4918385009399494 0.9645390070921985 0.62 1.5890528248867979
0.49906537005038665 0.9645390070921985 0.63 1.5935519574610346
0.5062558033663908 0.9645390070921985 0.64 1.5981587560397879
0.5134089927816797 0.9645390070921985 0.65 1.6028754250069457
0.5205241157142981 0.9645390070921985 0.66 1.6077042543705813
0.5276003344951633 0.9645390070921985 0.67 1.6126476237283784
0.5346367957271083 0.9645390070921985 0.68 1.6177080064589409
0.5416326296024488 0.9645390070921985 0.69 1.6228879742163542
0.5485869491871944 0.9645390070921985 0.7 1.628190201681942
0.5554988496594029 0.9645390070921985 0.71 1.6336174716540262
0.5623674075041197 0.9645390070921985 0.72 1.639172680465617
0.5691916796597604 0.9645390070921985 0.73 1.6448588437669642
0.5759707026079602 0.9645390070921985 0.74 1.650679102726151
0.5827034914110202 0.9645390070921985 0.75 1.6566367306314127
0.5893890386794006 0.9645390070921985 0.76 1.6627351400052808
0.5960263134751458 0.9645390070921985 0.77 1.6689778902059254
0.6026142601360859 0.9645390070921985 0.78 1.6753686956132727
0.609151797017649 0.9645390070921985 0.79 1.6819114344295991
0.6156378151441984 0.9645390070921985 0.8 1.6886101581541277
0.6220711767537221 0.9645390070921985 0.81 1.695469101836912
0.6284507137364524 0.9645390070921985 0.82 1.7024926951265806
0.6347752259415331 0.9645390070921985 0.83 1.7096855742743013
0.6410434793461173 0.9645390070921985 0.84 1.7170525951468032
0.6472542040669709 0.9645390070921985 0.85 1.7245988473826526
0.6534060921884733 0.9645390070921985 0.86 1.7323296698613424
0.6594977953931505 0.9645390070921985 0.87 1.7402506675927283
0.6655279223532033 0.9645390070921985 0.88 1.7483677302862475
0.6714950358522025 0.9645390070921985 0.89 1.7566870528060676
0.6773976495861299 0.9645390070921985 0.9 1.7652151578294928
0.6832342245826055 0.9645390070921985 0.91 1.7739589210857292
0.6890031651454751 0.9645390070921985 0.92 1.782925599723842
0.694702814203683 0.9645390070921985 0.93 1.7921228645122007
0.7003314478553516 0.9645390070921985 0.94 1.801558837034632
0.7058872687817672 0.9645390070921985 0.95 1.811242133653401
0.7113683982279705 0.9645390070921985 0.96 1.8211819179066033
0.7167728445911267 0.9645390070921985 0.97 1.8313880737003405
0.7220983041986027 0.9645390070921985 0.98 1.841872234925759
0.7273427305602987 0.9645390070921985 0.99 1.8526448944437575
0.0 0.9787234042553191 0.0 1.461363727953259
0.008272115656405838 0.9787234042553191 0.01 1.4613922647262347
0.016543746692116477 0.9787234042553191 0.02 1.4614778839419458
0.02481440837728278 0.9787234042553191 0.03 1.461620612215212
0.033083615775898065 0.9787234042553191 0.04 1.461820492861645
0.04135088362453633 0.9787234042553191 0.05 1.4620775878451524
0.04961572625260484 0.9787234042553191 0.06 1.4623919753689976
0.05787765746747305 0.9787234042553191 0.07 1.4627637513466158
0.06613619050351902 0.9787234042553191 0.08 1.4631930269877076
0.07439083794540949 0.9787234042553191 0.09 1.4636799290502172
0.082641111806246 0.9787234042553191 0.1 1.4642245944999541
0.09088652384526395 0.9787234042553191 0.11 1.464827160391012
0.09912658685211635 0.9787234042553191 0.12 1.4654877302240812
0.10736082024858938 0.9787234042553191 0.13 1.4662062377802336
0.1155873796410745 0.9787234042553191 0.14 1.467017297221529
0.12380178775023344 0.9787234042553191 0.15 1.468008890886507
0.1320234092670495 0.9787234042553191 0.16 1.4687168535755446
0.14022922851758446 0.9787234042553191 0.17 1.4696731274043489
0.14842673946005747 0.9787234042553191 0.18 1.4706885650149324
0.1566154256340142 0.9787234042553191 0.19 1.471763850945077
0.16479477865318684 0.9787234042553191 0.2 1.4728994380816618
0.17296429059231627 0.9787234042553191 0.21 1.4740957347018468
0.1811234520714931 0.9787234042553191 0.22 1.4753531485409144
0.18927175158358026 0.9787234042553191 0.23 1.4766721002291576
0.1974086751788709 0.9787234042553191 0.24 1.4780530281540092
0.20553370623706066 0.9787234042553191 0.25 1.4794963909964463
0.21364632529754482 0.9787234042553191 0.26 1.4810026689647124
0.2217460098902052 0.9787234042553191 0.27 1.4825723648340015
0.22983223438243958 0.9787234042553191 0.28 1.4842060046422074
0.2379044698187787 0.9787234042553191 0.29 1.485904138422911
0.24596218376872864 0.9787234042553191 0.3 1.4876673407836731
0.25400484016382047 0.9787234042553191 0.31 1.4894962115912775
0.26203189913987573 0.9787234042553191 0.32 1.4913913765647497
0.27004281686771303 0.9787234042553191 0.33 1.4933534879854184
0.27803704538697804 0.9787234042553191 0.34 1.4953832253486927
0.28601403243075163 0.9787234042553191 0.35 1.4974812961031243
0.29397322124963 0.9787234042553191 0.36 1.4996484363776523
0.30191405042632086 0.9787234042553191 0.37 1.5018854117937441
0.309835953688928 0.9787234042553191 0.38 1.504193018274311
0.3177383597190101 0.9787234042553191 0.39 1.5065720828928875
0.3256206919493216 0.9787234042553191 0.4 1.5090234648097087
0.33348236836062156 0.9787234042553191 0.41 1.5115480562022565
0.3413228012691684 0.9787234042553191 0.42 1.514146783271763
0.34914139710794007 0.9787234042553191 0.43 1.5168206072945996
0.35693755620016543 0.9787234042553191 0.44 1.5195705257308927
0.36471067252710976 0.9787234042553191 0.45 1.52239757337314
0.37246013348562146 0.9787234042553191 0.46 1.5253028235733725
0.38018531963791563 0.9787234042553191 0.47 1.528287389526063
0.3878856044522472 0.9787234042553191 0.48 1.5313524256179964
0.3955603540346253 0.9787234042553191 0.49 1.5344991288435936
0.40320892685070064 0.9787234042553191 0.5 1.5377287402926578
0.4108306734346713 0.9787234042553191 0.51 1.5410425467342959
0.4184249360893336 0.9787234042553191 0.52 1.5444418822645176
0.42599104857348424 0.9787234042553191 0.53 1.5479281300473289
0.43352833577628164 0.9787234042553191 0.54 1.5515027241516939
0.44103611337738896 0.9787234042553191 0.55 1.5551671514927239
0.44851368749509346 0.9787234042553191 0.56 1.5589229538617475
0.4559603543152982 0.9787234042553191 0.57 1.5627717300961574
0.46337539971075614 0.9787234042553191 0.58 1.5667151383237183
0.47075809883284775 0.9787234042553191 0.59 1.5707548984045268
0.47810771569600996 0.9787234042553191 0.6 1.5748927944327704
0.4854235027361117 0.9787234042553191 0.61 1.5791306774280311
0.4927047003475775 0.9787234042553191 0.62 1.5834704681828036
0.49995053640104314 0.9787234042553191 0.63 1.587914160256538
0.5071602257365874 0.9787234042553191 0.64 1.592463823150887
0.514332969628054 0.9787234042553191 0.65 1.5971216056959425
0.5214679552242588 0.9787234042553191 0.66 1.6018897396128706
0.5285643549561623 0.9787234042553191 0.67 1.6067705433243806
0.535621325916498 0.9787234042553191 0.68 1.6117664259752382
0.5426380092028547 0.9787234042553191 0.69 1.6168798917221154
0.5496135292217301 0.9787234042553191 0.7 1.6221135443106502
0.5565469929574137 0.9787234042553191 0.71 1.6274700919211784
0.5634374891945867 0.9787234042553191 0.72 1.6329523523547553
0.570284087693767 0.9787234042553191 0.73 1.6385632585693548
0.5770858383172043 0.9787234042553191 0.74 1.644305864586628
0.5838417700997383 0.9787234042553191 0.75 1.6501833518083455
0.590550890258098 0.9787234042553191 0.76 1.6561990357877954
0.5972121831341686 0.9787234042553191 0.77 1.6623563734903248
0.6038246090676949 0.9787234042553191 0.78 1.6686589710789352
0.6103871031890269 0.9787234042553191 0.79 1.6751105922892051
0.6168985741230231 0.9787234042553191 0.8 1.681715167455535
0.6233579025986207 0.9787234042553191 0.81 1.6884768032336
0.629763939949458 0.9787234042553191 0.82 1.6953997931157123
0.6361155064966747 0.9787234042553191 0.83 1.7024886288058636
0.6424113897970322 0.9787234042553191 0.84 1.7097480125667217
0.6486503427420649 0.9787234042553191 0.85 1.7171828706391283
0.6548310814855027 0.9787234042553191 0.86 1.7247983678826437
0.660952283178691 0.9787234042553191 0.87 1.7325999237753387
0.6670125834809466 0.9787234042553191 0.88 1.7405932299822637
0.6730105738099428 0.9787234042553191 0.89 1.748784269715238
0.6789447982840899 0.9787234042553191 0.9 1.7571793391798411
0.6848137502896371 0.9787234042553191 0.91 1.7657850715102617
0.6906158685873963 0.9787234042553191 0.92 1.7746084636899901
0.6963495328154158 0.9787234042553191 0.93 1.7836569072639366
0.7020130581771751 0.9787234042553191 0.94 1.7929382239942564
0.7076046889431543 0.9787234042553191 0.95 1.802460708442928
0.7131225903854198 0.9787234042553191 0.96 1.8122331795094553
0.7185648161823764 0.9787234042553191 0.97 1.8222651575133413
0.7239290945395951 0.9787234042553191 0.98 1.8325679591721475
0.7292134347550748 0.9787234042553191 0.99 1.8431516379028214
0.0 0.9929078014184397 0.0 1.4572288628413865
0.008283843990511646 0.9929078014184397 0.01 1.4572570918527414
0.016567206566630376 0.9929078014184397 0.02 1.4573417838288105
0.024849606313699153 0.9929078014184397 0.03 1.4574829535610627
0.033130561922348124 0.9929078014184397 0.04 1.457680616403062
0.041409592431373037 0.9929078014184397 0.05 1.4579347804570475
0.04968621632011934 0.9929078014184397 0.06 1.4582455140865018
0.05795984279231786 0.9929078014184397 0.07 1.4586183818726761
0.06618772768201005 0.9929078014184397 0.08 1.4609152790053412
0.07448568302969258 0.9929078014184397 0.09 1.4599547980792718
0.0827588858087482 0.9929078014184397 0.1 1.460060089759131
0.09101616689596564 0.9929078014184397 0.11 1.4606571449181724
0.09926811500563006 0.9929078014184397 0.12 1.461311970059003
0.1075142568313813 0.9929078014184397 0.13 1.4620242966836337
0.11575409868962078 0.9929078014184397 0.14 1.4627944904554906
0.12398714732568639 0.9929078014184397 0.15 1.463622853944559
0.13221290867624516 0.9929078014184397 0.16 1.4645096771128332
0.1404308873028645 0.9929078014184397 0.17 1.4654552561392304
0.14864058610496123 0.9929078014184397 0.18 1.466459900564713
0.15684150613503717 0.9929078014184397 0.19 1.4675239363502963
0.16503314643526754 0.9929078014184397 0.2 1.4686477077127453
0.17321500389602684 0.9929078014184397 0.21 1.4698315781384281
0.18138657311367393 0.9929078014184397 0.22 1.4710759312068855
0.1895473462593903 0.9929078014184397 0.23 1.4723811711037456
0.1976968129394724 0.9929078014184397 0.24 1.4737477232089726
0.2058344600588621 0.9929078014184397 0.25 1.475176034576175
0.21395977168080774 0.9929078014184397 0.26 1.4766665744345242
0.22207222888812436 0.9929078014184397 0.27 1.4782198346396922
0.23017130963545376 0.9929078014184397 0.28 1.4798363302271371
0.2382564886046687 0.9929078014184397 0.29 1.4815165998978062
0.2463272370531338 0.9929078014184397 0.3 1.4832612065800892
0.2543830226611933 0.9929078014184397 0.31 1.4850707379820376
0.2624233093739534 0.9929078014184397 0.32 1.4869458071966815
0.2704475572410661 0.9929078014184397 0.33 1.4888870533139456
0.27845522225110353 0.9929078014184397 0.34 1.4908951420794303
0.286445756161689 0.9929078014184397 0.35 1.4929707665842473
0.2944186063266328 0.9929078014184397 0.36 1.4951146479728332
0.3023732155155793 0.9929078014184397 0.37 1.497327536215406
0.31030902173175984 0.9929078014184397 0.38 1.4996102108854363
0.3182254580210807 0.9929078014184397 0.39 1.501963482010827
0.32612195227927415 0.9929078014184397 0.4 1.5043881909306327
0.333997927049449 0.9929078014184397 0.41 1.5068852112315079
0.34185279931542834 0.9929078014184397 0.42 1.5094554497103176
0.3496859802878704 0.9929078014184397 0.43 1.5120998473913192
0.3574968751845912 0.9929078014184397 0.44 1.5148193805845338
0.3652848830011597 0.9929078014184397 0.45 1.5176150620189095
0.37304939627438893 0.9929078014184397 0.46 1.5204879420256598
0.38078980084135583 0.9929078014184397 0.47 1.523439109751312
0.38850547558218806 0.9929078014184397 0.48 1.5264696944963965
0.39619579216060985 0.9929078014184397 0.49 1.5295808670638538
0.4038601147523461 0.9929078014184397 0.5 1.5327738411990695
0.41149779976105494 0.9929078014184397 0.51 1.5360498751214537
0.41910819552573914 0.9929078014184397 0.52 1.5394102731166774
0.4266906420176793 0.9929078014184397 0.53 1.5428563872059284
0.4342444705213375 0.9929078014184397 0.54 1.54638961893264
0.4417690033049268 0.9929078014184397 0.55 1.5500114212240885
0.4492635532773326 0.9929078014184397 0.56 1.5537233003532436
0.4567274236288009 0.9929078014184397 0.57 1.5575268180190784
0.46415990745587926 0.9929078014184397 0.58 1.5614235935416636
0.47156028737309597 0.9929078014184397 0.59 1.5654153061563059
0.47892783510126063 0.9929078014184397 0.6 1.5695036974761016
0.4862618110424207 0.9929078014184397 0.61 1.5736905740556735
0.49356146383084837 0.9929078014184397 0.62 1.5779778101286446
0.5008260298645731 0.9929078014184397 0.63 1.5823673504897362
0.5080547328126955 0.9929078014184397 0.64 1.5868612135542106
0.51524678309927 0.9929078014184397 0.65 1.591461494591272
0.5224013773584246 0.9929078014184397 0.66 1.5961703691670024
0.5295176978645314 0.9929078014184397 0.67 1.6009900967754354
0.5365949119294381 0.9929078014184397 0.68 1.6059230247102119
0.5436321712659214 0.9929078014184397 0.69 1.6109715921842342
0.5506286113197345 0.9929078014184397 0.7 1.6161383346869769
0.5575833505598473 0.9929078014184397 0.71 1.6214258886460038
0.5644954897284077 0.9929078014184397 0.72 1.6268369963874976
0.571364111046959 0.9929078014184397 0.73 1.6323745114216333
0.5781882773732414 0.9929078014184397 0.74 1.638041404091666
0.584967031305255 0.9929078014184397 0.75 1.6438407676122146
0.5916993942274622 0.9929078014184397 0.76 1.6497758245333463
0.5983843652967654 0.9929078014184397 0.77 1.6558499336524581
0.6050209203556043 0.9929078014184397 0.78 1.6620665974543465
0.6116080107734543 0.9929078014184397 0.79 1.6684294700826474
0.6181445622030652 0.9929078014184397 0.8 1.6749423659305345
0.6246294732442594 0.9929078014184397 0.81 1.681609268903096
0.6310616140095978 0.9929078014184397 0.82 1.6884343423978756
0.6374398245719535 0.9929078014184397 0.83 1.6954219401288009
0.6437629132870706 0.9929078014184397 0.84 1.7025766178495312
0.6500296549750065 0.9929078014184397 0.85 1.7099031460845024
0.6562387889343126 0.9929078014184397 0.86 1.7174065240309393
0.6623890167765499 0.9929078014184397 0.87 1.7250919947249403
0.6684790000409634 0.9929078014184397 0.88 1.732965061714299
0.6745073575595281 0.9929078014184397 0.89 1.741031507428568
0.6804726625236918 0.9929078014184397 0.9 1.749297413539522
0.6863734391807281 0.9929078014184397 0.91 1.7577691837295928
0.6922081590712803 0.9929078014184397 0.92 1.766453569373187
0.6979752366597101 0.9929078014184397 0.93 1.775357698946914
0.7036730241218327 0.9929078014184397 0.94 1.784489112430056
0.7092998048826848 0.9929078014184397 0.95 1.79385580282898
0.7148537854367196 0.9929078014184397 0.96 1.8034662672618516
0.7203330615665205 0.9929078014184397 0.97 1.8133296879498144
0.7257353907034007 0.9929078014184397 0.98 1.8234570872007154
0.7310588327841773 0.9929078014184397 0.99 1.8338581165943797
0.0 1.0070921985815602 0.0 1.453153675803324
0.008295451828327423 1.0070921985815602 0.01 1.4531816612883057
0.016590424380027613 1.0070921985815602 0.02 1.4532656237053712
0.024884438351573786 1.0070921985815602 0.03 1.4534055803809247
0.03317701434667518 1.0070921985815602 0.04 1.453601563709415
0.0414676727643853 1.0070921985815602 0.05 1.4538536236593202
0.0497559336509942 1.0070921985815602 0.06 1.4541618299203232
0.05804131655361616 1.0070921985815602 0.07 1.4545262721657266
0.06632334038003126 1.0070921985815602 0.08 1.454947059890307
0.0746015232703663 1.0070921985815602 0.09 1.4554243219450458
0.08287538248173931 1.0070921985815602 0.1 1.4559582059486065
0.091144434274348 1.0070921985815602 0.11 1.456548878028035
0.09940819380948984 1.0070921985815602 0.12 1.4571965223955474
0.1076661750322433 1.0070921985815602 0.13 1.4579013415926665
0.11591789056661049 1.0070921985815602 0.14 1.4586635563758819
0.12416285160280294 1.0070921985815602 0.15 1.4594834058926076
0.13240056778249462 1.0070921985815602 0.16 1.4603611478979959
0.1406305470824516 1.0070921985815602 0.17 1.4612970589924985
0.1488522956997432 1.0070921985815602 0.18 1.4622914348141811
0.15706531793081505 1.0070921985815602 0.19 1.463344590350781
0.1652691160493783 1.0070921985815602 0.2 1.464456860247157
0.17346319018266232 1.0070921985815602 0.21 1.4656285991220395
0.18164703818890654 1.0070921985815602 0.22 1.4668601818493527
0.18982015552508927 1.0070921985815602 0.23 1.4681520039892986
0.19798203512015414 1.0070921985815602 0.24 1.4695044821046943
0.20613216724111622 1.0070921985815602 0.25 1.4709180541783902
0.21427003935819733 1.0070921985815602 0.26 1.4723931800253407
0.22239513600568037 1.0070921985815602 0.27 1.473930341749095
0.23050693864398009 1.0070921985815602 0.28 1.4755300441661847
0.23860492551250245 1.0070921985815602 0.29 1.4771928153394869
0.24668857148540618 1.0070921985815602 0.3 1.478919207055617
0.2547573479188383 1.0070921985815602 0.31 1.4807097953958983
0.2628107224992342 1.0070921985815602 0.32 1.482565181277976
0.2708481590835818 1.0070921985815602 0.33 1.4844859910784987
0.27886911753891436 1.0070921985815602 0.34 1.486472877248545
0.2868730535759591 1.0070921985815602 0.35 1.4885265189807704
0.29485941857838116 1.0070921985815602 0.36 1.4906476229093406
0.30282765942857276 1.0070921985815602 0.37 1.4928369238326877
0.31077721832685307 1.0070921985815602 0.38 1.4950951854906225
0.3187075326066513 1.0070921985815602 0.39 1.4974232013680202
0.3266180345442695 1.0070921985815602 0.4 1.499821795539275
0.33450815116107036 1.0070921985815602 0.41 1.5022918235721796
0.34237730402258076 1.0070921985815602 0.42 1.5048341734486417
0.35022490902861325 1.0070921985815602 0.43 1.507449766556556
0.35805037619788666 1.0070921985815602 0.44 1.510139558719498
0.36585310944458116 1.0070921985815602 0.45 1.5129045412866262
0.3736325063487759 1.0070921985815602 0.46 1.5157457422654865
0.38138795791679847 1.0070921985815602 0.47 1.518664227530549
0.3891188483353815 1.0070921985815602 0.48 1.5216611020744584
0.39682455471495476 1.0070921985815602 0.49 1.5247375113399269
0.4045044468264014 1.0070921985815602 0.5 1.5278946425974698
0.41215788682260834 1.0070921985815602 0.51 1.531133726435903
0.419784228955634 1.0070921985815602 0.52 1.534456038281845
0.4273828192777692 1.0070921985815602 0.53 1.5378629000379305
0.4349529953339172 1.0070921985815602 0.54 1.54135568178316
0.4424940858409088 1.0070921985815602 0.55 1.5449358035687606
0.45000541034947233 1.0070921985815602 0.56 1.548604737338905
0.4574862788999018 1.0070921985815602 0.57 1.5523640088990536
0.4649359916536723 1.0070921985815602 0.58 1.556215200056707
0.4723538385179656 1.0070921985815602 0.59 1.5601599508173316
0.47973909874455967 1.0070921985815602 0.6 1.5641999617629239
0.4870910405163695 1.0070921985815602 0.61 1.56833699652353
0.49440892051374713 1.0070921985815602 0.62 1.5725728843966582
0.5016919834579388 1.0070921985815602 0.63 1.576909523131849
0.5089394616343429 1.0070921985815602 0.64 1.5813488818645498
0.5161505743903226 1.0070921985815602 0.65 1.5858930042345218
0.5233245276099419 1.0070921985815602 0.66 1.5905440116757465
0.5304605131600512 1.0070921985815602 0.67 1.5953041069150133
0.5375577083074573 1.0070921985815602 0.68 1.6001755776829956
0.5446152751039798 1.0070921985815602 0.69 1.6051608006600842
0.5516323597386982 1.0070921985815602 0.7 1.6102622456644826
0.5586080918534986 1.0070921985815602 0.71 1.615482480109693
0.565541583819129 1.0070921985815602 0.72 1.6208241737520173
0.5724319299668281 1.0070921985815602 0.73 1.6262901037613682
0.5792782057773763 1.0070921985815602 0.74 1.6318831601103763
0.5860794670160985 1.0070921985815602 0.75 1.6376063513538006
0.5928347488139563 1.0070921985815602 0.76 1.6434628108037714
0.5995430646914898 1.0070921985815602 0.77 1.6494558031273843
0.6062034055120853 1.0070921985815602 0.78 1.6555887314507465
0.6128147383695322 1.0070921985815602 0.79 1.6618651449516302
0.6193760053894989 1.0070921985815602 0.8 1.6682887470640273
0.6258861224502985 1.0070921985815602 0.81 1.6748634042773631
0.6323439778013341 1.0070921985815602 0.82 1.6815931556619417
0.6387484305753106 1.0070921985815602 0.83 1.6884822231568253
0.6450983091791014 1.0070921985815602 0.84 1.6955350227189385
0.6513924095479838 1.0070921985815602 0.85 1.702756176434501
0.6576294932420462 1.0070921985815602 0.86 1.7101505257269571
0.6638082853679893 1.0070921985815602 0.87 1.7177231457746762
0.6699274722857771 1.0070921985815602 0.88 1.725479361378258
0.6759856990817558 1.0070921985815602 0.89 1.733424764404476
0.6819815667363639 1.0070921985815602 0.9 1.7415652332140237
0.6879136289341828 1.0070921985815602 0.91 1.7499069543801038
0.693780388410117 1.0070921985815602 0.92 1.758456447284982
0.6995802926762581 1.0070921985815602 0.93 1.7672205924327349
0.7053117288748862 1.0070921985815602 0.94 1.7762066648176522
0.7109730173065755 1.0070921985815602 0.95 1.7854223746740339
0.7165624030771562 1.0070921985815602 0.96 1.7948759184532186
0.7220780211462602 1.0070921985815602 0.97 1.8045761636448605
0.7275176559106689 1.0070921985815602 0.98 1.814533858105489
0.7328794132238674 1.0070921985815602 0.99 1.8247582858122848
0.0 1.0212765957446808 0.0 1.449136987987296
0.008306941079223458 1.0212765957446808 0.01 1.44916467777356
0.01661340595905273 1.0212765957446808 0.02 1.4492477554077992
0.024918918338218406 1.0212765957446808 0.03 1.449386245858918
0.033223001709758594 1.0212765957446808 0.04 1.44958019090454
0.04152517926012626 1.0212765957446808 0.05 1.4498296489312843
0.049824973760499394 1.0212765957446808 0.06 1.450134695422837
0.05812190746087311 1.0212765957446808 0.07 1.4504954229307958
0.066415501982495 1.0212765957446808 0.08 1.4509119411834466
0.0747052782103907 1.0212765957446808 0.09 1.451384377165483
0.0829907561793832 1.0212765957446808 0.1 1.4519128754270763
0.09127145497055347 1.0212765957446808 0.11 1.4524975979445012
0.0995468925904174 1.0212765957446808 0.12 1.4531387246083582
0.10781658587227717 1.0212765957446808 0.13 1.453836452945322
0.11608005035289323 1.0212765957446808 0.14 1.4545909986337457
0.12433680016603249 1.0212765957446808 0.15 1.4554025954780976
0.13258634792751878 1.0212765957446808 0.16 1.456271495639429
0.14082820461657114 1.0212765957446808 0.17 1.457197969923269
0.14906187946360883 1.0212765957446808 0.18 1.458182307908729
0.1572868798288068 1.0212765957446808 0.19 1.459224818272663
0.1655027110844734 1.0212765957446808 0.2 1.4603258290156236
0.1737088764915305 1.0212765957446808 0.21 1.461485687789811
0.18190487707778594 1.0212765957446808 0.22 1.4627047621780045
0.1900902115106939 1.0212765957446808 0.23 1.4639834400549543
0.19826437597003665 1.0212765957446808 0.24 1.4653221299318617
0.2064268640181434 1.0212765957446808 0.25 1.4667212613268068
0.21457716646613972 1.0212765957446808 0.26 1.4681812851793052
0.2227147712401368 1.0212765957446808 0.27 1.46970267425073
0.23083916324154727 1.0212765957446808 0.28 1.4712859235924687
0.2389498242067703 1.0212765957446808 0.29 1.472931551005901
0.247046232562769 1.0212765957446808 0.3 1.4746400975420069
0.2551278632797984 1.0212765957446808 0.31 1.476412128021981
0.2631941877198867 1.0212765957446808 0.32 1.4782482315947507
0.271244673482907 1.0212765957446808 0.33 1.4801490223085605
0.2792787842470241 1.0212765957446808 0.34 1.4821151397327152
0.28729597960678027 1.0212765957446808 0.35 1.48414724959113
0.29529571490664164 1.0212765957446808 0.36 1.4862460444323427
0.3032774410683725 1.0212765957446808 0.37 1.4884122443505614
0.31124060441571655 1.0212765957446808 0.38 1.490646597720805
0.3191846464923642 1.0212765957446808 0.39 1.4929498819886406
0.32710900387556524 1.0212765957446808 0.4 1.4953229044895295
0.335013107985399 1.0212765957446808 0.41 1.4977665032985439
0.34289638488377033 1.0212765957446808 0.42 1.5002815481633847
0.3507582550720472 1.0212765957446808 0.43 1.5028689414378882
0.35859813328011847 1.0212765957446808 0.44 1.5055296190825753
0.36641542824809664 1.0212765957446808 0.45 1.508264551719007
0.37420954250120136 1.0212765957446808 0.46 1.5110747457327265
0.3819798721164965 1.0212765957446808 0.47 1.5139612444355404
0.3897258064822119 1.0212765957446808 0.48 1.5169251292806853
0.3974467280486337 1.0212765957446808 0.49 1.519967521139165
0.40514201206789835 1.0212765957446808 0.5 1.523089581657199
0.4128110263268028 1.0212765957446808 0.51 1.5262925146624704
0.42045313086752567 1.0212765957446808 0.52 1.529577567658633
0.42806767769822357 1.0212765957446808 0.53 1.5329460333923974
0.43565401049297064 1.0212765957446808 0.54 1.536399251497648
0.44321146427683394 1.0212765957446808 0.55 1.5399386102466115
0.4507393651019685 1.0212765957446808 0.56 1.543565548366109
0.4582370297066352 1.0212765957446808 0.57 1.5472815569767846
0.4657037651625301 1.0212765957446808 0.58 1.551088181617598
0.47313886850380044 1.0212765957446808 0.59 1.5549870244016932
0.48054162634155634 1.0212765957446808 0.6 1.558979746277946
0.48791131446154534 1.0212765957446808 0.61 1.5630680694153578
0.49524719740028406 1.0212765957446808 0.62 1.5672537797415897
0.5025485280046625 1.0212765957446808 0.63 1.571538729604064
0.5098145469672176 1.0212765957446808 0.64 1.575924840605302
0.5170444823415832 1.0212765957446808 0.65 1.5804141065852015
0.5242375490310177 1.0212765957446808 0.66 1.5850085967967456
0.5313929482524978 1.0212765957446808 0.67 1.5897104592614206
0.5385098669719759 1.0212765957446808 0.68 1.5945219243339124
0.5455874773099031 1.0212765957446808 0.69 1.59944530848409
0.5526249359145029 1.0212765957446808 0.7 1.6044830183145113
0.5596213832981892 1.0212765957446808 0.71 1.609637554843943
0.5665759431402521 1.0212765957446808 0.72 1.6149115180427962
0.5734877215435729 1.0212765957446808 0.73 1.6203076116960664
0.5803558062511467 1.0212765957446808 0.74 1.625828648565148
0.5871792658125992 1.0212765957446808 0.75 1.6314775559107089
0.5939571486983364 1.0212765957446808 0.76 1.6372573813959865
0.6006884823565733 1.0212765957446808 0.77 1.6431712994043641
0.607372272208276 1.0212765957446808 0.78 1.649222617806979
0.6140075005725218 1.0212765957446808 0.79 1.6554147852307353
0.6205931255178149 1.0212765957446808 0.8 1.6617513988613657
0.6271280796260114 1.0212765957446808 0.81 1.6682362128652877
0.6336112686673978 1.0212765957446808 0.82 1.6748731474508207
0.6400415701710664 1.0212765957446808 0.83 1.6816662986685451
0.6464178318758139 1.0212765957446808 0.84 1.6886199490450535
0.6527388700536384 1.0212765957446808 0.85 1.6957385791100836
0.659003467679786 1.0212765957446808 0.86 1.7030268799743362
0.6652103724310889 1.0212765957446808 0.87 1.7104897670756736
0.6713582944831104 1.0212765957446808 0.88 1.7181323952722727
0.6774459040658453 1.0212765957446808 0.89 1.7259601755186411
0.6834718287284038 1.0212765957446808 0.9 1.733978793409998
0.6894346502429706 1.0212765957446808 0.91 1.7421942299854032
0.6953329010373103 1.0212765957446808 0.92 1.750612785389424
0.701165059993506 1.0212765957446808 0.93 1.7592411062520656
0.706929547333731 1.0212765957446808 0.94 1.7680862182318593
0.7126247181012211 1.0212765957446808 0.95 1.7771555662230916
0.7182488535855883 1.0212765957446808 0.96 1.7864570655070937
0.7238001252297888 1.0212765957446808 0.97 1.795999290259307
0.729276342480243 1.0212765957446808 0.98 1.8057927313873323
0.7346756527787422 1.0212765957446808 0.99 1.8158463364333528
0.0 1.0354609929078014 0.0 1.4451760292376967
0.008318317751549627 1.0354609929078014 0.01 1.4452034447320767
0.01663616208039623 1.0354609929078014 0.02 1.4452856995037118
0.02495305946097211 1.0354609929078014 0.03 1.4454228183129152
0.03326853616137068 1.0354609929078014 0.04 1.4456148425142794
0.04158211814059051 1.0354609929078014 0.05 1.4458618300093675
0.04989333094333696 1.0354609929078014 0.06 1.446163855422189
0.0582016995968192 1.0354609929078014 0.07 1.4465210100641381
0.06650674850483072 1.0354609929078014 0.08 1.4469334020860776
0.07480800134209166 1.0354609929078014 0.09 1.4474011565648022
0.08310498094816256 1.0354609929078014 0.1 1.447924415600939
0.09139720921895858 1.0354609929078014 0.11 1.4485033384900352
0.09968420699963725 1.0354609929078014 0.12 1.4491381018208116
0.10796549397551039 1.0354609929078014 0.13 1.4498288996352877
0.11624058856197303 1.0354609929078014 0.14 1.450575943600691
0.12450900779197298 1.0354609929078014 0.15 1.4513794632273185
0.13277026720698362 1.0354609929078014 0.16 1.4522397059870662
0.14102388074032776 1.0354609929078014 0.17 1.4531569376076368
0.14926936060370977 1.0354609929078014 0.18 1.4541314422681257
0.15750621717156676 1.0354609929078014 0.19 1.4551635228359907
0.16573395886172126 1.0354609929078014 0.2 1.4562535011622024
0.17395209201691988 1.0354609929078014 0.21 1.4574017183431325
0.1821601207816668 1.0354609929078014 0.22 1.458608535053417
0.19035754698064797 1.0354609929078014 0.23 1.4598743318364025
0.19854386999165083 1.0354609929078014 0.24 1.4611995094729051
0.20671858661757855 1.0354609929078014 0.25 1.4625844893461222
0.21488119095699265 1.0354609929078014 0.26 1.4640297138156584
0.22303117427056776 1.0354609929078014 0.27 1.4655356466369989
0.23116802484474613 1.0354609929078014 0.28 1.4671027734033677
0.23929122785537255 1.0354609929078014 0.29 1.468731601974958
0.24740026522324876 1.0354609929078014 0.3 1.4704226629984682
0.25549461547232316 1.0354609929078014 0.31 1.4721765103783526
0.26357375357841023 1.0354609929078014 0.32 1.4739937218496604
0.27163715082144396 1.0354609929078014 0.33 1.4758748994952078
0.27968427462561063 1.0354609929078014 0.34 1.4778206703878682
0.28771458840393727 1.0354609929078014 0.35 1.4798316871685866
0.2957275513917696 1.0354609929078014 0.36 1.481908628732547
0.3037226184808206 1.0354609929078014 0.37 1.484052200895069
0.31169924004481453 1.0354609929078014 0.38 1.4862631371312272
0.3196568617636755 1.0354609929078014 0.39 1.4885421993172991
0.3275949244395478 1.0354609929078014 0.4 1.490890178540011
0.3355128638090261 1.0354609929078014 0.41 1.4933078959293171
0.34341011034953495 1.0354609929078014 0.42 1.4957962035345758
0.3512860890796032 1.0354609929078014 0.43 1.4983559852454944
0.35914021935243823 1.0354609929078014 0.44 1.5009881577621758
0.3669719146418267 1.0354609929078014 0.45 1.5036936716213845
0.3747805823246199 1.0354609929078014 0.46 1.5064735122433612
0.38256562345039885 1.0354609929078014 0.47 1.5093287010770242
0.39032643250771193 1.0354609929078014 0.48 1.5122602967647782
0.3980623971807387 1.0354609929078014 0.49 1.515269396378099
0.40577289809420897 1.0354609929078014 0.5 1.518357136738607
0.4134573085546167 1.0354609929078014 0.51 1.5215246957627333
0.42111499427617194 1.0354609929078014 0.52 1.524773293918558
0.4287453130993255 1.0354609929078014 0.53 1.5281041957343584
0.4363476146975829 1.0354609929078014 0.54 1.5315187113915592
0.44392124027259333 1.0354609929078014 0.55 1.5350181984018232
0.4514655222360608 1.0354609929078014 0.56 1.538604063378468
0.45897978388021576 1.0354609929078014 0.57 1.5422777638904048
0.4664633390323503 1.0354609929078014 0.58 1.5460408104301064
0.4739154916949001 1.0354609929078014 0.59 1.5498947684852764
0.48133553567258547 1.0354609929078014 0.6 1.5538412607055518
0.48872275417679295 1.0354609929078014 0.61 1.5578819692294632
0.49607641941860003 1.0354609929078014 0.62 1.5620186380975543
0.5033957921771339 1.0354609929078014 0.63 1.5662530758394775
0.5106801213511942 1.0354609929078014 0.64 1.5705871581848223
0.517928643487358 1.0354609929078014 0.65 1.5750228309425838
0.5251405822842066 1.0354609929078014 0.66 1.5795621130525963
0.5323151480746464 1.0354609929078014 0.67 1.5842070997992288
0.5394515372756754 1.0354609929078014 0.68 1.5889599662540494
0.5465489318145449 1.0354609929078014 0.69 1.5938229708956917
0.5536064985210676 1.0354609929078014 0.7 1.5987984594716593
0.5606233884875388 1.0354609929078014 0.71 1.6038888690961841
0.5675987363908056 1.0354609929078014 0.72 1.6090967326197319
0.5745316597777641 1.0354609929078014 0.73 1.6144246832669547
0.581421258305799 1.0354609929078014 0.74 1.619875459596518
0.5882666129386488 1.0354609929078014 0.75 1.625451910785016
0.5950667850918608 1.0354609929078014 0.76 1.6311570022740014
0.6018208157211655 1.0354609929078014 0.77 1.63699382182361
0.6085277243572746 1.0354609929078014 0.78 1.6429655859613395
0.6151865080662776 1.0354609929078014 0.79 1.6490756469485246
0.6217961403432137 1.0354609929078014 0.8 1.6553275002319783
0.6283555699252206 1.0354609929078014 0.81 1.6617247924656624
0.6348637195108681 1.0354609929078014 0.82 1.668271330185394
0.6413194843857242 1.0354609929078014 0.83 1.6749710891495013
0.6477217309318212 1.0354609929078014 0.84 1.6818282244786689
0.6540692950115506 1.0354609929078014 0.85 1.6888470816608023
0.6603609802037421 1.0354609929078014 0.86 1.696032208555386
0.6665955558757662 1.0354609929078014 0.87 1.7033883685016844
0.6727717550529119 1.0354609929078014 0.88 1.7109205547534565
0.678888272054079 1.0354609929078014 0.89 1.7186340064235777
0.6849437598380221 1.0354609929078014 0.9 1.726534226250679
0.6909368269814407 1.0354609929078014 0.91 1.7346270006164777
0.6968660341850642 1.0354609929078014 0.92 1.7429184223691794
0.7027298901179638 1.0354609929078014 0.93 1.7514149174381959
0.7085268463104836 1.0354609929078014 0.94 1.7601232767173847
0.7142552905536664 1.0354609929078014 0.95 1.7690506959388053
0.7199135380640554 1.0354609929078014 0.96 1.7782048272234248
0.7254997942904449 1.0354609929078014 0.97 1.7875939710660955
0.7310118921187911 1.0354609929078014 0.98 1.7972283767607138
0.7364480166158256 1.0354609929078014 0.99 1.8071166837827366
0.0 1.049645390070922 0.0 1.4412704016934745
0.008329581385987198 1.049645390070922 0.01 1.4412975492376086
0.01665869206953788 1.049645390070922 0.02 1.4413790000321811
0.02498686124637395 1.049645390070922 0.03 1.4415147784511488
0.03331361790848698 1.049645390070922 0.04 1.441704925157145
0.04163849074188801 1.049645390070922 0.05 1.4419494971376101
0.04996100802412555 1.049645390070922 0.06 1.4422485677513537
0.058280697521584296 1.049645390070922 0.07 1.4426022267840677
0.06659708638571367 1.049645390070922 0.08 1.443010580550283
0.07490970104955925 1.049645390070922 0.09 1.4434737519604164
0.08321806712288025 1.049645390070922 0.1 1.443991880643773
0.09152170928643402 1.049645390070922 0.11 1.4445651230800554
0.09982015118635883 1.049645390070922 0.12 1.4451936527134754
0.10811291532729098 1.049645390070922 0.13 1.4458776601008356
0.11639952296292995 1.049645390070922 0.14 1.4466173531139606
0.12467949398909388 1.049645390070922 0.15 1.4474129570593606
0.13295234683134013 1.049645390070922 0.16 1.4482647149284742
0.14121759833451417 1.049645390070922 0.17 1.4491728875788727
0.14947476364960707 1.049645390070922 0.18 1.4501377539671603
0.15772335611943367 1.049645390070922 0.19 1.4511596113913656
0.16596288716254726 1.049645390070922 0.2 1.4522387757541257
0.1741928661554199 1.049645390070922 0.21 1.4533755818436338
0.18241280031279153 1.049645390070922 0.22 1.4545703836325743
0.19062219456733412 1.049645390070922 0.23 1.4558235545763438
0.19882055144439523 1.049645390070922 0.24 1.4571354879769571
0.2070073709373003 1.049645390070922 0.25 1.4585065973216733
0.21518215037936367 1.049645390070922 0.26 1.4599373166593008
0.22334438431263012 1.049645390070922 0.27 1.4614281010085397
0.23149356435535834 1.049645390070922 0.28 1.462979426769359
0.23962917906548928 1.049645390070922 0.29 1.4645917921745468
0.24775071380181993 1.049645390070922 0.3 1.466265717756285
0.25585765058266946 1.049645390070922 0.31 1.4680017468311695
0.2639494679394335 1.049645390070922 0.32 1.4698004460331262
0.2720256407687531 1.049645390070922 0.33 1.4716624058485965
0.2800856401793466 1.049645390070922 0.34 1.4735882411995465
0.2881289333361433 1.049645390070922 0.35 1.4755785920427693
0.2961549832997813 1.049645390070922 0.36 1.4776341240063922
0.3041632488628575 1.049645390070922 0.37 1.4797555290481976
0.31215318437882655 1.049645390070922 0.38 1.4819435261757297
0.32012423959049974 1.049645390070922 0.39 1.484198862158372
0.3280758594485964 1.049645390070922 0.4 1.4865223123242066
0.336007483930661 1.049645390070922 0.41 1.488914681342129
0.34391854784818765 1.049645390070922 0.42 1.4913768041021525
0.35180848065351794 1.049645390070922 0.43 1.493909546586646
0.3596767062369351 1.049645390070922 0.44 1.4965138068190458
0.36752264271874624 1.049645390070922 0.45 1.4991905158459227
0.3753457022333108 1.049645390070922 0.46 1.501940638778159
0.38314529070883624 1.049645390070922 0.47 1.50476517585958
0.3909208076346927 1.049645390070922 0.48 1.507665163629454
0.3986716458252174 1.049645390070922 0.49 1.5106416761057653
0.40639719117243384 1.049645390070922 0.5 1.5136958260499531
0.41409682239037415 1.049645390070922 0.51 1.5168287662908575
0.42176991075002485 1.049645390070922 0.52 1.5200416911154573
0.42941581980391597 1.049645390070922 0.53 1.5233358377334916
0.43703390510030915 1.049645390070922 0.54 1.5267124878161453
0.4446235138860993 1.049645390070922 0.55 1.5301729691152899
0.4521839847971017 1.049645390070922 0.56 1.5337186571725554
0.4597146475364529 1.049645390070922 0.57 1.5373509771133225
0.467214822539271 1.049645390070922 0.58 1.5410714055389014
0.47468382062173303 1.049645390070922 0.59 1.5448814725293463
0.4821209426177078 1.049645390070922 0.6 1.5487827637367124
0.4895254789962811 1.049645390070922 0.61 1.5527769226136148
0.4968967094626578 1.049645390070922 0.62 1.556865652760853
0.5042339025427924 1.049645390070922 0.63 1.561050720393597
0.5115363151446274 1.049645390070922 0.64 1.5653339569722322
0.5188031921016131 1.049645390070922 0.65 1.5697172619632653
0.5260337656922421 1.049645390070922 0.66 1.5742026057713236
0.5332272551344865 1.049645390070922 0.67 1.578792032850192
0.5403828660571232 1.049645390070922 0.68 1.583487664983254
0.5474997899401319 1.049645390070922 0.69 1.5882917047825653
0.5545772035280331 1.049645390070922 0.7 1.5932064393860823
0.5616142682075931 1.049645390070922 0.71 1.5982342444063964
0.568610129355991 1.049645390070922 0.72 1.6033775880991716
0.5755639156456707 1.049645390070922 0.73 1.6086390358345113
0.5824747383111069 1.049645390070922 0.74 1.6140212548450776
0.5893416903723996 1.049645390070922 0.75 1.6195270192852809
0.5961638458090514 1.049645390070922 0.76 1.6251592156441534
0.6029402586818763 1.049645390070922 0.77 1.6309208485292335
0.6096699621960409 1.049645390070922 0.78 1.6368150468668012
0.6163519677030598 1.049645390070922 0.79 1.6428450705381734
0.6229852636319926 1.049645390070922 0.8 1.6490143175136682
0.6295688143421816 1.049645390070922 0.81 1.6553263315347575
0.6361015588920717 1.049645390070922 0.82 1.6617848103843234
0.6425824097114395 1.049645390070922 0.83 1.668393614824408
0.6490102511625583 1.049645390070922 0.84 1.675156778290637
0.6553839379827225 1.049645390070922 0.85 1.6820785173979058
0.6617022935803392 1.049645390070922 0.86 1.6891632434182833
0.667964108168126 1.049645390070922 0.87 1.6964155748338763
0.6741681367030058 1.049645390070922 0.88 1.7038403511410354
0.6803130965880285 1.049645390070922 0.89 1.7114426481554645
0.686397665086261 1.049645390070922 0.9 1.719227795095387
0.6924204763657327 1.049645390070922 0.91 1.7272013938759394
0.6983801180552578 1.049645390070922 0.92 1.735369341243119
0.7042751271189809 1.049645390070922 0.93 1.743737854730644
0.7101039847300297 1.049645390070922 0.94 1.7523135040474225
0.7158651095650252 1.049645390070922 0.95 1.7611032507653996
0.7215568486686994 1.049645390070922 0.96 1.770114500491357
0.7271774392213538 1.049645390070922 0.97 1.7793552980270477
0.7327247362048669 1.049645390070922 0.98 1.7888356644987484
0.7381969586865531 1.049645390070922 0.99 1.7985639571240317
0.0 1.0638297872340425 0.0 1.4374191505807847
0.00834073312124744 1.0638297872340425 0.01 1.4374460355832153
0.016680998217900297 1.0638297872340425 0.02 1.4375266985659911
0.02502032716499413 1.0638297872340425 0.03 1.4376611634940086
0.03335825163665522 1.0638297872340425 0.04 1.4378494703330962
0.041694303005452654 1.0638297872340425 0.05 1.4380916750810282
0.0500280122413571 1.0638297872340425 0.06 1.4383878498224951
0.058358909810450374 1.0638297872340425 0.07 1.4387380827863157
0.0666865255736117 1.0638297872340425 0.08 1.4391424784014313
0.07501038868305929 1.0638297872340425 0.09 1.439601157441415
0.08333002748098657 1.0638297872340425 0.1 1.4401142570559649
0.09164496939460234 1.0638297872340425 0.11 1.4406819309461616
0.0999547408324476 1.0638297872340425 0.12 1.4413043494652635
0.10825886707866512 1.0638297872340425 0.13 1.4419816997789279
0.11655687218752082 1.0638297872340425 0.14 1.4427141860035941
0.12484827887457128 1.0638297872340425 0.15 1.443502029421407
0.13313260841050903 1.0638297872340425 0.16 1.444345468612406
0.14140938050942536 1.0638297872340425 0.17 1.445244759711034
0.1496781132178003 1.0638297872340425 0.18 1.4462001766217285
0.15793832280413003 1.0638297872340425 0.19 1.44721201121447
0.16618952364252237 1.0638297872340425 0.2 1.4482805736275672
0.1744312280979873 1.0638297872340425 0.21 1.4494061925183448
0.1826629464092706 1.0638297872340425 0.22 1.450589215348033
0.19088418656964581 1.0638297872340425 0.23 1.4518300086883664
0.19909445420296307 1.0638297872340425 0.24 1.4531289585871732
0.20729325244389427 1.0638297872340425 0.25 1.4544864708554819
0.21548008180951686 1.0638297872340425 0.26 1.4559029714743503
0.22365444007215338 1.0638297872340425 0.27 1.45737890696611
0.23181582212771784 1.0638297872340425 0.28 1.4589147448150108
0.23996371986318427 1.0638297872340425 0.29 1.4605109738858078
0.24809762201943486 1.0638297872340425 0.3 1.462168104888926
0.25621701405234554 1.0638297872340425 0.31 1.4638866708535883
0.26432137798981425 1.0638297872340425 0.32 1.4656672276368503
0.27241019228563684 1.0638297872340425 0.33 1.4675103544557753
0.28048293167099553 1.0638297872340425 0.34 1.4694166544345038
0.28853906700027954 1.0638297872340425 0.35 1.4713867552011932
0.29657806509377255 1.0638297872340425 0.36 1.473421309504984
0.30459938857699886 1.0638297872340425 0.37 1.4755209958559956
0.31260249571499826 1.0638297872340425 0.38 1.4776865192053579
0.3205868402409277 1.0638297872340425 0.39 1.4799186116688998
0.32855187118246576 1.0638297872340425 0.4 1.482218033260946
0.33649703268007397 1.0638297872340425 0.41 1.4845855726940425
0.34442176380228534 1.0638297872340425 0.42 1.4870220481950465
0.3523254983537451 1.0638297872340425 0.43 1.4895283083765447
0.36020766467813936 1.0638297872340425 0.44 1.4921052331433458
0.36806768545451785 1.0638297872340425 0.45 1.4947537346468518
0.3759049774868061 1.0638297872340425 0.46 1.497474758288159
0.38371895148631935 1.0638297872340425 0.47 1.5002692837708498
0.3915090118475831 1.0638297872340425 0.48 1.5031383262008668
0.399274556415715 1.0638297872340425 0.49 1.5060829372470814
0.40701497624401495 1.0638297872340425 0.5 1.5091042063717595
0.4147296553468571 1.0638297872340425 0.51 1.5122032620923271
0.42241797043969953 1.0638297872340425 0.52 1.5153812733365881
0.4300792906690651 1.0638297872340425 0.53 1.5186394508680812
0.4377129773362973 1.0638297872340425 0.54 1.5219790487551215
0.4453183836066887 1.0638297872340425 0.55 1.5254013659443588
0.452894854206853 1.0638297872340425 0.56 1.5289077479169018
0.46044172511298176 1.0638297872340425 0.57 1.5324995884097552
0.46795832322299363 1.0638297872340425 0.58 1.5361783312510529
0.4754439660158529 1.0638297872340425 0.59 1.539945472286388
0.48289796119697476 1.0638297872340425 0.6 1.5438025614045339
0.4903196063269737 1.0638297872340425 0.61 1.5477512046811683
0.49770818843277354 1.0638297872340425 0.62 1.5517930666471098
0.5050629836047151 1.0638297872340425 0.63 1.5559298726593218
0.5123832565689624 1.0638297872340425 0.64 1.5601634114431315
0.5196682602465845 1.0638297872340425 0.65 1.5644955377357728
0.5269172352835104 1.0638297872340425 0.66 1.568928175130486
0.5341294095634245 1.0638297872340425 0.67 1.5734633190485436
0.5413039976918005 1.0638297872340425 0.68 1.5781030399130784
0.5484402004564736 1.0638297872340425 0.69 1.5828494864943268
0.5555372042556905 1.0638297872340425 0.7 1.5877048894822858
0.5625941804988163 1.0638297872340425 0.71 1.5926715652591628
0.5696102849707196 1.0638297872340425 0.72 1.597751919926993
0.5765846571620366 1.0638297872340425 0.73 1.6029484535811482
0.5835164195601714 1.0638297872340425 0.74 1.6082637648633016
0.5904046768958325 1.0638297872340425 0.75 1.6137005558272872
0.5972485153443416 1.0638297872340425 0.76 1.6192616371269686
0.6040470016790865 1.0638297872340425 0.77 1.6249499335469297
0.6107991823643268 1.0638297872340425 0.78 1.6307684899520627
0.6175040825914256 1.0638297872340425 0.79 1.6367204776407402
0.6241607052457427 1.0638297872340425 0.8 1.64280920117869
0.6307680298006494 1.0638297872340425 0.81 1.6490381057411654
0.6373250111259144 1.0638297872340425 0.82 1.6554107850408448
0.6438305782053139 1.0638297872340425 0.83 1.6619309898793955
0.6502836327486521 1.0638297872340425 0.84 1.668602637412626
0.6566830476818568 1.0638297872340425 0.85 1.6754298212272918
0.6630276654995323 1.0638297872340425 0.86 1.6824168223248464
0.6693162964560392 1.0638297872340425 0.87 1.6895681211512956
0.6755477165607653 1.0638297872340425 0.88 1.6968884108656925
0.6817206653439554 1.0638297872340425 0.89 1.7043826120367176
0.687833843325289 1.0638297872340425 0.9 1.7120558891292776
0.6938859091112969 1.0638297872340425 0.91 1.7199136691717614
0.6998754759882868 1.0638297872340425 0.92 1.7279616632889574
0.7058011078080534 1.0638297872340425 0.93 1.7362058921231822
0.7116613138256738 1.0638297872340425 0.94 1.744652716836141
0.7174545418587133 1.0638297872340425 0.95 1.7533088787877134
0.7231791688373304 1.0638297872340425 0.96 1.7621815524192934
0.7288334615834887 1.0638297872340425 0.97 1.7712785433386276
0.7344152960657444 1.0638297872340425 0.98 1.7806096562922318
0.7399229220412835 1.0638297872340425 0.99 1.7901829897139414
0.0 1.0780141843971631 0.0 1.433621292084726
0.00835177422738931 1.0780141843971631 0.01 1.4336479196295349
0.016703083068917362 1.0780141843971631 0.02 1.433727810122076
0.025053461039836338 1.0780141843971631 0.03 1.4338609871024646
0.033402442457543154 1.0780141843971631 0.04 1.4340474898327131
0.041749561342138405 1.0780141843971631 0.05 1.434287373346391
0.05009435131754282 1.0780141843971631 0.06 1.4345807084482733
0.05843634551099295 1.0780141843971631 0.07 1.4349275818299816
0.06677507645358671 1.0780141843971631 0.08 1.435328096093494
0.07511007597913535 1.0780141843971631 0.09 1.435782369866151
0.08344087512306284 1.0780141843971631 0.1 1.4362905378898785
0.09176700401997741 1.0780141843971631 0.11 1.4368527511501272
0.1000879918017544 1.0780141843971631 0.12 1.437469176974303
0.10840336649336331 1.0780141843971631 0.13 1.4381399991947095
0.1167126549079855 1.0780141843971631 0.14 1.4388654183108638
0.12501538254285438 1.0780141843971631 0.15 1.4396456516233254
0.13331107347084467 1.0780141843971631 0.16 1.4404809334634225
0.14159925023347564 1.0780141843971631 0.17 1.4413715153689313
0.14987943373269494 1.0780141843971631 0.18 1.442317666281496
0.1581511431172514 1.0780141843971631 0.19 1.4433196728385136
0.16641389567408815 1.0780141843971631 0.2 1.444377839550056
0.17466720671221386 1.0780141843971631 0.21 1.445492489110055
0.18291058944816535 1.0780141843971631 0.22 1.446663962659681
0.19114355488840074 1.0780141843971631 0.23 1.447892620091711
0.19936561170982356 1.0780141843971631 0.24 1.4491788403706642
0.2075762661390466 1.0780141843971631 0.25 1.4505230218597944
0.21577502182789676 1.0780141843971631 0.26 1.4519255826906234
0.22396137972746963 1.0780141843971631 0.27 1.4533869611382806
0.23213483796059436 1.0780141843971631 0.28 1.454907616006884
0.2402948916895053 1.0780141843971631 0.29 1.4564880270653597
0.24844103298303172 1.0780141843971631 0.3 1.4581286954757584
0.25657275067863977 1.0780141843971631 0.31 1.4598301442727406
0.2646895302435957 1.0780141843971631 0.32 1.4615929188404715
0.2727908536309752 1.0780141843971631 0.33 1.463417587437366
0.28087619913340467 1.0780141843971631 0.34 1.4653047417334093
0.2889450412320756 1.0780141843971631 0.35 1.4672549973868467
0.29699685044413615 1.0780141843971631 0.36 1.4692689946266615
0.3050310931626156 1.0780141843971631 0.37 1.4713473989005272
0.31304723149522773 1.0780141843971631 0.38 1.473490901521758
0.32104472309755056 1.0780141843971631 0.39 1.4757002203613858
0.32902302100045316 1.0780141843971631 0.4 1.4779761005838965
0.3369815734347069 1.0780141843971631 0.41 1.480319315398791
0.34491982364787016 1.0780141843971631 0.42 1.4827306668726938
0.3528372097186111 1.0780141843971631 0.43 1.4852109867546563
0.3607331643616429 1.0780141843971631 0.44 1.487761137374233
0.3686071147301042 1.0780141843971631 0.45 1.4903820125523053
0.3764584822089546 1.0780141843971631 0.46 1.4930745385794453
0.3842866822034856 1.0780141843971631 0.47 1.4958396752266674
0.3920911239176179 1.0780141843971631 0.48 1.498678416831046
0.3998712101287854 1.0780141843971631 0.49 1.5015917934018879
0.4076263369513314 1.0780141843971631 0.5 1.5045808718108482
0.4153558935935527 1.0780141843971631 0.51 1.5076467570253291
0.4230592621047341 1.0780141843971631 0.52 1.5107905934130748
0.4307358171130772 1.0780141843971631 0.53 1.514013566110659
0.43838492555317815 1.0780141843971631 0.54 1.5173169024655446
0.44600594638428703 1.0780141843971631 0.55 1.520701873543089
0.45359823029496205 1.0780141843971631 0.56 1.5241697957292042
0.46116111940009225 1.0780141843971631 0.57 1.5277220323877072
0.4686939469194996 1.0780141843971631 0.58 1.5313599956461263
0.4761960368474003 1.0780141843971631 0.59 1.5350851482468673
0.4836667036073359 1.0780141843971631 0.6 1.5388990055013976
0.49110525168977226 1.0780141843971631 0.61 1.5428031373655693
0.498510975276042 1.0780141843971631 0.62 1.546799170612911
0.5058831578430159 1.0780141843971631 0.63 1.5508887911427534
0.5132210717518069 1.0780141843971631 0.64 1.5550737464032651
0.5205239778138638 1.0780141843971631 0.65 1.5593558479718135
0.5277911248405132 1.0780141843971631 0.66 1.5637369742568774
0.535021749164359 1.0780141843971631 0.67 1.5682190733933339
0.5422150741429763 1.0780141843971631 0.68 1.5728041662700758
0.5493703096316546 1.0780141843971631 0.69 1.5774943497711267
0.556486651432008 1.0780141843971631 0.7 1.58229180019194
0.563563280709006 1.0780141843971631 0.71 1.5871987768772808
0.5705993633753532 1.0780141843971631 0.72 1.5922176260893188
0.5775940494434997 1.0780141843971631 0.73 1.5973507851079831
0.5845464723365303 1.0780141843971631 0.74 1.6026007866166185
0.5914557481621001 1.0780141843971631 0.75 1.6079702633538153
0.5983209749378551 1.0780141843971631 0.76 1.6134619531002827
0.6051412317708041 1.0780141843971631 0.77 1.6190787039921855
0.6119155779822073 1.0780141843971631 0.78 1.6248234802130268
0.6186430521740934 1.0780141843971631 0.79 1.6306993680914645
0.6253226712296107 1.0780141843971631 0.8 1.6367095826540148
0.6319534292446255 1.0780141843971631 0.81 1.642857474654658
0.6385342963736325 1.0780141843971631 0.82 1.6491465381795698
0.6450642175903597 1.0780141843971631 0.83 1.655580418834728
0.6515421113412275 1.0780141843971631 0.84 1.6621629226412016
0.6579668680849332 1.0780141843971631 0.85 1.6688980256846944
0.6643373486922446 1.0780141843971631 0.86 1.6757898846656667
0.6706523826877203 1.0780141843971631 0.87 1.6828428484573263
0.6769107662994329 1.0780141843971631 0.88 1.690061470859022
0.6831112602705454 1.0780141843971631 0.89 1.6974505247935092
0.6892525873824819 1.0780141843971631 0.9 1.7050150182165842
0.6953334295867614 1.0780141843971631 0.91 1.7127602122684515
0.70135242462574 1.0780141843971631 0.92 1.720691642274353
0.707308161915316 1.0780141843971631 0.93 1.7288151427242069
0.7131991773238019 1.0780141843971631 0.94 1.7371368780268543
0.719023946184764 1.0780141843971631 0.95 1.7456633822566896
0.7247808735089639 1.0780141843971631 0.96 1.7544016128806654
0.7304682538468973 1.0780141843971631 0.97 1.763359151420547
0.7360839832449008 1.0780141843971631 0.98 1.7725455966024624
0.7416263391329174 1.0780141843971631 0.99 1.781968809403898
0.0 1.0921985815602837 0.0 1.4298758535424994
0.008362705990852553 1.0921985815602837 0.01 1.4299022285776655
0.016724949196969742 1.0921985815602837 0.02 1.4299813613836183
0.02508626673616071 1.0921985815602837 0.03 1.4301132751034882
0.033446195531303624 1.0921985815602837 0.04 1.4302980083192545
0.04180427221268964 1.0921985815602837 0.05 1.430535615089432
0.0501600330200045 1.0921985815602837 0.06 1.4308261650005134
0.05851301370428071 1.0921985815602837 0.07 1.431169743211018
0.06686274942890681 1.0921985815602837 0.08 1.4315664505415415
0.07520877467081745 1.0921985815602837 0.09 1.4320164035393492
0.08355062312073458 1.0921985815602837 0.1 1.4325197345804137
0.09188782758246535 1.0921985815602837 0.11 1.4330765919908828
0.10021991987224455 1.0921985815602837 0.12 1.433687140153933
0.10854643071590839 1.0921985815602837 0.13 1.4343515596734977
0.1168668896483771 1.0921985815602837 0.14 1.4350700474615692
0.1251808249056345 1.0921985815602837 0.15 1.4358428170141435
0.13348776332402362 1.0921985815602837 0.16 1.4366700984796308
0.14178723023174303 1.0921985815602837 0.17 1.4375521389150518
0.15007874934202017 1.0921985815602837 0.18 1.4384892024803932
0.15836184264403627 1.0921985815602837 0.19 1.4394815706690638
0.1666360302930752 1.0921985815602837 0.2 1.440529542540555
0.17490083049862046 1.0921985815602837 0.21 1.4416334349795223
0.1831557594103439 1.0921985815602837 0.22 1.4427935829777998
0.19140033100282333 1.0921985815602837 0.23 1.4440103399237159
0.19963405695885836 1.0921985815602837 0.24 1.4452840779023335
0.20785644654944077 1.0921985815602837 0.25 1.4466151880344444
0.21606700651224994 1.0921985815602837 0.26 1.4480040808228831
0.22426524092884323 1.0921985815602837 0.27 1.4494511865059156
0.2324506510968604 1.0921985815602837 0.28 1.4509569554656947
0.24062273540296805 1.0921985815602837 0.29 1.452521858613676
0.24878098918968056 1.0921985815602837 0.3 1.4541463878422025
0.25692490462264284 1.0921985815602837 0.31 1.455831056457195
0.2650539705517951 1.0921985815602837 0.32 1.4575763996721611
0.2731676723717283 1.0921985815602837 0.33 1.4593829750983964
0.2812654918780515 1.0921985815602837 0.34 1.4612513632691624
0.28934690711860483 1.0921985815602837 0.35 1.4631821682072916
0.29741139224381297 1.0921985815602837 0.36 1.4651760179901425
0.30545841735077206 1.0921985815602837 0.37 1.4672335653685482
0.31348744832402037 1.0921985815602837 0.38 1.469355488407137
0.32149794667247855 1.0921985815602837 0.39 1.4715424911516275
0.32948936936057405 1.0921985815602837 0.4 1.4737953043409973
0.33746116863665926 1.0921985815602837 0.41 1.4761146861349408
0.34541279185255913 1.0921985815602837 0.42 1.4785014229117943
0.3533436812829521 1.0921985815602837 0.43 1.480956330058463
0.3612532739338181 1.0921985815602837 0.44 1.4834802528469155
0.36914100135040034 1.0921985815602837 0.45 1.4860740673062414
0.37700628941267095 1.0921985815602837 0.46 1.4887386811910222
0.3848485581292732 1.0921985815602837 0.47 1.4914750349537675
0.39266722142303695 1.0921985815602837 0.48 1.4942841027791334
0.40046168690823875 1.0921985815602837 0.49 1.497166893676757
0.40823135566056845 1.0921985815602837 0.5 1.5001244526245905
0.41597562197963067 1.0921985815602837 0.51 1.5031578617643109
0.42369387314176227 1.0921985815602837 0.52 1.5062682416650879
0.43138548914366226 1.0921985815602837 0.53 1.509456752651357
0.4390498424389593 1.0921985815602837 0.54 1.5127245961800049
0.44668629765940765 1.0921985815602837 0.55 1.5160730163254161
0.4542942113310287 1.0921985815602837 0.56 1.5195033012998356
0.46187293157397047 1.0921985815602837 0.57 1.5230167850874676
0.4694217977940134 1.0921985815602837 0.58 1.5266148491378517
0.4769401403574403 1.0921985815602837 0.59 1.5302989241746536
0.48442728025636633 1.0921985815602837 0.6 1.5340704920732073
0.4918825287552525 1.0921985815602837 0.61 1.5379310878680441
0.49930518702466303 1.0921985815602837 0.62 1.5418823018514012
0.5066945457574676 1.0921985815602837 0.63 1.545925781794555
0.5140498847682653 1.0921985815602837 0.64 1.5500632352879151
0.5213704725721161 1.0921985815602837 0.65 1.5542964322249553
0.528655565944596 1.0921985815602837 0.66 1.558627207418761
0.5359044094611745 1.0921985815602837 0.67 1.5630574633652785
0.5431162350099505 1.0921985815602837 0.68 1.5675891731900413
0.5502902612837981 1.0921985815602837 0.69 1.5722243837444998
0.5574256932425921 1.0921985815602837 0.7 1.5769652189089944
0.5645217215517335 1.0921985815602837 0.71 1.5818138830690218
0.5715775219776834 1.0921985815602837 0.72 1.5867726648769105
0.5785922547668835 1.0921985815602837 0.73 1.5918439411529228
0.5855650639749922 1.0921985815602837 0.74 1.5970301811161158
0.5924950767631549 1.0921985815602837 0.75 1.6023339508542378
0.5993814026473131 1.0921985815602837 0.76 1.6077579181147983
0.6062231327047787 1.0921985815602837 0.77 1.613304857398987
0.6130193387251152 1.0921985815602837 0.78 1.6189776554341881
0.6197690723075435 1.0921985815602837 0.79 1.6247793170189213
0.6264713638914766 1.0921985815602837 0.8 1.6307129713182897
0.6331252217226379 1.0921985815602837 0.81 1.6367818786043682
0.6397296307348962 1.0921985815602837 0.82 1.6429894375540497
0.6462835513474308 1.0921985815602837 0.83 1.649339193114877
0.6527859181604532 1.0921985815602837 0.84 1.655834845035843
0.6592356385358371 1.0921985815602837 0.85 1.6624802571439397
0.6656315910400544 1.0921985815602837 0.86 1.6692794674931566
0.6719726237343876 1.0921985815602837 0.87 1.6762366994747933
0.6782575522642582 1.0921985815602837 0.88 1.683356374144953
0.6844851577215461 1.0921985815602837 0.89 1.6906431239132653
0.6906541841999742 1.0921985815602837 0.9 1.6981018080048573
0.69676333596249 1.0921985815602837 0.91 1.7057375301087767
0.7028112740713655 1.0921985815602837 0.92 1.713555658958003
0.7087966122579368 1.0921985815602837 0.93 1.721561852937784
0.7147179116290292 1.0921985815602837 0.94 1.7297620906797202
0.720573673516765 1.0921985815602837 0.95 1.7381627109772728
0.7263623293397181 1.0921985815602837 0.96 1.7467704674306703
0.7320821996239357 1.0921985815602837 0.97 1.7555927313271582
0.7377311997630868 1.0921985815602837 0.98 1.764638904464916
0.743307632112795 1.0921985815602837 0.99 1.7739166297410756
0.0 1.1063829787234043 0.0 1.4261818810462188
0.008373529691793197 1.1063829787234043 0.01 1.4262080083581787
0.01674659916324938 1.1063829787234043 0.02 1.4262863978798779
0.02511874809809954 1.1063829787234043 0.03 1.4264170723407266
0.033489515987966595 1.1063829787234043 0.04 1.4266000696635048
0.041858442036567696 1.1063829787234043 0.05 1.42683544295259
0.05022506506253267 1.1063829787234043 0.06 1.4271232606025765
0.058588923403400155 1.1063829787234043 0.07 1.427463606290853
0.06694955481786743 1.1063829787234043 0.08 1.4278565790878983
0.07530649638876914 1.1063829787234043 0.09 1.4283022935068583
0.0836592844244202 1.1063829787234043 0.1 1.4288008796218095
0.0920074543598115 1.1063829787234043 0.11 1.4293524831706512
0.10035054065727489 1.1063829787234043 0.12 1.4299572656678758
0.1086880767062349 1.1063829787234043 0.13 1.4306154045370052
0.11701959472160016 1.1063829787234043 0.14 1.4313270932686282
0.12534462564108853 1.1063829787234043 0.15 1.4320925415900223
0.13366269902481287 1.1063829787234043 0.16 1.432911975574404
0.14197334294550282 1.1063829787234043 0.17 1.4337856379532952
0.15027608388788105 1.1063829787234043 0.18 1.4347137882045837
0.1585704466392864 1.1063829787234043 0.19 1.4356967028259822
0.1668559541814691 1.1063829787234043 0.2 1.436734675562908
0.1751321275807822 1.1063829787234043 0.21 1.4378280176551668
0.18339848587598945 1.1063829787234043 0.22 1.4389770581125525
0.19165454596567896 1.1063829787234043 0.23 1.4401821439845857
0.19989982249235025 1.1063829787234043 0.24 1.441443640672019
0.20813382772499156 1.1063829787234043 0.25 1.4427619322472132
0.2163560714402099 1.1063829787234043 0.26 1.4441374217838883
0.22456606080016964 1.1063829787234043 0.27 1.4455705317200145
0.2327633002288507 1.1063829787234043 0.28 1.4470617042307137
0.24094729128535877 1.1063829787234043 0.29 1.4486114016277725
0.2491175325349513 1.1063829787234043 0.3 1.4502201067758027
0.25727351941673327 1.1063829787234043 0.31 1.4518883235369804
0.26541474410958854 1.1063829787234043 0.32 1.4536165772250589
0.2735406953933258 1.1063829787234043 0.33 1.4554054151027511
0.2816508585082445 1.1063829787234043 0.34 1.4572554068847536
0.28974471500962634 1.1063829787234043 0.35 1.4591671452844812
0.2978217426204957 1.1063829787234043 0.36 1.4611412465677707
0.3058814150785532 1.1063829787234043 0.37 1.463178351155575
0.31392320198082513 1.1063829787234043 0.38 1.4652791242383625
0.32194656862319143 1.1063829787234043 0.39 1.4674442564304115
0.3299509758348935 1.1063829787234043 0.4 1.469674464461022
0.33793587980974654 1.1063829787234043 0.41 1.4719704918863281
0.34590073193193577 1.1063829787234043 0.42 1.4743331098412353
0.3538449785965869 1.1063829787234043 0.43 1.4767631178286844
0.36176806102256337 1.1063829787234043 0.44 1.4792613445665388
0.36966941506530315 1.1063829787234043 0.45 1.4818286488264432
0.37754847101600497 1.1063829787234043 0.46 1.4844659203785184
0.385404653401917 1.1063829787234043 0.47 1.4871740809193577
0.3932373807735279 1.1063829787234043 0.48 1.4899540850985644
0.4010460654886447 1.1063829787234043 0.49 1.4928069215628281
0.4088301134880484 1.1063829787234043 0.5 1.4957336140601252
0.416588924061324 1.1063829787234043 0.51 1.4987352226130644
0.42432188960767603 1.1063829787234043 0.52 1.5018128447256507
0.4320283953850875 1.1063829787234043 0.53 1.5049676166725114
0.43970781925112007 1.1063829787234043 0.54 1.5082007148457086
0.4473595313941094 1.1063829787234043 0.55 1.5115133571684811
0.4549828940528965 1.1063829787234043 0.56 1.5149068045886929
0.46257726122681986 1.1063829787234043 0.57 1.518382362640242
0.4701419783744597 1.1063829787234043 0.58 1.5219413830834898
0.4776763820937299 1.1063829787234043 0.59 1.5255852656727091
0.4851797998002973 1.1063829787234043 0.6 1.5293154599403902
0.4926515493800113 1.1063829787234043 0.61 1.5331334671572827
0.5000909388334139 1.1063829787234043 0.62 1.5370408423510273
0.5074972659035041 1.1063829787234043 0.63 1.541039196441924
0.5148698176822042 1.1063829787234043 0.64 1.5451301985237493
0.5222078702051076 1.1063829787234043 0.65 1.5493155782319221
0.5295106880205648 1.1063829787234043 0.66 1.5535971282854188
0.5367775237419075 1.1063829787234043 0.67 1.5579767071500379
0.5440076175770423 1.1063829787234043 0.68 1.5624562418598176
0.5512001968314113 1.1063829787234043 0.69 1.567037731021237
0.5583544753881817 1.1063829787234043 0.7 1.5717232479796988
0.5654696531593157 1.1063829787234043 0.71 1.5765149441874933
0.5725449155065148 1.1063829787234043 0.72 1.581415052781199
0.5795794326302187 1.1063829787234043 0.73 1.5864258923816408
0.5865723589245968 1.1063829787234043 0.74 1.5915498711314389
0.5935228322912564 1.1063829787234043 0.75 1.5967894910136613
0.6004299734138485 1.1063829787234043 0.76 1.6021473524434526
0.6072928849878209 1.1063829787234043 0.77 1.6076261591688912
0.6141106508974397 1.1063829787234043 0.78 1.6132287235281786
0.6208823353394711 1.1063829787234043 0.79 1.6189579720716758
0.6276069818850631 1.1063829787234043 0.8 1.624816951599908
0.6342836124752526 1.1063829787234043 0.81 1.6308088356483657
0.6409112263362855 1.1063829787234043 0.82 1.6369369314983502
0.6474887988115643 1.1063829787234043 0.83 1.6432046877382398
0.6540152800954122 1.1063829787234043 0.84 1.6496157024605993
0.6604895938489785 1.1063829787234043 0.85 1.6561737322047958
0.6669106356863429 1.1063829787234043 0.86 1.6628827017157242
0.6732772715002233 1.1063829787234043 0.87 1.6697467146839025
0.679588335595416 1.1063829787234043 0.88 1.6767700656374924
0.6858426285833148 1.1063829787234043 0.89 1.6839572532296139
0.6920389149730259 1.1063829787234043 0.9 1.6913129952506079
0.6981759203566327 1.1063829787234043 0.91 1.6988422458780152
0.7042523280451808 1.1063829787234043 0.92 1.7065502158709493
0.7102667749090039 1.1063829787234043 0.93 1.714442396906598
0.7162178460041708 1.1063829787234043 0.94 1.722524592069372
0.7221040672451855 1.1063829787234043 0.95 1.7308029560204878
0.7279238949109363 1.1063829787234043 0.96 1.7392840505926335
0.7336756738999203 1.1063829787234043 0.97 1.7479750495317088
0.7393573383732597 1.1063829787234043 0.98 1.7568851657162339
0.7449672131164797 1.1063829787234043 0.99 1.7660218415506657
0.0 1.1205673758865249 0.0 1.4225384411993967
0.00838424659729262 1.1205673758865249 0.01 1.422564325463981
0.016768035502820827 1.1205673758865249 0.02 1.4226419857077226
0.025150908930257888 1.1205673758865249 0.03 1.4227714442787067
0.03353240890420489 1.1205673758865249 0.04 1.4229527384342093
0.041912077165283994 1.1205673758865249 0.05 1.4231859203888029
0.05028945507535418 1.1205673758865249 0.06 1.4234710573367146
0.05866408352195984 1.1205673758865249 0.07 1.4238082315257887
0.06703550282286226 1.1205673758865249 0.08 1.4241975403092755
0.07540325262996199 1.1205673758865249 0.09 1.424639096225511
0.0837668718322163 1.1205673758865249 0.1 1.4251330271055447
0.09212589845869064 1.1205673758865249 0.11 1.4256794761613727
0.10047986958054383 1.1205673758865249 0.12 1.4262786021053526
0.1088283212119831 1.1205673758865249 0.13 1.4269305792880307
0.11717078821086746 1.1205673758865249 0.14 1.427635597833371
0.12550680417789656 1.1205673758865249 0.15 1.4283938638012106
0.13383590135532097 1.1205673758865249 0.16 1.4292055993493928
0.14215761052340048 1.1205673758865249 0.17 1.430071042935486
0.15047146089729813 1.1205673758865249 0.18 1.4309904494957375
0.158776980021197 1.1205673758865249 0.19 1.431964090671362
0.16707369366192534 1.1205673758865249 0.2 1.4329922550304128
0.17536112570006507 1.1205673758865249 0.21 1.4340752483235224
0.18363879802100058 1.1205673758865249 0.22 1.4352133937282159
0.1919062304028207 1.1205673758865249 0.23 1.4364070321350135
0.20016294040312824 1.1205673758865249 0.24 1.4376565224375
0.2084084432437154 1.1205673758865249 0.25 1.438962241843234
0.2166422516928698 1.1205673758865249 0.26 1.440324586206726
0.22486387594619917 1.1205673758865249 0.27 1.4417439703711312
0.23307282350485262 1.1205673758865249 0.28 1.4432208285339916
0.241268599051028 1.1205673758865249 0.29 1.4447556146363427
0.24945070432120542 1.1205673758865249 0.3 1.4463488027684552
0.25761863797613427 1.1205673758865249 0.31 1.4480008876031707
0.26577189546945507 1.1205673758865249 0.32 1.4497123848342548
0.27390996891122793 1.1205673758865249 0.33 1.4514838316619487
0.2820323469302105 1.1205673758865249 0.34 1.4533157872807
0.29013851453094364 1.1205673758865249 0.35 1.4552088334120261
0.29822795294917087 1.1205673758865249 0.36 1.4571635748437057
0.3063001395021949 1.1205673758865249 0.37 1.4591806400105154
0.314354547435539 1.1205673758865249 0.38 1.4612606816006997
0.32239064576741305 1.1205673758865249 0.39 1.4634043771744243
0.33040789912357804 1.1205673758865249 0.4 1.4656124298621986
0.33840576757660884 1.1205673758865249 0.41 1.4678855690136314
0.346383706468955 1.1205673758865249 0.42 1.4702245509833727
0.35434116624224943 1.1205673758865249 0.43 1.4726301598519276
0.36227759225308714 1.1205673758865249 0.44 1.4751032082564564
0.37019242458766893 1.1205673758865249 0.45 1.4776445382220316
0.37808509786724814 1.1205673758865249 0.46 1.480255022061413
0.385955041051595 1.1205673758865249 0.47 1.4829355632839583
0.3938016772315732 1.1205673758865249 0.48 1.4856870975849796
0.40162442341834265 1.1205673758865249 0.49 1.4885105938552268
0.4094226903218057 1.1205673758865249 0.5 1.4914070552674867
0.4171958821249429 1.1205673758865249 0.51 1.4943775203894036
0.42494339624803373 1.1205673758865249 0.52 1.4974230643678608
0.4326646231031526 1.1205673758865249 0.53 1.5005448001804458
0.4403589458430472 1.1205673758865249 0.54 1.5037438799251615
0.44802574009690777 1.1205673758865249 0.55 1.5070214962014588
0.45566437369812185 1.1205673758865249 0.56 1.5103788835464078
0.4632742064002695 1.1205673758865249 0.57 1.5138173199522442
0.4708545895828978 1.1205673758865249 0.58 1.517338128455022
0.47840486594328785 1.1205673758865249 0.59 1.520942678819606
0.48592436917647164 1.1205673758865249 0.6 1.5246323893061784
0.4934124236426746 1.1205673758865249 0.61 1.5284087285246828
0.5008683440184006 1.1205673758865249 0.62 1.5322732174016716
0.5082914349326602 1.1205673758865249 0.63 1.5362274312503217
0.5156809905870808 1.1205673758865249 0.64 1.5402730019525261
0.5230362943572375 1.1205673758865249 0.65 1.544411620270114
0.5303566183783875 1.1205673758865249 0.66 1.5486450382673724
0.5376412231061931 1.1205673758865249 0.67 1.5529750719022584
0.5448893568601478 1.1205673758865249 0.68 1.557403603741689
0.5521002553413057 1.1205673758865249 0.69 1.5619325858522664
0.5592731411265357 1.1205673758865249 0.7 1.566564042855054
0.5664072231355027 1.1205673758865249 0.71 1.5713000751684962
0.5735016960676321 1.1205673758865249 0.72 1.5761428624570804
0.580555739809557 1.1205673758865249 0.73 1.581094667285665
0.5875685188076002 1.1205673758865249 0.74 1.5861578390129234
0.5945391814029137 1.1205673758865249 0.75 1.5913348179400078
0.6014668591274807 1.1205673758865249 0.76 1.5966281397280198
0.6083506659551344 1.1205673758865249 0.77 1.6020404401200514
0.6151896975032772 1.1205673758865249 0.78 1.6075744599952138
0.6219830301827292 1.1205673758865249 0.79 1.613233050773405
0.6287297202870629 1.1205673758865249 0.8 1.6190191802220508
0.6354288030145696 1.1205673758865249 0.81 1.6249359387064501
0.6420792914163397 1.1205673758865249 0.82 1.6309865459241353
0.6486801752611052 1.1205673758865249 0.83 1.6371743581789413
0.6552304197979195 1.1205673758865249 0.84 1.6435028762990544
0.6617289644112853 1.1205673758865249 0.85 1.6499757542346003
0.6681747211397122 1.1205673758865249 0.86 1.6565968084902707
0.6745665730377909 1.1205673758865249 0.87 1.6633700285015878
0.6809033723428458 1.1205673758865249 0.88 1.670299588157986
0.687183938401504 1.1205673758865249 0.89 1.677389858702406
0.6934070552819412 1.1205673758865249 0.9 1.6846454233801778
0.6995714689780881 1.1205673758865249 0.91 1.6920710943006045
0.7056758840357418 1.1205673758865249 0.92 1.6996719323390843
0.7117189593579358 1.1205673758865249 0.93 1.707453271245366
0.7176993027414846 1.1205673758865249 0.94 1.7154207480924992
0.7236154633645109 1.1205673758865249 0.95 1.723580343753954
0.7294659209334461 1.1205673758865249 0.96 1.7319384394748045
0.7352490432540951 1.1205673758865249 0.97 1.7405020230957118
0.7409627828063725 1.1205673758865249 0.98 1.7492801256342976
0.7466054845427768 1.1205673758865249 0.99 1.7582800049556209
0.0 1.1347517730496453 0.0 1.4189446213702317
0.00839485795930907 1.1347517730496453 0.01 1.418970267141833
0.016789260720232888 1.1347517730496453 0.02 1.4190472117722412
0.025182752991270818 1.1347517730496453 0.03 1.4191754772265959
0.03357487929456836 1.1347517730496453 0.04 1.419355100135063
0.04196518387270058 1.1347517730496453 0.05 1.4195861318110732
0.05035321059488422 1.1347517730496453 0.06 1.4198686383121035
0.05873850286336407 1.1347517730496453 0.07 1.42020270047268
0.067120603519051 1.1347517730496453 0.08 1.420588413980199
0.07549905474669623 1.1347517730496453 0.09 1.4210258894561179
0.08387339798001597 1.1347517730496453 0.1 1.4215152525306936
0.09224317380543703 1.1347517730496453 0.11 1.4220566439617963
0.1006079218660556 1.1347517730496453 0.12 1.4226502197322914
0.10896718076370439 1.1347517730496453 0.13 1.4232961511972162
0.11732048796177581 1.1347517730496453 0.14 1.4239946251962947
0.1256673796853074 1.1347517730496453 0.15 1.4247458442313679
0.1340073908213133 1.1347517730496453 0.16 1.425550026621245
0.14234005481753745 1.1347517730496453 0.17 1.4264074066837584
0.1506649035801573 1.1347517730496453 0.18 1.4273182349283988
0.15898146737010263 1.1347517730496453 0.19 1.4282827782654943
0.1672892746982248 1.1347517730496453 0.2 1.429301320225878
0.17558785221844186 1.1347517730496453 0.21 1.4303741612054788
0.18387672461976967 1.1347517730496453 0.22 1.4315016187164573
0.19215541451732657 1.1347517730496453 0.23 1.4326840276451462
0.20042344233965734 1.1347517730496453 0.24 1.4339217405563094
0.20868032621635135 1.1347517730496453 0.25 1.4352151279799046
0.21692558186195765 1.1347517730496453 0.26 1.4365645787413104
0.2251587224589575 1.1347517730496453 0.27 1.4379705002923036
0.2333792585376222 1.1347517730496453 0.28 1.4394333190728625
0.2415866978545505 1.1347517730496453 0.29 1.4409534808786988
0.24978054526719826 1.1347517730496453 0.3 1.4425314512677687
0.25796030260713704 1.1347517730496453 0.31 1.4441677159702238
0.26612546854986335 1.1347517730496453 0.32 1.4458627813283311
0.2742755384822539 1.1347517730496453 0.33 1.4476171747523472
0.2824100043655228 1.1347517730496453 0.34 1.4494314452148946
0.29052835459706533 1.1347517730496453 0.35 1.4513061637464957
0.29863007386680834 1.1347517730496453 0.36 1.4532419239784289
0.3067146430111165 1.1347517730496453 0.37 1.455239342699457
0.3147815388630987 1.1347517730496453 0.38 1.4572990604386695
0.32283023409825634 1.1347517730496453 0.39 1.459421742083646
0.3308601970748201 1.1347517730496453 0.4 1.4616080775381157
0.33887089167390594 1.1347517730496453 0.41 1.4638587823727882
0.34686177712800836 1.1347517730496453 0.42 1.4661745985717487
0.35483230785395686 1.1347517730496453 0.43 1.4685562952312152
0.36278193326956515 1.1347517730496453 0.44 1.4710046693904615
0.3707100976146086 1.1347517730496453 0.45 1.4735205468170536
0.3786162397611193 1.1347517730496453 0.46 1.4761047828744753
0.38649979301898385 1.1347517730496453 0.47 1.478758263420353
0.39436018493343816 1.1347517730496453 0.48 1.4814819057620523
0.4021968370797057 1.1347517730496453 0.49 1.4842766596290082
0.4100091648462193 1.1347517730496453 0.5 1.4871435082273052
0.41779657721228364 1.1347517730496453 0.51 1.4900834693305722
0.4255584765199016 1.1347517730496453 0.52 1.4930975964108395
0.4332942582328981 1.1347517730496453 0.53 1.4961869798582854
0.4410033106910421 1.1347517730496453 0.54 1.4993527482340778
0.44868501485325785 1.1347517730496453 0.55 1.5025960695988985
0.45633874403077535 1.1347517730496453 0.56 1.5059181529104453
0.46396386361023906 1.1347517730496453 0.57 1.509320249489887
0.47155973076617347 1.1347517730496453 0.58 1.5128036545616956
0.47912569416209144 1.1347517730496453 0.59 1.5163697088720087
0.48666109363633414 1.1347517730496453 0.6 1.5200198004106051
0.4941652598788701 1.1347517730496453 0.61 1.5237553661970424
0.5016375140907068 1.1347517730496453 0.62 1.5275778941848548
0.5090771676302515 1.1347517730496453 0.63 1.5314889252566775
0.5164835216423906 1.1347517730496453 0.64 1.5354900553374127
0.5238558666719284 1.1347517730496453 0.65 1.5395829376162184
0.5311934822574792 1.1347517730496453 0.66 1.5437692849019031
0.5384956365067328 1.1347517730496453 0.67 1.5480508721072366
0.5457615856509805 1.1347517730496453 0.68 1.552429538876163
0.5529905735763433 1.1347517730496453 0.69 1.5569071923701605
0.5601818313307626 1.1347517730496453 0.7 1.5614858102206246
0.5673345766076046 1.1347517730496453 0.71 1.566167443644822
0.5744480131980361 1.1347517730496453 0.72 1.570954220771761
0.5815213304134579 1.1347517730496453 0.73 1.5758483501726466
0.5885537024775362 1.1347517730496453 0.74 1.5808521246016847
0.5955442878797946 1.1347517730496453 0.75 1.585967924994367
0.6024922286913131 1.1347517730496453 0.76 1.591198224723318
0.6093966498361277 1.1347517730496453 0.77 1.5965455941499298
0.6162566583171302 1.1347517730496453 0.78 1.6020127054823137
0.6230713423894215 1.1347517730496453 0.79 1.607602337981591
0.6298397706735654 1.1347517730496453 0.8 1.613317383560824
0.6365609912054991 1.1347517730496453 0.81 1.619160852798784
0.6432340304128509 1.1347517730496453 0.82 1.6251358814276364
0.6498578920059689 1.1347517730496453 0.83 1.6312457373606433
0.6564315557766 1.1347517730496453 0.84 1.6374938283027416
0.662953976278026 1.1347517730496453 0.85 1.6438837100834014
0.6694240813794099 1.1347517730496453 0.86 1.650419095755311
0.6758407706556041 1.1347517730496453 0.87 1.65710386565992
0.6822029135857499 1.1347517730496453 0.88 1.6639420785988253
0.688509347501805 1.1347517730496453 0.89 1.6709379844072825
0.6947588752230605 1.1347517730496453 0.9 1.6780960382470715
0.7009502622629473 1.1347517730496453 0.91 1.6854209171734307
0.7070822334466678 1.1347517730496453 0.92 1.6929175397525893
0.7131534686689915 1.1347517730496453 0.93 1.7005910900179941
0.7191625973345559 1.1347517730496453 0.94 1.7084470479242573
0.7251081906572768 1.1347517730496453 0.95 1.7164912301587907
0.7309887504468596 1.1347517730496453 0.96 1.724729847704305
0.7368026660780684 1.1347517730496453 0.97 1.7331697131682926
0.7425479080111127 1.1347517730496453 0.98 1.7418196819534442
0.748222839322669 1.1347517730496453 0.99 1.7506868418240633
0.0 1.1489361702127658 0.0 1.4153995294782147
0.008405365013798278 1.1489361702127658 0.01 1.4154249411902684
0.016810277288100445 1.1489361702127658 0.02 1.4155011835261964
0.025214283991665424 1.1489361702127658 0.03 1.4156282780780096
0.03361693210972056 1.1489361702127658 0.04 1.4158062608510198
0.04201776835191809 1.1489361702127658 0.05 1.4160351822992132
0.050416339060319025 1.1489361702127658 0.06 1.416315107351599
0.05881219011671497 1.1489361702127658 0.07 1.4166461154798005
0.0672048668499824 1.1489361702127658 0.08 1.4170283007486455
0.07559391394271994 1.1489361702127658 0.09 1.4174617718974367
0.08397887533747563 1.1489361702127658 0.1 1.4179466524258872
0.0923592941423836 1.1489361702127658 0.11 1.4184830806926625
0.10073471253604926 1.1489361702127658 0.12 1.4190712100287126
0.10910467167182362 1.1489361702127658 0.13 1.419711208858476
0.11746871158131757 1.1489361702127658 0.14 1.420403260833071
0.12582637107659836 1.1489361702127658 0.15 1.4211475649867296
0.13417718765174227 1.1489361702127658 0.16 1.4219443358961539
0.1425206973836007 1.1489361702127658 0.17 1.4227938038483448
0.15085643483052483 1.1489361702127658 0.18 1.4236962150411
0.1591839329308104 1.1489361702127658 0.19 1.4246518317764445
0.1675027228990961 1.1489361702127658 0.2 1.4256609326830971
0.17581233412178301 1.1489361702127658 0.21 1.4267238129446416
0.18411229405065274 1.1489361702127658 0.22 1.4278407845478591
0.19240212809473273 1.1489361702127658 0.23 1.429012176547903
0.20068135951121066 1.1489361702127658 0.24 1.4302383353375019
0.20894950929327852 1.1489361702127658 0.25 1.431519624951496
0.21720609605680385 1.1489361702127658 0.26 1.432856427375783
0.22545063592548992 1.1489361702127658 0.27 1.434249142867258
0.23368264241225617 1.1489361702127658 0.28 1.4356981903132982
0.2419016262995337 1.1489361702127658 0.29 1.4372040075929702
0.2501070955174383 1.1489361702127658 0.3 1.4387670519549167
0.25829855501772075 1.1489361702127658 0.31 1.4403878004351451
0.26647550664683933 1.1489361702127658 0.32 1.4420667502736584
0.2746374490148728 1.1489361702127658 0.33 1.4438044193681687
0.28278387736222077 1.1489361702127658 0.34 1.4456013467412947
0.29091428342263287 1.1489361702127658 0.35 1.447458093036818
0.2990281552833561 1.1489361702127658 0.36 1.4493752410356942
0.30712497724155 1.1489361702127658 0.37 1.4513533962000837
0.3152042296565927 1.1489361702127658 0.38 1.4533931872478552
0.3232653887990199 1.1489361702127658 0.39 1.4554952667497012
0.33130792669573794 1.1489361702127658 0.4 1.457660311752329
0.33933131096950686 1.1489361702127658 0.41 1.4598890244449356
0.3473350046757622 1.1489361702127658 0.42 1.4621821328406932
0.35531846613315254 1.1489361702127658 0.43 1.464540391505157
0.36328114874979517 1.1489361702127658 0.44 1.4669645823130548
0.37122250084388153 1.1489361702127658 0.45 1.4694555152448205
0.3791419654598824 1.1489361702127658 0.46 1.472014029212413
0.3870389801763017 1.1489361702127658 0.47 1.4746409929461664
0.39491297691042504 1.1489361702127658 0.48 1.4773373058990145
0.4027633817139574 1.1489361702127658 0.49 1.4801038992158801
0.4105896145634505 1.1489361702127658 0.5 1.4829417367373454
0.41839108914218903 1.1489361702127658 0.51 1.4858518160626484
0.4261672126168111 1.1489361702127658 0.52 1.4888351696478954
0.43391738540219865 1.1489361702127658 0.53 1.4918928659858022
0.4416410009204376 1.1489361702127658 0.54 1.4950260108248141
0.44933744535142195 1.1489361702127658 0.55 1.4982357484458968
0.4570060973706869 1.1489361702127658 0.56 1.5015232630265158
0.46464632787984955 1.1489361702127658 0.57 1.50488978005495
0.472257499726432 1.1489361702127658 0.58 1.5083365678176663
0.47983896741033916 1.1489361702127658 0.59 1.511864938977297
0.4873900767794448 1.1489361702127658 0.6 1.515476252225172
0.4949101647141813 1.1489361702127658 0.61 1.5191719140103228
0.5023985587924067 1.1489361702127658 0.62 1.522953380399458
0.5098545769497869 1.1489361702127658 0.63 1.5268221589741413
0.5172775271139718 1.1489361702127658 0.64 1.530779810899819
0.5246667068305592 1.1489361702127658 0.65 1.5348279530569675
0.5320214028656347 1.1489361702127658 0.66 1.5389682603275916
0.5393408907937888 1.1489361702127658 0.67 1.5432024679847185
0.5466244345636079 1.1489361702127658 0.68 1.5475323742336262
0.5538712860412865 1.1489361702127658 0.69 1.551959842901842
0.5610806845322507 1.1489361702127658 0.7 1.5564868062803294
0.5682518562768026 1.1489361702127658 0.71 1.5611152681404212
0.5753840139174325 1.1489361702127658 0.72 1.5658473069413281
0.5824763559395267 1.1489361702127658 0.73 1.5706850792210987
0.5895280660781297 1.1489361702127658 0.74 1.5756308232141532
0.5965383126889492 1.1489361702127658 0.75 1.5806868627075148
0.6035062480829259 1.1489361702127658 0.76 1.5858556111425375
0.6104310078197951 1.1489361702127658 0.77 1.591139575990428
0.6173117099518465 1.1489361702127658 0.78 1.5965413634515384
0.6241474542207885 1.1489361702127658 0.79 1.6020636834671742
0.630937321195481 1.1489361702127658 0.8 1.607709355112621
0.637680371344644 1.1489361702127658 0.81 1.6134813124062284
0.6443756440403473 1.1489361702127658 0.82 1.6193826105615354
0.6510221564751129 1.1489361702127658 0.83 1.625416432775542
0.6576189024869891 1.1489361702127658 0.84 1.6315860975873626
0.6641648512701597 1.1489361702127658 0.85 1.6378950669262966
0.6706589459545562 1.1489361702127658 0.86 1.6443469549377048
0.6771001020249097 1.1489361702127658 0.87 1.6509455377393991
0.683487205541425 1.1489361702127658 0.88 1.6576947643000979
0.6898191111111103 1.1489361702127658 0.89 1.6645987686935122
0.6960946395337324 1.1489361702127658 0.9 1.671661884099941
0.7023125750098516 1.1489361702127658 0.91 1.678888659097603
0.7084716617409951 1.1489361702127658 0.92 1.6862838770524164
0.714570599634521 1.1489361702127658 0.93 1.6938525799613002
0.7206080386429133 1.1489361702127658 0.94 1.7016000989471838
0.7265825708711029 1.1489361702127658 0.95 1.709532095435558
0.7324927190100776 1.1489361702127658 0.96 1.7176546196787326
0.7383368927842635 1.1489361702127658 0.97 1.7259743188317909
0.7441130803885224 1.1489361702127658 0.98 1.7344998782292493
0.7498196611813531 1.1489361702127658 0.99 1.743238228605156
0.0 1.1631205673758864 0.0 1.4119022935620031
0.00841576898048893 1.1631205673758864 0.01 1.4119274755469273
0.0168310876465166 1.1631205673758864 0.02 1.4120030285806218
0.02524550559324165 1.1631205673758864 0.03 1.412128973891387
0.033658572234959765 1.1631205673758864 0.04 1.4123053468833324
0.042069836714542494 1.1631205673758864 0.05 1.4125321971580882
0.0504788478125346 1.1631205673758864 0.06 1.4128095885611351
0.05888515385609634 1.1631205673758864 0.07 1.4131375992270578
0.06728830262764478 1.1631205673758864 0.08 1.4135163216377067
0.07568784127286458 1.1631205673758864 0.09 1.4139458627017658
0.08408331620819842 1.1631205673758864 0.1 1.4144263438427314
0.09247427302827173 1.1631205673758864 0.11 1.414957901081268
0.10086025641171094 1.1631205673758864 0.12 1.4155406851633021
0.1092408100273687 1.1631205673758864 0.13 1.4161748616617051
0.11761547643893595 1.1631205673758864 0.14 1.4168606111176714
0.12598379700884949 1.1631205673758864 0.15 1.4175981291870483
0.1343453118012198 1.1631205673758864 0.16 1.4183876267992377
0.14269955948423022 1.1631205673758864 0.17 1.4192293303183587
0.15104607723039515 1.1631205673758864 0.18 1.4201234817397905
0.15938440061651543 1.1631205673758864 0.19 1.4210703388800443
0.16771406352185853 1.1631205673758864 0.2 1.4220701755907152
0.17603459802542537 1.1631205673758864 0.21 1.4231232819781297
0.18434553430051295 1.1631205673758864 0.22 1.4242299646579386
0.19264640050922271 1.1631205673758864 0.23 1.4253905469983876
0.20093672269481228 1.1631205673758864 0.24 1.426605369388642
0.20921602467113337 1.1631205673758864 0.25 1.427874789538928
0.21748382791174833 1.1631205673758864 0.26 1.429199182773386
0.22573965143623523 1.1631205673758864 0.27 1.430578942352295
0.23398301169451344 1.1631205673758864 0.28 1.4320144798096444
0.24221342244861221 1.1631205673758864 0.29 1.4335062253126112
0.2504303946521884 1.1631205673758864 0.3 1.435054628037826
0.25863343632866254 1.1631205673758864 0.31 1.4366601565544719
0.2668220524445322 1.1631205673758864 0.32 1.4383232992532402
0.27499574478174516 1.1631205673758864 0.33 1.4400445647746272
0.28315401180705496 1.1631205673758864 0.34 1.441824482461301
0.29129634853601977 1.1631205673758864 0.35 1.4436636028566663
0.29942224639725906 1.1631205673758864 0.36 1.4455624981905308
0.307531193090515 1.1631205673758864 0.37 1.4475217629185158
0.315622672442462 1.1631205673758864 0.38 1.4495420142734348
0.3236961642586063 1.1631205673758864 0.39 1.4516238928452805
0.331751144169829 1.1631205673758864 0.4 1.4537680632017151
0.33978708347753245 1.1631205673758864 0.41 1.4559752145127038
0.3478034489916312 1.1631205673758864 0.42 1.458246061230979
0.35579970286575047 1.1631205673758864 0.43 1.4605813437883568
0.363775302425205 1.1631205673758864 0.44 1.4629818293454824
0.37172969999425837 1.1631205673758864 0.45 1.4654483125406519
0.37966234271187616 1.1631205673758864 0.46 1.4679816163257053
0.3875726723477975 1.1631205673758864 0.47 1.470582592792365
0.3954601251087556 1.1631205673758864 0.48 1.4732521240707845
0.4033241314389429 1.1631205673758864 0.49 1.4759911232661718
0.41116411581515233 1.1631205673758864 0.5 1.478800535430836
0.4189794965340318 1.1631205673758864 0.51 1.4816813385908276
0.4267696854911135 1.1631205673758864 0.52 1.4846345448286329
0.43453408795658177 1.1631205673758864 0.53 1.487661201387259
0.4422721023308334 1.1631205673758864 0.54 1.4907623919134247
0.44998311990881307 1.1631205673758864 0.55 1.4939392376386365
0.45766652462055085 1.1631205673758864 0.56 1.497192898724055
0.4653216927678559 1.1631205673758864 0.57 1.5005245756303198
0.4729479927504613 1.1631205673758864 0.58 1.5039355105594052
0.4805447847801385 1.1631205673758864 0.59 1.507426988977955
0.4881114205848662 1.1631205673758864 0.6 1.5110003412089623
0.4956472430966721 1.1631205673758864 0.61 1.514656944132287
0.5031515861316544 1.1631205673758864 0.62 1.518398222941089
0.510623774051146 1.1631205673758864 0.63 1.522225653023599
0.518063121410635 1.1631205673758864 0.64 1.5261407619295322
0.5254689325924612 1.1631205673758864 0.65 1.530145131446678
0.5328405014202089 1.1631205673758864 0.66 1.534240399800558
0.5401771107553118 1.1631205673758864 0.67 1.5384282639748719
0.5474780320752431 1.1631205673758864 0.68 1.5427104821578799
0.5547425250288701 1.1631205673758864 0.69 1.5470888763414177
0.5619698369689986 1.1631205673758864 0.7 1.5515653350734062
0.5691592024641678 1.1631205673758864 0.71 1.5561418163544836
0.5763098427785739 1.1631205673758864 0.72 1.5608203507425598
0.5834209653270134 1.1631205673758864 0.73 1.5656030446286586
0.5904917630967546 1.1631205673758864 0.74 1.5704920837311096
0.5975214140384706 1.1631205673758864 0.75 1.5754897367990908
0.6045090804159456 1.1631205673758864 0.76 1.580598359583523
0.6114539081177749 1.1631205673758864 0.77 1.5858203990609112
0.6183550259230228 1.1631205673758864 0.78 1.5911583979562514
0.6252115447168166 1.1631205673758864 0.79 1.5966149995895642
0.632022556649645 1.1631205673758864 0.8 1.6021929530823034
0.6387871342352222 1.1631205673758864 0.81 1.607895118954509
0.6455043293742876 1.1631205673758864 0.82 1.613724475181714
0.6521731722987542 1.1631205673758864 0.83 1.619684123744595
0.6587926704200638 1.1631205673758864 0.84 1.6257772977578453
0.6653618070660291 1.1631205673758864 0.85 1.63200736926175
0.6718795400838453 1.1631205673758864 0.86 1.6383778577920696
0.6783448002832996 1.1631205673758864 0.87 1.6448924398608762
0.6847564896784537 1.1631205673758864 0.88 1.6515549595564285
0.6911134794731805 1.1631205673758864 0.89 1.6583694405297698
0.6974146077178731 1.1631205673758864 0.9 1.6653400997190289
0.7036586765127755 1.1631205673758864 0.91 1.67247136340539
0.7098444485817619 1.1631205673758864 0.92 1.6797678864299361
0.7159706429252751 1.1631205673758864 0.93 1.6872345759314236
0.7220359290520023 1.1631205673758864 0.94 1.6948766219259281
0.7280389188930585 1.1631205673758864 0.95 1.702699538863503
0.7339781548912987 1.1631205673758864 0.96 1.7107092250795803
0.7398520660125236 1.1631205673758864 0.97 1.7189121712368773
0.7456586580167782 1.1631205673758864 0.98 1.7273168975551243
0.751396324891117 1.1631205673758864 0.99 1.7359301895418402
0.0 1.177304964539007 0.0 1.4084520613184468
0.008426071062921843 1.177304964539007 0.01 1.4084770178014803
0.016851694203205793 1.177304964539007 0.02 1.4085518942047919
0.025276421409123614 1.177304964539007 0.03 1.4086767114095518
0.03369980449078784 1.177304964539007 0.04 1.4088515042260825
0.04212139499071206 1.177304964539007 0.05 1.4090763214394477
0.05054074409461325 1.177304964539007 0.06 1.4093512258225471
0.05895740254125937 1.177304964539007 0.07 1.4096762942140615
0.06737092053277427 1.177304964539007 0.08 1.410051617552226
0.07578084764373462 1.177304964539007 0.09 1.4104773009667904
0.08418673273042349 1.177304964539007 0.1 1.410953463848294
0.09258812383920062 1.177304964539007 0.11 1.4114802399458528
0.1009845681139881 1.177304964539007 0.12 1.4120577774816554
0.10937561170390252 1.177304964539007 0.13 1.412686239251032
0.11776079966917505 1.177304964539007 0.14 1.4133658027640823
0.12613967588633418 1.177304964539007 0.15 1.4140966603917458
0.13451178295343263 1.177304964539007 0.16 1.414879019501817
0.1428766620928248 1.177304964539007 0.17 1.4157131026420946
0.15123385305370932 1.177304964539007 0.18 1.4165991477146418
0.1595828940135814 1.177304964539007 0.19 1.4175374081630965
0.16792332147790487 1.177304964539007 0.2 1.4185281531835652
0.17625467017850457 1.177304964539007 0.21 1.4195716679466612
0.18457647297083063 1.177304964539007 0.22 1.4206682538281674
0.19288826072943702 1.177304964539007 0.23 1.4218182286586882
0.20118956224183848 1.177304964539007 0.24 1.423021926987781
0.20947990410062284 1.177304964539007 0.25 1.42427970036348
0.21775881059404537 1.177304964539007 0.26 1.4255919176233933
0.22602580359368726 1.177304964539007 0.27 1.4269589652155545
0.2342804024409171 1.177304964539007 0.28 1.4283812475238105
0.24252212383144425 1.177304964539007 0.29 1.429859187208278
0.2507504816964289 1.177304964539007 0.3 1.431393225578218
0.25896498708172266 1.177304964539007 0.31 1.432983822976116
0.2671651480252713 1.177304964539007 0.32 1.434631459173593
0.2753504694303525 1.177304964539007 0.33 1.4363366338042935
0.28352045293694916 1.177304964539007 0.34 1.4380998668065612
0.2916745967899906 1.177304964539007 0.35 1.4399216988899577
0.29981239570469204 1.177304964539007 0.36 1.4418026920224936
0.3079333407271338 1.177304964539007 0.37 1.4437434299558252
0.3160369190929237 1.177304964539007 0.38 1.4457445187594489
0.3241226140828641 1.177304964539007 0.39 1.4478065873757
0.3321899048709535 1.177304964539007 0.4 1.4499302882366425
0.34023826637346943 1.177304964539007 0.41 1.4521162978622995
0.3482671690895693 1.177304964539007 0.42 1.4543653175268438
0.3562760789394622 1.177304964539007 0.43 1.4566780739371685
0.3642644570977375 1.177304964539007 0.44 1.4590553199455103
0.3722317598207752 1.177304964539007 0.45 1.4614978353039971
0.3801774382697186 1.177304964539007 0.46 1.4640064274483628
0.3881009383271022 1.177304964539007 0.47 1.4665819323258338
0.39600170040961413 1.177304964539007 0.48 1.4692252152477059
0.40387915927192874 1.177304964539007 0.49 1.4719371718051757
0.411732743805078 1.177304964539007 0.5 1.474718728820737
0.4195618768299597 1.177304964539007 0.51 1.477570845331816
0.4273659748809675 1.177304964539007 0.52 1.4804945136428735
0.43514444798308577 1.177304964539007 0.53 1.4834907604209011
0.4428966994203391 1.177304964539007 0.54 1.4865606478493425
0.45062212549797354 1.177304964539007 0.55 1.4897052748243382
0.4583201152924471 1.177304964539007 0.56 1.4929257782335255
0.4659900503939733 1.177304964539007 0.57 1.4962233342848559
0.47363130463780406 1.177304964539007 0.58 1.4995991599112244
0.48124324382693956 1.177304964539007 0.59 1.5030545142336575
0.4888252254403495 1.177304964539007 0.6 1.5065907001211543
0.496376598332072 1.177304964539007 0.61 1.510209065813147
0.5038967024148377 1.177304964539007 0.62 1.5139110066449497
0.5113848683329134 1.177304964539007 0.63 1.5176979668475363
0.5188404171187521 1.177304964539007 0.64 1.521571441455636
0.5262626598317517 1.177304964539007 0.65 1.5255329783339777
0.5336508971867175 1.177304964539007 0.66 1.5295841802780692
0.5410044191586921 1.177304964539007 0.67 1.5337267072691358
0.5483225045706545 1.177304964539007 0.68 1.5379622788453386
0.5556044206616083 1.177304964539007 0.69 1.5422926766053588
0.5628494226314026 1.177304964539007 0.7 1.5467197468663885
0.5700567531637982 1.177304964539007 0.71 1.5512454034695582
0.5772256419193665 1.177304964539007 0.72 1.5558716307809244
0.5843553050071129 1.177304964539007 0.73 1.5606004868410939
0.5914449444189388 1.177304964539007 0.74 1.5654341067523485
0.5984937474362013 1.177304964539007 0.75 1.5703747062550537
0.6055008859975102 1.177304964539007 0.76 1.5754245855545361
0.6124655160266823 1.177304964539007 0.77 1.5805861334064595
0.6193867767165758 1.177304964539007 0.78 1.585861831486191
0.6262637897644554 1.177304964539007 0.79 1.5912542590681777
0.6330956585520799 1.177304964539007 0.8 1.5967660980540603
0.6398814672622594 1.177304964539007 0.81 1.60240013839532
0.6466202799269012 1.177304964539007 0.82 1.6081592839397703
0.6533111393922243 1.177304964539007 0.83 1.6140465587783621
0.6599530661892445 1.177304964539007 0.84 1.6200651141557882
0.6665450572934403 1.177304964539007 0.85 1.6262182360290067
0.673086084749747 1.177304964539007 0.86 1.6325093533952135
0.6795750941355727 1.177304964539007 0.87 1.6389420475262784
0.6860110028197218 1.177304964539007 0.88 1.6455200623168378
0.6923926979603143 1.177304964539007 0.89 1.6522473160213678
0.6987190341648412 1.177304964539007 0.9 1.6591279147468336
0.704988830685762 1.177304964539007 0.91 1.666166168298142
0.7112008679670004 1.177304964539007 0.92 1.6733666092372979
0.7173538832370345 1.177304964539007 0.93 1.6807340165646827
0.7234465646307157 1.177304964539007 0.94 1.6882734464045221
0.7294775429178592 1.177304964539007 0.95 1.6959902739157364
0.7354453792514175 1.177304964539007 0.96 1.703890253661395
0.741348520828616 1.177304964539007 0.97 1.7119797280400362
0.7471849908727914 1.177304964539007 0.98 1.7202670565807139
0.7529531965192211 1.177304964539007 0.99 1.7287588902202182
0.0 1.1914893617021276 0.0 1.4050479995959382
0.008436272448571234 1.1914893617021276 0.01 1.4050727346964165
0.01687209933368844 1.1914893617021276 0.02 1.4051469468397777
0.025307035004136485 1.1914893617021276 0.03 1.405270656558194
0.03374063363302744 1.1914893617021276 0.04 1.4054438980963753
0.04217244912992826 1.1914893617021276 0.05 1.4056667194252173
0.05060203505259198 1.1914893617021276 0.06 1.4059391822897822
0.05902894451848638 1.1914893617021276 0.07 1.406261362255538
0.06745273011607687 1.1914893617021276 0.08 1.406633348762789
0.07587294381559381 1.1914893617021276 0.09 1.4070552451988587
0.08428913687925778 1.1914893617021276 0.1 1.407527168981896
0.09270085977138867 1.1914893617021276 0.11 1.4080492516409666
0.1011076620670178 1.1914893617021276 0.12 1.4086216389376733
0.10950909236076799 1.1914893617021276 0.13 1.4092444909659736
0.11790469817435162 1.1914893617021276 0.14 1.4099179822845997
0.12629402586366406 1.1914893617021276 0.15 1.4106423020490422
0.13467662052426024 1.1914893617021276 0.16 1.4114176541724373
0.1430520258968139 1.1914893617021276 0.17 1.4122442574756036
0.15141978427059988 1.1914893617021276 0.18 1.4131223458704787
0.15977943638622374 1.1914893617021276 0.19 1.414052168546526
0.16813052133752435 1.1914893617021276 0.2 1.4150339901636664
0.1764725764706846 1.1914893617021276 0.21 1.416068091084382
0.18480513728412665 1.1914893617021276 0.22 1.4171547675811147
0.19312773732519395 1.1914893617021276 0.23 1.4182943320882075
0.20143990808509324 1.1914893617021276 0.24 1.419487113468041
0.20974117889385593 1.1914893617021276 0.25 1.4207334572667984
0.21803107681145245 1.1914893617021276 0.26 1.4220337260160907
0.22630912651894827 1.1914893617021276 0.27 1.42338829952309
0.23457485020531615 1.1914893617021276 0.28 1.4247975752083106
0.24282776745491697 1.1914893617021276 0.29 1.4262619684241864
0.25106739512955295 1.1914893617021276 0.3 1.4277819128312015
0.25929324725133 1.1914893617021276 0.31 1.4293578607535
0.2675048348806823 1.1914893617021276 0.32 1.4309902835818675
0.27570166599252877 1.1914893617021276 0.33 1.4326796721868258
0.2838832453500358 1.1914893617021276 0.34 1.4344265373484666
0.2920490743750418 1.1914893617021276 0.35 1.4362314102124123
0.30019865101454707 1.1914893617021276 0.36 1.4380948427761941
0.30833146960669183 1.1914893617021276 0.37 1.4400174083720894
0.316447020740377 1.1914893617021276 0.38 1.4419997022037525
0.32454479111151036 1.1914893617021276 0.39 1.444042341904654
0.3326242633782294 1.1914893617021276 0.4 1.44614596809799
0.3406849160091746 1.1914893617021276 0.41 1.4483112450118987
0.34872622312914014 1.1914893617021276 0.42 1.4505388611093029
0.3567476543595869 1.1914893617021276 0.43 1.4528295297546026
0.3647486746552499 1.1914893617021276 0.44 1.4551839899060162
0.3727287441347406 1.1914893617021276 0.45 1.4576030068505121
0.38068731790837235 1.1914893617021276 0.46 1.460087372954935
0.3886238458973144 1.1914893617021276 0.47 1.462637908479883
0.396537772648925 1.1914893617021276 0.48 1.4652554624168308
0.4044285371487917 1.1914893617021276 0.49 1.4679409133463692
0.41229557261851196 1.1914893617021276 0.5 1.4706951703979203
0.4201383063167288 1.1914893617021276 0.51 1.4735191741809166
0.42795615932590747 1.1914893617021276 0.52 1.476413897816679
0.4357485463342352 1.1914893617021276 0.53 1.4793803480011403
0.4435148754107602 1.1914893617021276 0.54 1.482419566113076
0.451254547771641 1.1914893617021276 0.55 1.4855326293826268
0.4589669575342259 1.1914893617021276 0.56 1.4887206521409413
0.46665149146788704 1.1914893617021276 0.57 1.4919847870917313
0.4743075287303748 1.1914893617021276 0.58 1.4953262266797582
0.481934440596946 1.1914893617021276 0.59 1.4987462045083544
0.48953159017504155 1.1914893617021276 0.6 1.5022459968525876
0.49709833211078214 1.1914893617021276 0.61 1.5058269242285096
0.5046340122799067 1.1914893617021276 0.62 1.5094903530651034
0.5121379674688633 1.1914893617021276 0.63 1.5132376974440913
0.5196095250383546 1.1914893617021276 0.64 1.5170704209549957
0.527048002572964 1.1914893617021276 0.65 1.5209900386436024
0.5344527075175023 1.1914893617021276 0.66 1.524998119051696
0.5418229367898765 1.1914893617021276 0.67 1.5290962864079098
0.5491579763824606 1.1914893617021276 0.68 1.5332862229012478
0.5564571009378462 1.1914893617021276 0.69 1.5375696711196378
0.5637195733074792 1.1914893617021276 0.7 1.5419484366060763
0.5709446440837163 1.1914893617021276 0.71 1.5464243905870234
0.5781315511087121 1.1914893617021276 0.72 1.5509994728552403
0.5852795189556795 1.1914893617021276 0.73 1.5556756948334978
0.5923877583814791 1.1914893617021276 0.74 1.5604551428267495
0.5994554657441717 1.1914893617021276 0.75 1.5653399814987419
0.6064818223878524 1.1914893617021276 0.76 1.570332457562926
0.6134659939872872 1.1914893617021276 0.77 1.5754349037299002
0.6204071298489544 1.1914893617021276 0.78 1.5806497429315898
0.6273043621634405 1.1914893617021276 0.79 1.585979492851117
0.6341568052038268 1.1914893617021276 0.8 1.5914267707889824
0.6409635544639509 1.1914893617021276 0.81 1.5969942989001384
0.6477236857233498 1.1914893617021276 0.82 1.6026849098718638
0.6544362540343086 1.1914893617021276 0.83 1.6085015530686393
0.661100292612707 1.1914893617021276 0.84 1.614447301238847
0.6677148116166419 1.1914893617021276 0.85 1.6205253578653616
0.6742787967922449 1.1914893617021276 0.86 1.626739065263891
0.6807912079525673 1.1914893617021276 0.87 1.6330919135973785
0.6872509772501046 1.1914893617021276 0.88 1.6395875509976663
0.6936570071850912 1.1914893617021276 0.89 1.6462297950711446
0.7000081682656839 1.1914893617021276 0.9 1.653022646184269
0.7063032961901053 1.1914893617021276 0.91 1.6599703031353805
0.7125411883639686 1.1914893617021276 0.92 1.6670771820751868
0.7187205994304843 1.1914893617021276 0.93 1.6743479401560628
0.7248402352840964 1.1914893617021276 0.94 1.6817875063255168
0.7308987446114481 1.1914893617021276 0.95 1.689401123609674
0.7368947063198396 1.1914893617021276 0.96 1.6971944103064556
0.7428265849188492 1.1914893617021276 0.97 1.7051735681077753
0.7486924210448658 1.1914893617021276 0.98 1.7133467998417566
0.7544906336640164 1.1914893617021276 0.99 1.7217206314676339
0.0 1.2056737588652482 0.0 1.4016892938847063
0.008446374309019487 1.2056737588652482 0.01 1.4017138116253427
0.01689230538174767 1.2056737588652482 0.02 1.4017873715768465
0.02533734989539043 1.2056737588652482 0.03 1.4019099939367612
0.03378106435403125 1.2056737588652482 0.04 1.4020817123885319
0.042223005001942863 1.2056737588652482 0.05 1.4023025741227337
0.050662727736728856 1.2056737588652482 0.06 1.4025726398718406
0.05909978802202118 1.2056737588652482 0.07 1.4028919839653062
0.06753374080011006 1.2056737588652482 0.08 1.4032606943780157
0.07596414040387617 1.2056737588652482 0.09 1.4036788728063196
0.08439054046866581 1.2056737588652482 0.1 1.4041466347363265
0.09281249384317457 1.2056737588652482 0.11 1.4046641095424994
0.10122955250007896 1.2056737588652482 0.12 1.4052314405829232
0.1096412674454636 1.2056737588652482 0.13 1.4058487853216954
0.11804718862865887 1.2056737588652482 0.14 1.4065163154304818
0.12644686484949477 1.2056737588652482 0.15 1.40723421694934
0.13483984366664625 1.2056737588652482 0.16 1.4080026904080096
0.14322567130313402 1.2056737588652482 0.17 1.408821951004729
0.15160389255211582 1.2056737588652482 0.18 1.4096922287655762
0.1599740506813356 1.2056737588652482 0.19 1.410613768723519
0.16833568733518492 1.2056737588652482 0.2 1.4115868311311381
0.17668834243718345 1.2056737588652482 0.21 1.4126116916542961
0.1850315540899861 1.2056737588652482 0.22 1.4136886416000136
0.19336485847419368 1.2056737588652482 0.23 1.414817988152747
0.20168778974550627 1.2056737588652482 0.24 1.416000054626199
0.209999879930244 1.2056737588652482 0.25 1.4172351807291192
0.21830065881978716 1.2056737588652482 0.26 1.418523722837271
0.22658965386140337 1.2056737588652482 0.27 1.4198660543047605
0.23486639004903 1.2056737588652482 0.28 1.4212625657650348
0.24313038981082055 1.2056737588652482 0.29 1.4227136654643344
0.251381172895274 1.2056737588652482 0.3 1.4242197796027336
0.25961825625346147 1.2056737588652482 0.31 1.42578135271147
0.2678411539210989 1.2056737588652482 0.32 1.427398848022139
0.27604937689629333 1.2056737588652482 0.33 1.4290727478756893
0.2842424330167259 1.2056737588652482 0.34 1.4308035541287158
0.29241982682810863 1.2056737588652482 0.35 1.4325917886407218
0.30058105945875857 1.2056737588652482 0.36 1.434437993689145
0.3087256284838611 1.2056737588652482 0.37 1.4363427324811198
0.3168530277889624 1.2056737588652482 0.38 1.4383065896620502
0.3249627474303047 1.2056737588652482 0.39 1.4403301718461372
0.3330542734898287 1.2056737588652482 0.4 1.4424141081876485
0.34112708792846885 1.2056737588652482 0.41 1.444559050959394
0.34918066843393314 1.2056737588652482 0.42 1.446765676172542
0.3572144882646577 1.2056737588652482 0.43 1.4490346842216548
0.36522801608864297 1.2056737588652482 0.44 1.4513668005654545
0.3732207158192185 1.2056737588652482 0.45 1.4537627764263117
0.38119204644351745 1.2056737588652482 0.46 1.4562233895422017
0.38914146184845383 1.2056737588652482 0.47 1.458749444932408
0.3970684106370267 1.2056737588652482 0.48 1.461341775732323
0.40497233594461096 1.2056737588652482 0.49 1.4640012440232792
0.4128526752442122 1.2056737588652482 0.5 1.4667287417409152
0.42070886014637826 1.2056737588652482 0.51 1.4695251916176688
0.42854031619435473 1.2056737588652482 0.52 1.472391548156325
0.4363464626499915 1.2056737588652482 0.53 1.475328798666567
0.4441267122715726 1.2056737588652482 0.54 1.4783379643550218
0.45188047108711493 1.2056737588652482 0.55 1.4814201014452786
0.45960713815391413 1.2056737588652482 0.56 1.4845763023899918
0.46730610531454403 1.2056737588652482 0.57 1.4878076971065488
0.4749767569383995 1.2056737588652482 0.58 1.491115454308609
0.48261846965742244 1.2056737588652482 0.59 1.4945007828770878
0.4902306120875889 1.2056737588652482 0.6 1.497964933324971
0.4978125445415657 1.2056737588652482 0.61 1.5015091993216443
0.5053636187279332 1.2056737588652482 0.62 1.505134919306053
0.5128831774381643 1.2056737588652482 0.63 1.5088434781814961
0.5203705542181661 1.2056737588652482 0.64 1.5126363091115822
0.5278250730291146 1.2056737588652482 0.65 1.51651489539008
0.535246047887139 1.2056737588652482 0.66 1.5204807724467053
0.5426327824913983 1.2056737588652482 0.67 1.5245355299336456
0.5499845698303268 1.2056737588652482 0.68 1.5286808139530748
0.5573006917708152 1.2056737588652482 0.69 1.5329183293989728
0.5645804186249326 1.2056737588652482 0.7 1.5372498424449612
0.5718230086951067 1.2056737588652482 0.71 1.5416771831740939
0.5790277077951141 1.2056737588652482 0.72 1.5462022483668096
0.5861937487425175 1.2056737588652482 0.73 1.5508270044720522
0.5933203508247654 1.2056737588652482 0.74 1.5555534907512987
0.6004067192315112 1.2056737588652482 0.75 1.5603838226373035
0.60745204445396 1.2056737588652482 0.76 1.5653201953051377
0.6144555016431646 1.2056737588652482 0.77 1.5703648875000666
0.6214162499293284 1.2056737588652482 0.78 1.575520265613934
0.6283334316890135 1.2056737588652482 0.79 1.5807887880801468
0.6352061717612308 1.2056737588652482 0.8 1.5861730100845044
0.6420335766033732 1.2056737588652482 0.81 1.591675588640935
0.6488147333757649 1.2056737588652482 0.82 1.5972992880913064
0.6555487089456886 1.2056737588652482 0.83 1.6030469860774443
0.6622345487959955 1.2056737588652482 0.84 1.6089216800616952
0.6688712758235771 1.2056737588652482 0.85 1.614926494470788
0.6754578890001984 1.2056737588652482 0.86 1.6210646885990416
0.6819933618662188 1.2056737588652482 0.87 1.6273396654142076
0.6884766408155023 1.2056737588652482 0.88 1.6337549814658323
0.6949066431080498 1.2056737588652482 0.89 1.6403143581962534
0.7012822545288051 1.2056737588652482 0.9 1.6470216950343792
0.7076023265545099 1.2056737588652482 0.91 1.6538810849114158
0.7138656728371852 1.2056737588652482 0.92 1.66089683307408
0.7200710646714058 1.2056737588652482 0.93 1.6680734807115398
0.7262172248997669 1.2056737588652482 0.94 1.675415835866143
0.7323028192727292 1.2056737588652482 0.95 1.6829290160676735
0.7383264435676309 1.2056737588652482 0.96 1.6906185103084908
0.7442865787778173 1.2056737588652482 0.97 1.6984903864867973
0.7501812829412648 1.2056737588652482 0.98 1.706552694362509
0.7560089856878491 1.2056737588652482 0.99 1.714811843541711
0.0 1.2198581560283688 0.0 1.3983751478165771
0.008456377800205101 1.2198581560283688 0.01 1.3983994521221605
0.016912314659830494 1.2198581560283688 0.02 1.3984723716622325
0.025367369553003033 1.2198581560283688 0.03 1.3985939263093399
0.03382110128325568 1.2198581560283688 0.04 1.3987641491968983
0.04227306839798852 1.2198581560283688 0.05 1.3989830867524298
0.05072282910286289 1.2198581560283688 0.06 1.3992507987260234
0.05916994117586275 1.2198581560283688 0.07 1.3995673582385166
0.0676139618809589 1.2198581560283688 0.08 1.399932851841102
0.07605444788165114 1.2198581560283688 0.09 1.4003473795730295
0.08449095515377834 1.2198581560283688 0.1 1.4008110550440769
0.09292303889785715 1.2198581560283688 0.11 1.4013240055229597
0.10135025345090556 1.2198581560283688 0.12 1.4018863720338381
0.10977215219759323 1.2198581560283688 0.13 1.4024983094647683
0.11818828748071676 1.2198581560283688 0.14 1.403159986686098
0.12659821051056033 1.2198581560283688 0.15 1.4038715866876796
0.13500147127385048 1.2198581560283688 0.16 1.4046333067155536
0.14339761844162127 1.2198581560283688 0.17 1.4054453584251512
0.1517861992755411 1.2198581560283688 0.18 1.4063079680562984
0.16016675953395393 1.2198581560283688 0.19 1.4072213766033286
0.16853884337584202 1.2198581560283688 0.2 1.408185840015088
0.17690199326495776 1.2198581560283688 0.21 1.4092016293823386
0.1852557498705404 1.2198581560283688 0.22 1.410269031174083
0.19359965196828002 1.2198581560283688 0.23 1.41138834745784
0.20193323633906693 1.2198581560283688 0.24 1.41255989614587
0.21025603766615608 1.2198581560283688 0.25 1.4137840112547417
0.21856758843083557 1.2198581560283688 0.26 1.4150610431765247
0.22686741880598463 1.2198581560283688 0.27 1.4163913589692951
0.2351550565479587 1.2198581560283688 0.28 1.417775342659936
0.24343002688594478 1.2198581560283688 0.29 1.419213395569292
0.2516918524095695 1.2198581560283688 0.3 1.420705936648798
0.2599400529549711 1.2198581560283688 0.31 1.422253402826748
0.2681741454865399 1.2198581560283688 0.32 1.4238562493948683
0.2763936439782082 1.2198581560283688 0.33 1.4255149503900564
0.2845980592912925 1.2198581560283688 0.34 1.4272299990053459
0.2927868990477742 1.2198581560283688 0.35 1.4290019080385483
0.30095966750502645 1.2198581560283688 0.36 1.4308312103177272
0.30911586542276553 1.2198581560283688 0.37 1.4327184591962783
0.3172549899291514 1.2198581560283688 0.38 1.4346642290462694
0.3253765343840497 1.2198581560283688 0.39 1.4366691157712472
0.3334799882362791 1.2198581560283688 0.4 1.4387337373661189
0.3415648368796747 1.2198581560283688 0.41 1.4408587344794461
0.3496305615040136 1.2198581560283688 0.42 1.4430447710139658
0.3576766389411414 1.2198581560283688 0.43 1.4452925347605545
0.365702541507883 1.2198581560283688 0.44 1.4476027380520158
0.3737077368451705 1.2198581560283688 0.45 1.449976118442141
0.3816916877475816 1.2198581560283688 0.46 1.4524134394547026
0.3896538519952347 1.2198581560283688 0.47 1.4549154913079556
0.39759368217358665 1.2198581560283688 0.48 1.4574830917279513
0.40551062549168887 1.2198581560283688 0.49 1.460117086767753
0.41340412359238915 1.2198581560283688 0.5 1.4628183516823767
0.42127361235735505 1.2198581560283688 0.51 1.465587791837373
0.4291185217048578 1.2198581560283688 0.52 1.468426343665994
0.4369382753802715 1.2198581560283688 0.53 1.4713349756746397
0.44473229074080556 1.2198581560283688 0.54 1.4743146894862986
0.452499978530028 1.2198581560283688 0.55 1.4773665209521591
0.46024074264595555 1.2198581560283688 0.56 1.4804915413054287
0.46795397990062754 1.2198581560283688 0.57 1.4836908583719546
0.4756390797676724 1.2198581560283688 0.58 1.486965617859714
0.4832954241230779 1.2198581560283688 0.59 1.4903170046935452
0.4909223869750768 1.2198581560283688 0.6 1.4937462444221445
0.4985193341808926 1.2198581560283688 0.61 1.4972546047108817
0.5060856231545363 1.2198581560283688 0.62 1.5008433968948485
0.5136206025589113 1.2198581560283688 0.63 1.5045139776336716
0.5211236119884546 1.2198581560283688 0.64 1.5082677506309803
0.5285939816331693 1.2198581560283688 0.65 1.5121061684734547
0.5360310319308184 1.2198581560283688 0.66 1.516030734549857
0.5434340732011148 1.2198581560283688 0.67 1.5200430050870024
0.5508024052627257 1.2198581560283688 0.68 1.5241445912983829
0.5581353170305586 1.2198581560283688 0.69 1.5283371616605874
0.5654320860948613 1.2198581560283688 0.7 1.5326224443101313
0.5726919782750983 1.2198581560283688 0.71 1.5370022296007029
0.5799142471527086 1.2198581560283688 0.72 1.541478372799307
0.5870981335765679 1.2198581560283688 0.73 1.5460527969565574
0.5942428651402464 1.2198581560283688 0.74 1.5507274959572246
0.6013476556278629 1.2198581560283688 0.75 1.5555045377696697
0.6084117044263412 1.2198581560283688 0.76 1.5603860679075097
0.6154341959002663 1.2198581560283688 0.77 1.5653743131254505
0.6224142987211411 1.2198581560283688 0.78 1.570471585393336
0.6293511651571341 1.2198581560283688 0.79 1.5756802861196835
0.6362439302994911 1.2198581560283688 0.8 1.58100291074816
0.6430917112369007 1.2198581560283688 0.81 1.586442053671622
0.6498936061566933 1.2198581560283688 0.82 1.5920004135725967
0.6566486933646729 1.2198581560283688 0.83 1.5976807992323936
0.6633560302126853 1.2198581560283688 0.84 1.60348613586454
0.6700146519093944 1.2198581560283688 0.85 1.6094194720939934
0.6766235701986321 1.2198581560283688 0.86 1.6154839876585487
0.6831817718643142 1.2198581560283688 0.87 1.6216830020299629
0.6896882170227472 1.2198581560283688 0.88 1.6280199841395029
0.6961418371415057 1.2198581560283688 0.89 1.6344985634923317
0.7025415326902322 1.2198581560283688 0.9 1.641122543108722
0.7088861702931885 1.2198581560283688 0.91 1.6478959148872254
0.7151745791749244 1.2198581560283688 0.92 1.6548228783378476
0.7214055465650722 1.2198581560283688 0.93 1.6619078641933225
0.727577811495691 1.2198581560283688 0.94 1.6691555654455645
0.7336900559879473 1.2198581560283688 0.95 1.6765709803019444
0.739740891878775 1.2198581560283688 0.96 1.684159474869744
0.7457288158923926 1.2198581560283688 0.97 1.6919269896118658
0.7516519034920113 1.2198581560283688 0.98 1.699881424528076
0.7575085939418319 1.2198581560283688 0.99 1.708029080616436
0.0 1.2340425531914894 0.0 1.3951047826811949
0.008466284062611167 1.2340425531914894 0.01 1.3951288773848964
0.01693212944946117 1.2340425531914894 0.02 1.39520116801461
0.025397097400716287 1.2340425531914894 0.03 1.3953216741221495
0.03386074898832155 1.2340425531914894 0.04 1.3954904283128882
0.042322645031826846 1.2340425531914894 0.05 1.3957074762626809
0.050782346013753046 1.2340425531914894 0.06 1.395972876767348
0.05923941199518009 1.2340425531914894 0.07 1.3962867017670246
0.06769340253028841 1.2340425531914894 0.08 1.3966490364258188
0.07614387658153346 1.2340425531914894 0.09 1.3970599791677345
0.08459039243338007 1.2340425531914894 0.1 1.3975196417729099
0.09303250760602062 1.2340425531914894 0.11 1.398028149457728
0.101469778768596 1.2340425531914894 0.12 1.3985856409657573
0.10990176165135818 1.2340425531914894 0.13 1.3991922686820275
0.11832801095770742 1.2340425531914894 0.14 1.3998481987407825
0.12674808027497259 1.2340425531914894 0.15 1.4005536111583856
0.1351615219842896 1.2340425531914894 0.16 1.401308699976561
0.1435678871700971 1.2340425531914894 0.17 1.402113673404992
0.15196672552799811 1.2340425531914894 0.18 1.4029687539898585
0.16035758527171723 1.2340425531914894 0.19 1.4038741787892581
0.16874001303960626 1.2340425531914894 0.2 1.4048301995486836
0.1771135537984719 1.2340425531914894 0.21 1.4058370829148827
0.18547775074740971 1.2340425531914894 0.22 1.4068951106383643
0.19383214521974718 1.2340425531914894 0.23 1.408004579798431
0.2021762765834131 1.2340425531914894 0.24 1.4091658030427787
0.21050968213929325 1.2340425531914894 0.25 1.410379108846456
0.21883189701933958 1.2340425531914894 0.26 1.4116448417651877
0.22714245408118844 1.2340425531914894 0.27 1.4129633627276876
0.23544088380147943 1.2340425531914894 0.28 1.4143350493340474
0.24372671416879815 1.2340425531914894 0.29 1.4157602961509426
0.25199947057082944 1.2340425531914894 0.3 1.4172395150681056
0.26025867568353717 1.2340425531914894 0.31 1.4187731356204871
0.26850384935508553 1.2340425531914894 0.32 1.420361605363282
0.27673450848838316 1.2340425531914894 0.33 1.4220053902521623
0.2849501669209216 1.2340425531914894 0.34 1.4237049750439859
0.29315033530257717 1.2340425531914894 0.35 1.4254608637105968
0.3013345209682839 1.2340425531914894 0.36 1.4272735798956817
0.3095022278110997 1.2340425531914894 0.37 1.4291436673591666
0.3176529561489153 1.2340425531914894 0.38 1.4310716904752812
0.3257862025901767 1.2340425531914894 0.39 1.4330582347313094
0.3339014598945307 1.2340425531914894 0.4 1.4351039072653835
0.34199821683111215 1.2340425531914894 0.41 1.4372093374176806
0.3500759580313473 1.2340425531914894 0.42 1.43937517732213
0.3581341638401974 1.2340425531914894 0.43 1.4416021025045456
0.36617231015881907 1.2340425531914894 0.44 1.4438908125452665
0.3741898682891819 1.2340425531914894 0.45 1.4462420317194777
0.38218630476737636 1.2340425531914894 0.46 1.4486565097226625
0.390161081196265 1.2340425531914894 0.47 1.4511350223945223
0.3981136540706915 1.2340425531914894 0.48 1.4536783724951778
0.40604347459879236 1.2340425531914894 0.49 1.4562873905058014
0.41394998851619635 1.2340425531914894 0.5 1.4589629354776383
0.42183263589450976 1.2340425531914894 0.51 1.4617058959183766
0.42969085094346904 1.2340425531914894 0.52 1.4645171907203323
0.4375240618067041 1.2340425531914894 0.53 1.4673977701308338
0.4453316903492639 1.2340425531914894 0.54 1.4703486167772575
0.45311315193799345 1.2340425531914894 0.55 1.4733707467388437
0.4608678552149124 1.2340425531914894 0.56 1.4764652106647163
0.46859520185928283 1.2340425531914894 0.57 1.479633094966096
0.47629458634501837 1.2340425531914894 0.58 1.4828755230396036
0.48396539568381736 1.2340425531914894 0.59 1.486193656583648
0.4916070091615448 1.2340425531914894 0.6 1.4895886969596372
0.4992187980613727 1.2340425531914894 0.61 1.493061886639188
0.5068001253792159 1.2340425531914894 0.62 1.4966145107035997
0.5143503455211129 1.2340425531914894 0.63 1.5002478984584258
0.5218688039932061 1.2340425531914894 0.64 1.5039634250992393
0.5293548370753127 1.2340425531914894 0.65 1.5077625134833685
0.5368077714783 1.2340425531914894 0.66 1.5116466360058325
0.5442269239880138 1.2340425531914894 0.67 1.5156173165644051
0.5516116010922061 1.2340425531914894 0.68 1.5196761326354211
0.5589610985839156 1.2340425531914894 0.69 1.523824717497021
0.5662747011531215 1.2340425531914894 0.7 1.5280647625351471
0.5735516819494985 1.2340425531914894 0.71 1.5323980197285123
0.5807913021265441 1.2340425531914894 0.72 1.536826304256765
0.5879928103570294 1.2340425531914894 0.73 1.5413514972877855
0.5951554423234962 1.2340425531914894 0.74 1.545975548925337
0.6022784201745104 1.2340425531914894 0.75 1.5507004813676522
0.6093609519524684 1.2340425531914894 0.76 1.5555283922481733
0.6164022309777973 1.2340425531914894 0.77 1.5604614582388998
0.6234014351975918 1.2340425531914894 0.78 1.565501938876348
0.6303577264833958 1.2340425531914894 0.79 1.5706521806904812
0.6372702498778776 1.2340425531914894 0.8 1.5759146216391837
0.6441381327810086 1.2340425531914894 0.81 1.5812917958974904
0.6509604840673616 1.2340425531914894 0.82 1.5867863390450094
0.6577363931219768 1.2340425531914894 0.83 1.5924009937150603
0.6644649287807228 1.2340425531914894 0.84 1.5981386157755544
0.6711451381587434 1.2340425531914894 0.85 1.6040021811221956
0.6777760453368475 1.2340425531914894 0.86 1.6099947932292638
0.6843566498802939 1.2340425531914894 0.87 1.6161196915786824
0.6908859251353688 1.2340425531914894 0.88 1.6223802612238796
0.6973628162513662 1.2340425531914894 0.89 1.628780043729234
0.7037862378220723 1.2340425531914894 0.9 1.635322749971858
0.7101550710222597 1.2340425531914894 0.91 1.642012275368194
0.7164681600134931 1.2340425531914894 0.92 1.6488527185445783
0.7227243072869398 1.2340425531914894 0.93 1.6558484049387927
0.7289222673576532 1.2340425531914894 0.94 1.6630039179471654
0.7350607377819498 1.2340425531914894 0.95 1.6703241421930657
0.7411383457117842 1.2340425531914894 0.96 1.677814326835188
0.747153602920207 1.2340425531914894 0.97 1.6854802907466928
0.7531046023441664 1.2340425531914894 0.98 1.6933297872111424
0.7589897919820568 1.2340425531914894 0.99 1.701369015551228
0.0 1.24822695035461 0.0 1.3918774369482965
0.00847609422152042 1.24822695035461 0.01 1.3919013257917663
0.01695175200176321 1.24822695035461 0.02 1.39197299873897
0.025426536816583193 1.24822695035461 0.03 1.3920924750276484
0.0339000119759588 1.24822695035461 0.04 1.3922597867462103
0.042371740540988315 1.24822695035461 0.05 1.3924749788463515
0.05084128524064796 1.24822695035461 0.06 1.3927381091797568
0.05930820838807325 1.24822695035461 0.07 1.393049248552829
0.06777207179712912 1.24822695035461 0.08 1.3934084807582392
0.07623243669786033 1.24822695035461 0.09 1.39381590265818
0.08468886365231375 1.24822695035461 0.1 1.3942716242389999
0.09314091246864839 1.24822695035461 0.11 1.3947757687223148
0.10158814211627715 1.24822695035461 0.12 1.3953284726286233
0.11003011063920587 1.24822695035461 0.13 1.3959298858947236
0.1184663750689227 1.24822695035461 0.14 1.396580171990003
0.1268964913367394 1.24822695035461 0.15 1.3972795080378617
0.1353200141852384 1.24822695035461 0.16 1.3980280849505824
0.1437364970785468 1.24822695035461 0.17 1.3988261075808583
0.15214549211205886 1.24822695035461 0.18 1.3996737948753102
0.16054654992079606 1.24822695035461 0.19 1.4005713800464892
0.16893921958670152 1.24822695035461 0.2 1.401519110755066
0.17732304854447684 1.24822695035461 0.21 1.4025172493080098
0.18569758248683507 1.24822695035461 0.22 1.403566072857453
0.19406236526775758 1.24822695035461 0.23 1.4046658736233286
0.20241693880467498 1.24822695035461 0.24 1.4058169591230398
0.2107608429778901 1.24822695035461 0.25 1.4070196524314975
0.21909361553101192 1.24822695035461 0.26 1.408274292417923
0.22741479196608597 1.24822695035461 0.27 1.4095812340463132
0.23572390544088428 1.24822695035461 0.28 1.4109408486375903
0.24402048665995885 1.24822695035461 0.29 1.4123535242023537
0.2523040637678515 1.24822695035461 0.3 1.413819665737106
0.2605741622364048 1.24822695035461 0.31 1.415339695582192
0.2688303047534587 1.24822695035461 0.32 1.41691405375458
0.27707201110472857 1.24822695035461 0.33 1.41854319834746
0.2852987980583727 1.24822695035461 0.34 1.4202276058918077
0.29351017924257006 1.24822695035461 0.35 1.4219677717838568
0.3017056650215486 1.24822695035461 0.36 1.423764210717994
0.30988476237050827 1.24822695035461 0.37 1.425617457123109
0.31804697474584215 1.24822695035461 0.38 1.4275280656371236
0.3261918019510045 1.24822695035461 0.39 1.4294966116134122
0.3343187400016077 1.24822695035461 0.4 1.4315236916264644
0.3424272809839312 1.24822695035461 0.41 1.4336099240289093
0.35051691291476994 1.24822695035461 0.42 1.4357559494904226
0.3585871195898672 1.24822695035461 0.43 1.437962431626931
0.3666373804349236 1.24822695035461 0.44 1.4402300576006342
0.37466717034815245 1.24822695035461 0.45 1.442559538783513
0.3826759595402924 1.24822695035461 0.46 1.444951611434688
0.39066321336867815 1.24822695035461 0.47 1.447407037418767
0.39862839216733975 1.24822695035461 0.48 1.4499266049494757
0.40657095107004326 1.24822695035461 0.49 1.452511129381445
0.41449033982917394 1.24822695035461 0.5 1.4551614540280622
0.42238600262827597 1.24822695035461 0.51 1.4578784510216303
0.4302573778873889 1.24822695035461 0.52 1.4606630222212065
0.4381038980636883 1.24822695035461 0.53 1.463516100150522
0.4459249894424841 1.24822695035461 0.54 1.4664386489999652
0.4537200719237203 1.24822695035461 0.55 1.4694316656573112
0.4614885587975958 1.24822695035461 0.56 1.472496180810024
0.4692298565146768 1.24822695035461 0.57 1.4756332600833117
0.4769433644454999 1.24822695035461 0.58 1.4788440052469143
0.4846284746309548 1.24822695035461 0.59 1.482129555481765
0.49228457152461813 1.24822695035461 0.6 1.4854910886997705
0.49991103172104895 1.24822695035461 0.61 1.4889298229536778
0.5075072236759677 1.24822695035461 0.62 1.4924470179005973
0.5150725074145638 1.24822695035461 0.63 1.4960439763430595
0.5226062342234311 1.24822695035461 0.64 1.4997220458738758
0.5301077463347122 1.24822695035461 0.65 1.503482620574901
0.5375763765891541 1.24822695035461 0.66 1.5073271428476525
0.545011448089938 1.24822695035461 0.67 1.511257105307709
0.5524122738353447 1.24822695035461 0.68 1.5152740528120179
0.5597781563328658 1.24822695035461 0.69 1.5193795846039475
0.5671083871998271 1.24822695035461 0.7 1.523575356549726
0.5744022467360074 1.24822695035461 0.71 1.527863083546968
0.581659003475739 1.24822695035461 0.72 1.5322445420644093
0.5888779137162184 1.24822695035461 0.73 1.536721572832258
0.5960582210179223 1.24822695035461 0.74 1.5412960837062764
0.6031991556738104 1.24822695035461 0.75 1.5459700527240046
0.6102999341467157 1.24822695035461 0.76 1.5507455313575622
0.6173597584688908 1.24822695035461 0.77 1.5556246479956908
0.6243778156006015 1.24822695035461 0.78 1.5606096116722752
0.6313532767440242 1.24822695035461 0.79 1.565702716062044
0.6382852966016094 1.24822695035461 0.8 1.5709063437993724
0.6451730125776276 1.24822695035461 0.81 1.5762229711278377
0.652015543907885 1.24822695035461 0.82 1.5816551729563442
0.6588119907102363 1.24822695035461 0.83 1.5872056283587772
0.6655614329391786 1.24822695035461 0.84 1.5928771265994472
0.6722629292248232 1.24822695035461 0.85 1.5986725737794025
0.6789155155713121 1.24822695035461 0.86 1.6045950002220435
0.6855182038830487 1.24822695035461 0.87 1.6106475687462807
0.6920699802685841 1.24822695035461 0.88 1.6168335840599857
0.6985698030574585 1.24822695035461 0.89 1.6231565035695732
0.7050166004381814 1.24822695035461 0.9 1.6296199500216904
0.7114092675697843 1.24822695035461 0.91 1.6362277266418936
0.7177466629534481 1.24822695035461 0.92 1.6429838357235187
0.7240276037109715 1.24822695035461 0.93 1.6498925022383533
0.7302508591790258 1.24822695035461 0.94 1.6569582050883185
0.736415141768018 1.24822695035461 0.95 1.6641857206445292
0.7425190932592144 1.24822695035461 0.96 1.6715801866179223
0.7485612398625778 1.24822695035461 0.97 1.6791473056458786
0.7545396920528793 1.24822695035461 0.98 1.686894687129467
0.760452905781876 1.24822695035461 0.99 1.6948284349073315
0.0 1.2624113475177305 0.0 1.3886923657981847
0.008485809387255626 1.2624113475177305 0.01 1.3887160524360709
0.016971184537944984 1.2624113475177305 0.02 1.3887871186605374
0.025455691133738214 1.2624113475177305 0.03 1.388905583413376
0.03393889469285325 1.2624113475177305 0.04 1.3890714782680769
0.042420360488010046 1.2624113475177305 0.05 1.3892848474715427
0.050899653464413906 1.2624113475177305 0.06 1.389545747965633
0.059376338157419474 1.2624113475177305 0.07 1.389854249431679
0.06784997860994192 1.2624113475177305 0.08 1.390210434341022
0.07632013828928648 1.2624113475177305 0.09 1.3906143980241605
0.08478638000405382 1.2624113475177305 0.1 1.391066248728728
0.09324826581980541 1.2624113475177305 0.11 1.3915661077170738
0.1017053569748784 1.2624113475177305 0.12 1.3921141093465044
0.1101572137952133 1.2624113475177305 0.13 1.3927104011740743
0.11860339560889464 1.2624113475177305 0.14 1.3933551440609098
0.12704346065894329 1.2624113475177305 0.15 1.3940485123118078
0.1354769660168336 1.2624113475177305 0.16 1.394790693787212
0.14390346749333682 1.2624113475177305 0.17 1.3955818900679433
0.15232251955029294 1.2624113475177305 0.18 1.3964223165894307
0.1607336752097049 1.2624113475177305 0.19 1.3973122028222547
0.16913648596336114 1.2624113475177305 0.2 1.398251792432924
0.1775305016786481 1.2624113475177305 0.21 1.399241343502628
0.18591527050618561 1.2624113475177305 0.22 1.400281128703851
0.19429033878473834 1.2624113475177305 0.23 1.4013714355157707
0.20265525094367845 1.2624113475177305 0.24 1.4025125664663076
0.21100954940628763 1.2624113475177305 0.25 1.4037048393525517
0.2193527744885856 1.2624113475177305 0.26 1.4049485875159873
0.22768446429901046 1.2624113475177305 0.27 1.4062441600956668
0.23600415463540614 1.2624113475177305 0.28 1.407591922309669
0.24431137887924445 1.2624113475177305 0.29 1.4089922557617665
0.2526056678887132 1.2624113475177305 0.3 1.4104455587521758
0.26088654989008214 1.2624113475177305 0.31 1.411952246600601
0.2691535503660578 1.2624113475177305 0.32 1.413512751995306
0.27740619194235006 1.2624113475177305 0.33 1.4151275253532376
0.2856439942699595 1.2624113475177305 0.34 1.4167970352165875
0.2938664739093969 1.2624113475177305 0.35 1.41852176862179
0.30207314420637765 1.2624113475177305 0.36 1.4203022315472205
0.310263515169043 1.2624113475177305 0.37 1.4221389493364096
0.31843709333968345 1.2624113475177305 0.38 1.4240324671668185
0.32659338166593127 1.2624113475177305 0.39 1.4259833505162356
0.3347318793646369 1.2624113475177305 0.4 1.4279921856881652
0.34285208178569226 1.2624113475177305 0.41 1.4300595803295022
0.3509534802719352 1.2624113475177305 0.42 1.4321861639765054
0.3590355620128561 1.2624113475177305 0.43 1.4343725886463377
0.367097809896236 1.2624113475177305 0.44 1.4366195294386916
0.3751397023549999 1.2624113475177305 0.45 1.4389276851704271
0.38316071320988615 1.2624113475177305 0.46 1.4412977790377444
0.3911603115063128 1.2624113475177305 0.47 1.443730559317878
0.3991379613473425 1.2624113475177305 0.48 1.4462268000951997
0.40709312172171036 1.2624113475177305 0.49 1.448787302019933
0.41502524632470933 1.2624113475177305 0.5 1.451412893114924
0.4229337833750681 1.2624113475177305 0.51 1.454104429607308
0.43081817542360246 1.2624113475177305 0.52 1.4568627968150187
0.43867785915911406 1.2624113475177305 0.53 1.4596889100499157
0.4465122652022457 1.2624113475177305 0.54 1.4625837156011519
0.45432081789617 1.2624113475177305 0.55 1.465548191737611
0.46210293508896716 1.2624113475177305 0.56 1.468583349765076
0.46985802790580095 1.2624113475177305 0.57 1.4716902351494578
0.47758550051475307 1.2624113475177305 0.58 1.474869928680992
0.4852847498833727 1.2624113475177305 0.59 1.4781235476988843
0.49295516552386076 1.2624113475177305 0.6 1.4814522473889167
0.500596129230137 1.2624113475177305 0.61 1.4848572221340293
0.5082070148025966 1.2624113475177305 0.62 1.488339706943901
0.5157871877608885 1.2624113475177305 0.63 1.4919009789612265
0.5233360050468546 1.2624113475177305 0.64 1.495542359032712
0.5308528147107877 1.2624113475177305 0.65 1.4992652133851934
0.5383369555855919 1.2624113475177305 0.66 1.5030709553802106
0.5457877569448254 1.2624113475177305 0.67 1.5069610473708719
0.5532045381461365 1.2624113475177305 0.68 1.5109370026531066
0.5605866082523204 1.2624113475177305 0.69 1.5150003875548608
0.5679332656405027 1.2624113475177305 0.7 1.5191528236060654
0.5752437975847551 1.2624113475177305 0.71 1.5233959898710419
0.5825174798163291 1.2624113475177305 0.72 1.5277316254202309
0.5897535760647966 1.2624113475177305 0.73 1.5321615319254838
0.596951337563913 1.2624113475177305 0.74 1.5366875764654604
0.6041100025373746 1.2624113475177305 0.75 1.5413116944623007
0.6112287956435639 1.2624113475177305 0.76 1.546035892859971
0.618306927388103 1.2624113475177305 0.77 1.5508622534990257
0.6253435934954261 1.2624113475177305 0.78 1.5557929367345453
0.6323379742328749 1.2624113475177305 0.79 1.5608301853310025
0.6392892336829963 1.2624113475177305 0.8 1.565976328656583
0.6461965189582952 1.2624113475177305 0.81 1.5712337872068356
0.6530589593436545 1.2624113475177305 0.82 1.5766050775313132
0.6598756653580158 1.2624113475177305 0.83 1.582092817604285
0.6666457277221286 1.2624113475177305 0.84 1.5876997327036906
0.6733682162081074 1.2624113475177305 0.85 1.5934286619143792
0.6800421783471388 1.2624113475177305 0.86 1.5992825653662703
0.6866666379633011 1.2624113475177305 0.87 1.6052645323558916
0.6932405934789514 1.2624113475177305 0.88 1.6113777906021962
0.6997630159306307 1.2624113475177305 0.89 1.617625716912143
0.7062328465965586 1.2624113475177305 0.9 1.624011849701325
0.71264899408746 1.2624113475177305 0.91 1.6305399040315844
0.7190103306798491 1.2624113475177305 0.92 1.637213790144633
0.7253156875343968 1.2624113475177305 0.93 1.6440376370696428
0.7315638481921671 1.2624113475177305 0.94 1.6510158239779764
0.7377535392870062 1.2624113475177305 0.95 1.658153023945862
0.7438834166034787 1.2624113475177305 0.96 1.6654542683130038
0.7499520202333468 1.2624113475177305 0.97 1.6729251484199166
0.7559574782666094 1.2624113475177305 0.98 1.680573132429055
0.7618982539364323 1.2624113475177305 0.99 1.6884042342151826
0.0 1.2765957446808511 0.0 1.3855488406745202
0.008495430655421158 1.2765957446808511 0.01 1.3855723286741424
0.01699042924972608 1.2765957446808511 0.02 1.3856427988818
0.025484563641143546 1.2765957446808511 0.03 1.3857602699469844
0.03397740152678144 1.2765957446808511 0.04 1.385924772944184
0.042468510361487875 1.2765957446808511 0.05 1.3861363514380014
0.05095745727739567 1.2765957446808511 0.06 1.3863950614686091
0.05944380900225789 1.2765957446808511 0.07 1.3867009716319356
0.06792713177833894 1.2765957446808511 0.08 1.3870541631054658
0.07640699128011964 1.2765957446808511 0.09 1.3874547297303028
0.08488295253290705 1.2765957446808511 0.1 1.3879027780465005
0.09335457982886736 1.2765957446808511 0.11 1.3883984274191807
0.10182143664487397 1.2765957446808511 0.12 1.3889418100868873
0.11028308555806053 1.2765957446808511 0.13 1.3895330712811873
0.11873908816112778 1.2765957446808511 0.14 1.390172369337661
0.12718900497787025 1.2765957446808511 0.15 1.3908598757955069
0.13563239537616048 1.2765957446808511 0.16 1.3915957755505786
0.1440688174816607 1.2765957446808511 0.17 1.392380266980004
0.15249782808947523 1.2765957446808511 0.18 1.3932135621032435
0.160918982575844 1.2765957446808511 0.19 1.3940958867328859
0.16933183480723935 1.2765957446808511 0.2 1.3950274806650094
0.1777359370505815 1.2765957446808511 0.21 1.3960085978406143
0.18613083987952275 1.2765957446808511 0.22 1.3970395065656884
0.1945160920815233 1.2765957446808511 0.23 1.3981204897072474
0.2028912405628926 1.2765957446808511 0.24 1.399251844913885
0.21125583025158598 1.2765957446808511 0.25 1.4004338848595639
0.2196094039999474 1.2765957446808511 0.26 1.4016669374792454
0.22795150248402807 1.2765957446808511 0.27 1.4029513462425494
0.2362816641024421 1.2765957446808511 0.28 1.4042874704236556
0.2445994248736818 1.2765957446808511 0.29 1.4056756853833834
0.25290431832929267 1.2765957446808511 0.3 1.4071163828922566
0.2611958754079644 1.2765957446808511 0.31 1.4086099714338225
0.2694736243449332 1.2765957446808511 0.32 1.4101568765537111
0.2777370905607485 1.2765957446808511 0.33 1.4117575412066652
0.28598579654683215 1.2765957446808511 0.34 1.41341242613013
0.2942192617479257 1.2765957446808511 0.35 1.4151220102412028
0.3024370024455576 1.2765957446808511 0.36 1.4168867910167904
0.3106385316308241 1.2765957446808511 0.37 1.4187072849697024
0.31882335888407465 1.2765957446808511 0.38 1.4205840280503301
0.32699099024399303 1.2765957446808511 0.39 1.4225175761416553
0.3351409280777237 1.2765957446808511 0.4 1.4245085055363977
0.34327267094331826 1.2765957446808511 0.41 1.4265574134747292
0.351385713454958 1.2765957446808511 0.42 1.4286649186514286
0.3594795461372061 1.2765957446808511 0.43 1.430831661809662
0.3675536552815235 1.2765957446808511 0.44 1.4330583063089521
0.3756075227944435 1.2765957446808511 0.45 1.435345538755431
0.38364062604277527 1.2765957446808511 0.46 1.4376940696490526
0.3916524376948871 1.2765957446808511 0.47 1.4401046340560788
0.39964242555652496 1.2765957446808511 0.48 1.4425779923183895
0.40761005240085885 1.2765957446808511 0.49 1.4451149308009168
0.41555477579388816 1.2765957446808511 0.5 1.4477162626685502
0.4234760479147763 1.2765957446808511 0.51 1.4503828286959572
0.431373315368968 1.2765957446808511 0.52 1.4531154981250987
0.4392460189950826 1.2765957446808511 0.53 1.4559151695627166
0.4470935936665935 1.2765957446808511 0.54 1.458782771911247
0.45491546808433847 1.2765957446808511 0.55 1.4617192653595665
0.4627110645630543 1.2765957446808511 0.56 1.4647256424118251
0.47047979881033863 1.2765957446808511 0.57 1.467802928965409
0.4782210796957684 1.2765957446808511 0.58 1.4709521854522105
0.48593430901164514 1.2765957446808511 0.59 1.4741745080334716
0.49361888122505754 1.2765957446808511 0.6 1.4774710298505507
0.5012741832197783 1.2765957446808511 0.61 1.480842922340985
0.5088995940265585 1.2765957446808511 0.62 1.4842913966283902
0.5164944845424015 1.2765957446808511 0.63 1.487817704982646
0.5240582172395684 1.2765957446808511 0.64 1.491423142346676
0.5315901458577973 1.2765957446808511 0.65 1.495109047967799
0.5390896150862282 1.2765957446808511 0.66 1.4988768070962677
0.5465559602294771 1.2765957446808511 0.67 1.5027278527837828
0.5539885068551009 1.2765957446808511 0.68 1.5066636677971987
0.5613865704284733 1.2765957446808511 0.69 1.5106857866146999
0.5687494559239129 1.2765957446808511 0.7 1.5147957975666175
0.5760764574188832 1.2765957446808511 0.71 1.518995345083846
0.5833668576652801 1.2765957446808511 0.72 1.5232861320874063
0.5906199276353371 1.2765957446808511 0.73 1.5276699225326817
0.5978349260432675 1.2765957446808511 0.74 1.5321485441033575
0.6050110988340932 1.2765957446808511 0.75 1.5367238911004644
0.61214767864568 1.2765957446808511 0.76 1.5413979274964082
0.6192438842278264 1.2765957446808511 0.77 1.546172690237737
0.6262989198257932 1.2765957446808511 0.78 1.5510502927594567
0.6333119745185027 1.2765957446808511 0.79 1.5560329287617962
0.6402822215004095 1.2765957446808511 0.8 1.5611228763045792
0.6472088173071167 1.2765957446808511 0.81 1.5663225022190714
0.6540909009711351 1.2765957446808511 0.82 1.571634266904881
0.6609275930955502 1.2765957446808511 0.83 1.5770607295711507
0.6677179948300063 1.2765957446808511 0.84 1.5826045539964106
0.6744611867313983 1.2765957446808511 0.85 1.588268514889874
0.6811562274802305 1.2765957446808511 0.86 1.594055504989517
0.687802152418197 1.2765957446808511 0.87 1.5999685430546906
0.6943979718554967 1.2765957446808511 0.88 1.6060107829871253
0.7009426690860175 1.2765957446808511 0.89 1.6121855243571388
0.7074351979997339 1.2765957446808511 0.9 1.618496224830378
0.7138744801543723 1.2765957446808511 0.91 1.6249465151033202
0.7202594010726213 1.2765957446808511 0.92 1.6315402173779947
0.7265888053973257 1.2765957446808511 0.93 1.6382813689875622
0.7328614902997582 1.2765957446808511 0.94 1.6451742538157206
0.739076196052061 1.2765957446808511 0.95 1.6522234462614482
0.7452315918681617 1.2765957446808511 0.96 1.6594338759936456
0.7513262312226573 1.2765957446808511 0.97 1.6668110275971353
0.7573582599052056 1.2765957446808511 0.98 1.6743622304871373
0.7633261478593415 1.2765957446808511 0.99 1.6820934134801022
0.0 1.2907801418439715 0.0 1.3824461488531214
0.00850495910710727 1.2907801418439715 0.01 1.3824694416983727
0.01700948829984047 1.2907801418439715 0.02 1.3825393263398416
0.02551315758418112 1.2907801418439715 0.03 1.3826558211510238
0.034015536807269785 1.2907801418439715 0.04 1.3828189567196463
0.042516195577463375 1.2907801418439715 0.05 1.3830287759245607
0.051014703184521434 1.2907801418439715 0.06 1.38328533395088
0.05951062851966834 1.2907801418439715 0.07 1.3835886983232364
0.06800353999515034 1.2907801418439715 0.08 1.3839389489624292
0.0764930054635378 1.2907801418439715 0.09 1.3843361782432735
0.08497859213661943 1.2907801418439715 0.1 1.384780491062394
0.09345986650387303 1.2907801418439715 0.11 1.3852720049143257
0.10193639425022412 1.2907801418439715 0.12 1.3858108499828665
0.11040774017374885 1.2907801418439715 0.13 1.3863971692267023
0.11887346810141283 1.2907801418439715 0.14 1.3870311185101551
0.1273331408062613 1.2907801418439715 0.15 1.3877128666870242
0.13578631992163115 1.2907801418439715 0.16 1.38844259575161
0.14423256585583735 1.2907801418439715 0.17 1.3892205009660532
0.15267143770531905 1.2907801418439715 0.18 1.3900467910127483
0.16110249316744843 1.2907801418439715 0.19 1.3909216881447928
0.169525288451536 1.2907801418439715 0.2 1.3918454283620163
0.1779393781891053 1.2907801418439715 0.21 1.392818261590129
0.1863443153429702 1.2907801418439715 0.22 1.393840451871702
0.19473965111476965 1.2907801418439715 0.23 1.3949122775730263
0.20312493485179411 1.2907801418439715 0.24 1.3960340315934847
0.21149971395141864 1.2907801418439715 0.25 1.397206021601601
0.21986353376487702 1.2907801418439715 0.26 1.398428570271289
0.22821593749824146 1.2907801418439715 0.27 1.3997020155470308
0.23655646611354167 1.2907801418439715 0.28 1.4010267108987997
0.2448846582261328 1.2907801418439715 0.29 1.4024030256162465
0.25320005000172946 1.2907801418439715 0.3 1.4038313450980273
0.26150217504991297 1.2907801418439715 0.31 1.4053120711742153
0.2697905643170862 1.2907801418439715 0.32 1.4068456224265031
0.2780647459759513 1.2907801418439715 0.33 1.4084324345388832
0.2863242453137473 1.2907801418439715 0.34 1.410072960653491
0.29456858461634106 1.2907801418439715 0.35 1.4117676717611722
0.3027972830513721 1.2907801418439715 0.36 1.4135170570932964
0.31100985654895674 1.2907801418439715 0.37 1.4153216245309586
0.3192058176769229 1.2907801418439715 0.38 1.417181901058281
0.32738467551634387 1.2907801418439715 0.39 1.4190984332053227
0.3355459355311249 1.2907801418439715 0.4 1.4210717875381251
0.3436890994363753 1.2907801418439715 0.41 1.4231025511522568
0.3518136650616901 1.2907801418439715 0.42 1.4251913322037881
0.3599191262119176 1.2907801418439715 0.43 1.4273387604548189
0.3680049725233353 1.2907801418439715 0.44 1.429545487850797
0.37607068931633797 1.2907801418439715 0.45 1.4318121891200375
0.3841157574424452 1.2907801418439715 0.46 1.434139562412146
0.39213965312931354 1.2907801418439715 0.47 1.436528329946632
0.4001418478191617 1.2907801418439715 0.48 1.438979238706984
0.40812180800149395 1.2907801418439715 0.49 1.4414930611718602
0.41607899504308016 1.2907801418439715 0.5 1.4440705960620999
0.42401286501099966 1.2907801418439715 0.51 1.4467126691341672
0.4319228684881507 1.2907801418439715 0.52 1.44942013402264
0.4398084503867908 1.2907801418439715 0.53 1.4521938730935833
0.44766904975088223 1.2907801418439715 0.54 1.455034798371887
0.455504099555198 1.2907801418439715 0.55 1.4579438524880994
0.4633130264945733 1.2907801418439715 0.56 1.4609220096890514
0.47109525076766584 1.2907801418439715 0.57 1.4639702768833913
0.4788501858510618 1.2907801418439715 0.58 1.4670896947490402
0.4865772382638904 1.2907801418439715 0.59 1.4702813389006997
0.4942758073269696 1.2907801418439715 0.6 1.4735463210931086
0.5019452849073271 1.2907801418439715 0.61 1.4768857905162331
0.509585055154891 1.2907801418439715 0.62 1.4803009351404246
0.5171944942304647 1.2907801418439715 0.63 1.4837929831183463
0.5247729700145625 1.2907801418439715 0.64 1.48736320430424
0.5323198418122745 1.2907801418439715 0.65 1.4910129118023838
0.5398344600377805 1.2907801418439715 0.66 1.494743463640081
0.5473161658895561 1.2907801418439715 0.67 1.498556264502075
0.5547642910025599 1.2907801418439715 0.68 1.5024527676035846
0.5621781570932516 1.2907801418439715 0.69 1.506434476614608
0.5695570755777121 1.2907801418439715 0.7 1.5105029477448688
0.5769003471725133 1.2907801418439715 0.71 1.514659791936124
0.5842072614772951 1.2907801418439715 0.72 1.5189066771692532
0.5914770965268751 1.2907801418439715 0.73 1.5232453309509633
0.5987091183241898 1.2907801418439715 0.74 1.5276775429211482
0.6059025803377822 1.2907801418439715 0.75 1.5322051676666928
0.6130567229735165 1.2907801418439715 0.76 1.5368301276921625
0.6201707730043621 1.2907801418439715 0.77 1.5415544166308512
0.6272439429655974 1.2907801418439715 0.78 1.5463801026592476
0.6342754305004654 1.2907801418439715 0.79 1.5513093321909657
0.641264417656501 1.2907801418439715 0.8 1.5563443338490381
0.6482100701194063 1.2907801418439715 0.81 1.561487422781509
0.6551115363813854 1.2907801418439715 0.82 1.5667410053352464
0.661967946823049 1.2907801418439715 0.83 1.5721075841886842
0.6687784127004555 1.2907801418439715 0.84 1.577589763982234
0.6755420250148556 1.2907801418439715 0.85 1.5831902575514811
0.682257853233074 1.2907801418439715 0.86 1.5889118929109607
0.6889249438317788 1.2907801418439715 0.87 1.5947576211082377
0.6955423186058609 1.2907801418439715 0.88 1.6007305252190818
0.7021089726758559 1.2907801418439715 0.89 1.6068338307720225
0.7086238720926779 1.2907801418439715 0.9 1.6130709180521625
0.7150859508846308 1.2907801418439715 0.91 1.6194453369659676
0.7214941073191454 1.2907801418439715 0.92 1.6259608254605318
0.7278471990028679 1.2907801418439715 0.93 1.632621333137243
0.73414403620024 1.2907801418439715 0.94 1.6394310527511404
0.7403833722811184 1.2907801418439715 0.95 1.6463944643174497
0.7465638893636241 1.2907801418439715 0.96 1.6535164001859837
0.7526841538568885 1.2907801418439715 0.97 1.6608022423671664
0.7587423293366834 1.2907801418439715 0.98 1.6682591838980498
0.7647368919774935 1.2907801418439715 0.99 1.6758930728878443
0.0 1.304964539007092 0.0 1.379383593006314
0.00851439580916598 1.304964539007092 0.01 1.3794066940992884
0.017028363822410946 1.304964539007092 0.02 1.37947600339709
0.02554147616539941 1.304964539007092 0.03 1.3795915389732218
0.03405330480695284 1.304964539007092 0.04 1.3797533309593073
0.04256342148032704 1.304964539007092 0.05 1.3799614215807339
0.05107139760475227 1.304964539007092 0.06 1.3802158651640923
0.059576804206297414 1.304964539007092 0.07 1.3805167281943174
0.06807921183830422 1.304964539007092 0.08 1.380864089373598
0.07657819050256458 1.304964539007092 0.09 1.3812580396433243
0.08507330956860104 1.304964539007092 0.1 1.3816986822850816
0.09356413769338714 1.304964539007092 0.11 1.3821861329856322
0.1020502427408949 1.304964539007092 0.12 1.38272051990728
0.1105311916996444 1.304964539007092 0.13 1.3833019838099683
0.11900655060129306 1.304964539007092 0.14 1.383930678132171
0.12747588443750693 1.304964539007092 0.15 1.3846067691128123
0.13593875707626368 1.304964539007092 0.16 1.3853304359160565
0.14439473117725932 1.304964539007092 0.17 1.3861018707670758
0.1528433681069622 1.304964539007092 0.18 1.3869212790875975
0.161284227851546 1.304964539007092 0.19 1.3877888796645297
0.16971686893056914 1.304964539007092 0.2 1.3887049047960527
0.17814084830754504 1.304964539007092 0.21 1.3896696004853875
0.18655572130046122 1.304964539007092 0.22 1.3906832266243718
0.19496104149145432 1.304964539007092 0.23 1.3917460571838072
0.2033563606339122 1.304964539007092 0.24 1.392858380434855
0.21174122855925226 1.304964539007092 0.25 1.3940204991659346
0.2201151930810933 1.304964539007092 0.26 1.3952327309277455
0.22847779989936529 1.304964539007092 0.27 1.3964954082707597
0.2368285925017296 1.304964539007092 0.28 1.3978088790105048
0.2451671120624487 1.304964539007092 0.29 1.3991735065150908
0.253492897341532 1.304964539007092 0.3 1.400589669981268
0.26180548458036734 1.304964539007092 0.31 1.402057764744629
0.27010440739482044 1.304964539007092 0.32 1.4035782026091304
0.278389196668233 1.304964539007092 0.33 1.4051514121700868
0.2866593804402106 1.304964539007092 0.34 1.4067778391748138
0.2949144837931602 1.304964539007092 0.35 1.408457946897704
0.3031540287379639 1.304964539007092 0.36 1.4101922165168546
0.3113775340948249 1.304964539007092 0.37 1.411981147530628
0.31958451537280014 1.304964539007092 0.38 1.4138252581789057
0.3277744846452769 1.304964539007092 0.39 1.4157250858947354
0.33594695042414935 1.304964539007092 0.4 1.417681187761054
0.34410141752839146 1.304964539007092 0.41 1.41969414101007
0.3522373869506008 1.304964539007092 0.42 1.4217645435329054
0.3603543557199353 1.304964539007092 0.43 1.4238930144134863
0.36845181676197536 1.304964539007092 0.44 1.4260801944821462
0.37652925875166493 1.304964539007092 0.45 1.4283267469185477
0.3845861659653857 1.304964539007092 0.46 1.4306333578553843
0.3926220181282907 1.304964539007092 0.47 1.4330007370144269
0.4006362902536751 1.304964539007092 0.48 1.4354296183972346
0.40862845248206303 1.304964539007092 0.49 1.437920760973147
0.4165979699119789 1.304964539007092 0.5 1.440474949424117
0.4245443024263994 1.304964539007092 0.51 1.4430929949161553
0.4324669045138342 1.304964539007092 0.52 1.4457757359052434
0.4403652250821311 1.304964539007092 0.53 1.4485240389903338
0.44823870726834414 1.304964539007092 0.54 1.4513387997907725
0.4560867882379344 1.304964539007092 0.55 1.454220943892742
0.4639088989816058 1.304964539007092 0.56 1.4571714278097638
0.47170446410037475 1.304964539007092 0.57 1.460191240018672
0.47947290158596495 1.304964539007092 0.58 1.4632814020250178
0.4872136225898495 1.304964539007092 0.59 1.4664429695002494
0.4949260311858919 1.304964539007092 0.6 1.4696770334596245
0.5026095241221626 1.304964539007092 0.61 1.4729847215084282
0.5102634905613214 1.304964539007092 0.62 1.476367199159491
0.5178873118130448 1.304964539007092 0.63 1.4798256712017224
0.5254803610517981 1.304964539007092 0.64 1.4833613831592742
0.5330420030262182 1.304964539007092 0.65 1.486975622805198
0.5405715937469822 1.304964539007092 0.66 1.4906697218042624
0.548068480173531 1.304964539007092 0.67 1.4944450573706274
0.5555319998712015 1.304964539007092 0.68 1.4983030541000943
0.5629614806609383 1.304964539007092 0.69 1.5022451858531194
0.570356240248654 1.304964539007092 0.7 1.5062729777614177
0.5777155858310684 1.304964539007092 0.71 1.5103880083744268
0.5850388136883762 1.304964539007092 0.72 1.5145919118914046
0.5923252087437332 1.304964539007092 0.73 1.5188863805855524
0.5995740441043003 1.304964539007092 0.74 1.5232731673427349
0.606784580570032 1.304964539007092 0.75 1.527754088387784
0.6139560661111665 1.304964539007092 0.76 1.5323310261933154
0.6210877353115981 1.304964539007092 0.77 1.5370059325861254
0.6281788087710524 1.304964539007092 0.78 1.541780832087274
0.6352284924619964 1.304964539007092 0.79 1.546657825506193
0.6422359770346362 1.304964539007092 0.8 1.5516390938217821
0.6492004370635058 1.304964539007092 0.81 1.5567269023822758
0.6561210302216574 1.304964539007092 0.82 1.561923605491267
0.6629968963751068 1.304964539007092 0.83 1.567231651413996
0.6698271565779407 1.304964539007092 0.84 1.572653587896025
0.6766109119471077 1.304964539007092 0.85 1.57819206829059
0.6833472423919444 1.304964539007092 0.86 1.5838498584076084
0.690035205159029 1.304964539007092 0.87 1.5896298442621013
0.6966738331407062 1.304964539007092 0.88 1.5955350409520064
0.7032621328792907 1.304964539007092 0.89 1.6015686029648553
0.7097990821570904 1.304964539007092 0.9 1.607733836396459
0.7162836270236295 1.304964539007092 0.91 1.6140342137281483
0.7227146780211743 1.304964539007092 0.92 1.6204733922001264
0.7290911052302186 1.304964539007092 0.93 1.6270552374174456
0.7354117315114801 1.304964539007092 0.94 1.633783854877513
0.7416753228305748 1.304964539007092 0.95 1.640663634218218
0.7478805737302293 1.304964539007092 0.96 1.6476993144988914
0.7540260631525485 1.304964539007092 0.97 1.6548961790064105
0.7601099725439376 1.304964539007092 0.98 1.662261286670799
0.7661307839172843 1.304964539007092 0.99 1.669800408728625
0.0 1.3191489361702127 0.0 1.3763604908041462
0.008523741814398765 1.3191489361702127 0.01 1.3763834034683817
0.017047057923636793 1.3191489361702127 0.02 1.376452147393193
0.025569522545228374 1.3191489361702127 0.03 1.3765667403723156
0.034090709741905284 1.3191489361702127 0.04 1.3767272120836653
0.04261019334419568 1.3191489361702127 0.05 1.3769336040993805
0.05112754687261006 1.3191489361702127 0.06 1.377185969928144
0.05964234345984927 1.3191489361702127 0.07 1.3774843750444574
0.06815415577266541 1.3191489361702127 0.08 1.3778288969365728
0.07666255593320467 1.3191489361702127 0.09 1.3782196251695462
0.08516711544019061 1.3191489361702127 0.1 1.378656661445638
0.09366740508971103 1.3191489361702127 0.11 1.3791401196747513
0.10216299489517353 1.3191489361702127 0.12 1.3796701260645632
0.11065345400686284 1.3191489361702127 0.13 1.380246819212515
0.11913835063124688 1.3191489361702127 0.14 1.380870350198648
0.12761725194874257 1.3191489361702127 0.15 1.3815408827099656
0.13608972403156977 1.3191489361702127 0.16 1.3822585931525833
0.14455533176063692 1.3191489361702127 0.17 1.3830236707797712
0.1530136387408226 1.3191489361702127 0.18 1.38383631784408
0.16146420721648744 1.3191489361702127 0.19 1.3846967497360723
0.16990659798483504 1.3191489361702127 0.2 1.385605195155763
0.17834037030902403 1.3191489361702127 0.21 1.3865618962790842
0.18676508182962778 1.3191489361702127 0.22 1.387567108944338
0.19518028847554755 1.3191489361702127 0.23 1.3886211028394624
0.2035855443724009 1.3191489361702127 0.24 1.3897241617193703
0.21198040175047891 1.3191489361702127 0.25 1.3908765836201482
0.2203644108513885 1.3191489361702127 0.26 1.3920786810845691
0.22873711983243059 1.3191489361702127 0.27 1.3933307814100666
0.2370980746695628 1.3191489361702127 0.28 1.394633226906194
0.24544681905913576 1.3191489361702127 0.29 1.3959863751596595
0.2537828943168906 1.3191489361702127 0.3 1.3973905993243327
0.2621058392762985 1.3191489361702127 0.31 1.3988462884110733
0.2704151901834801 1.3191489361702127 0.32 1.400353847608492
0.27871048059053527 1.3191489361702127 0.33 1.4019136986124894
0.2869912412475703 1.3191489361702127 0.34 1.4035262799625676
0.2952569999910147 1.3191489361702127 0.35 1.4051920474091093
0.3035072816296229 1.3191489361702127 0.36 1.4069114742955888
0.3117416078291437 1.3191489361702127 0.37 1.4086850519468284
0.31995949699257276 1.3191489361702127 0.38 1.4105132900921042
0.3281604641387801 1.3191489361702127 0.39 1.4123967172959766
0.33634402077728714 1.3191489361702127 0.4 1.4143358814170686
0.3445096747803888 1.3191489361702127 0.41 1.41633135008338
0.3526569302516832 1.3191489361702127 0.42 1.418383711192045
0.3607852873919327 1.3191489361702127 0.43 1.4204935734255604
0.36889424235875184 1.3191489361702127 0.44 1.4226615668121465
0.3769832871258375 1.3191489361702127 0.45 1.424888343283925
0.38505190933607014 1.3191489361702127 0.46 1.4271745772784472
0.39309959214924595 1.3191489361702127 0.47 1.42952096637549
0.40112581408898396 1.3191489361702127 0.48 1.4319282319354858
0.4091300488812496 1.3191489361702127 0.49 1.4343971197958234
0.4171117652893671 1.3191489361702127 0.5 1.4369284009878631
0.42507042694271574 1.3191489361702127 0.51 1.4395228724948657
0.43300549216356693 1.3191489361702127 0.52 1.442181358020145
0.4409164137819565 1.3191489361702127 0.53 1.4449047088344233
0.4488026389491353 1.3191489361702127 0.54 1.447693804629599
0.4566636089431406 1.3191489361702127 0.55 1.4505495544234728
0.4644987589660264 1.3191489361702127 0.56 1.4534728975172704
0.4723075179366777 1.3191489361702127 0.57 1.4564648044807993
0.48008930827209007 1.3191489361702127 0.58 1.4595262782104508
0.4878435456632067 1.3191489361702127 0.59 1.4626583550212002
0.49556963884055555 1.3191489361702127 0.6 1.465862105802583
0.5032669893325623 1.3191489361702127 0.61 1.46913863722115
0.5109349912097138 1.3191489361702127 0.62 1.472489093009981
0.5185730308231574 1.3191489361702127 0.63 1.4759146552943976
0.526180486527106 1.3191489361702127 0.64 1.4794165460165136
0.5337567283935375 1.3191489361702127 0.65 1.482996028409335
0.5413011179096593 1.3191489361702127 0.66 1.4866544085752567
0.548813007665145 1.3191489361702127 0.67 1.4903930371293452
0.5562917410205396 1.3191489361702127 0.68 1.4942133109557794
0.5637366517607318 1.3191489361702127 0.69 1.4981166750556574
0.5711470637353679 1.3191489361702127 0.7 1.5021046244774947
0.578522290466376 1.3191489361702127 0.71 1.5061787064360204
0.5858616347531882 1.3191489361702127 0.72 1.5103405224572044
0.5931643882372475 1.3191489361702127 0.73 1.5145917307531844
0.6004298309531857 1.3191489361702127 0.74 1.5189340486830778
0.6076572308449762 1.3191489361702127 0.75 1.5233692554133746
0.6148458432532823 1.3191489361702127 0.76 1.5278991947455245
0.6219949103663629 1.3191489361702127 0.77 1.5325257781499628
0.6291036606316988 1.3191489361702127 0.78 1.5372509880208027
0.6361713081233052 1.3191489361702127 0.79 1.5420768811763916
0.6431970518549566 1.3191489361702127 0.8 1.5470055926534925
0.6501800750364194 1.3191489361702127 0.81 1.5520393398086603
0.6571195442562886 1.3191489361702127 0.82 1.5571804268053389
0.664014608585951 1.3191489361702127 0.83 1.5624312495111896
0.6708643985786654 1.3191489361702127 0.84 1.567794300927119
0.6776680251565496 1.3191489361702127 0.85 1.573272177178261
0.6844245783411065 1.3191489361702127 0.86 1.5788675842702395
0.691133125799453 1.3191489361702127 0.87 1.584583345731704
0.6977927111568615 1.3191489361702127 0.88 1.590422411361236
0.7044023519896483 1.3191489361702127 0.89 1.5963878674580148
0.7109610374057191 1.3191489361702127 0.9 1.6024829489360806
0.7174677250507521 1.3191489361702127 0.91 1.6087110540252565
0.7239213372987208 1.3191489361702127 0.92 1.6150757625988763
0.7303207562486752 1.3191489361702127 0.93 1.6215808597520032
0.7366648168905041 1.3191489361702127 0.94 1.628230367362723
0.7429522973247039 1.3191489361702127 0.95 1.6350285884094848
0.7491819040782216 1.3191489361702127 0.96 1.641980172405333
0.7553522282689801 1.3191489361702127 0.97 1.6490903074552756
0.7614614692921674 1.3191489361702127 0.98 1.656365920581013
0.7675081146841386 1.3191489361702127 0.99 1.6638127095205673
0.0 1.3333333333333333 0.0 1.3733761745151296
0.00853299816178292 1.3333333333333333 0.01 1.3733989019997728
0.01706557268196112 1.3333333333333333 0.02 1.373467090292937
0.025597299842609025 1.3333333333333333 0.03 1.373580756924673
0.034127755773166686 1.3333333333333333 0.04 1.373739931119416
0.0426565163738591 1.3333333333333333 0.05 1.3739446538290148
0.05118315723917962 1.3333333333333333 0.06 1.3741949777500069
0.05970725358107114 1.3333333333333333 0.07 1.3744909673637116
0.06822838015156982 1.3333333333333333 0.08 1.3748326989939157
0.07674611116567875 1.3333333333333333 0.09 1.375220260845729
0.08526002022318246 1.3333333333333333 0.1 1.3756537530846331
0.09376968023088571 1.3333333333333333 0.11 1.376133287890622
0.10227466332331717 1.3333333333333333 0.12 1.376658989558335
0.11077454078362903 1.3333333333333333 0.13 1.3772309945789156
0.11926888296404735 1.3333333333333333 0.14 1.3778494517308613
0.12775725920444786 1.3333333333333333 0.15 1.3785145222095094
0.13623923775187347 1.3333333333333333 0.16 1.3792263797243618
0.14471438567783654 1.3333333333333333 0.17 1.379985210640395
0.15318226879593796 1.3333333333333333 0.18 1.3807912141035472
0.1616424515769537 1.3333333333333333 0.19 1.3816446022075062
0.17009449706494637 1.3333333333333333 0.2 1.3825456001323286
0.17853796679129633 1.3333333333333333 0.21 1.3834944463148058
0.1869724206863152 1.3333333333333333 0.22 1.3844913926481217
0.1953974169932092 1.3333333333333333 0.23 1.385536704636947
0.20381251217590637 1.3333333333333333 0.24 1.3866306616385602
0.21221726083010756 1.3333333333333333 0.25 1.3877735570465022
0.22061121559040173 1.3333333333333333 0.26 1.3889656985243692
0.22899392703609775 1.3333333333333333 0.27 1.3902074082472933
0.23736494359582047 1.3333333333333333 0.28 1.3914990231510775
0.24572381145080296 1.3333333333333333 0.29 1.3928408951903686
0.2540700744352868 1.3333333333333333 0.3 1.394233391623641
0.26240327393620216 1.3333333333333333 0.31 1.3956768952984815
0.27072294879002085 1.3333333333333333 0.32 1.3971718049612902
0.2790286351782491 1.3333333333333333 0.33 1.3987185355741665
0.2873198665202782 1.3333333333333333 0.34 1.4003175186525505
0.29559617336338906 1.3333333333333333 0.35 1.4019692026240855
0.30385708327197103 1.3333333333333333 0.36 1.403674053188332
0.31210212071212723 1.3333333333333333 0.37 1.4054325537141812
0.3203308069357219 1.3333333333333333 0.38 1.4072452056354567
0.3285426598594041 1.3333333333333333 0.39 1.4091125288859458
0.3367371939426355 1.3333333333333333 0.4 1.411035062336402
0.3449139200617249 1.3333333333333333 0.41 1.413013364260521
0.35307234538032367 1.3333333333333333 0.42 1.4150480128245981
0.3612119732170653 1.3333333333333333 0.43 1.4171396065948652
0.3693323029092994 1.3333333333333333 0.44 1.419288765070933
0.3774328296728438 1.3333333333333333 0.45 1.4214961292452677
0.38551304445814794 1.3333333333333333 0.46 1.4237623621852902
0.39357243380385937 1.3333333333333333 0.47 1.4260881496310864
0.40161047967979535 1.3333333333333333 0.48 1.4284742006668136
0.40962665933435655 1.3333333333333333 0.49 1.4309212483548146
0.41762044513033225 1.3333333333333333 0.5 1.4334300504506605
0.4255913043768914 1.3333333333333333 0.51 1.4360013901403452
0.4335386991584464 1.3333333333333333 0.52 1.438636076796172
0.44146208615548305 1.3333333333333333 0.53 1.4413349467850252
0.44936091645901305 1.3333333333333333 0.54 1.4440988643164747
0.4572346353807692 1.3333333333333333 0.55 1.4469287223170364
0.46508268225467586 1.3333333333333333 0.56 1.4498254433598936
0.472904490231806 1.3333333333333333 0.57 1.4527899806351223
0.480699486068765 1.3333333333333333 0.58 1.4558233189612446
0.4884670899050951 1.3333333333333333 0.59 1.4589264758650697
0.4962067150349333 1.3333333333333333 0.6 1.4621005026973437
0.5039177676684511 1.3333333333333333 0.61 1.4653464858119871
0.5115996466828021 1.3333333333333333 0.62 1.4686655478099793
0.5192517433643536 1.3333333333333333 0.63 1.4720588488376432
0.5268734411370831 1.3333333333333333 0.64 1.475527587969053
0.5344641152824339 1.3333333333333333 0.65 1.479073004642213
0.5420231326421199 1.3333333333333333 0.66 1.4826963801974629
0.549549851313372 1.3333333333333333 0.67 1.4863990394651807
0.5570436203190127 1.3333333333333333 0.68 1.4901823525001023
0.564503779274646 1.3333333333333333 0.69 1.4940477363404212
0.5719296580264747 1.3333333333333333 0.7 1.4979966569362693
0.5793205762750108 1.3333333333333333 0.71 1.5020306311642064
0.5866758431824295 1.3333333333333333 0.72 1.5061512289417978
0.5939947569447445 1.3333333333333333 0.73 1.5103600755400892
0.6012766043528689 1.3333333333333333 0.74 1.514658853969098
0.608520660314167 1.3333333333333333 0.75 1.519049307583459
0.6157261873502496 1.3333333333333333 0.76 1.523533242827097
0.6228924350556145 1.3333333333333333 0.77 1.5281125321954123
0.6300186395175624 1.3333333333333333 0.78 1.5327891174121244
0.6371040226919403 1.3333333333333333 0.79 1.5375650128477325
0.6441477917262459 1.3333333333333333 0.8 1.5424423092206523
0.6511491382209933 1.3333333333333333 0.81 1.5474231776239928
0.6581072374268986 1.3333333333333333 0.82 1.5525098738887657
0.6650212473479932 1.3333333333333333 0.83 1.5577047434241655
0.6718903077566457 1.3333333333333333 0.84 1.5630102265030246
0.6787135390793959 1.3333333333333333 0.85 1.568428864182605
0.6854900411338404 1.3333333333333333 0.86 1.5739633049458717
0.692218891678227 1.3333333333333333 0.87 1.579616312232788
0.6988991447186522 1.3333333333333333 0.88 1.5853907731034753
0.7055298285000576 1.3333333333333333 0.89 1.5912897083536917
0.7121099430713703 1.3333333333333333 0.9 1.5973162845566589
0.7186384572730031 1.3333333333333333 0.91 1.6034738286820234
0.7251143048948082 1.3333333333333333 0.92 1.6097658463726279
0.7315363796255039 1.3333333333333333 0.93 1.6161960454952244
0.7379035281502945 1.3333333333333333 0.94 1.6227683677064637
0.7442145402782153 1.3333333333333333 0.95 1.6294870327926392
0.7504681341223165 1.3333333333333333 0.96 1.6363566041762432
0.7566629126518515 1.3333333333333333 0.97 1.6433821780743612
0.762797093286608 1.3333333333333333 0.98 1.6505705517142535
0.7688691688402332 1.3333333333333333 0.99 1.6579273523013587
0.0 1.3475177304964538 0.0 1.3704299906160693
0.008542165876725917 1.3475177304964538 0.01 1.3704525360940194
0.01708391014865113 1.3475177304964538 0.02 1.3705201782781335
0.025624811135686675 1.3475177304964538 0.03 1.3706329344351318
0.03416444700709946 1.3475177304964538 0.04 1.3707908333557604
0.04270239570602167 1.3475177304964538 0.05 1.3709939153781145
0.05123823487397769 1.3475177304964538 0.06 1.3712422324069764
0.05977154177490948 1.3475177304964538 0.07 1.3715358479627875
0.06830189321904317 1.3475177304964538 0.08 1.3718748372257457
0.07682886548689671 1.3475177304964538 0.09 1.3722592870727148
0.0853520342517899 1.3475177304964538 0.1 1.3726892961688535
0.09387097450334989 1.3475177304964538 0.11 1.3731649750101789
0.10238526046945104 1.3475177304964538 0.12 1.3736864460178964
0.11089446553780284 1.3475177304964538 0.13 1.3742538436300138
0.11939816217771293 1.3475177304964538 0.14 1.3748673143826493
0.12789592186002094 1.3475177304964538 0.15 1.3755270170319356
0.13638731497712725 1.3475177304964538 0.16 1.3762331226629554
0.1448719107620335 1.3475177304964538 0.17 1.3769858148143772
0.153349277206507 1.3475177304964538 0.18 1.377785289613425
0.1618189809783787 1.3475177304964538 0.19 1.3786317559198484
0.1702805873375514 1.3475177304964538 0.2 1.3795254354852022
0.17873366005173888 1.3475177304964538 0.21 1.3804665631091297
0.18717776131109495 1.3475177304964538 0.22 1.381455386808445
0.19561245163769844 1.3475177304964538 0.23 1.3824921680545865
0.20403728980418748 1.3475177304964538 0.24 1.383577181868549
0.21245183273715135 1.3475177304964538 0.25 1.3847107171324626
0.2208556354302944 1.3475177304964538 0.26 1.3858930767494415
0.22924825085002679 1.3475177304964538 0.27 1.3871245779021981
0.23762922984266868 1.3475177304964538 0.28 1.3884055522814307
0.24599812103777086 1.3475177304964538 0.29 1.3897363463554815
0.25435447075155865 1.3475177304964538 0.3 1.3911173216304897
0.26269782288678967 1.3475177304964538 0.31 1.3925488549447624
0.2710277188319459 1.3475177304964538 0.32 1.3940313387625238
0.27934369735802067 1.3475177304964538 0.33 1.3955651814869177
0.2876452945134983 1.3475177304964538 0.34 1.3971508077850854
0.2959320435155739 1.3475177304964538 0.35 1.3987886589439058
0.3042034746409747 1.3475177304964538 0.36 1.4004791932222864
0.3124591151134796 1.3475177304964538 0.37 1.4022228862291772
0.3206984889887199 1.3475177304964538 0.38 1.4040202313202799
0.32892111703549304 1.3475177304964538 0.39 1.4058717400194625
0.3371265166162622 1.3475177304964538 0.4 1.4077779424411887
0.3453142015626581 1.3475177304964538 0.41 1.409739387750614
0.35348368204822167 1.3475177304964538 0.42 1.4117566446404148
0.36163446445839653 1.3475177304964538 0.43 1.4138303018246072
0.36976605125741013 1.3475177304964538 0.44 1.415960968552481
0.37787794084847 1.3475177304964538 0.45 1.4181492751695735
0.3859696274346549 1.3475177304964538 0.46 1.4203958736679145
0.39404060087245985 1.3475177304964538 0.47 1.4227014382881247
0.40209034652078135 1.3475177304964538 0.48 1.4250666661500144
0.4101183450880529 1.3475177304964538 0.49 1.4274922778924888
0.418124072472533 1.3475177304964538 0.5 1.4299790183591383
0.42610699959707965 1.3475177304964538 0.51 1.4325276573185013
0.4340665922405068 1.3475177304964538 0.52 1.4351389902046487
0.4420023108622296 1.3475177304964538 0.53 1.4378138389008872
0.44991361041955535 1.3475177304964538 0.54 1.440553052569681
0.4577999401825175 1.3475177304964538 0.55 1.4433575084968604
0.4656607435381992 1.3475177304964538 0.56 1.4462281130026864
0.4734954577888374 1.3475177304964538 0.57 1.4491658023908323
0.48130351394500026 1.3475177304964538 0.58 1.4521715439280642
0.48908433650774313 1.3475177304964538 0.59 1.45524633689243
0.4968373432422249 1.3475177304964538 0.6 1.4583912136735384
0.5045619449469179 1.3475177304964538 0.61 1.4616072409010918
0.5122575452058483 1.3475177304964538 0.62 1.4648955206760532
0.5199235401376262 1.3475177304964538 0.63 1.4682571918229836
0.5275593181297106 1.3475177304964538 0.64 1.471693431231788
0.5351642595603856 1.3475177304964538 0.65 1.475205455273477
0.542737736511148 1.3475177304964538 0.66 1.4787945212752798
0.5502791124620462 1.3475177304964538 0.67 1.482461929096926
0.557787741976334 1.3475177304964538 0.68 1.4862090227729878
0.5652629703635295 1.3475177304964538 0.69 1.4900371922808082
0.572704133330695 1.3475177304964538 0.7 1.493947875380893
0.5801105566131761 1.3475177304964538 0.71 1.4979425595775928
0.5874815555815743 1.3475177304964538 0.72 1.5020227842163063
0.5948164348301183 1.3475177304964538 0.73 1.506190142690389
0.6021144877389026 1.3475177304964538 0.74 1.5104462847974542
0.6093749960061006 1.3475177304964538 0.75 1.5147929192644667
0.6165972291514298 1.3475177304964538 0.76 1.519231816435045
0.6237804439841258 1.3475177304964538 0.77 1.523764811153038
0.6309238840297676 1.3475177304964538 0.78 1.5283938058698692
0.6380267789156765 1.3475177304964538 0.79 1.5331207739766777
0.6450883436997121 1.3475177304964538 0.8 1.5379477634345793
0.6521077781424568 1.3475177304964538 0.81 1.542876900701482
0.6590842659077624 1.3475177304964538 0.82 1.5479103950262623
0.6660169736772918 1.3475177304964538 0.83 1.5530505431757853
0.6729050501687737 1.3475177304964538 0.84 1.558299734639851
0.6797476250267414 1.3475177304964538 0.85 1.5636604574557103
0.686543807564638 1.3475177304964538 0.86 1.5691353047431014
0.6932926853156057 1.3475177304964538 0.87 1.5747269821378571
0.6999933223342765 1.3475177304964538 0.88 1.5804383163751208
0.7066447571850354 1.3475177304964538 0.89 1.5862722652976704
0.7132460004951122 1.3475177304964538 0.9 1.5922319298145442
0.7197960319197477 1.3475177304964538 0.91 1.5983205684594735
0.7262937962721928 1.3475177304964538 0.92 1.6045416156013443
0.7327381984308241 1.3475177304964538 0.93 1.6108987049511825
0.7391280963738699 1.3475177304964538 0.94 1.6173957011167281
0.7454622912227261 1.3475177304964538 0.95 1.6240367439360632
0.7517395123126449 1.3475177304964538 0.96 1.6308263139524724
0.7579583741791119 1.3475177304964538 0.97 1.6377694185206044
0.7641171123277688 1.3475177304964538 0.98 1.6448727271604888
0.7702142246724014 1.3475177304964538 0.99 1.6521417991138811
0.0 1.3617021276595744 0.0 1.3675212994255292
0.008551245971251455 1.3617021276595744 0.01 1.3675436659946694
0.017102072348243454 1.3617021276595744 0.02 1.3676107713722272
0.02565205946240435 1.3617021276595744 0.03 1.3677226325692609
0.03420078749651467 1.3617021276595744 0.04 1.3678792779491977
0.04274783641029341 1.3617021276595744 0.05 1.3680807472463876
0.05129278586565923 1.3617021276595744 0.06 1.3683270916032815
0.05983521515205328 1.3617021276595744 0.07 1.3686183735956612
0.06837470311127801 1.3617021276595744 0.08 1.3689546672832242
0.07691082806218187 1.3617021276595744 0.09 1.3693360582586263
0.08544316772492602 1.3617021276595744 0.1 1.3697626437086001
0.09397129914448203 1.3617021276595744 0.11 1.3702345324935128
0.10249479861459147 1.3617021276595744 0.12 1.3707518452052465
0.11101324159991947 1.3617021276595744 0.13 1.3713147142743187
0.119526202658602 1.3617021276595744 0.14 1.3719232840543854
0.12803325536478996 1.3617021276595744 0.15 1.3725777109060835
0.13653397222702235 1.3617021276595744 0.16 1.3732781633671196
0.14502792461098324 1.3617021276595744 0.17 1.3740248222141018
0.15351468265771515 1.3617021276595744 0.18 1.3748178806202755
0.16199381520155362 1.3617021276595744 0.19 1.3756575443043348
0.17046488968865825 1.3617021276595744 0.2 1.3765440316617927
0.17892747209269622 1.3617021276595744 0.21 1.3774775739400535
0.18738112683048305 1.3617021276595744 0.22 1.3784584154046664
0.1958254166762984 1.3617021276595744 0.23 1.3794868135197864
0.2042599026745421 1.3617021276595744 0.24 1.3805630391456545
0.2126841440518813 1.3617021276595744 0.25 1.3816873767357778
0.22109769812728727 1.3617021276595744 0.26 1.3828601245562058
0.22950012022089453 1.3617021276595744 0.27 1.3840815949123635
0.23789096356163567 1.3617021276595744 0.28 1.3853521143844216
0.24626977919261614 1.3617021276595744 0.29 1.3866720240831416
0.2546361158751375 1.3617021276595744 0.3 1.3880416799139697
0.26298951999122705 1.3617021276595744 0.31 1.389461452851364
0.27132953544388455 1.3617021276595744 0.32 1.39093172923162
0.2796557035548618 1.3617021276595744 0.33 1.39245291106457
0.2879675629620313 1.3617021276595744 0.34 1.3940254163429202
0.2962646495116764 1.3617021276595744 0.35 1.3956496793959885
0.3045464961524434 1.3617021276595744 0.36 1.3973261512202533
0.3128126328223758 1.3617021276595744 0.37 1.399055299869989
0.3210625863369148 1.3617021276595744 0.38 1.4008376108313063
0.3292958802730681 1.3617021276595744 0.39 1.4026735874257448
0.3375120348490746 1.3617021276595744 0.4 1.4045637512467677
0.3457105668049755 1.3617021276595744 0.41 1.4065086425825388
0.35389098927561513 1.3617021276595744 0.42 1.4085088208972234
0.36205281166333125 1.3617021276595744 0.43 1.4105648653082117
0.3701955395064037 1.3617021276595744 0.44 1.4126773750926596
0.3783186743436377 1.3617021276595744 0.45 1.414846970219228
0.38642171357423094 1.3617021276595744 0.46 1.417074291910712
0.3945041503175489 1.3617021276595744 0.47 1.4193600032031677
0.40256547326244896 1.3617021276595744 0.48 1.4217047895782124
0.4106051665166059 1.3617021276595744 0.49 1.4241093595898875
0.4186227094523214 1.3617021276595744 0.5 1.426574445514007
0.42661757654052535 1.3617021276595744 0.51 1.429100804076162
0.4345892371885675 1.3617021276595744 0.52 1.4316892171498636
0.44253715556531886 1.3617021276595744 0.53 1.4343404925386458
0.4504607904239879 1.3617021276595744 0.54 1.4370554647700662
0.45835959491875217 1.3617021276595744 0.55 1.4398349959286372
0.46623301641179254 1.3617021276595744 0.56 1.4426799765486313
0.47408049627858045 1.3617021276595744 0.57 1.445591326516811
0.48190146970082376 1.3617021276595744 0.58 1.4485699960520202
0.48969536545448117 1.3617021276595744 0.59 1.4516169667145642
0.49746160568807074 1.3617021276595744 0.6 1.4547332524750465
0.505199605694514 1.3617021276595744 0.61 1.4579199008231758
0.5129087736707438 1.3617021276595744 0.62 1.4611779939507452
0.5205885104668917 1.3617021276595744 0.63 1.4645086499971527
0.5282382093281939 1.3617021276595744 0.64 1.4679130243400307
0.5358572556235419 1.3617021276595744 0.65 1.4713923109661824
0.543445026559127 1.3617021276595744 0.66 1.4749477439305143
0.5510008908830891 1.3617021276595744 0.67 1.4785805988703764
0.5585242085726956 1.3617021276595744 0.68 1.48229219462247
0.5660143305051014 1.3617021276595744 0.69 1.4860838949357615
0.5734705981152717 1.3617021276595744 0.7 1.4899571102618514
0.5808923430301207 1.3617021276595744 0.71 1.4939132996810396
0.5882788866857026 1.3617021276595744 0.72 1.4979539729276536
0.5956295399189544 1.3617021276595744 0.73 1.5020806925591164
0.6029436025404342 1.3617021276595744 0.74 1.5062950762358704
0.6102203628695685 1.3617021276595744 0.75 1.5105987992059076
0.6174590972484226 1.3617021276595744 0.76 1.5149935969124066
0.6246590695166947 1.3617021276595744 0.77 1.5194812678118175
0.6318195304451941 1.3617021276595744 0.78 1.524063676414414
0.638939717128031 1.3617021276595744 0.79 1.5287427565455918
0.6460188523211301 1.3617021276595744 0.8 1.5335205148874547
0.6530561437194178 1.3617021276595744 0.81 1.5383990348356382
0.6600507831649522 1.3617021276595744 0.82 1.5433804807062046
0.6670019457691292 1.3617021276595744 0.83 1.548467102369769
0.6739087889341909 1.3617021276595744 0.84 1.553661240378096
0.6807704512496577 1.3617021276595744 0.85 1.5589653316914542
0.6875860512383263 1.3617021276595744 0.86 1.5643819161166952
0.6943546859031624 1.3617021276595744 0.87 1.569913643669529
0.7010754290347141 1.3617021276595744 0.88 1.5755632830310438
0.70774732918503 1.3617021276595744 0.89 1.581333731505774
0.7143694072131404 1.3617021276595744 0.9 1.5872280268810386
0.7209406532329403 1.3617021276595744 0.91 1.5932493619070258
0.727460022712246 1.3617021276595744 0.92 1.5994011024597432
0.7339264313442546 1.3617021276595744 0.93 1.6056868109807896
0.7403387480231866 1.3617021276595744 0.94 1.6121102780106467
0.7466957848214882 1.3617021276595744 0.95 1.6186755664463748
0.7529962819640036 1.3617021276595744 0.96 1.6253870769397085
0.7592388652960145 1.3617021276595744 0.97 1.6322497307947763
0.7654217884639329 1.3617021276595744 0.98 1.6392700718532014
0.771543554360422 1.3617021276595744 0.99 1.6464535936329012
0.0 1.375886524822695 0.0 1.3646494747346394
0.008560239444209668 1.375886524822695 0.01 1.3646716654272293
0.01712006127888937 1.375886524822695 0.02 1.3647382430912056
0.025679047821190154 1.375886524822695 0.03 1.364849224485839
0.03423678124157671 1.375886524822695 0.04 1.365004637556688
0.04279284349024825 1.375886524822695 0.05 1.3652045214619746
0.05134681622368107 1.375886524822695 0.06 1.3654489265855483
0.0598982807307181 1.375886524822695 0.07 1.3657379145816273
0.0684468178583559 1.375886524822695 0.08 1.366071558422463
0.0769920079374354 1.375886524822695 0.09 1.3664499424437668
0.08553343070832743 1.375886524822695 0.1 1.3668731623905699
0.09407066524488086 1.375886524822695 0.11 1.3673413255172695
0.10260328987918306 1.375886524822695 0.12 1.367854550645846
0.11113088212611193 1.375886524822695 0.13 1.3684129682330488
0.11965301860554728 1.375886524822695 0.14 1.369016720493873
0.12816927496556677 1.375886524822695 0.15 1.369665961487086
0.13667922580428973 1.375886524822695 0.16 1.3703608572289052
0.14518244459146676 1.375886524822695 0.17 1.371101585805243
0.1536785035879111 1.375886524822695 0.18 1.3718883375196405
0.16216697376624448 1.375886524822695 0.19 1.372721315007606
0.1706474247286601 1.375886524822695 0.2 1.3736007334005624
0.17911942462485161 1.375886524822695 0.21 1.3745268204771615
0.1875825400687884 1.375886524822695 0.22 1.3754998168276187
0.19603633605360102 1.375886524822695 0.23 1.3765199760397946
0.20448037586629414 1.375886524822695 0.24 1.3775875648799536
0.21291422100025892 1.375886524822695 0.25 1.3787028634981782
0.22133743106781584 1.375886524822695 0.26 1.3798661656263627
0.22974956370897057 1.375886524822695 0.27 1.3810777788187762
0.2381501745015396 1.375886524822695 0.28 1.382338024667238
0.24653881686713938 1.375886524822695 0.29 1.3836472390608443
0.25491504197742837 1.375886524822695 0.3 1.3850057724347464
0.26327839865730646 1.375886524822695 0.31 1.3864139900472985
0.271628433286934 1.375886524822695 0.32 1.3878722722628265
0.27996468970146343 1.375886524822695 0.33 1.3893810148521497
0.28828670908910226 1.375886524822695 0.34 1.3909406293036606
0.2965940298861412 1.375886524822695 0.35 1.3925515431581055
0.3048861876717408 1.375886524822695 0.36 1.394214200339504
0.3131627150565367 1.375886524822695 0.37 1.395929061538195
0.3214231415737442 1.375886524822695 0.38 1.3976966045639339
0.3296669935635853 1.375886524822695 0.39 1.3995173247544108
0.3378937940566698 1.375886524822695 0.4 1.4013917353859373
0.34610306265342033 1.375886524822695 0.41 1.4033203681120907
0.35429431540313877 1.375886524822695 0.42 1.4053037734000962
0.3624670646756116 1.375886524822695 0.43 1.4073425210230541
0.3706208190327488 1.375886524822695 0.44 1.4094372005456015
0.3787550830969845 1.375886524822695 0.45 1.4115884218311205
0.38686935741056566 1.375886524822695 0.46 1.4137968156132639
0.3949631382992204 1.375886524822695 0.47 1.4160630340293714
0.4030359177250619 1.375886524822695 0.48 1.418387751230354
0.41108718313721254 1.375886524822695 0.49 1.4207716640017094
0.41911641731898924 1.375886524822695 0.5 1.4232154924053797
0.42712309822887584 1.375886524822695 0.51 1.4257199804617022
0.4351066988364902 1.375886524822695 0.52 1.4282858968621717
0.44306668695312407 1.375886524822695 0.53 1.4309140357156995
0.4510025250583763 1.375886524822695 0.54 1.4336052173185465
0.4589136701174965 1.375886524822695 0.55 1.4363602889827578
0.4667995733947268 1.375886524822695 0.56 1.43918012588812
0.47465968026022276 1.375886524822695 0.57 1.4420656319739018
0.48249342998661254 1.375886524822695 0.58 1.4450177408940779
0.4903002555418927 1.375886524822695 0.59 1.4480374169945154
0.4980795833721364 1.375886524822695 0.6 1.4511256563524897
0.5058308331741606 1.375886524822695 0.61 1.4542834878764663
0.5135534176617329 1.375886524822695 0.62 1.4575119744451557
0.5212467423224135 1.375886524822695 0.63 1.4608122141036692
0.5289102051583969 1.375886524822695 0.64 1.4641853413537624
0.5365431964215279 1.375886524822695 0.65 1.4676325284800316
0.5441450983357868 1.375886524822695 0.66 1.4711549869511045
0.5517152848012327 1.375886524822695 0.67 1.474753968927909
0.5592531210898366 1.375886524822695 0.68 1.4784307688217404
0.5667579635235158 1.375886524822695 0.69 1.4821867249556557
0.5742291591339892 1.375886524822695 0.7 1.4860232213303555
0.5816660453046373 1.375886524822695 0.71 1.4899416894933675
0.5890679493953027 1.375886524822695 0.72 1.4939436105072081
0.5964341883381585 1.375886524822695 0.73 1.4980305170774892
0.6037640682166306 1.375886524822695 0.74 1.5022039957792415
0.6110568838114573 1.375886524822695 0.75 1.5064656894627024
0.6183119181174135 1.375886524822695 0.76 1.5108172998196552
0.62552844182488 1.375886524822695 0.77 1.5152605901390024
0.6327057127631179 1.375886524822695 0.78 1.5197973882664162
0.639842975298985 1.375886524822695 0.79 1.5244295897979068
0.6469394596788492 1.375886524822695 0.8 1.5291591615647608
0.6539943813177396 1.375886524822695 0.81 1.5339881453887223
0.6610069400093183 1.375886524822695 0.82 1.5389186622310451
0.6679763190565445 1.375886524822695 0.83 1.5439529167320176
0.6749016842971756 1.375886524822695 0.84 1.5490932022580912
0.6817821830045159 1.375886524822695 0.85 1.554341906541162
0.6886169426342227 1.375886524822695 0.86 1.5597015180365978
0.6954050693741088 1.375886524822695 0.87 1.565174633186091
0.7021456464475464 1.375886524822695 0.88 1.5707639647949814
0.7088377320804468 1.375886524822695 0.89 1.5764723519098318
0.7154803570391887 1.375886524822695 0.9 1.5823027715828042
0.7220725215561513 1.375886524822695 0.91 1.5882583533004964
0.7286131914096274 1.375886524822695 0.92 1.5943423970520973
0.7351012927528122 1.375886524822695 0.93 1.6005583967380883
0.7415357050501733 1.375886524822695 0.94 1.6069100716022577
0.7479152509877846 1.375886524822695 0.95 1.613401410425969
0.7542386813788535 1.375886524822695 0.96 1.6200367367399606
0.7605046331529501 1.375886524822695 0.97 1.6268208883936455
0.7667113781365879 1.375886524822695 0.98 1.6337602855644542
0.7728574241347551 1.375886524822695 0.99 1.640860357971983
0.0 1.3900709219858156 0.0 1.3618139034724512
0.00856914728149507 1.3900709219858156 0.01 1.3618359212455713
0.017137878912859995 1.3900709219858156 0.02 1.36190198007876
0.02570577917154531 1.3900709219858156 0.03 1.3620120964898854
0.03427243219032993 1.3900709219858156 0.04 1.3621662980088793
0.04283742188448082 1.3900709219858156 0.05 1.3623646232287139
0.0514003318794604 1.3900709219858156 0.06 1.362607121795409
0.05996074543773335 1.3900709219858156 0.07 1.3628938544692992
0.0685182453857544 1.3900709219858156 0.08 1.3632248931570614
0.07707241404086557 1.3900709219858156 0.09 1.3636003209511622
0.08562283313676884 1.3900709219858156 0.1 1.3640202322179489
0.094169083750201 1.3900709219858156 0.11 1.364484732631044
0.10271074622573421 1.3900709219858156 0.12 1.3649939392669594
0.11124740010093329 1.3900709219858156 0.13 1.3655479806779491
0.11977862403048908 1.3900709219858156 0.14 1.3661469969878997
0.12830399570993362 1.3900709219858156 0.15 1.366791139990501
0.13682309179872074 1.3900709219858156 0.16 1.367480573255741
0.14533548784246414 1.3900709219858156 0.17 1.3682154722478315
0.15384075819439585 1.3900709219858156 0.18 1.3689960244515766
0.16233847593610345 1.3900709219858156 0.19 1.3698224295055483
0.1708282127971992 1.3900709219858156 0.2 1.370694899347664
0.17930953907388658 1.3900709219858156 0.21 1.3716136583719465
0.1877820235468913 1.3900709219858156 0.22 1.3725789435884288
0.19624523339843453 1.3900709219858156 0.23 1.373591004792005
0.2046987341268047 1.3900709219858156 0.24 1.3746501047592852
0.21314208946118515 1.3900709219858156 0.25 1.37575651943368
0.22157486127429818 1.3900709219858156 0.26 1.3769105381343154
0.22999660949422165 1.3900709219858156 0.27 1.3781124637686732
0.23840689201390222 1.3900709219858156 0.28 1.3793626130672965
0.24680526459984556 1.3900709219858156 0.29 1.3806613168210102
0.25519128079921966 1.3900709219858156 0.3 1.3820089201305445
0.26356449184402786 1.3900709219858156 0.31 1.3834057826821184
0.27192444655580367 1.3900709219858156 0.32 1.384852279010597
0.28027069124580367 1.3900709219858156 0.33 1.3863487988046237
0.2886027696145297 1.3900709219858156 0.34 1.38789574721087
0.2969202226498644 1.3900709219858156 0.35 1.3894935451465356
0.30522258852142053 1.3900709219858156 0.36 1.3911426296427176
0.31350940247215203 1.3900709219858156 0.37 1.392843454206137
0.3217801967105635 1.3900709219858156 0.38 1.3945964891694849
0.3300345002974793 1.3900709219858156 0.39 1.396402222085787
0.33827183903078295 1.3900709219858156 0.4 1.3982611581338042
0.34649173532742306 1.3900709219858156 0.41 1.4001738205409149
0.3546937081029721 1.3900709219858156 0.42 1.4021407510210342
0.36287727264771913 1.3900709219858156 0.43 1.404162510235797
0.37104194049840755 1.3900709219858156 0.44 1.406239678284958
0.3791872193081514 1.3900709219858156 0.45 1.4083728552057884
0.38731261271178574 1.3900709219858156 0.46 1.410562661502968
0.39541762018720344 1.3900709219858156 0.47 1.4128097387037657
0.4035017369128827 1.3900709219858156 0.48 1.4151147499367016
0.4115644536226014 1.3900709219858156 0.49 1.417478380526829
0.41960525645180574 1.3900709219858156 0.5 1.4199013386460906
0.42762362678409843 1.3900709219858156 0.51 1.4223843559589715
0.4356190410876253 1.3900709219858156 0.52 1.4249281883341363
0.44359097075283793 1.3900709219858156 0.53 1.4275336165439887
0.45153888191503716 1.3900709219858156 0.54 1.4302014470621132
0.45946223528265384 1.3900709219858156 0.55 1.4329325128208135
0.46736048594804713 1.3900709219858156 0.56 1.4357276740794098
0.4752330832005808 1.3900709219858156 0.57 1.4385878192760027
0.4830794703256349 1.3900709219858156 0.58 1.441513865965956
0.4908990844026408 1.3900709219858156 0.59 1.4445067617656615
0.49869135608913207 1.3900709219858156 0.6 1.4475674853809215
0.506455709400198 1.3900709219858156 0.61 1.4506970476627241
0.5141915614773634 1.3900709219858156 0.62 1.453896492726397
0.5218983223474538 1.3900709219858156 0.63 1.4571668991302353
0.5295753946727179 1.3900709219858156 0.64 1.4605093811064946
0.5372221734872443 1.3900709219858156 0.65 1.4639250898726903
0.5448380459233366 1.3900709219858156 0.66 1.4674152150023532
0.5524223909242539 1.3900709219858156 0.67 1.4709809858754288
0.5599745789415956 1.3900709219858156 0.68 1.4746236732172116
0.5674939716195848 1.3900709219858156 0.69 1.4783445907136887
0.5749799214617276 1.3900709219858156 0.7 1.4821450967276648
0.5824317714772846 1.3900709219858156 0.71 1.4860265961284727
0.5898488548111767 1.3900709219858156 0.72 1.489990542216442
0.5972304943479493 1.3900709219858156 0.73 1.4940384387903765
0.6045760022962247 1.3900709219858156 0.74 1.4981718423249621
0.6118846797385908 1.3900709219858156 0.75 1.5023923643336912
0.6191558161587437 1.3900709219858156 0.76 1.506701673857449
0.6263886889263913 1.3900709219858156 0.77 1.5111015001751054
0.6335825627502515 1.3900709219858156 0.78 1.5155936356840933
0.6407366890787969 1.3900709219858156 0.79 1.5201799390491562
0.6478503054539585 1.3900709219858156 0.8 1.524862338591922
0.6549226348013782 1.3900709219858156 0.81 1.5296428359981578
0.6619528846504846 1.3900709219858156 0.82 1.534523510371495
0.6689402462674663 1.3900709219858156 0.83 1.5395065227094988
0.6758838936858717 1.3900709219858156 0.84 1.5445941208681742
0.682782982612775 1.3900709219858156 0.85 1.549788645110645
0.6896366491747594 1.3900709219858156 0.86 1.5550925343953015
0.6964440084707988 1.3900709219858156 0.87 1.5605083335415408
0.7032041528696195 1.3900709219858156 0.88 1.56603870154015
0.7099161499741297 1.3900709219858156 0.89 1.5716864213342812
0.7165790401471527 1.3900709219858156 0.9 1.5774544115136917
0.723191833422721 1.3900709219858156 0.91 1.5833457406606029
0.7297535055618659 1.3900709219858156 0.92 1.589363645350392
0.7362629928512977 1.3900709219858156 0.93 1.5955115534814444
0.7427191849980095 1.3900709219858156 0.94 1.6017931156241694
0.7491209149955358 1.3900709219858156 0.95 1.608212249061616
0.7554669439697117 1.3900709219858156 0.96 1.6147732027891581
0.7617559197339031 1.3900709219858156 0.97 1.6214807336133166
0.7679861323225496 1.3900709219858156 0.98 1.6283411400325571
0.7741560944334672 1.3900709219858156 0.99 1.6353597896210144
0.0 1.4042553191489362 0.0 1.3590139853396357
0.00857797045624569 1.4042553191489362 0.01 1.3590358330939065
0.01715552719684655 1.4042553191489362 0.02 1.359101381783741
0.02573225643472314 1.4042553191489362 0.03 1.359210647685574
0.034307744239866385 1.4042553191489362 0.04 1.3593636579416533
0.042881576467707336 1.4042553191489362 0.05 1.359560450580209
0.051453338687486916 1.4042553191489362 0.06 1.3598010745340934
0.06002261611023315 1.4042553191489362 0.07 1.360085589682558
0.06858899351657795 1.4042553191489362 0.08 1.360414066891466
0.07715205518442121 1.4042553191489362 0.09 1.3607865880571297
0.08571138481592014 1.4042553191489362 0.1 1.361203246171665
0.09426656546452203 1.4042553191489362 0.11 1.3616641453790028
0.1028171794610553 1.4042553191489362 0.12 1.3621694010563974
0.11136280833984875 1.4042553191489362 0.13 1.3627191398870964
0.11990303276372823 1.4042553191489362 0.14 1.3633134999576635
0.12843743244901995 1.4042553191489362 0.15 1.3639526308473013
0.13696558608926193 1.4042553191489362 0.16 1.364636693741176
0.14548707127899205 1.4042553191489362 0.17 1.3653658615348045
0.15400146443576135 1.4042553191489362 0.18 1.3661403189682437
0.16250834072223497 1.4042553191489362 0.19 1.3669602627502957
0.1710072739666125 1.4042553191489362 0.2 1.3678259017067746
0.17949783658288201 1.4042553191489362 0.21 1.3687374569241304
0.1879795994897858 1.4042553191489362 0.22 1.3696951619084463
0.1964521320277343 1.4042553191489362 0.23 1.3706992627680599
0.20491500187669298 1.4042553191489362 0.24 1.371750018374756
0.21336777497039183 1.4042553191489362 0.25 1.3728477005713537
0.2218100154112781 1.4042553191489362 0.26 1.3739925943608842
0.23024128538248198 1.4042553191489362 0.27 1.3751849981286812
0.2386611450600936 1.4042553191489362 0.28 1.3764252238534744
0.24706915252180053 1.4042553191489362 0.29 1.3777135973562065
0.25546486365639004 1.4042553191489362 0.3 1.3790504585315997
0.26384783206891854 1.4042553191489362 0.31 1.3804361616226912
0.2722176089858435 1.4042553191489362 0.32 1.381871075487877
0.28057374315880623 1.4042553191489362 0.33 1.3833555838770688
0.2889157807637729 1.4042553191489362 0.34 1.3848900857488917
0.2972432653013676 1.4042553191489362 0.35 1.386474995568906
0.30555573749247855 1.4042553191489362 0.36 1.388110743648357
0.31385273517314505 1.4042553191489362 0.37 1.3897977764829605
0.3221337931862371 1.4042553191489362 0.38 1.391536557115502
0.33039844327070605 1.4042553191489362 0.39 1.3933275655140214
0.3386462139490887 1.4042553191489362 0.4 1.395171298959761
0.3468766304096909 1.4042553191489362 0.41 1.3970682724745391
0.3550892143902005 1.4042553191489362 0.42 1.3990190192307472
0.3632834840527001 1.4042553191489362 0.43 1.401024091026436
0.37145895386141253 1.4042553191489362 0.44 1.4030840587329654
0.37961513445080863 1.4042553191489362 0.45 1.405199512813311
0.3877515324958567 1.4042553191489362 0.46 1.407371063818469
0.3958676505745838 1.4042553191489362 0.47 1.409599342937678
0.4039629870280903 1.4042553191489362 0.48 1.4118850025622798
0.41203703581731327 1.4042553191489362 0.49 1.4142287168692822
0.42008928637285226 1.4042553191489362 0.5 1.416631182449989
0.4281192234427814 1.4042553191489362 0.51 1.4190931189487246
0.43612632693371317 1.4042553191489362 0.52 1.4216152697445057
0.4441100717479468 1.4042553191489362 0.53 1.424198402655831
0.45206992761388587 1.4042553191489362 0.54 1.4268433106871758
0.4600053589121585 1.4042553191489362 0.55 1.4295508128010066
0.4679158244924914 1.4042553191489362 0.56 1.4323217547465246
0.47580077749226457 1.4042553191489362 0.57 1.435157009877106
0.4836596651316687 1.4042553191489362 0.58 1.4380574801105581
0.49149192852222723 1.4042553191489362 0.59 1.4410240968066035
0.49929700245215497 1.4042553191489362 0.6 1.444057821785072
0.5070743151691114 1.4042553191489362 0.61 1.4471596483585323
0.5148232881526299 1.4042553191489362 0.62 1.4503306024261222
0.5225433358794773 1.4042553191489362 0.63 1.45357174360974
0.5302338655757627 1.4042553191489362 0.64 1.456884166467791
0.5378942769574218 1.4042553191489362 0.65 1.4602690017762197
0.5455239619637158 1.4042553191489362 0.66 1.463727417851781
0.5531223044713892 1.4042553191489362 0.67 1.4672606219853102
0.5606886800000407 1.4042553191489362 0.68 1.4708698619268885
0.5682224554007684 1.4042553191489362 0.69 1.4745564274663245
0.575722988525149 1.4042553191489362 0.7 1.4783216521234661
0.5831896278817934 1.4042553191489362 0.71 1.4821669149103813
0.5906217122681737 1.4042553191489362 0.72 1.4860936422295314
0.5980185703829515 1.4042553191489362 0.73 1.4901033098800869
0.6053795204131583 1.4042553191489362 0.74 1.4941974452011488
0.6127038695941779 1.4042553191489362 0.75 1.4983776293615392
0.6199909137378977 1.4042553191489362 0.76 1.5026454998184322
0.6272399367300427 1.4042553191489362 0.77 1.5070027529392886
0.6344502099828249 1.4042553191489362 0.78 1.511451146853749
0.6416209918469536 1.4042553191489362 0.79 1.5159925045141338
0.648751526967877 1.4042553191489362 0.8 1.5206287170356934
0.6558410455838227 1.4042553191489362 0.81 1.525361747325524
0.6628887627503792 1.4042553191489362 0.82 1.5301936340693485
0.6698938774784781 1.4042553191489362 0.83 1.5351264961332558
0.6768555717693457 1.4042553191489362 0.84 1.5401625374513388
0.6837730095231699 1.4042553191489362 0.85 1.545304052499494
0.6906453352889242 1.4042553191489362 0.86 1.5505534324949362
0.6974716728129194 1.4042553191489362 0.87 1.5559131725012736
0.7042511233383204 1.4042553191489362 0.88 1.5613858796379705
0.71098276356215 1.4042553191489362 0.89 1.5669742827903088
0.7176656431507238 1.4042553191489362 0.9 1.5726812442287066
0.7242987816387327 1.4042553191489362 0.91 1.578509773867042
0.730881164462802 1.4042553191489362 0.92 1.5844630471924597
0.7374117377360667 1.4042553191489362 0.93 1.59054442849519
0.7438894011069173 1.4042553191489362 0.94 1.596757502116059
0.7503129975896087 1.4042553191489362 0.95 1.603106116306275
0.7566812983766534 1.4042553191489362 0.96 1.6095944479139375
0.7629929619851636 1.4042553191489362 0.97 1.6162271749560668
0.7692462966717883 1.4042553191489362 0.98 1.6230104762201343
0.7754398200532195 1.4042553191489362 0.99 1.6299496585293383
0.0 1.4184397163120568 0.0 1.3562491325161286
0.008586709929042131 1.4184397163120568 0.01 1.3562708130779506
0.017173008052466687 1.4184397163120568 0.02 1.356335860113936
0.025758482494174787 1.4184397163120568 0.03 1.3564442896630529
0.03434272123687987 1.4184397163120568 0.04 1.356596128485897
0.042925312051610064 1.4184397163120568 0.05 1.3567914140594424
0.051505842426696084 1.4184397163120568 0.06 1.3570301946223942
0.06008389949696777 1.4184397163120568 0.07 1.3573125291931551
0.06865906997237646 1.4184397163120568 0.08 1.3576384876199268
0.07723094006646938 1.4184397163120568 0.09 1.358008150627158
0.08579909542456397 1.4184397163120568 0.1 1.3584216098694837
0.09436312105149872 1.4184397163120568 0.11 1.3588789679954147
0.10292260123882697 1.4184397163120568 0.12 1.359380338721879
0.11147711949172605 1.4184397163120568 0.13 1.3599258469101618
0.12002625845554633 1.4184397163120568 0.14 1.3605156286471158
0.1285695998407846 1.4184397163120568 0.15 1.361149831357638
0.13710672434871712 1.4184397163120568 0.16 1.361828613893039
0.14563721159571222 1.4184397163120568 0.17 1.3625521466446848
0.15416064003650873 1.4184397163120568 0.18 1.3633206116705034
0.16267658688699796 1.4184397163120568 0.19 1.3641342028230128
0.1711846280466065 1.4184397163120568 0.2 1.3649931258790537
0.17968433801865952 1.4184397163120568 0.21 1.3658975986975217
0.18817528983033394 1.4184397163120568 0.22 1.36684785137514
0.1966570549522146 1.4184397163120568 0.23 1.3678441264028263
0.20512920321505718 1.4184397163120568 0.24 1.3688866788565794
0.2135913027275463 1.4184397163120568 0.25 1.3699757765669345
0.22204291979052773 1.4184397163120568 0.26 1.3711117003305267
0.23048361881136137 1.4184397163120568 0.27 1.3722947441117936
0.23891296221692865 1.4184397163120568 0.28 1.373525215256141
0.2473305103639329 1.4184397163120568 0.29 1.37480343472907
0.25573582144887447 1.4184397163120568 0.3 1.3761297373518766
0.2641284514156261 1.4184397163120568 0.31 1.377504472058363
0.27250795386158105 1.4184397163120568 0.32 1.3789280021604
0.2808738799426038 1.4184397163120568 0.33 1.3804007056203986
0.289225778274154 1.4184397163120568 0.34 1.381922975356537
0.29756319483261917 1.4184397163120568 0.35 1.3834952195391728
0.30588567285090357 1.4184397163120568 0.36 1.38511786193612
0.31419275271996394 1.4184397163120568 0.37 1.3867913421970959
0.32248397187678307 1.4184397163120568 0.38 1.3885161162580346
0.33075886469696764 1.4184397163120568 0.39 1.3902926566945308
0.3390169623856591 1.4184397163120568 0.4 1.3921214530868735
0.3472577928595401 1.4184397163120568 0.41 1.394003012455098
0.3554808806326658 1.4184397163120568 0.42 1.3959378596556866
0.36368574669479387 1.4184397163120568 0.43 1.3979265378352022
0.37187190838829304 1.4184397163120568 0.44 1.3999696088892473
0.38003887928228336 1.4184397163120568 0.45 1.402067653938519
0.38818616904087333 1.4184397163120568 0.46 1.4042212738448805
0.396313283290981 1.4184397163120568 0.47 1.4064310897258177
0.4044197234832021 1.4184397163120568 0.48 1.4086977435158006
0.4125049867506547 1.4184397163120568 0.49 1.4110218985376712
0.42056856576267604 1.4184397163120568 0.5 1.4134042401067322
0.42860994857312174 1.4184397163120568 0.51 1.4158454761682293
0.43662861846645734 1.4184397163120568 0.52 1.418346337946669
0.4446240537959016 1.4184397163120568 0.53 1.4209075806454805
0.4525957278164524 1.4184397163120568 0.54 1.4235299841768632
0.46054310851551333 1.4184397163120568 0.55 1.4262143539051135
0.4684656584316503 1.4184397163120568 0.56 1.4289615214632747
0.47636283447437383 1.4184397163120568 0.57 1.431772345561633
0.48423408772908294 1.4184397163120568 0.58 1.4346477128866584
0.4920788632619217 1.4184397163120568 0.59 1.4375885389991847
0.4998965999112474 1.4184397163120568 0.6 1.4405957693126437
0.5076867300743202 1.4184397163120568 0.61 1.4436703800990918
0.5154486794842682 1.4184397163120568 0.62 1.4468133795526608
0.5231818669765892 1.4184397163120568 0.63 1.4500258089139877
0.5308857042490107 1.4184397163120568 0.64 1.4533087436341616
0.538559595602926 1.4184397163120568 0.65 1.4566632946435703
0.5462029376843897 1.4184397163120568 0.66 1.4600906096260222
0.5538151191989935 1.4184397163120568 0.67 1.4635918744389473
0.5613955206266288 1.4184397163120568 0.68 1.467168314537932
0.5689435139100912 1.4184397163120568 0.69 1.4708211965459788
0.5764584621322532 1.4184397163120568 0.7 1.4745518298876068
0.5839397191772433 1.4184397163120568 0.71 1.4783615685128755
0.5913866293676009 1.4184397163120568 0.72 1.4822518127522186
0.5987985270805363 1.4184397163120568 0.73 1.4862240112849059
0.6061747363423009 1.4184397163120568 0.74 1.490279663226284
0.6135145703938902 1.4184397163120568 0.75 1.4944203203673676
0.6208173312251389 1.4184397163120568 0.76 1.4986475895801363
0.6280823090738435 1.4184397163120568 0.77 1.502963135403839
0.6353087818913635 1.4184397163120568 0.78 1.5073686828046589
0.64249601475369 1.4184397163120568 0.79 1.5118660202083494
0.6496432592286808 1.4184397163120568 0.8 1.5164570027520328
0.6567497526742304 1.4184397163120568 0.81 1.5211435558726718
0.663814717472433 1.4184397163120568 0.82 1.5259276792046383
0.6708373601691148 1.4184397163120568 0.83 1.5308114509251882
0.6778168705138379 1.4184397163120568 0.84 1.535797032563962
0.684752420371165 1.4184397163120568 0.85 1.5408866744037149
0.6916431624726874 1.4184397163120568 0.86 1.5460827216011344
0.6984882289634118 1.4184397163120568 0.87 1.551387621224037
0.7052867297014922 1.4184397163120568 0.88 1.5568039303718102
0.7120377502094338 1.4184397163120568 0.89 1.5623343258103304
0.7187403491798762 1.4184397163120568 0.9 1.567981615517222
0.7253935553639478 1.4184397163120568 0.91 1.5737487528504177
0.7319963635874198 1.4184397163120568 0.92 1.5796388543908921
0.7385477294993189 1.4184397163120568 0.93 1.5856552230863084
0.745046562410715 1.4184397163120568 0.94 1.5918013793353025
0.7514917150936962 1.4184397163120568 0.95 1.5980811046587102
0.7578819685815508 1.4184397163120568 0.96 1.6044985059952597
0.7642159919384827 1.4184397163120568 0.97 1.6110581846600993
0.7704921116442703 1.4184397163120568 0.98 1.6177662016824808
0.7767088502949984 1.4184397163120568 0.99 1.6246278043247508
0.0 1.4326241134751774 0.0 1.3535187693135589
0.008595366648092746 1.4326241134751774 0.01 1.3535402854493082
0.017190323376595058 1.4326241134751774 0.02 1.3536048391267081
0.02578446019626666 1.4326241134751774 0.03 1.3537124461653025
0.03437736697856733 1.4326241134751774 0.04 1.353863132938429
0.042968633385878904 1.4326241134751774 0.05 1.3540569363946764
0.05155784880148551 1.4326241134751774 0.06 1.3542939040884707
0.06014460225967546 1.4326241134751774 0.07 1.3545740941994513
0.06872848237529214 1.4326241134751774 0.08 1.354897575581478
0.07730907727292385 1.4326241134751774 0.09 1.3552644278156716
0.08588597451643208 1.4326241134751774 0.1 1.3556747412462922
0.0944587610369531 1.4326241134751774 0.11 1.356128617067281
0.10302702306191681 1.4326241134751774 0.12 1.3566261673662061
0.11159034604219491 1.4326241134751774 0.13 1.3571675152216256
0.12014831457945217 1.4326241134751774 0.14 1.3577527947832349
0.1287005123532039 1.4326241134751774 0.15 1.35838215135594
0.1372465220460462 1.4326241134751774 0.16 1.359055741519034
0.14578592527006354 1.4326241134751774 0.17 1.3597737332125597
0.1543183024899988 1.4326241134751774 0.18 1.3605363058836673
0.1628432329488295 1.4326241134751774 0.19 1.3613436505790786
0.1713602945886591 1.4326241134751774 0.2 1.3621959701171857
0.17986906397475597 1.4326241134751774 0.21 1.3630934791971399
0.1883691162148103 1.4326241134751774 0.22 1.3640364045815843
0.19686002488032928 1.4326241134751774 0.23 1.3650249852371807
0.2053413619243958 1.4326241134751774 0.24 1.3660594725238784
0.21381269760030844 1.4326241134751774 0.25 1.367140130363876
0.22227360037737476 1.4326241134751774 0.26 1.3682672354435201
0.23072363685629013 1.4326241134751774 0.27 1.3694410774130015
0.23916237168326868 1.4326241134751774 0.28 1.3706619590959392
0.24758936746229265 1.4326241134751774 0.29 1.3719301967155857
0.25600418466472935 1.4326241134751774 0.3 1.3732461201439734
0.2644063815403174 1.4326241134751774 0.31 1.3746100731294466
0.27279551402308505 1.4326241134751774 0.32 1.376022413574093
0.28117113563805046 1.4326241134751774 0.33 1.3774835137956614
0.289532797404201 1.4326241134751774 0.34 1.3789937608219833
0.2978800477371615 1.4326241134751774 0.35 1.3805535566822043
0.3062124323469011 1.4326241134751774 0.36 1.3821633187394866
0.3145294941385261 1.4326241134751774 0.37 1.3838234799891458
0.32283077310377756 1.4326241134751774 0.38 1.3855344894366084
0.3311158062162158 1.4326241134751774 0.39 1.3872968124352263
0.33938412732067097 1.4326241134751774 0.4 1.3891109310698695
0.34763526702086905 1.4326241134751774 0.41 1.390977344550011
0.35586875256280665 1.4326241134751774 0.42 1.3928965696321918
0.36408410771976923 1.4326241134751774 0.43 1.3948691410246763
0.37228085266632277 1.4326241134751774 0.44 1.3968956118743947
0.38045850385767127 1.4326241134751774 0.45 1.3989765542064527
0.38861657389899557 1.4326241134751774 0.46 1.4011125594362437
0.39675457141581405 1.4326241134751774 0.47 1.4033042388689079
0.404872000915779 1.4326241134751774 0.48 1.4055522242570393
0.4129683626510134 1.4326241134751774 0.49 1.407857168349901
0.4210431524739104 1.4326241134751774 0.5 1.4102197454854495
0.4290958616880114 1.4326241134751774 0.51 1.4126406522122648
0.43712597689605526 1.4326241134751774 0.52 1.4151206079273135
0.44513297984067174 1.4326241134751774 0.53 1.417660355559659
0.45311634724182404 1.4326241134751774 0.54 1.4202606622724476
0.4610755506276338 1.4326241134751774 0.55 1.4229223202052523
0.469010056158725 1.4326241134751774 0.56 1.4256461472550663
0.4769193244485038 1.4326241134751774 0.57 1.4284329878809978
0.4848028103730813 1.4326241134751774 0.58 1.4312837139710866
0.4926599628783771 1.4326241134751774 0.59 1.4341992257250271
0.5004902247758813 1.4326241134751774 0.6 1.4371804526041563
0.5082930325321829 1.4326241134751774 0.61 1.4402283543175545
0.5160678160494753 1.4326241134751774 0.62 1.4433439218608124
0.52381399843697 1.4326241134751774 0.63 1.4465281786076098
0.5315309957723906 1.4326241134751774 0.64 1.4497821814586438
0.5392182168499177 1.4326241134751774 0.65 1.4531070220674462
0.5468750629234165 1.4326241134751774 0.66 1.4565038280947378
0.5545009274288173 1.4326241134751774 0.67 1.459973764579281
0.562095195697431 1.4326241134751774 0.68 1.463518035360202
0.569657244655417 1.4326241134751774 0.69 1.4671378845773668
0.5771864425032379 1.4326241134751774 0.7 1.4708345982814943
0.5846821483807509 1.4326241134751774 0.71 1.4746095061239664
0.592143712010339 1.4326241134751774 0.72 1.4784639831654376
0.5995704733182935 1.4326241134751774 0.73 1.4823994518011676
0.606961762036452 1.4326241134751774 0.74 1.4864173837930506
0.6143168972669938 1.4326241134751774 0.75 1.4905193024923975
0.6216351870306703 1.4326241134751774 0.76 1.4947067851523963
0.6289159277663393 1.4326241134751774 0.77 1.4989814654870781
0.6361584037997369 1.4326241134751774 0.78 1.503345036386933
0.6433618867658334 1.4326241134751774 0.79 1.507799252865988
0.6505256349765492 1.4326241134751774 0.8 1.5123459352767616
0.6576488927273556 1.4326241134751774 0.81 1.5169869728204541
0.6647308895331767 1.4326241134751774 0.82 1.5217243273938177
0.6717708392743554 1.4326241134751774 0.83 1.5265600378572683
0.6787679392386371 1.4326241134751774 0.84 1.5314962247824644
0.6857213690364657 1.4326241134751774 0.85 1.5365350957755415
0.6926302893513014 1.4326241134751774 0.86 1.54167895153917
0.6994938404922716 1.4326241134751774 0.87 1.5469301928066679
0.7063111406837996 1.4326241134751774 0.88 1.5522913284225202
0.713081284020506 1.4326241134751774 0.89 1.5577649848631918
0.7198033379577854 1.4326241134751774 0.9 1.5633539177364735
0.726476340196184 1.4326241134751774 0.91 1.569061025834878
0.7330992946776905 1.4326241134751774 0.92 1.574889368906781
0.739671166320772 1.4326241134751774 0.93 1.580842190665996
0.7461908738359153 1.4326241134751774 0.94 1.5869229497344353
0.7526572795121557 1.4326241134751774 0.95 1.5931353630517036
0.7590691740205864 1.4326241134751774 0.96 1.599483469727454
0.7654252368321343 1.4326241134751774 0.97 1.605971796332063
0.7717238126368232 1.4326241134751774 0.98 1.6126062880784382
0.7779634291068086 1.4326241134751774 0.99 1.6193921336527093
0.0 1.4468085106382977 0.0 1.3508223318755435
0.00860394154944819 1.4468085106382977 0.01 1.3508436862891062
0.017207475041717313 1.4468085106382977 0.02 1.3509077547243031
0.025810192350836293 1.4468085106382977 0.03 1.3510145527807047
0.03441168521331886 1.4468085106382977 0.04 1.3511641064582602
0.04301154515917274 1.4468085106382977 0.05 1.351356452189045
0.05160936344293871 1.4468085106382977 0.06 1.3515916368532235
0.06020473097441281 1.4468085106382977 0.07 1.351869717815626
0.06879723824928669 1.4468085106382977 0.08 1.3521907629601158
0.07738647527916538 1.4468085106382977 0.09 1.3525548507463567
0.08597203152206717 1.4468085106382977 0.1 1.3529620702421907
0.09455349581121388 1.4468085106382977 0.11 1.3534125212131518
0.10313045628508771 1.4468085106382977 0.12 1.3539063141608885
0.11170250031512224 1.4468085106382977 0.13 1.3544435704288467
0.12026921443493209 1.4468085106382977 0.14 1.3550244222565324
0.1288301842668118 1.4468085106382977 0.15 1.3556490128986394
0.13738499444997362 1.4468085106382977 0.16 1.3563174966951201
0.1459332285655435 1.4468085106382977 0.17 1.3570300392072183
0.15447446906288112 1.4468085106382977 0.18 1.3577868173161287
0.16300829718449214 1.4468085106382977 0.19 1.358588019345673
0.17153429288932734 1.4468085106382977 0.2 1.359433845206097
0.18005203477636156 1.4468085106382977 0.21 1.3603245065256024
0.1885611000067253 1.4468085106382977 0.22 1.3612602268004674
0.19706106422422312 1.4468085106382977 0.23 1.3622412415625371
0.20555150147560639 1.4468085106382977 0.24 1.3632677985430144
0.2140319841299543 1.4468085106382977 0.25 1.3643401578438168
0.22250208279533992 1.4468085106382977 0.26 1.3654585921388491
0.23096136623579633 1.4468085106382977 0.27 1.3666233868639592
0.2394094012862598 1.4468085106382977 0.28 1.367834840426841
0.2478457527655273 1.4468085106382977 0.29 1.3690932644337666
0.2562699833890723 1.4468085106382977 0.3 1.3703989839116288
0.2646816536789509 1.4468085106382977 0.31 1.371752337556954
0.27308032187296055 1.4468085106382977 0.32 1.3731536779864906
0.2814655438311112 1.4468085106382977 0.33 1.3746033720099795
0.2898368729410834 1.4468085106382977 0.34 1.376101800906888
0.2981938600220484 1.4468085106382977 0.35 1.3776493607141544
0.30653605322362043 1.4468085106382977 0.36 1.3792464625540386
0.31486299792802913 1.4468085106382977 0.37 1.380893532926077
0.3231742366440955 1.4468085106382977 0.38 1.382591014069149
0.3314693089029314 1.4468085106382977 0.39 1.3843393643011561
0.33974775114982625 1.4468085106382977 0.4 1.3861390583873476
0.3480090966324257 1.4468085106382977 0.41 1.3879905879341243
0.3562528752880738 1.4468085106382977 0.42 1.3898944617842748
0.36447861362706835 1.4468085106382977 0.43 1.3918512064405704
0.3726858346128873 1.4468085106382977 0.44 1.3938613665080286
0.38087405754029224 1.4468085106382977 0.45 1.395925505148
0.389042797908201 1.4468085106382977 0.46 1.398044204567246
0.39719156728973654 1.4468085106382977 0.47 1.4002180665228856
0.4053198732002182 1.4468085106382977 0.48 1.4024477128384514
0.4134272189583255 1.4468085106382977 0.49 1.4047337859647353
0.4215131035458999 1.4468085106382977 0.5 1.4070769495461106
0.42957702146055804 1.4468085106382977 0.51 1.4094778890327522
0.4376184625636677 1.4468085106382977 0.52 1.4119373123198042
0.44563691193141997 1.4468085106382977 0.53 1.4144559503643308
0.45363184968515186 1.4468085106382977 0.54 1.417034557934606
0.4616027508306439 1.4468085106382977 0.55 1.419673914297634
0.4695490850850663 1.4468085106382977 0.56 1.4223748239840912
0.4774703166976649 1.4468085106382977 0.57 1.4251381175896463
0.48536590426549797 1.4468085106382977 0.58 1.4279646526048457
0.4932353005409979 1.4468085106382977 0.59 1.4308553142931764
0.5010779522326009 1.4468085106382977 0.6 1.4338110166093463
0.5088932997992764 1.4468085106382977 0.61 1.4368327031533372
0.5166807772301494 1.4468085106382977 0.62 1.4399213482101463
0.5244398118226985 1.4468085106382977 0.63 1.443077957797685
0.5321698239489746 1.4468085106382977 0.64 1.4463035707840455
0.5398702268047837 1.4468085106382977 0.65 1.4495992601000256
0.5475404261565019 1.4468085106382977 0.66 1.4529661339661166
0.5551798200709288 1.4468085106382977 0.67 1.4564053372145263
0.562787798630355 1.4468085106382977 0.68 1.459918052692819
0.5703637436373643 1.4468085106382977 0.69 1.4635055027253638
0.5779070282995058 1.4468085106382977 0.7 1.4671689506843397
0.5854170168952914 1.4468085106382977 0.71 1.4709097026612044
0.592893064427514 1.4468085106382977 0.72 1.474729109208322
0.6003345162464636 1.4468085106382977 0.73 1.4786285672387132
0.6077407076563492 1.4468085106382977 0.74 1.4826095220156905
0.615110963488268 1.4468085106382977 0.75 1.4866734693149255
0.6224445976475005 1.4468085106382977 0.76 1.4908219577189832
0.6297409126252348 1.4468085106382977 0.77 1.495056591092072
0.6369991989678945 1.4468085106382977 0.78 1.4993790312657784
0.6442187347070832 1.4468085106382977 0.79 1.5037910009195983
0.6513987847286952 1.4468085106382977 0.8 1.5082942867555829
0.6585386000889036 1.4468085106382977 0.81 1.5128907429273266
0.665637417250703 1.4468085106382977 0.82 1.517582294842734
0.6726944572358209 1.4468085106382977 0.83 1.5223709433587669
0.6797089246697385 1.4468085106382977 0.84 1.5272587694641167
0.6866800066974521 1.4468085106382977 0.85 1.5322479395431334
0.6936068717391634 1.4468085106382977 0.86 1.5373407113494961
0.7004886680390697 1.4468085106382977 0.87 1.5425394408852708
0.707324521955497 1.4468085106382977 0.88 1.5478465903967464
0.7141135359094122 1.4468085106382977 0.89 1.5532647378290727
0.7208547858743832 1.4468085106382977 0.9 1.5587965882189865
0.7275473182448762 1.4468085106382977 0.91 1.564444987690262
0.7341901458266709 1.4468085106382977 0.92 1.5702129410970342
0.7407822425534335 1.4468085106382977 0.93 1.576103634926322
0.7473225362940609 1.4468085106382977 0.94 1.5821204680415535
0.7538098986326255 1.4468085106382977 0.95 1.5882670948153694
0.7602431296912788 1.4468085106382977 0.96 1.5945474884839943
0.7666209192282522 1.4468085106382977 0.97 1.6009661026843194
0.7729416301125142 1.4468085106382977 0.98 1.6075287687655304
0.7792037952216664 1.4468085106382977 0.99 1.6142406176369126
0.0 1.4609929078014183 0.0 1.3481592678808323
0.008612435557163543 1.4609929078014183 0.01 1.3481804632163876
0.01722446489636191 1.4609929078014183 0.02 1.348244054345127
0.0258356817317293 1.4609929078014183 0.03 1.3483500566457756
0.03444567964153585 1.4609929078014183 0.04 1.3484984957609454
0.04305405200019105 1.4609929078014183 0.05 1.3486894076114846
0.05166039190996688 1.4609929078014183 0.06 1.348922838428288
0.06026429213287685 1.4609929078014183 0.07 1.3491988447695387
0.0688653450218125 1.4609929078014183 0.08 1.3495174935756695
0.07746314245185275 1.4609929078014183 0.09 1.3498788622047686
0.08605727575105689 1.4609929078014183 0.1 1.3502830384872537
0.09464733563090924 1.4609929078014183 0.11 1.3507301207860654
0.10323291211646968 1.4609929078014183 0.12 1.3512202180607769
0.11181359447587368 1.4609929078014183 0.13 1.3517534499449755
0.12038897114951776 1.4609929078014183 0.14 1.352329946825444
0.1289586296783995 1.4609929078014183 0.15 1.352949849936007
0.137522156631872 1.4609929078014183 0.16 1.3536133114569726
0.14607913753588764 1.4609929078014183 0.17 1.3543204946003193
0.15462915679811318 1.4609929078014183 0.18 1.355071573751744
0.16317179763461132 1.4609929078014183 0.19 1.3558667345730553
0.17170664199471763 1.4609929078014183 0.2 1.3567061741340014
0.18023327048458426 1.4609929078014183 0.21 1.3575901010588407
0.1887512622909015 1.4609929078014183 0.22 1.3585187356633395
0.1972601951029446 1.4609929078014183 0.23 1.3594923101125884
0.20575964503289723 1.4609929078014183 0.24 1.3605110685963144
0.21424918653691405 1.4609929078014183 0.25 1.3615752674875734
0.2227283923326207 1.4609929078014183 0.26 1.3626851755437446
0.23119683331785268 1.4609929078014183 0.27 1.363841074084469
0.239654078485992 1.4609929078014183 0.28 1.3650432572068922
0.24809969484053682 1.4609929078014183 0.29 1.3662920320024103
0.256533247308763 1.4609929078014183 0.3 1.367587718778014
0.26495429865392145 1.4609929078014183 0.31 1.368930651288903
0.27336240938409206 1.4609929078014183 0.32 1.3703211770007804
0.28175713766127697 1.4609929078014183 0.33 1.371759657342872
0.29013803920773146 1.4609929078014183 0.34 1.3732464679838845
0.298504667210466 1.4609929078014183 0.35 1.374781999119925
0.3068565722242036 1.4609929078014183 0.36 1.3763666557716328
0.31519330207071516 1.4609929078014183 0.37 1.378000858109095
0.3235144017384973 1.4609929078014183 0.38 1.3796850417679682
0.33181941327803177 1.4609929078014183 0.39 1.3814196582000422
0.34010787569423717 1.4609929078014183 0.4 1.3832051750416274
0.34837932483930895 1.4609929078014183 0.41 1.3850420764737315
0.35663329330021276 1.4609929078014183 0.42 1.3869308636220867
0.3648693102800649 1.4609929078014183 0.43 1.3888720549991462
0.3730869014888435 1.4609929078014183 0.44 1.390866186869129
0.3812855890144885 1.4609929078014183 0.45 1.3929138137608115
0.3894648912025465 1.4609929078014183 0.46 1.3950155089083753
0.397624322527446 1.4609929078014183 0.47 1.3971718647513653
0.4057633934611534 1.4609929078014183 0.48 1.399383493448881
0.4138816103385056 1.4609929078014183 0.49 1.4016510274135683
0.4219784752175961 1.4609929078014183 0.5 1.4039751198764299
0.4300534857350964 1.4609929078014183 0.51 1.4063564454822586
0.4381061349590381 1.4609929078014183 0.52 1.4087957008986856
0.44613591123609403 1.4609929078014183 0.53 1.411293605458963
0.4541422980312632 1.4609929078014183 0.54 1.4138509018507388
0.46212477376702266 1.4609929078014183 0.55 1.4164683568056455
0.47008281165141813 1.4609929078014183 0.56 1.4191467618564135
0.47801587950446306 1.4609929078014183 0.57 1.4218869341020781
0.48592343957495854 1.4609929078014183 0.58 1.424689717030191
0.4938049483512583 1.4609929078014183 0.59 1.4275559813736034
0.5016598563668639 1.4609929078014183 0.6 1.430486625997174
0.5094876079931607 1.4609929078014183 0.61 1.4334825788587415
0.5172876412302582 1.4609929078014183 0.62 1.4365447979806605
0.5250593874826135 1.4609929078014183 0.63 1.439674272508236
0.532802271328141 1.4609929078014183 0.64 1.4428720238046824
0.5405157102773744 1.4609929078014183 0.65 1.44613910660247
0.5481991145180519 1.4609929078014183 0.66 1.4494766102356207
0.5558518866520018 1.4609929078014183 0.67 1.452885659915454
0.5634734214139316 1.4609929078014183 0.68 1.4563674181053425
0.5710631053782125 1.4609929078014183 0.69 1.4599230859612042
0.5786203166512296 1.4609929078014183 0.7 1.4635539048508905
0.5861444245405908 1.4609929078014183 0.71 1.4672611579963886
0.5936347892116932 1.4609929078014183 0.72 1.4710461721844688
0.6010907613176654 1.4609929078014183 0.73 1.4749103196164737
0.6085116816092233 1.4609929078014183 0.74 1.478855019863244
0.615896880511985 1.4609929078014183 0.75 1.482881741985904
0.6232456776814953 1.4609929078014183 0.76 1.4869920067710944
0.6305573815148561 1.4609929078014183 0.77 1.4911873891820762
0.6378312886314289 1.4609929078014183 0.78 1.495469520963422
0.6450666833008957 1.4609929078014183 0.79 1.49984009350129
0.6522628368225274 1.4609929078014183 0.8 1.5043008609176223
0.6594190068407909 1.4609929078014183 0.81 1.508853643465065
0.6665344365914979 1.4609929078014183 0.82 1.5135003312454165
0.6736083540511003 1.4609929078014183 0.83 1.518242888372097
0.6806399709908255 1.4609929078014183 0.84 1.5230833575618512
0.6876284818902004 1.4609929078014183 0.85 1.5280238653536744
0.6945730626967895 1.4609929078014183 0.86 1.533066628002231
0.7014728693744511 1.4609929078014183 0.87 1.5382139582892973
0.7083270361920011 1.4609929078014183 0.88 1.543468273446504
0.7151346736676966 1.4609929078014183 0.89 1.5488321045363638
0.7218948660572592 1.4609929078014183 0.9 1.5543081077477738
0.7286066682114678 1.4609929078014183 0.91 1.5598990783138962
0.7352691015580317 1.4609929078014183 0.92 1.5656079680440307
0.7418811488126525 1.4609929078014183 0.93 1.5714379080690617
0.7484417467768174 1.4609929078014183 0.94 1.577392239399169
0.7549497761230861 1.4609929078014183 0.95 1.5834745557385579
0.7614040462608866 1.4609929078014183 0.96 1.5896887662566572
0.7678032571240322 1.4609929078014183 0.97 1.5960392533821985
0.774145789723524 1.4609929078014183 0.98 1.6025317365124452
0.7804301822904386 1.4609929078014183 0.99 1.6091712894574866
0.0 1.475177304964539 0.0 1.3455290362540921
0.00862084958349219 1.475177304964539 0.01 1.3455500750943663
0.017241294765458104 1.475177304964539 0.02 1.3456131966746174
0.025860931077312344 1.475177304964539 0.03 1.3457184161582794
0.034479353916299464 1.475177304964539 0.04 1.3458657588326606
0.043096158478299944 1.475177304964539 0.05 1.3460552601236095
0.05171093969043405 1.475177304964539 0.06 1.3462869656228815
0.060323292143854734 1.475177304964539 0.07 1.3465609311028897
0.06893281002538003 1.475177304964539 0.08 1.3468772225868675
0.0775390870503069 1.475177304964539 0.09 1.3472359163538774
0.08614171639357494 1.475177304964539 0.1 1.3476370990162276
0.09474029062104758 1.475177304964539 0.11 1.3480808675762503
0.10333440162092361 1.475177304964539 0.12 1.348567329477078
0.11192364053374305 1.475177304964539 0.13 1.3490966026904443
0.12050759768250607 1.475177304964539 0.14 1.3496688157916936
0.1290858625023866 1.475177304964539 0.15 1.350284108041281
0.13765802346909708 1.475177304964539 0.16 1.3509426294908375
0.14622366802734485 1.475177304964539 0.17 1.351644541079433
0.15478238251822674 1.475177304964539 0.18 1.352390014746183
0.16333375210601256 1.475177304964539 0.19 1.3531792335479151
0.1718773607042051 1.475177304964539 0.2 1.3540123917840048
0.1804127908999537 1.475177304964539 0.21 1.354889695141911
0.18893962387917848 1.475177304964539 0.22 1.3558113608251356
0.19745743934864055 1.475177304964539 0.23 1.35677761772252
0.2059658154590014 1.475177304964539 0.24 1.3577887065557206
0.21446432872506022 1.475177304964539 0.25 1.3588448800610446
0.2229525539464492 1.475177304964539 0.26 1.3599464031584951
0.23143006412475814 1.475177304964539 0.27 1.3610935531605421
0.2398964303823843 1.475177304964539 0.28 1.3622866199527148
0.24835122187767036 1.475177304964539 0.29 1.363525906214185
0.25679400571933564 1.475177304964539 0.3 1.364811727639256
0.26522434687987895 1.475177304964539 0.31 1.3661444131647733
0.27364180810579614 1.475177304964539 0.32 1.3675243052256594
0.28204594982808856 1.475177304964539 0.33 1.3689517600010375
0.2904363300703933 1.475177304964539 0.34 1.3704271476799057
0.2988125043535257 1.475177304964539 0.35 1.371950852755669
0.3071740256009601 1.475177304964539 0.36 1.373523274305721
0.31552044403979435 1.475177304964539 0.37 1.3751448263082808
0.32385130710021554 1.475177304964539 0.38 1.376815937966365
0.33216615931415305 1.475177304964539 0.39 1.378537054034081
0.3404645422091397 1.475177304964539 0.4 1.3803086351791816
0.3487459942006962 1.475177304964539 0.41 1.3821311583519758
0.3570100504831772 1.475177304964539 0.42 1.3840051171622647
0.3652562429157237 1.475177304964539 0.43 1.3859310222907537
0.3734840999066077 1.475177304964539 0.44 1.3879094019077394
0.381693146294733 1.475177304964539 0.45 1.3899408021093582
0.3898829032261644 1.475177304964539 0.46 1.3920257873864992
0.3980528880293806 1.475177304964539 0.47 1.3941649410985388
0.4062026140853284 1.475177304964539 0.48 1.3963588659806911
0.4143315906951345 1.475177304964539 0.49 1.3986081846639653
0.42243932294109926 1.475177304964539 0.5 1.40091354023777
0.43052531154690876 1.475177304964539 0.51 1.40327559681401
0.4385890527314032 1.475177304964539 0.52 1.4056950401315653
0.4466300380553762 1.475177304964539 0.53 1.4081725782026493
0.4546477542704219 1.475177304964539 0.54 1.410708941943363
0.46264168315393284 1.475177304964539 0.55 1.413304885890336
0.4706113013442663 1.475177304964539 0.56 1.41596118891303
0.4785560801665862 1.475177304964539 0.57 1.418678654981733
0.4864754854535503 1.475177304964539 0.58 1.4214581139645723
0.49436897736280394 1.475177304964539 0.59 1.4243004224428983
0.5022360101788063 1.475177304964539 0.6 1.4272064646177527
0.5100760321145964 1.475177304964539 0.61 1.4301771532150849
0.5178884851010069 1.475177304964539 0.62 1.4332134304629378
0.5256728045702972 1.475177304964539 0.63 1.4363162691001157
0.5334284192258646 1.475177304964539 0.64 1.43948667346285
0.5411547508043341 1.475177304964539 0.65 1.4427256806136695
0.5488512138275425 1.475177304964539 0.66 1.446034361526718
0.5565172153387996 1.475177304964539 0.67 1.449413822359055
0.5641521546283377 1.475177304964539 0.68 1.4528652057809273
0.5717554229440736 1.475177304964539 0.69 1.4563896923855897
0.5793264031852492 1.475177304964539 0.7 1.4599885021905845
0.5868644695810641 1.475177304964539 0.71 1.4636628962191602
0.5943689873468302 1.475177304964539 0.72 1.4674141781992616
0.6018393123217248 1.475177304964539 0.73 1.4712436963585853
0.6092747905773841 1.475177304964539 0.74 1.4751528453683118
0.6166747580102457 1.475177304964539 0.75 1.4791430683712237
0.6240385398902627 1.475177304964539 0.76 1.4832158592269038
0.6313654503843168 1.475177304964539 0.77 1.4873727648824824
0.6386547920387567 1.475177304964539 0.78 1.4916153879432181
0.6459058552116425 1.475177304964539 0.79 1.4959453894844488
0.6531179174572127 1.475177304964539 0.8 1.5003644920900068
0.6602902428473225 1.475177304964539 0.81 1.5048744831854566
0.6674220812171389 1.475177304964539 0.82 1.5094772187200922
0.6745126673235613 1.475177304964539 0.83 1.514174627244773
0.6815612198961587 1.475177304964539 0.84 1.5189687144705208
0.6885669405590543 1.475177304964539 0.85 1.5238615683962982
0.6955290125877324 1.475177304964539 0.86 1.528855365155777
0.7024465994597907 1.475177304964539 0.87 1.5339523757498725
0.7093188431414733 1.475177304964539 0.88 1.5391549739019112
0.7161448620311864 1.475177304964539 0.89 1.5444656453546302
0.7229237484439889 1.475177304964539 0.9 1.5498869990789241
0.7296545654601247 1.475177304964539 0.91 1.5554217811106719
0.736336342906362 1.475177304964539 0.92 1.5610728919415122
0.7429680720594188 1.475177304964539 0.93 1.5668434091222048
0.7495486984411304 1.475177304964539 0.94 1.5727366176118962
0.7560771116296954 1.475177304964539 0.95 1.578756052197685
0.7625521301657263 1.475177304964539 0.96 1.5849055597079735
0.7689724640672974 1.475177304964539 0.97 1.5911894529529562
0.775336512430454 1.475177304964539 0.98 1.5976133413115425
0.7816428190143464 1.475177304964539 0.99 1.6041822420216152
0.0 1.4893617021276595 0.0 1.3429311068738583
0.00862918452906152 1.4893617021276595 0.01 1.3429519917500292
0.017257966450652695 1.4893617021276595 0.02 1.3430146513701509
0.025885943091086053 1.4893617021276595 0.03 1.3431191006875376
0.0345127116441391 1.4893617021276595 0.04 1.34326536464405
0.0431378691046448 1.4893617021276595 0.05 1.3434534781836138
0.051761012202158965 1.4893617021276595 0.06 1.3436834862647489
0.06038173733399842 1.4893617021276595 0.07 1.343955443909256
0.0689996404986463 1.4893617021276595 0.08 1.344269416220835
0.07761431722844973 1.4893617021276595 0.09 1.3446254784379772
0.08622536252219015 1.4893617021276595 0.1 1.3450237159824794
0.09483237077713787 1.4893617021276595 0.11 1.3454642245205295
0.10343493572096822 1.4893617021276595 0.12 1.3459471100221516
0.11203265034353554 1.4893617021276595 0.13 1.346472488822694
0.12062510682667144 1.4893617021276595 0.14 1.3470404877288602
0.12921189647547593 1.4893617021276595 0.15 1.347651244078739
0.1377926096475445 1.4893617021276595 0.16 1.3483049058477516
0.1463668356823447 1.4893617021276595 0.17 1.3490016317431923
0.15493416282946265 1.4893617021276595 0.18 1.3497415913162305
0.16349417817617415 1.4893617021276595 0.19 1.3505249650795892
0.1720464675745789 1.4893617021276595 0.2 1.351351944627241
0.18059061556730416 1.4893617021276595 0.21 1.3522227327723282
0.189126205312768 1.4893617021276595 0.22 1.3531375436854014
0.1976528185094727 1.4893617021276595 0.23 1.3540966030420378
0.20617003531890293 1.4893617021276595 0.24 1.355100148184666
0.21467743428741579 1.4893617021276595 0.25 1.3561484282916787
0.22317459226798458 1.4893617021276595 0.26 1.357241704543301
0.23166108433805616 1.4893617021276595 0.27 1.3583802503307434
0.24013648372065036 1.4893617021276595 0.28 1.3595643514192586
0.2486003616985047 1.4893617021276595 0.29 1.3607943061893415
0.25705228753156484 1.4893617021276595 0.3 1.362070425831142
0.2654918283710435 1.4893617021276595 0.31 1.3633930345737306
0.2739185491703485 1.4893617021276595 0.32 1.3647624699407288
0.28233201259810864 1.4893617021276595 0.33 1.3661790829782334
0.2907317789453074 1.4893617021276595 0.34 1.3676432385375226
0.29911740603445913 1.4893617021276595 0.35 1.369155315531371
0.3074884491224153 1.4893617021276595 0.36 1.3707157072457725
0.31584446080614864 1.4893617021276595 0.37 1.3723248216178654
0.3241849909225728 1.4893617021276595 0.38 1.373983081563707
0.3325095864477291 1.4893617021276595 0.39 1.3756909253053662
0.3408177913931734 1.4893617021276595 0.4 1.377448806717005
0.349109146700063 1.4893617021276595 0.41 1.37925719568506
0.3573831901299444 1.4893617021276595 0.42 1.3811165784901611
0.36563945615517696 1.4893617021276595 0.43 1.3830274581875013
0.3738774758428726 1.4893617021276595 0.44 1.3849903550333789
0.38209677673710574 1.4893617021276595 0.45 1.3870058069191125
0.3902968827418168 1.4893617021276595 0.46 1.3890743697963615
0.39847731399344777 1.4893617021276595 0.47 1.391196618173882
0.40663758673394246 1.4893617021276595 0.48 1.393373145605902
0.41477721318220945 1.4893617021276595 0.49 1.3956045651884874
0.42289570139465016 1.4893617021276595 0.5 1.3978915101275604
0.43099255513014784 1.4893617021276595 0.51 1.40023463427247
0.4390672737041659 1.4893617021276595 0.52 1.4026346127199754
0.44711935183953355 1.4893617021276595 0.53 1.4050921424356562
0.45514827951435094 1.4893617021276595 0.54 1.4076079428910147
0.4631535418032255 1.4893617021276595 0.55 1.4101827567405805
0.4711346187140037 1.4893617021276595 0.56 1.4128173505248156
0.4790909850131806 1.4893617021276595 0.57 1.415512515439576
0.4870221100562739 1.4893617021276595 0.58 1.4182690680738106
0.49492745759744633 1.4893617021276595 0.59 1.421087851269741
0.5028064856063219 1.4893617021276595 0.6 1.423969734938871
0.510658646062815 1.4893617021276595 0.61 1.4269156170048032
0.5184833847565385 1.4893617021276595 0.62 1.429926424318415
0.52628014106852 1.4893617021276595 0.63 1.4330031136731987
0.5340483477464486 1.4893617021276595 0.64 1.4361466728557162
0.5417874306716258 1.4893617021276595 0.65 1.439358121742255
0.5494968086119081 1.4893617021276595 0.66 1.442638513472327
0.5571758929627401 1.4893617021276595 0.67 1.4459889356866038
0.564824087475665 1.4893617021276595 0.68 1.4494105118322937
0.5724407879756878 1.4893617021276595 0.69 1.4529044025290054
0.580025382054706 1.4893617021276595 0.7 1.4564718070602019
0.5875772487573245 1.4893617021276595 0.71 1.4601139649057004
0.5950957582400442 1.4893617021276595 0.72 1.4638321574119337
0.6025802714122338 1.4893617021276595 0.73 1.467627709555804
0.6100301395530185 1.4893617021276595 0.74 1.47150199183094
0.6174447039022164 1.4893617021276595 0.75 1.4754564222644408
0.6248232952184083 1.4893617021276595 0.76 1.479492468596177
0.6321652333028775 1.4893617021276595 0.77 1.483611650624645
0.6394698264905021 1.4893617021276595 0.78 1.4878155427130624
0.6467363710813844 1.4893617021276595 0.79 1.4921057765766785
0.6539641507367885 1.4893617021276595 0.8 1.4964840442374825
0.6611524357960344 1.4893617021276595 0.81 1.5009521013449862
0.6683004825312531 1.4893617021276595 0.82 1.505511770779091
0.6754075323078678 1.4893617021276595 0.83 1.5101649466772742
0.6824728106398759 1.4893617021276595 0.84 1.5149135989275406
0.6894955261107073 1.4893617021276595 0.85 1.5197597782492134
0.6964748691340451 1.4893617021276595 0.86 1.5247056219637762
0.7034100105037094 1.4893617021276595 0.87 1.5297533606657656
0.7103000996834313 1.4893617021276595 0.88 1.5349053259894014
0.7171442627449793 1.4893617021276595 0.89 1.5401639598438754
0.7239415998478785 1.4893617021276595 0.9 1.545531825543616
0.7306911820932745 1.4893617021276595 0.91 1.551011621506011
0.7373920474941923 1.4893617021276595 0.92 1.5566061985512256
0.7440431956804904 1.4893617021276595 0.93 1.5623185823296653
0.7506435807033901 1.4893617021276595 0.94 1.5681520034194616
0.7571921008679571 1.4893617021276595 0.95 1.5741099393807578
0.7636875837143341 1.4893617021276595 0.96 1.580196176278781
0.7701287492585973 1.4893617021276595 0.97 1.586414958826683
0.77651401461716 1.4893617021276595 0.98 1.5927717882905452
0.7828419292686056 1.4893617021276595 0.99 1.599271625757028
0.0 1.50354609929078 0.0 1.340364960311839
0.008637441283061476 1.50354609929078 0.01 1.3403856936970862
0.01727448173072624 1.50354609929078 0.02 1.3404478987777455
0.025910720442190907 1.50354609929078 0.03 1.3405515903033163
0.03454575638572592 1.50354609929078 0.04 1.3406967928773381
0.04317918833306226 1.50354609929078 0.05 1.3408835409702582
0.05181061479392063 1.50354609929078 0.06 1.3411118789282506
0.060439633949867136 1.50354609929078 0.07 1.3413818610228956
0.06906584358828478 1.50354609929078 0.08 1.3416935514794446
0.07768884103638536 1.50354609929078 0.09 1.3420470245066038
0.08630822309404036 1.50354609929078 0.1 1.342442364368081
0.09492358596726817 1.50354609929078 0.11 1.3428796654205015
0.10353452520055081 1.50354609929078 0.12 1.3433590321875035
0.11214063560927656 1.50354609929078 0.13 1.3438805794222035
0.1207415112111666 1.50354609929078 0.14 1.3444444321917786
0.12933674515771484 1.50354609929078 0.15 1.3450507259548905
0.13792592966488396 1.50354609929078 0.16 1.3456996066521347
0.14650865594247228 1.50354609929078 0.17 1.346391230817119
0.15508451412425045 1.50354609929078 0.18 1.3471257656659252
0.1636530931959437 1.50354609929078 0.19 1.3479033892230248
0.1722139809232457 1.50354609929078 0.2 1.3487242904388208
0.1807667637787058 1.50354609929078 0.21 1.3495886693208128
0.18931102686803677 1.50354609929078 0.22 1.3504967370682337
0.1978463538551081 1.50354609929078 0.23 1.3514487162210336
0.20637232688531965 1.50354609929078 0.24 1.3524448408249652
0.2148885265103244 1.50354609929078 0.25 1.3534853565728224
0.2233945316084967 1.50354609929078 0.26 1.3545705209978436
0.23188991930586947 1.50354609929078 0.27 1.3557006036526968
0.24037426489650635 1.50354609929078 0.28 1.356875886291045
0.24884714175945338 1.50354609929078 0.29 1.3580966630840274
0.25730812127651026 1.50354609929078 0.3 1.3593632408208003
0.26575677274677495 1.50354609929078 0.31 1.360675939139833
0.27419266330068953 1.50354609929078 0.32 1.3620350907592147
0.2826153578118239 1.50354609929078 0.33 1.3634410417249994
0.29102441880769375 1.50354609929078 0.34 1.3648941516637374
0.2994194063780641 1.50354609929078 0.35 1.366394794054367
0.30779987808082226 1.50354609929078 0.36 1.3679433565170231
0.31616538884873097 1.50354609929078 0.37 1.3695402410889805
0.324515490888675 1.50354609929078 0.38 1.3711858645627142
0.3328497335859571 1.50354609929078 0.39 1.3728806587740374
0.3411676633980001 1.50354609929078 0.4 1.374625070976493
0.34946882375409705 1.50354609929078 0.41 1.3764195641592325
0.3577527549446268 1.50354609929078 0.42 1.3782646174469457
0.36601899401459065 1.50354609929078 0.43 1.3801607264595654
0.37426707464664716 1.50354609929078 0.44 1.3821084037492581
0.3824965270518852 1.50354609929078 0.45 1.3841081791739094
0.3907068778453067 1.50354609929078 0.46 1.3861606003815112
0.39889764992764165 1.50354609929078 0.47 1.388266233242294
0.40706836235493593 1.50354609929078 0.48 1.3904256623646236
0.41521853021623323 1.50354609929078 0.49 1.3926394915500737
0.4233476644953668 1.50354609929078 0.5 1.3949083443557626
0.43145527193373945 1.50354609929078 0.51 1.3972328646441434
0.4395408548916564 1.50354609929078 0.52 1.3996137171399334
0.4476039112004891 1.50354609929078 0.53 1.40205158804441
0.45564393400895026 1.50354609929078 0.54 1.4045471856831804
0.463660411633391 1.50354609929078 0.55 1.40710124112652
0.471652827388282 1.50354609929078 0.56 1.409714508930684
0.4796206594249377 1.50354609929078 0.57 1.4123877678253656
0.48756338055323445 1.50354609929078 0.58 1.4151218215026087
0.4954804580637004 1.50354609929078 0.59 1.4179174994009076
0.5033713535387208 1.50354609929078 0.6 1.420775657551964
0.511235522658539 1.50354609929078 0.61 1.4236971794561193
0.5190724149958281 1.50354609929078 0.62 1.4266829770217417
0.5268814738066901 1.50354609929078 0.63 1.429733991524059
0.5346621358049592 1.50354609929078 0.64 1.432851194656105
0.5424138309358633 1.50354609929078 0.65 1.436035589583104
0.5501359821274061 1.50354609929078 0.66 1.439288212117633
0.5578280050413212 1.50354609929078 0.67 1.4426101318973026
0.565489307801224 1.50354609929078 0.68 1.4460024536840508
0.5731192907111626 1.50354609929078 0.69 1.449466318713878
0.5807173459619717 1.50354609929078 0.7 1.453002906111609
0.5882828573089832 1.50354609929078 0.71 1.4566134344529218
0.5958151997450271 1.50354609929078 0.72 1.4602991633516915
0.6033137391411363 1.50354609929078 0.73 1.4640613952110957
0.6107778318664797 1.50354609929078 0.74 1.4679014770785361
0.6182068243895925 1.50354609929078 0.75 1.4718208025947561
0.6256000528285653 1.50354609929078 0.76 1.4758208141911817
0.6329568424949736 1.50354609929078 0.77 1.4799030053184818
0.6402765073739897 1.50354609929078 0.78 1.4840689229800474
0.6475583495728959 1.50354609929078 0.79 1.4883201704132727
0.6548016587088182 1.50354609929078 0.8 1.492658410053309
0.6620057112409882 1.50354609929078 0.81 1.4970853667502535
0.6691697697212581 1.50354609929078 0.82 1.5016028313558025
0.6762930819603286 1.50354609929078 0.83 1.506212664684111
0.683374880084652 1.50354609929078 0.84 1.5109168019527943
0.6904143794642503 1.50354609929078 0.85 1.5157172577829225
0.6974107774681346 1.50354609929078 0.86 1.5206161319378462
0.7043632520214109 1.50354609929078 0.87 1.5256156158989016
0.7112709598902135 1.50354609929078 0.88 1.5307180005813485
0.7181330346226447 1.50354609929078 0.89 1.5359256854748022
0.7249485840269515 1.50354609929078 0.9 1.541241189684667
0.7317166870209596 1.50354609929078 0.91 1.5466671655365434
0.7384363896056604 1.50354609929078 0.92 1.5522064157276947
0.7451066995708255 1.50354609929078 0.93 1.5578619155881916
0.7517265793159641 1.50354609929078 0.94 1.5636368429041214
0.758294935715494 1.50354609929078 0.95 1.5695346195683926
0.7648106051841892 1.50354609929078 0.96 1.5755589723904118
0.77127231766189 1.50354609929078 0.97 1.5817140794134177
0.777678508206582 1.50354609929078 0.98 1.5880053356966932
0.7840277322256541 1.50354609929078 0.99 1.5944376464886645
0.0 1.5177304964539007 0.0 1.337830087561985
0.00864562072339254 1.5177304964539007 0.01 1.337850671878619
0.017290842361865958 1.5177304964539007 0.02 1.3379124296782208
0.025935265765865127 1.5177304964539007 0.03 1.3380153755167241
0.03457849165652929 1.5177304964539007 0.04 1.3381595336634047
0.043220120560816686 1.5177304964539007 0.05 1.338344938124881
0.05185975274674038 1.5177304964539007 0.06 1.338571632655263
0.060496988158241866 1.5177304964539007 0.07 1.338839670791807
0.06913142634994585 1.5177304964539007 0.08 1.339149115888376
0.0777626664214734 1.5177304964539007 0.09 1.3395000411631406
0.08639030695193646 1.5177304964539007 0.1 1.3398925297345339
0.0950139459335876 1.5177304964539007 0.11 1.3403266746848597
0.10363318070518561 1.5177304964539007 0.12 1.3408025791237848
0.11224760788501974 1.5177304964539007 0.13 1.3413203562557618
0.12085682330376818 1.5177304964539007 0.14 1.3418801294480058
0.12946042193645704 1.5177304964539007 0.15 1.3424820323163222
0.13805799783330633 1.5177304964539007 0.16 1.3431262088274303
0.14664914405149929 1.5177304964539007 0.17 1.3438128133758844
0.15523345258495502 1.5177304964539007 0.18 1.344542010898048
0.16381051429346494 1.5177304964539007 0.19 1.3453139769892586
0.17237991883197937 1.5177304964539007 0.2 1.3461288980127863
0.18094125457831045 1.5177304964539007 0.21 1.3469869712310016
0.1894941085597306 1.5177304964539007 0.22 1.3478884049468467
0.19803806637978652 1.5177304964539007 0.23 1.3488334186364053
0.20657271214284056 1.5177304964539007 0.24 1.349822243109444
0.21509762837819477 1.5177304964539007 0.25 1.3508551206687567
0.22361239596335578 1.5177304964539007 0.26 1.3519323052757495
0.23211659404527177 1.5177304964539007 0.27 1.353054062736094
0.2406097999614902 1.5177304964539007 0.28 1.3542206708803934
0.24909158915890933 1.5177304964539007 0.29 1.3554324197681145
0.2575615351121497 1.5177304964539007 0.3 1.3566896118899576
0.26601920923847394 1.5177304964539007 0.31 1.357992562402114
0.2744641808150703 1.5177304964539007 0.32 1.3593415993299098
0.2828960168900185 1.5177304964539007 0.33 1.3607370638323195
0.29131428219569355 1.5177304964539007 0.34 1.3621793104353064
0.29971853905725887 1.5177304964539007 0.35 1.3636687073086085
0.3081083473007739 1.5177304964539007 0.36 1.3652056365396719
0.3164832641598385 1.5177304964539007 0.37 1.3667904944164317
0.3248428441787985 1.5177304964539007 0.38 1.3684236917358987
0.333186639114426 1.5177304964539007 0.39 1.370105654120388
0.3415141978358875 1.5177304964539007 0.4 1.3718368223435808
0.3498250662225228 1.5177304964539007 0.41 1.3736176526705683
0.3581187870547712 1.5177304964539007 0.42 1.3754486172475322
0.36639489991082497 1.5177304964539007 0.43 1.3773302044411062
0.3746529410517938 1.5177304964539007 0.44 1.3792629192636103
0.38289244331032724 1.5177304964539007 0.45 1.381247283766234
0.3911129359724987 1.5177304964539007 0.46 1.383283837478923
0.39931394465692044 1.5177304964539007 0.47 1.3853731378653713
0.4074949911926514 1.5177304964539007 0.48 1.3875157607827946
0.4156555934898678 1.5177304964539007 0.49 1.3897123009885624
0.423795265410972 1.5177304964539007 0.5 1.3919633726398295
0.43191351663269295 1.5177304964539007 0.51 1.3942696098505207
0.4400098525092628 1.5177304964539007 0.52 1.3966316672374002
0.4480837739256554 1.5177304964539007 0.53 1.3990502205279265
0.45613477715119227 1.5177304964539007 0.54 1.4015259671623177
0.4641623536837805 1.5177304964539007 0.55 1.4040596269521841
0.4721659900910668 1.5177304964539007 0.56 1.4066519427551245
0.4801451678451718 1.5177304964539007 0.57 1.4093036811862225
0.4880993631519464 1.5177304964539007 0.58 1.4120156333603402
0.49602804677266993 1.5177304964539007 0.59 1.4147886156772502
0.5039306838386947 1.5177304964539007 0.6 1.4176234706459456
0.5118067336596509 1.5177304964539007 0.61 1.420521067744512
0.5196556495224116 1.5177304964539007 0.62 1.4234823043312477
0.527476878483458 1.5177304964539007 0.63 1.426508106591889
0.5352698611486157 1.5177304964539007 0.64 1.4295994305559174
0.5430340314458331 1.5177304964539007 0.65 1.4327572631501964
0.5507688163846043 1.5177304964539007 0.66 1.4359826233244724
0.5584736358055457 1.5177304964539007 0.67 1.439276563229293
0.5661479021171875 1.5177304964539007 0.68 1.4426401694618416
0.5737910200146346 1.5177304964539007 0.69 1.4460745644063147
0.5814023861864326 1.5177304964539007 0.7 1.4495809076352826
0.5889813890052763 1.5177304964539007 0.71 1.453160397394582
0.5965274081960326 1.5177304964539007 0.72 1.4568142722033854
0.6040398144854741 1.5177304964539007 0.73 1.4605438125462205
0.6115179692234498 1.5177304964539007 0.74 1.4643503427063733
0.6189612239868756 1.5177304964539007 0.75 1.4682352326841812
0.6263689201396119 1.5177304964539007 0.76 1.472199900328686
0.6337403883760868 1.5177304964539007 0.77 1.4762458135472465
0.6410749482046009 1.5177304964539007 0.78 1.4803744928003333
0.6483719074026895 1.5177304964539007 0.79 1.4845875137252031
0.6556305614060857 1.5177304964539007 0.8 1.4888865100655913
0.6628501926460614 1.5177304964539007 0.81 1.4932731768341592
0.670030069803421 1.5177304964539007 0.82 1.4977492738484874
0.6771694469788331 1.5177304964539007 0.83 1.5023166296348645
0.6842675627503975 1.5177304964539007 0.84 1.5069771458232344
0.6913236391027301 1.5177304964539007 0.85 1.511732802093155
0.6983368801901446 1.5177304964539007 0.86 1.5165856618242388
0.7053064708879805 1.5177304964539007 0.87 1.521537878636177
0.7122315750842187 1.5177304964539007 0.88 1.526591704005939
0.7191113336153582 1.5177304964539007 0.89 1.5317494963503913
0.7259448617483869 1.5177304964539007 0.9 1.5370137319588892
0.7327312460296462 1.5177304964539007 0.91 1.542387018491663
0.7394695402600503 1.5177304964539007 0.92 1.5478721119947534
0.7461587602096567 1.5177304964539007 0.93 1.5534719389652787
0.7527978764566544 1.5177304964539007 0.94 1.5591896259009557
0.7593858042995006 1.5177304964539007 0.95 1.5650285404976556
0.7659213889148577 1.5177304964539007 0.96 1.5709923517258386
0.772403370102523 1.5177304964539007 0.97 1.5770851723011279
0.7788302007703015 1.5177304964539007 0.98 1.5833122929794108
0.7852004424735745 1.5177304964539007 0.99 1.5896785634123756
0.0 1.5319148936170213 0.0 1.3353259897897656
0.008653723716873564 1.5319148936170213 0.01 1.3353464273979823
0.017307050078077924 1.5319148936170213 0.02 1.3354077450184942
0.025959581664095246 1.5319148936170213 0.03 1.335509957008024
0.03461092092760317 1.5319148936170213 0.04 1.3356530873156356
0.04326067012949817 1.5319148936170213 0.05 1.335837169490165
0.051908431274735906 1.5319148936170213 0.06 1.3360622467052161
0.060553806048191314 1.5319148936170213 0.07 1.3363283717797032
0.06919639574998918 1.5319148936170213 0.08 1.3366356072229875
0.07783580123083411 1.5319148936170213 0.09 1.3369840252708898
0.086471622826947 1.5319148936170213 0.1 1.337373707934315
0.09510346029491412 1.5319148936170213 0.11 1.3378047470468275
0.10373091274556329 1.5319148936170213 0.12 1.3382772443373838
0.1123535785781938 1.5319148936170213 0.13 1.3387913114856766
0.12097105541382293 1.5319148936170213 0.14 1.3393470702007868
0.12958294002782875 1.5319148936170213 0.15 1.3399446523067655
0.138188828282419 1.5319148936170213 0.16 1.340584199826014
0.14678831505857634 1.5319148936170213 0.17 1.3412658650698497
0.15538099418702436 1.5319148936170213 0.18 1.3419898107434016
0.16396645837773405 1.5319148936170213 0.19 1.3427562100694386
0.1725442991510754 1.5319148936170213 0.2 1.3435652468781873
0.1811141067653164 1.5319148936170213 0.21 1.344417115754813
0.1896754701451798 1.5319148936170213 0.22 1.3453120221615307
0.19822797680829343 1.5319148936170213 0.23 1.346250182586723
0.2067712127921123 1.5319148936170213 0.24 1.3472318246815242
0.2153047625784587 1.5319148936170213 0.25 1.3482571874248004
0.22382820901721462 1.5319148936170213 0.26 1.3493265212922922
0.23234113324970826 1.5319148936170213 0.27 1.3504400884243328
0.24084311462902927 1.5319148936170213 0.28 1.3515981628252234
0.24933373064244485 1.5319148936170213 0.29 1.3528010305324898
0.25781255682835913 1.5319148936170213 0.3 1.3540489898438883
0.2662791666946711 1.5319148936170213 0.31 1.3553423515215364
0.27473313163471214 1.5319148936170213 0.32 1.3566814390174462
0.28317402084146 1.5319148936170213 0.33 1.3580665887111558
0.29160140122034445 1.5319148936170213 0.34 1.3594981501558931
0.30001483730112005 1.5319148936170213 0.35 1.3609764863291127
0.3084138911453033 1.5319148936170213 0.36 1.3625019739193227
0.3167981222551641 1.5319148936170213 0.37 1.3640750035929414
0.32516708747754447 1.5319148936170213 0.38 1.3656959803030078
0.3335203409073483 1.5319148936170213 0.39 1.367365323594812
0.3418574337895131 1.5319148936170213 0.4 1.3690834679203994
0.35017791441538415 1.5319148936170213 0.41 1.3708508629943719
0.3584813280208366 1.5319148936170213 0.42 1.372667974130315
0.36676721667873297 1.5319148936170213 0.43 1.3745352826183417
0.3750351191853725 1.5319148936170213 0.44 1.3764532861422718
0.38328457095880425 1.5319148936170213 0.45 1.3784224991044038
0.3915151039122585 1.5319148936170213 0.46 1.3804434531318768
0.39972624634173864 1.5319148936170213 0.47 1.3825166974722383
0.40791752280208926 1.5319148936170213 0.48 1.3846427994694412
0.41608845398166 1.5319148936170213 0.49 1.3868223450447803
0.4242385565736166 1.5319148936170213 0.5 1.3890559391972814
0.4323673431428122 1.5319148936170213 0.51 1.3913442065305996
0.4404743219864867 1.5319148936170213 0.52 1.3936877918167432
0.44855899699418006 1.5319148936170213 0.53 1.3960873605614226
0.4566208675002775 1.5319148936170213 0.54 1.3985435996138242
0.46465942813183797 1.5319148936170213 0.55 1.4010572178026686
0.4726741686520309 1.5319148936170213 0.56 1.4036289465966418
0.4806645737980131 1.5319148936170213 0.57 1.4062595407964282
0.48863012310977927 1.5319148936170213 0.58 1.4089497792781274
0.49657029075717807 1.5319148936170213 0.59 1.4117004657452128
0.5044845453560295 1.5319148936170213 0.6 1.4145124295423004
0.5123723497793385 1.5319148936170213 0.61 1.4173865264950858
0.5202331609605535 1.5319148936170213 0.62 1.4203236397942336
0.5280664296839018 1.5319148936170213 0.63 1.4233246809496858
0.535871600373923 1.5319148936170213 0.64 1.4263905907485177
0.5436481108641058 1.5319148936170213 0.65 1.4295223403257185
0.5513953921673809 1.5319148936170213 0.66 1.4327209322243466
0.5591128682194695 1.5319148936170213 0.67 1.4359874015993248
0.566799955629702 1.5319148936170213 0.68 1.439322817382151
0.5744560633936789 1.5319148936170213 0.69 1.442728283643648
0.5820805926101016 1.5319148936170213 0.7 1.4462049409343605
0.5896729361697635 1.5319148936170213 0.71 1.4497539677671314
0.597232478431664 1.5319148936170213 0.72 1.4533765821643438
0.6047585948750471 1.5319148936170213 0.73 1.4570740433252607
0.6122506517231968 1.5319148936170213 0.74 1.4608476534314108
0.61970800555103 1.5319148936170213 0.75 1.4646987595306877
0.6271300028544626 1.5319148936170213 0.76 1.4686287556053972
0.6345159795871341 1.5319148936170213 0.77 1.4726390847943365
0.641865260657237 1.5319148936170213 0.78 1.476731241801068
0.6491771593815323 1.5319148936170213 0.79 1.4809067754994547
0.6564509768820971 1.5319148936170213 0.8 1.4851672917999825
0.6636860014216978 1.5319148936170213 0.81 1.4895144567909522
0.6708815076660578 1.5319148936170213 0.82 1.493950000203101
0.6780367558528966 1.5319148936170213 0.83 1.4984757192818483
0.6851509908576815 1.5319148936170213 0.84 1.5030934831040033
0.6922234411210474 1.5319148936170213 0.85 1.5078052374847075
0.6992533174136332 1.5319148936170213 0.86 1.5126130105680484
0.7062398113938271 1.5319148936170213 0.87 1.5175189192799967
0.7131820938947105 1.5319148936170213 0.88 1.522525176898762
0.7200793128652531 1.5319148936170213 0.89 1.5276341020372228
0.726930590851716 1.5319148936170213 0.9 1.5328481294887442
0.7337350218498246 1.5319148936170213 0.91 1.538169823606575
0.7404916672847961 1.5319148936170213 0.92 1.5436018951732755
0.7471995507373136 1.5319148936170213 0.93 1.5491472232653898
0.7538576508081714 1.5319148936170213 0.94 1.5548088845045596
0.7604648910832462 1.5319148936170213 0.95 1.5605901937873776
0.7670201254020657 1.5319148936170213 0.96 1.56649476356797
0.7735221033660514 1.5319148936170213 0.97 1.5725266425147433
0.7799692956322599 1.5319148936170213 0.98 1.5786910189655543
0.7863602701331767 1.5319148936170213 0.99 1.584992687147419
0.0 1.5460992907801419 0.0 1.3328521780636196
0.008661751119359934 1.5460992907801419 0.01 1.3328724712840845
0.017323106591456677 1.5460992907801419 0.02 1.3329333556716259
0.02598367070593337 1.5460992907801419 0.03 1.3330348453954983
0.034643047626099786 1.5460992907801419 0.04 1.3331769640915248
0.04330084132582411 1.5460992907801419 0.05 1.333359744861515
0.05195665552612417 1.5460992907801419 0.06 1.3335832303039756
0.06061009363155865 1.5460992907801419 0.07 1.3338474725448015
0.06926075866657991 1.5460992907801419 0.08 1.3341525332656203
0.07790825321172973 1.5460992907801419 0.09 1.3344984837391571
0.08655217933900958 1.5460992907801419 0.1 1.3348854048904644
0.09519213854764541 1.5460992907801419 0.11 1.3353133873362892
0.10382773169911759 1.5460992907801419 0.12 1.3357825314470408
0.11245855895149916 1.5460992907801419 0.13 1.33629294742072
0.12108421969389481 1.5460992907801419 0.14 1.3368447553477514
0.12970431248016254 1.5460992907801419 0.15 1.3374380852900658
0.13831843496195642 1.5460992907801419 0.16 1.3380730773696499
0.14692618382110056 1.5460992907801419 0.17 1.3387498818645707
0.15552715470176953 1.5460992907801419 0.18 1.339468659303436
0.1641209421417646 1.5460992907801419 0.19 1.3402295805723692
0.17270713950218286 1.5460992907801419 0.2 1.341032827042986
0.1812853388982252 1.5460992907801419 0.21 1.3418785906756578
0.1898551311276999 1.5460992907801419 0.22 1.3427670741563056
0.19841610559799902 1.5460992907801419 0.23 1.3436984910479126
0.20696785025481504 1.5460992907801419 0.24 1.344673065911879
0.21550995150599117 1.5460992907801419 0.25 1.345691034491673
0.22404199414896883 1.5460992907801419 0.26 1.346752643842378
0.23256356129196842 1.5460992907801419 0.27 1.3478581525358158
0.24107423427828872 1.5460992907801419 0.28 1.3490078308195521
0.2495735926074419 1.5460992907801419 0.29 1.3502019608102367
0.2580612138539113 1.5460992907801419 0.3 1.3514408367069646
0.26653667358733624 1.5460992907801419 0.31 1.3527247649833838
0.2749995452889906 1.5460992907801419 0.32 1.3540540646152703
0.28344940026663606 1.5460992907801419 0.33 1.3554290673181357
0.2918858075693274 1.5460992907801419 0.34 1.3568501177799706
0.300308333899644 1.5460992907801419 0.35 1.3583175739146276
0.30871654352361894 1.5460992907801419 0.36 1.359831807131375
0.3171099981789954 1.5460992907801419 0.37 1.3613932026141056
0.325488256982407 1.5460992907801419 0.38 1.3630021596053161
0.3338508763334671 1.5460992907801419 0.39 1.3646590917123556
0.3421974098176051 1.5460992907801419 0.4 1.3663644272194455
0.3505274081040589 1.5460992907801419 0.41 1.3681186094344766
0.3588404188450719 1.5460992907801419 0.42 1.3699220970209371
0.3671359865698759 1.5460992907801419 0.43 1.3717753643671446
0.3754136525778566 1.5460992907801419 0.44 1.3736789019571123
0.3836729548261917 1.5460992907801419 0.45 1.375633216778637
0.3919134278177811 1.5460992907801419 0.46 1.3776388327246278
0.4001346024815292 1.5460992907801419 0.47 1.3796962910454675
0.4083360060577847 1.5460992907801419 0.48 1.3818061507612354
0.41651716196830957 1.5460992907801419 0.49 1.3839689891782372
0.4246775896913631 1.5460992907801419 0.5 1.3861854023647289
0.43281680463137023 1.5460992907801419 0.51 1.3884560056607838
0.4409343179818846 1.5460992907801419 0.52 1.3907814342287879
0.44902963658701 1.5460992907801419 0.53 1.3931623436103375
0.4571022627942883 1.5460992907801419 0.54 1.3955994103341003
0.46515169430657777 1.5460992907801419 0.55 1.3980933325264933
0.4731774240288559 1.5460992907801419 0.56 1.4006448305517174
0.4811789399046551 1.5460992907801419 0.57 1.403254647711772
0.4891557247512129 1.5460992907801419 0.58 1.405923550951081
0.49710725608614514 1.5460992907801419 0.59 1.4086523316091188
0.5050330059470621 1.5460992907801419 0.6 1.4114418062116003
0.5129324407072317 1.5460992907801419 0.61 1.4142928172827753
0.5208050208764377 1.5460992907801419 0.62 1.4172062342393645
0.5286502009005388 1.5460992907801419 0.63 1.4201829542897726
0.5364674289482091 1.5460992907801419 0.64 1.4232239034030014
0.5442561466874042 1.5460992907801419 0.65 1.4263300373317984
0.5520157890537678 1.5460992907801419 0.66 1.429502342678111
0.5597457840044835 1.5460992907801419 0.67 1.4327418380349082
0.5674455522600206 1.5460992907801419 0.68 1.4360495751903266
0.5751145070330183 1.5460992907801419 0.69 1.439426640397802
0.5827520537419676 1.5460992907801419 0.7 1.4428741557236937
0.5903575897078552 1.5460992907801419 0.71 1.4463932804808761
0.5979305038245094 1.5460992907801419 0.72 1.4499852127924768
0.6054701762227799 1.5460992907801419 0.73 1.4536511911857761
0.6129759778984153 1.5460992907801419 0.74 1.45739249636374
0.6204472703182503 1.5460992907801419 0.75 1.4612104530799692
0.6278834049932801 1.5460992907801419 0.76 1.4651064321707008
0.6352837230247609 1.5460992907801419 0.77 1.4690818527130298
0.6426475545994417 1.5460992907801419 0.78 1.473138184419167
0.6499742184500062 1.5460992907801419 0.79 1.4772769501881204
0.6572630212520755 1.5460992907801419 0.8 1.4814997289442096
0.6645132569678108 1.5460992907801419 0.81 1.4858081587113952
0.6717242061076901 1.5460992907801419 0.82 1.49020394004777
0.6788951349039255 1.5460992907801419 0.83 1.4946888398618654
0.6860252943782061 1.5460992907801419 0.84 1.4992646956802265
0.6931139192733651 1.5460992907801419 0.85 1.5039334204905253
0.7001602268207682 1.5460992907801419 0.86 1.5086970082705733
0.707163415297658 1.5460992907801419 0.87 1.5135575403858972
0.7141226623147477 1.5460992907801419 0.88 1.5185171930920032
0.7210371227670931 1.5460992907801419 0.89 1.5235782464009493
0.7279059263122108 1.5460992907801419 0.9 1.528743094855194
0.7347281742227831 1.5460992907801419 0.91 1.53401426080305
0.7415029353834434 1.5460992907801419 0.92 1.539394411076587
0.7482292410278047 1.5460992907801419 0.93 1.54488637866292
0.7549060776342409 1.5460992907801419 0.94 1.5504931916412927
0.7615323769505732 1.5460992907801419 0.95 1.5562181134265263
0.7681070013886404 1.5460992907801419 0.96 1.562064701208963
0.7746287102967839 1.5460992907801419 0.97 1.5680369408378672
0.7810959919758036 1.5460992907801419 0.98 1.5741399200863686
0.787507420968419 1.5460992907801419 0.99 1.580378377885519
0.0 1.5602836879432624 0.0 1.3304081731391457
0.008669703775948038 1.5602836879432624 0.01 1.3304283242363
0.017339013592547695 1.5602836879432624 0.02 1.330488782188802
0.02600753542806863 1.5602836879432624 0.03 1.3305895609843625
0.03467487513603364 1.5602836879432624 0.04 1.3307306839412385
0.043340638382600674 1.5602836879432624 0.05 1.330912183734981
0.05200443058416375 1.5602836879432624 0.06 1.331134102402236
0.06066585684431975 1.5602836879432624 0.07 1.331396491386279
0.06932452189118872 1.5602836879432624 0.08 1.3316994115536616
0.07798003001396159 1.5602836879432624 0.09 1.3320429332462893
0.08663198499950528 1.5602836879432624 0.1 1.3324271363217322
0.0952799900687263 1.5602836879432624 0.11 1.3328521102004511
0.10392364781187705 1.5602836879432624 0.12 1.3333179539394882
0.11256256012481425 1.5602836879432624 0.13 1.333824776273284
0.12119632814277896 1.5602836879432624 0.14 1.334372695715842
0.12982455217652353 1.5602836879432624 0.15 1.3349618405987718
0.1384468316444157 1.5602836879432624 0.16 1.3355923491980575
0.1470627650072564 1.5602836879432624 0.17 1.3362643697929446
0.15567194970023487 1.5602836879432624 0.18 1.3369780607808235
0.1642739820650224 1.5602836879432624 0.19 1.3377335907807264
0.17286845728163186 1.5602836879432624 0.2 1.3385311387369838
0.18145496929839663 1.5602836879432624 0.21 1.3393708940490952
0.19003311076161739 1.5602836879432624 0.22 1.340253056699523
0.19860247294482444 1.5602836879432624 0.23 1.3411778373824745
0.20716264567669926 1.5602836879432624 0.24 1.3421454576474932
0.21571321726752196 1.5602836879432624 0.25 1.34315615005713
0.22425377443577874 1.5602836879432624 0.26 1.344210158337084
0.23278390223134834 1.5602836879432624 0.27 1.3453077375637692
0.24130318396089057 1.5602836879432624 0.28 1.3464491543191193
0.24981120110948407 1.5602836879432624 0.29 1.3476346868861704
0.25830753326099376 1.5602836879432624 0.3 1.348864625451947
0.2667917580186833 1.5602836879432624 0.31 1.350139272302397
0.2752634509233706 1.5602836879432624 0.32 1.3514589420392353
0.28372218536727106 1.5602836879432624 0.33 1.3528239618335778
0.292167532515314 1.5602836879432624 0.34 1.354234671601606
0.30059906121265473 1.5602836879432624 0.35 1.3556914243106635
0.30901633789759986 1.5602836879432624 0.36 1.357194586224625
0.317418926512429 1.5602836879432624 0.37 1.3587445371655393
0.3258063884120162 1.5602836879432624 0.38 1.360341670791243
0.3341782822665557 1.5602836879432624 0.39 1.3619863949181403
0.342534163966784 1.5602836879432624 0.4 1.363679131816759
0.35087358652667255 1.5602836879432624 0.41 1.3654203185253773
0.3591960999788785 1.5602836879432624 0.42 1.3672104072166418
0.3675012512737548 1.5602836879432624 0.43 1.3690498655306556
0.37578858417155414 1.5602836879432624 0.44 1.3709391769570198
0.38405763913376634 1.5602836879432624 0.45 1.3728788412183741
0.392307953212068 1.5602836879432624 0.46 1.374869374667935
0.4005390599295279 1.5602836879432624 0.47 1.3769113107380253
0.40875048916662576 1.5602836879432624 0.48 1.3790052003503204
0.41694176703581703 1.5602836879432624 0.49 1.381151612402675
0.4251124157579002 1.5602836879432624 0.5 1.383351134238921
0.43326195352947405 1.5602836879432624 0.51 1.3856043721745537
0.44138989439481335 1.5602836879432624 0.52 1.3879119519902416
0.4494957481012447 1.5602836879432624 0.53 1.3902745195287234
0.45757901996103406 1.5602836879432624 0.54 1.3926927412458465
0.46563921070157827 1.5602836879432624 0.55 1.3951673048325768
0.47367581631497585 1.5602836879432624 0.56 1.3976989198376375
0.48168832789647387 1.5602836879432624 0.57 1.400288318354588
0.4896762314832512 1.5602836879432624 0.58 1.40293625570396
0.4976390078816371 1.5602836879432624 0.59 1.4056435111811907
0.5055761324918495 1.5602836879432624 0.6 1.4084108888164166
0.5134870751216046 1.5602836879432624 0.61 1.4112392181957776
0.5213712997945094 1.5602836879432624 0.62 1.414129355309806
0.5292282645501054 1.5602836879432624 0.63 1.4170821834467227
0.5370574212299555 1.5602836879432624 0.64 1.4200986141599792
0.5448582152663584 1.5602836879432624 0.65 1.4231795882208014
0.5526300854417348 1.5602836879432624 0.66 1.4263260767259676
0.560372463654718 1.5602836879432624 0.67 1.4295390821683172
0.5680847746614802 1.5602836879432624 0.68 1.4328196396362105
0.5757664358075438 1.5602836879432624 0.69 1.4361688180602579
0.5834168567450855 1.5602836879432624 0.7 1.4395877215332737
0.5910354391292701 1.5602836879432624 0.71 1.443077490734621
0.5986215763030115 1.5602836879432624 0.72 1.446639304411368
0.6061746529514402 1.5602836879432624 0.73 1.4502743810075025
0.6136940447403034 1.5602836879432624 0.74 1.4539839803696375
0.6211791179242896 1.5602836879432624 0.75 1.4577694055962898
0.6286292289255367 1.5602836879432624 0.76 1.4616320050269775
0.636043723876703 1.5602836879432624 0.77 1.465573174395501
0.6434219381304959 1.5602836879432624 0.78 1.4695943591364755
0.6507631957120152 1.5602836879432624 0.79 1.4736970569514678
0.6580668087291753 1.5602836879432624 0.8 1.4778828205601244
0.6653320767119695 1.5602836879432624 0.81 1.4821532607660786
0.6725582858811606 1.5602836879432624 0.82 1.4865100498285144
0.6797447083271381 1.5602836879432624 0.83 1.490954925219493
0.6868906010743264 1.5602836879432624 0.84 1.4954896938673745
0.6939952050218291 1.5602836879432624 0.85 1.5001162369168168
0.7010577437075157 1.5602836879432624 0.86 1.5048365152233285
0.7080774218740508 1.5602836879432624 0.87 1.5096525756579642
0.7150534237546603 1.5602836879432624 0.88 1.5145665585547945
0.7219849110285602 1.5602836879432624 0.89 1.5195807064860885
0.7288710202990886 1.5602836879432624 0.9 1.524697374952477
0.7357108599626633 1.5602836879432624 0.91 1.5299190454920708
0.7425035062050297 1.5602836879432624 0.92 1.5352483422442051
0.7492479977641472 1.5602836879432624 0.93 1.5406880533704743
0.7559433288587173 1.5602836879432624 0.94 1.546241159678313
0.7625884392870629 1.5602836879432624 0.95 1.5519108743283525
0.7691821999483557 1.5602836879432624 0.96 1.5577007004435772
0.7757233798938316 1.5602836879432624 0.97 1.5636145622033097
0.7822104849430547 1.5602836879432624 0.98 1.5696574486977155
0.7886420964950596 1.5602836879432624 0.99 1.5758340436128653
0.0 1.574468085106383 0.0 1.327993505208998
0.008677582521114134 1.574468085106383 0.01 1.328013516395806
0.01735477275067017 1.574468085106383 0.02 1.328073554563641
0.02603117833539879 1.574468085106383 0.03 1.3281736335219498
0.03470640679884451 1.574468085106383 0.04 1.3283137762778696
0.043380065479325616 1.574468085106383 0.05 1.3284940150834574
0.052051761468208516 1.574468085106383 0.06 1.3287143914343733
0.06072110154801316 1.574468085106383 0.07 1.3289749560939348
0.06938769212971871 1.574468085106383 0.08 1.3292757691482382
0.07805113919088738 1.574468085106383 0.09 1.3296169000164673
0.08671104821256202 1.574468085106383 0.1 1.3299984275134302
0.09536702411621534 1.574468085106383 0.11 1.3304204398983057
0.1040186712005209 1.574468085106383 0.12 1.3308830349261087
0.11266559307727281 1.574468085106383 0.13 1.3313863199187348
0.12130739260749199 1.574468085106383 0.14 1.3319304118253485
0.1299436718362818 1.574468085106383 0.15 1.3325154373086927
0.13857403192780557 1.574468085106383 0.16 1.3331415328217358
0.14719807309931116 1.574468085106383 0.17 1.3338088447000678
0.15581539455501645 1.574468085106383 0.18 1.3345175292519522
0.16442559441849708 1.574468085106383 0.19 1.3352677528708135
0.17302826966491355 1.574468085106383 0.2 1.33605969214356
0.18162301605308856 1.574468085106383 0.21 1.3368935339577324
0.19020942805468113 1.574468085106383 0.22 1.3377694756482752
0.19878709878582362 1.574468085106383 0.23 1.3386877251015359
0.20735561993373808 1.574468085106383 0.24 1.339648500927068
0.2159145816861992 1.574468085106383 0.25 1.3406520325826368
0.22446357265801223 1.574468085106383 0.26 1.3416985605360732
0.23300217981662635 1.574468085106383 0.27 1.3427883364318463
0.24152998840414192 1.574468085106383 0.28 1.3439216232933293
0.250046581866545 1.574468085106383 0.29 1.3450986956375244
0.25855154176890366 1.574468085106383 0.3 1.3463198397450036
0.2670444477239704 1.574468085106383 0.31 1.3475853537759304
0.2755248772998168 1.574468085106383 0.32 1.3488955481027016
0.28399240595039843 1.574468085106383 0.33 1.350250745399429
0.29244660692233143 1.574468085106383 0.34 1.3516512809695667
0.30088705117467757 1.574468085106383 0.35 1.3530975029369736
0.3093133072893548 1.574468085106383 0.36 1.3545897725233986
0.31772494138199575 1.574468085106383 0.37 1.3561284643147173
0.3261215170123562 1.574468085106383 0.38 1.3577139665270974
0.33450259508955826 1.574468085106383 0.39 1.3593466813131447
0.34286773377795765 1.574468085106383 0.4 1.3610270250572942
0.35121648839949243 1.574468085106383 0.41 1.3627554286960974
0.35954841133433374 1.574468085106383 0.42 1.364532338047567
0.3678630519161642 1.574468085106383 0.43 1.3663582141773574
0.37615995633136473 1.574468085106383 0.44 1.3682335337308045
0.3844386675075561 1.574468085106383 0.45 1.3701587893413492
0.39269872500413366 1.574468085106383 0.46 1.3721344900184091
0.4009396649009792 1.574468085106383 0.47 1.3741611615456952
0.409161019676012 1.574468085106383 0.48 1.376239346953468
0.41736231809220725 1.574468085106383 0.49 1.3783696069211544
0.4255430850662118 1.574468085106383 0.5 1.3805525203020586
0.43370284154608957 1.574468085106383 0.51 1.3827886845819648
0.44184110437644203 1.574468085106383 0.52 1.3850787164182334
0.4499573861632933 1.574468085106383 0.53 1.3874232521760204
0.4580511951334314 1.574468085106383 0.54 1.3898229484966418
0.4661220349891216 1.574468085106383 0.55 1.3922784828916175
0.47416940475613956 1.574468085106383 0.56 1.3947905543743213
0.4821927986300061 1.574468085106383 0.57 1.3973598840997334
0.4901917058096119 1.574468085106383 0.58 1.3999872160760318
0.4981656103352643 1.574468085106383 0.59 1.4026733178478639
0.5061139909082849 1.574468085106383 0.6 1.405418981284102
0.5140363207106999 1.574468085106383 0.61 1.4082250233616753
0.521932067215961 1.574468085106383 0.62 1.4110922869981648
0.529800691990357 1.574468085106383 0.63 1.4140216419339324
0.5376416504870619 1.574468085106383 0.64 1.4170139856527082
0.5454543918240228 1.574468085106383 0.65 1.4200702443868225
0.5532383585641972 1.574468085106383 0.66 1.4231913741086195
0.5609929864711204 1.574468085106383 0.67 1.4263783616506724
0.5687177042539783 1.574468085106383 0.68 1.429632225877395
0.5764119333151821 1.574468085106383 0.69 1.4329540188439707
0.5840750874549216 1.574468085106383 0.7 1.436344827172169
0.591706572578146 1.574468085106383 0.71 1.4398057734105696
0.5993057863843186 1.574468085106383 0.72 1.443338017480432
0.6068721180205288 1.574468085106383 0.73 1.4469427582991932
0.6144049477258953 1.574468085106383 0.74 1.450621235443305
0.6219036464428352 1.574468085106383 0.75 1.4543747309683905
0.6293675753981505 1.574468085106383 0.76 1.4582045713693748
0.6367960856532172 1.574468085106383 0.77 1.4621121296821398
0.6441885176093353 1.574468085106383 0.78 1.466098827789114
0.6515442004715508 1.574468085106383 0.79 1.470166138909798
0.6588624516577127 1.574468085106383 0.8 1.4743155903336602
0.66614257614328 1.574468085106383 0.81 1.4785487664334154
0.6733838657316427 1.574468085106383 0.82 1.4828673119989166
0.6805855982344957 1.574468085106383 0.83 1.4872729359537267
0.6877470365464243 1.574468085106383 0.84 1.4917674155160985
0.6948674275788704 1.574468085106383 0.85 1.4963526009463322
0.7019460010349873 1.574468085106383 0.86 1.5010304209470238
0.7089819679714247 1.574468085106383 0.87 1.5058028889328343
0.7159745190960345 1.574468085106383 0.88 1.5106721103660579
0.7229228227176207 1.574468085106383 0.89 1.5156402914866998
0.7298260222373565 1.574468085106383 0.9 1.5207097498656974
0.7366832330203131 1.574468085106383 0.91 1.5258829274089967
0.7434935384081085 1.574468085106383 0.92 1.5311624067400602
0.7502559845032434 1.574468085106383 0.93 1.5365509323948152
0.756969573140934 1.574468085106383 0.94 1.5420514390951536
0.7636332520602267 1.574468085106383 0.95 1.547667090938037
0.7702459005745421 1.574468085106383 0.96 1.5534013380954261
0.7768062973956651 1.574468085106383 0.97 1.5592580441855655
0.7833129657345951 1.574468085106383 0.98 1.5652421014578732
0.7897644940875461 1.574468085106383 0.99 1.5713581384017739
0.0 1.5886524822695036 0.0 1.3256077136674642
0.008685388178867857 1.5886524822695036 0.01 1.3256275871182732
0.01737038571415233 1.5886524822695036 0.02 1.3256872120157674
0.02605460190138714 1.5886524822695036 0.03 1.3257866019808324
0.03473764591411862 1.5886524822695036 0.04 1.325925779741454
0.04341912674311268 1.5886524822695036 0.05 1.3261047771189856
0.05209865313475637 1.5886524822695036 0.06 1.3263236350835883
0.060775833530270905 1.5886524822695036 0.07 1.3265824037433034
0.06945027600383594 1.5886524822695036 0.08 1.3268811424010238
0.07812158820097254 1.5886524822695036 0.09 1.3272199195841312
0.08678937727648815 1.5886524822695036 0.1 1.3275988130901923
0.09545324983210818 1.5886524822695036 0.11 1.3280179100377967
0.10411281185431044 1.5886524822695036 0.12 1.3284773069089095
0.1127676686502787 1.5886524822695036 0.13 1.3289771096387728
0.12141742478534014 1.5886524822695036 0.14 1.329517433658272
0.1300616840184798 1.5886524822695036 0.15 1.3300984039826234
0.13870004923781593 1.5886524822695036 0.16 1.330720155292148
0.14733212239614296 1.5886524822695036 0.17 1.331382832008374
0.15595750444441114 1.5886524822695036 0.18 1.332086588405565
0.16457579526571764 1.5886524822695036 0.19 1.3328315887048714
0.17318659360901123 1.5886524822695036 0.2 1.3336180071711854
0.1817894970197661 1.5886524822695036 0.21 1.3344460282538142
0.19038410177319132 1.5886524822695036 0.22 1.3353158466808688
0.19897000280338994 1.5886524822695036 0.23 1.3362276676113278
0.20754679363406056 1.5886524822695036 0.24 1.3371817067578473
0.21611406630514993 1.5886524822695036 0.25 1.338178190559201
0.22467141130426618 1.5886524822695036 0.26 1.3392173562859004
0.23321841748962757 1.5886524822695036 0.27 1.3402994522494418
0.24175467201785372 1.5886524822695036 0.28 1.3414247379439186
0.25027976026602305 1.5886524822695036 0.29 1.3425934842508929
0.2587932657570063 1.5886524822695036 0.3 1.34380597360127
0.26729477008076524 1.5886524822695036 0.31 1.3450625001786827
0.27578385281272194 1.5886524822695036 0.32 1.3463633701464415
0.2842600914344689 1.5886524822695036 0.33 1.3477089018448893
0.2927230612505423 1.5886524822695036 0.34 1.3490994260244742
0.30117233530339577 1.5886524822695036 0.35 1.3505352860901545
0.30960748428813367 1.5886524822695036 0.36 1.352016838343077
0.3180280764639664 1.5886524822695036 0.37 1.3535444522475344
0.3264336775640315 1.5886524822695036 0.38 1.3551185107068129
0.3348238507051958 1.5886524822695036 0.39 1.3567394103350796
0.3431981562923755 1.5886524822695036 0.4 1.35840756177089
0.35155615192308454 1.5886524822695036 0.41 1.3601233899832732
0.35989739228880624 1.5886524822695036 0.42 1.3618873345991118
0.36822142907385347 1.5886524822695036 0.43 1.3636998502454916
0.3765278108525926 1.5886524822695036 0.44 1.365561406900344
0.3848160829829837 1.5886524822695036 0.45 1.367472490266642
0.393085787495237 1.5886524822695036 0.46 1.3694336021771758
0.40133646298352105 1.5886524822695036 0.47 1.3714452609735523
0.4095676444872292 1.5886524822695036 0.48 1.3735080019553354
0.41777886337517783 1.5886524822695036 0.49 1.375622377804332
0.42596964722033215 1.5886524822695036 0.5 1.3777889590695322
0.43413951967574727 1.5886524822695036 0.51 1.3800083346395606
0.4422880003433293 1.5886524822695036 0.52 1.3822811122588767
0.4504146046408752 1.5886524822695036 0.53 1.3846079190514222
0.45851884366235063 1.5886524822695036 0.54 1.3869894020837668
0.46660022403445595 1.5886524822695036 0.55 1.3894262289477224
0.4746582477677576 1.5886524822695036 0.56 1.3919190883729993
0.482692412102036 1.5886524822695036 0.57 1.3944686908714259
0.4907022093489662 1.5886524822695036 0.58 1.3970757693945073
0.498687126722671 1.5886524822695036 0.59 1.399741080058934
0.5066466461691606 1.5886524822695036 0.6 1.402465402875384
0.514580244186293 1.5886524822695036 0.61 1.4052495425290905
0.5224873916351562 1.5886524822695036 0.62 1.4080943292056782
0.5303675535472693 1.5886524822695036 0.63 1.4110006194381073
0.5382201889141165 1.5886524822695036 0.64 1.413969297047166
0.5460447504800068 1.5886524822695036 0.65 1.41700127406211
0.5538406845113576 1.5886524822695036 0.66 1.4200974917648839
0.5616074305640665 1.5886524822695036 0.67 1.4232589217418676
0.5693444212350557 1.5886524822695036 0.68 1.4264865670164806
0.5770510818905278 1.5886524822695036 0.69 1.4297814632976118
0.5847268304048698 1.5886524822695036 0.7 1.4331446801732928
0.5923710768509829 1.5886524822695036 0.71 1.436577322545842
0.5999832231925357 1.5886524822695036 0.72 1.44008053205349
0.6075626629508173 1.5886524822695036 0.73 1.4436554886148851
0.6151087808446393 1.5886524822695036 0.74 1.4473034121009851
0.6226209524067519 1.5886524822695036 0.75 1.45102556411572
0.6300985435690473 1.5886524822695036 0.76 1.4548232499205662
0.6375409102151275 1.5886524822695036 0.77 1.458697820507342
0.6449473976895241 1.5886524822695036 0.78 1.4626506748661359
0.6523173402652056 1.5886524822695036 0.79 1.466683262437315
0.659650060553251 1.5886524822695036 0.8 1.4707970858174995
0.6669448688549799 1.5886524822695036 0.81 1.4749937037132392
0.6742010624326779 1.5886524822695036 0.82 1.4792747342438153
0.6814179246955977 1.5886524822695036 0.83 1.4836418586002493
0.6885947242725304 1.5886524822695036 0.84 1.4880968251787006
0.6957307139553806 1.5886524822695036 0.85 1.4926414542450832
0.7028251294721737 1.5886524822695036 0.86 1.4972776432978514
0.7098771880555584 1.5886524822695036 0.87 1.5020073732572694
0.7168860867413995 1.5886524822695036 0.88 1.5068327157386694
0.7238510003267155 1.5886524822695036 0.89 1.5117558416807002
0.7307710788637389 1.5886524822695036 0.9 1.5167790318097267
0.7376454445443976 1.5886524822695036 0.91 1.5219046894984862
0.7444731877280483 1.5886524822695036 0.92 1.5271353569773407
0.7512533617509827 1.5886524822695036 0.93 1.5324737362929735
0.7579849759455509 1.5886524822695036 0.94 1.5379227172224055
0.7646669858969631 1.5886524822695036 0.95 1.5434854158986322
0.7712982792625674 1.5886524822695036 0.96 1.5491652306181132
0.7778776443759512 1.5886524822695036 0.97 1.5549659655003731
0.7844036217011422 1.5886524822695036 0.98 1.5608924177933903
0.7908748070809071 1.5886524822695036 0.99 1.5669491607817556
0.0 1.602836879432624 0.0 1.3232503469160912
0.008693121562905167 1.602836879432624 0.01 1.3232700847524177
0.017385854110804795 1.602836879432624 0.02 1.323329302743685
0.02607780856849031 1.602836879432624 0.03 1.3234280143402801
0.034768595740197944 1.602836879432624 0.04 1.323566241977357
0.04345782624930668 1.602836879432624 0.05 1.3237440170797858
0.052145110478024996 1.602836879432624 0.06 1.3239613800769086
0.06083005850649596 1.602836879432624 0.07 1.3242183804462033
0.06951228005213786 1.602836879432624 0.08 1.3245150767330462
0.07819138440883723 1.602836879432624 0.09 1.324851536581357
0.08686698038529425 1.602836879432624 0.1 1.3252278367917742
0.09553867624341889 1.602836879432624 0.11 1.3256440633676652
0.10420607963689202 1.602836879432624 0.12 1.3261003115556427
0.11286879754834618 1.602836879432624 0.13 1.3265966859221672
0.12152643622661141 1.602836879432624 0.14 1.3271333004189265
0.13017860112384952 1.602836879432624 0.15 1.3277102784479018
0.1388248968315135 1.602836879432624 0.16 1.3283277529485835
0.14746492701611694 1.602836879432624 0.17 1.32898586648246
0.1560982943541284 1.602836879432624 0.18 1.3296847713293491
0.1647246004673257 1.602836879432624 0.19 1.3304246295714797
0.17334344585517394 1.602836879432624 0.2 1.331205613224062
0.18195442982922175 1.602836879432624 0.21 1.332027904325644
0.19055715044379615 1.602836879432624 0.22 1.3328916950825245
0.19915120442976855 1.602836879432624 0.23 1.3337971879619774
0.20773618712286251 1.602836879432624 0.24 1.3347445958601172
0.21631169239247444 1.602836879432624 0.25 1.3357341422518
0.22487731257466184 1.602836879432624 0.26 1.3367660612854608
0.2334326383948148 1.602836879432624 0.27 1.337840598004297
0.24197725889639696 1.602836879432624 0.28 1.3389580084833401
0.2505107613666317 1.602836879432624 0.29 1.3401185600012855
0.2590327312568824 1.602836879432624 0.3 1.3413225312640762
0.2675427521115677 1.602836879432624 0.31 1.3425702125316357
0.27604040548359987 1.602836879432624 0.32 1.343861905883969
0.28452527085685697 1.602836879432624 0.33 1.345197925405904
0.29299692556442675 1.602836879432624 0.34 1.3465785974116085
0.3014549447048251 1.602836879432624 0.35 1.3480042606831593
0.30989890105650925 1.602836879432624 0.36 1.3494752667193775
0.31832836499279393 1.602836879432624 0.37 1.3509919799768417
0.3267429043906846 1.602836879432624 0.38 1.3525547781597393
0.33514208454294764 1.602836879432624 0.39 1.3541640524766871
0.34352546806296974 1.602836879432624 0.4 1.355820207954084
0.351892614791134 1.602836879432624 0.41 1.3575236637313648
0.36024308169743535 1.602836879432624 0.42 1.3592748533825492
0.3685764227820577 1.602836879432624 0.43 1.3610742252491614
0.37689218897186827 1.602836879432624 0.44 1.3629222427994696
0.3851899280186587 1.602836879432624 0.45 1.364819384970833
0.3934691843872386 1.602836879432624 0.46 1.3667661465820273
0.4017294991487959 1.602836879432624 0.47 1.368763038702983
0.409970409864349 1.602836879432624 0.48 1.3708105890910351
0.418191450465904 1.602836879432624 0.49 1.372909342637166
0.4263921511436898 1.602836879432624 0.5 1.3750598617691356
0.43457203821274315 1.602836879432624 0.51 1.3772627269882722
0.44273063398904416 1.602836879432624 0.52 1.3795185373380239
0.4508674566554547 1.602836879432624 0.53 1.3818279109355713
0.4589820201276877 1.602836879432624 0.54 1.3841914854999928
0.4670738339075929 1.602836879432624 0.55 1.3866099189552736
0.47514240294142146 1.602836879432624 0.56 1.389083889999337
0.48318722746492254 1.602836879432624 0.57 1.391614098749805
0.49120780284469945 1.602836879432624 0.58 1.394201267407755
0.49920361941786673 1.602836879432624 0.59 1.3968461409290653
0.5071741623186584 1.602836879432624 0.6 1.3995494877681123
0.5151189113044025 1.602836879432624 0.61 1.4023121006223136
0.5230373405589878 1.602836879432624 0.62 1.405134797298085
0.5309289185181825 1.602836879432624 0.63 1.408018421455176
0.5387931076533891 1.602836879432624 0.64 1.4109638435757286
0.5466293642620785 1.602836879432624 0.65 1.4139719618924107
0.5544371382505863 1.602836879432624 0.66 1.4170437033561263
0.5622158728959592 1.602836879432624 0.67 1.4201800247111094
0.569965004600041 1.602836879432624 0.68 1.4233819136069166
0.5776839626334569 1.602836879432624 0.69 1.4266503897602987
0.5853721688549478 1.602836879432624 0.7 1.4299865062386956
0.5930290374237832 1.602836879432624 0.71 1.433391350775274
0.6006539744879382 1.602836879432624 0.72 1.4368660472011212
0.6082463778532936 1.602836879432624 0.73 1.4404117569666115
0.6158056366270779 1.602836879432624 0.74 1.4440296807832367
0.6233311308400851 1.602836879432624 0.75 1.4477210603627075
0.6308222310318065 1.602836879432624 0.76 1.4514871803263387
0.638278297807921 1.602836879432624 0.77 1.4553293702375751
0.6456986813511326 1.602836879432624 0.78 1.4592490068433297
0.6530827208945197 1.602836879432624 0.79 1.4632475164783125
0.6604297441326342 1.602836879432624 0.8 1.4673263777414234
0.6677390665769417 1.602836879432624 0.81 1.4714871244088807
0.675009990830078 1.602836879432624 0.82 1.4757313486927872
0.6822418057753217 1.602836879432624 0.83 1.480060704853293
0.689433785651453 1.602836879432624 0.84 1.48447691328676
0.6965851890006521 1.602836879432624 0.85 1.4889817651323114
0.7036952574451835 1.602836879432624 0.86 1.4935771275746983
0.7107632142582556 1.602836879432624 0.87 1.498264949973723
0.7177882626675739 1.602836879432624 0.88 1.5030472710597422
0.724769583819927 1.602836879432624 0.89 1.5079262274691072
0.7317063342829581 1.602836879432624 0.9 1.5129040641012432
0.7385976429400501 1.602836879432624 0.91 1.517983146846059
0.7454426070370225 1.602836879432624 0.92 1.5231659786118732
0.7522402870229538 1.602836879432624 0.93 1.5284552200278876
0.7589896996176125 1.602836879432624 0.94 1.5338537170016289
0.7656898081594806 1.602836879432624 0.95 1.5393645387680874
0.7723395085888315 1.602836879432624 0.96 1.5449910327577434
0.7789375988255591 1.602836879432624 0.97 1.5507369446102792
0.785482636440825 1.602836879432624 0.98 1.55660697839561
0.7919732248703589 1.602836879432624 0.99 1.5626056521759857
0.0 1.6170212765957446 0.0 1.3209209621164901
0.00870078347679778 1.6170212765957446 0.01 1.320940566412997
0.017401179548062116 1.6170212765957446 0.02 1.3209993837339544
0.02610080074871069 1.6170212765957446 0.03 1.3210974273605727
0.03479925949455953 1.6170212765957446 0.04 1.3212347194376366
0.04349616802254546 1.6170212765957446 0.05 1.3214112909955225
0.05219113833115629 1.6170212765957446 0.06 1.3216271819536172
0.06088378212041402 1.6170212765957446 0.07 1.321882441156152
0.06957371073163364 1.6170212765957446 0.08 1.3221771264071815
0.0782605350873749 1.6170212765957446 0.09 1.3225113044944419
0.08694386563048415 1.6170212765957446 0.1 1.3228850512462786
0.09562331226384706 1.6170212765957446 0.11 1.3232984515584407
0.1042984842880543 1.6170212765957446 0.12 1.3237515994817202
0.11296899034158386 1.6170212765957446 0.13 1.3242445982321924
0.12163443833630881 1.6170212765957446 0.14 1.3247775603213336
0.13029443539721042 1.6170212765957446 0.15 1.3253506075718462
0.13894858779827104 1.6170212765957446 0.16 1.3259638712239623
0.14759650089924353 1.6170212765957446 0.17 1.3266174920126976
0.15623777908143532 1.6170212765957446 0.18 1.3273116202607202
0.16487202568352446 1.6170212765957446 0.19 1.3280464159664935
0.17349884293362794 1.6170212765957446 0.2 1.3288220489489193
0.18211783188804087 1.6170212765957446 0.21 1.329638698879489
0.19072859235866477 1.6170212765957446 0.22 1.3304965554896147
0.19933072284957037 1.6170212765957446 0.23 1.3313958186292576
0.2079238204856757 1.6170212765957446 0.24 1.3323366984390945
0.21650748094461836 1.6170212765957446 0.25 1.333319415470173
0.22508129838553134 1.6170212765957446 0.26 1.3343442008410196
0.23364486537760032 1.6170212765957446 0.27 1.335411296391343
0.2421977728275229 1.6170212765957446 0.28 1.3365209548444148
0.25073960990541183 1.6170212765957446 0.29 1.3376734399824697
0.2592699639691389 1.6170212765957446 0.3 1.3388690268337682
0.2677884204905914 1.6170212765957446 0.31 1.3401080018355236
0.27629456297345567 1.6170212765957446 0.32 1.3413906630801453
0.28478797287714486 1.6170212765957446 0.33 1.3427173204915384
0.29326822953694764 1.6170212765957446 0.34 1.344088296037761
0.3017349100787222 1.6170212765957446 0.35 1.3455039239895443
0.31018758933683466 1.6170212765957446 0.36 1.3469645511422557
0.3186258397684146 1.6170212765957446 0.37 1.3484705370680699
0.3270492313653377 1.6170212765957446 0.38 1.3500222543830593
0.3354573315649209 1.6170212765957446 0.39 1.3516200890203613
0.3438497051581345 1.6170212765957446 0.4 1.353264440519493
0.35222591419738175 1.6170212765957446 0.41 1.35495572231515
0.3605855178974001 1.6170212765957446 0.42 1.3566943620757619
0.36892807254026766 1.6170212765957446 0.43 1.3584808020051857
0.37725313137343763 1.6170212765957446 0.44 1.3603154991945885
0.3855602445039333 1.6170212765957446 0.45 1.362198925997022
0.3938489587964182 1.6170212765957446 0.46 1.364131570369982
0.4021188177609314 1.6170212765957446 0.47 1.3661139362887156
0.41036936144073466 1.6170212765957446 0.48 1.3681465441532088
0.4186001262975342 1.6170212765957446 0.49 1.3702299312096282
0.42681064509261707 1.6170212765957446 0.5 1.3723646519958113
0.4350004467627358 1.6170212765957446 0.51 1.3745512788173522
0.443169056294801 1.6170212765957446 0.52 1.376790402227574
0.45131599459444305 1.6170212765957446 0.53 1.3790826315433562
0.4594407783508855 1.6170212765957446 0.54 1.3814285953803558
0.4675429198972981 1.6170212765957446 0.55 1.3838289422127783
0.47562192706540823 1.6170212765957446 0.56 1.3862843409646204
0.483677303035322 1.6170212765957446 0.57 1.3887954816261368
0.491708546184095 1.6170212765957446 0.58 1.3913630758755438
0.49971514991215366 1.6170212765957446 0.59 1.393987857824717
0.5076966024896988 1.6170212765957446 0.6 1.3966705846477863
0.5156523868715306 1.6170212765957446 0.61 1.399412037386654
0.5235819805177755 1.6170212765957446 0.62 1.4022130217191002
0.531484855199359 1.6170212765957446 0.63 1.4050743688080372
0.5393604768076249 1.6170212765957446 0.64 1.4079969361266684
0.5472083051302621 1.6170212765957446 0.65 1.4109816084602487
0.5550277936440575 1.6170212765957446 0.66 1.4140292988156518
0.5628183892801275 1.6170212765957446 0.67 1.4171409494735967
0.5705795321770307 1.6170212765957446 0.68 1.4203175330991842
0.5783106554272279 1.6170212765957446 0.69 1.423560053883484
0.5860111848050225 1.6170212765957446 0.7 1.4268695487759897
0.5936805384759792 1.6170212765957446 0.71 1.4302470888057468
0.6013181266897413 1.6170212765957446 0.72 1.4336937804804264
0.6089233514509539 1.6170212765957446 0.73 1.4372107672879701
0.6164956061703408 1.6170212765957446 0.74 1.4407992312896554
0.6240342752852049 1.6170212765957446 0.75 1.4444603948539145
0.6315387338459219 1.6170212765957446 0.76 1.4481955225436145
0.6390083470888963 1.6170212765957446 0.77 1.4520059230606692
0.646442469930523 1.6170212765957446 0.78 1.4558929515464836
0.6538404464602692 1.6170212765957446 0.79 1.4598580118754156
0.6612016093504991 1.6170212765957446 0.8 1.4639025593151407
0.668525279212099 1.6170212765957446 0.81 1.4680281034141258
0.6758107638728805 1.6170212765957446 0.82 1.4722362112139813
0.6830573575733956 1.6170212765957446 0.83 1.4765285108033068
0.6902643400425648 1.6170212765957446 0.84 1.4809066953686292
0.6974309754484133 1.6170212765957446 0.85 1.4853725277506271
0.704556511181575 1.6170212765957446 0.86 1.4899278456750837
0.7116401764259654 1.6170212765957446 0.87 1.494574567835042
0.7186811804729003 1.6170212765957446 0.88 1.4993147009869034
0.7256787106877751 1.6170212765957446 0.89 1.5041503484147307
0.7326319300237627 1.6170212765957446 0.9 1.5090837201650182
0.7395399739275647 1.6170212765957446 0.91 1.5141171456442566
0.7464019464093553 1.6170212765957446 0.92 1.519253089450013
0.7532169149142538 1.6170212765957446 0.93 1.5244941718251388
0.7599839034481058 1.6170212765957446 0.94 1.5298431958244707
0.7667018830179687 1.6170212765957446 0.95 1.5353031847921141
0.7733697577914013 1.6170212765957446 0.96 1.5408774362539073
0.7799863352393683 1.6170212765957446 0.97 1.5465696383585024
0.7865501898863317 1.6170212765957446 0.98 1.5523844038082009
0.7930599330088515 1.6170212765957446 0.99 1.5583261953994894
0.0 1.6312056737588652 0.0 1.3186191249982964
0.008708374714071149 1.6312056737588652 0.01 1.318638597793065
0.017416363613320763 1.6312056737588652 0.02 1.3186970205455526
0.02612358082401948 1.6312056737588652 0.03 1.3187944063758728
0.03482964035471173 1.6312056737588652 0.04 1.31893077714834
0.04353415603712844 1.6312056737588652 0.05 1.3191061635002366
0.0522367414671199 1.6312056737588652 0.06 1.319320604854476
0.060937009945498076 1.6312056737588652 0.07 1.3195741494410032
0.0696345744185284 1.6312056737588652 0.08 1.3198668543325873
0.07832904741835221 1.6312056737588652 0.09 1.3201987854774824
0.08702004100284962 1.6312056737588652 0.1 1.3205700177488218
0.09570716669595035 1.6312056737588652 0.11 1.3209806349749205
0.1043900354266476 1.6312056737588652 0.12 1.3214307300081536
0.11306825746778956 1.6312056737588652 0.13 1.3219204047888482
0.12174144237638272 1.6312056737588652 0.14 1.3224497703711373
0.13040919892980682 1.6312056737588652 0.15 1.3230189470440163
0.139071135063344 1.6312056737588652 0.16 1.3236280644053533
0.1477268578108713 1.6312056737588652 0.17 1.3242772613768083
0.15637597323697378 1.6312056737588652 0.18 1.324966686383083
0.16501808637618648 1.6312056737588652 0.19 1.325696497385016
0.17365280116581952 1.6312056737588652 0.2 1.3264668620256526
0.18227972038366505 1.6312056737588652 0.21 1.3272779576892382
0.19089844557817245 1.6312056737588652 0.22 1.3281299716747221
0.19950857700446623 1.6312056737588652 0.23 1.3290231012729157
0.20810971355529326 1.6312056737588652 0.24 1.329957553915906
0.21670145269173915 1.6312056737588652 0.25 1.3309335473209742
0.22528339037450368 1.6312056737588652 0.26 1.3319513096226518
0.23385512099296993 1.6312056737588652 0.27 1.3330110795289343
0.2424162372927832 1.6312056737588652 0.28 1.3341131064893776
0.250966330303789 1.6312056737588652 0.29 1.3352576508541134
0.2595049892644798 1.6312056737588652 0.3 1.3364449840669705
0.2680318015482027 1.6312056737588652 0.31 1.3376753888343418
0.27654635258547655 1.6312056737588652 0.32 1.3389491593311151
0.2850482257854373 1.6312056737588652 0.33 1.3402666014092222
0.29353700245695935 1.6312056737588652 0.34 1.3416280328048056
0.30201226172701334 1.6312056737588652 0.35 1.3430337833674801
0.31047358045779677 1.6312056737588652 0.36 1.3444841952958293
0.31892053316194074 1.6312056737588652 0.37 1.3459796233854457
0.3273526919167522 1.6312056737588652 0.38 1.3475204352810175
0.3357696262740422 1.6312056737588652 0.39 1.349107011761077
0.3441709031734761 1.6312056737588652 0.4 1.350739746989393
0.35255608684475287 1.6312056737588652 0.41 1.3524190488526686
0.3609247387191903 1.6312056737588652 0.42 1.3541453392184573
0.36927641732554717 1.6312056737588652 0.43 1.355919054311842
0.37761067819743904 1.6312056737588652 0.44 1.35774064499848
0.38592707376602603 1.6312056737588652 0.45 1.3596105771746114
0.3942251532576444 1.6312056737588652 0.46 1.361529332115084
0.4025044625852623 1.6312056737588652 0.47 1.3634974068622836
0.41076454423773434 1.6312056737588652 0.48 1.3655153146260408
0.4190049371662128 1.6312056737588652 0.49 1.3675835851992435
0.42722517666497717 1.6312056737588652 0.5 1.369702765406742
0.43542479425174907 1.6312056737588652 0.51 1.371873419553607
0.44360331754241655 1.6312056737588652 0.52 1.3740961299063936
0.4517602701214704 1.6312056737588652 0.53 1.3763714971977936
0.4598951714093897 1.6312056737588652 0.54 1.378700141146858
0.46800753652252125 1.6312056737588652 0.55 1.3810827010216784
0.47609687613359475 1.6312056737588652 0.56 1.3835198361950236
0.484162696318073 1.6312056737588652 0.57 1.3860122267808843
0.492204498406723 1.6312056737588652 0.58 1.388560574231141
0.5002217788216659 1.6312056737588652 0.59 1.3911656020255356
0.5082140289110408 1.6312056737588652 0.6 1.393828056365485
0.5161807347752684 1.6312056737588652 0.61 1.396548706912237
0.5241213770873276 1.6312056737588652 0.62 1.399328347555298
0.532035430903525 1.6312056737588652 0.63 1.4021677972300433
0.5399223654649302 1.6312056737588652 0.64 1.405067900782448
0.547781643993837 1.6312056737588652 0.65 1.4080295298578251
0.5556127234717895 1.6312056737588652 0.66 1.411053583883427
0.5634150544136358 1.6312056737588652 0.67 1.4141409910682419
0.5711880806278593 1.6312056737588652 0.68 1.417292709470881
0.5789312389598064 1.6312056737588652 0.69 1.4205097281508448
0.5866439590228907 1.6312056737588652 0.7 1.4237930683763826
0.5943256629110372 1.6312056737588652 0.71 1.4271437849216055
0.6019757648975554 1.6312056737588652 0.72 1.430562967426452
0.6095936711061524 1.6312056737588652 0.73 1.4340517418873238
0.6171787791642575 1.6312056737588652 0.74 1.4376112722272827
0.6247304778267957 1.6312056737588652 0.75 1.4412427620009327
0.6322481465705331 1.6312056737588652 0.76 1.4449474562306275
0.6397311551569449 1.6312056737588652 0.77 1.4487266433814388
0.647178863149834 1.6312056737588652 0.78 1.45258165753507
0.6545906193936178 1.6312056737588652 0.79 1.456513880731868
0.6619657614321977 1.6312056737588652 0.8 1.4605247455678938
0.6693036148699296 1.6312056737588652 0.81 1.4646157380346572
0.6766034926528119 1.6312056737588652 0.82 1.4687884006928227
0.6838646942624601 1.6312056737588652 0.83 1.4730443362045045
0.6910865048049243 1.6312056737588652 0.84 1.47738521129397
0.6982681939560135 1.6312056737588652 0.85 1.4818127612908556
0.7054090147504117 1.6312056737588652 0.86 1.4863287952955155
0.7125082021646457 1.6312056737588652 0.87 1.4909352021626654
0.719564971427692 1.6312056737588652 0.88 1.4956339575598934
0.726578515998278 1.6312056737588652 0.89 1.5004271323267784
0.7335480050918256 1.6312056737588652 0.9 1.5053169025848347
0.7404725805992818 1.6312056737588652 0.91 1.5103055621994688
0.7473513531776175 1.6312056737588652 0.92 1.5153955384293392
0.7541833971603942 1.6312056737588652 0.93 1.5205894121027506
0.7609677437437531 1.6312056737588652 0.94 1.5258899443930973
0.7677033715248168 1.6312056737588652 0.95 1.531300113711514
0.7743891928457008 1.6312056737588652 0.96 1.5368231686034914
0.7810240246972286 1.6312056737588652 0.97 1.5424627406716083
0.7876064583940032 1.6312056737588652 0.98 1.5482233530548395
0.7941351133000434 1.6312056737588652 0.99 1.554109413226231
0.0 1.6453900709219857 0.0 1.3163444096584103
0.008715896058420191 1.6453900709219857 0.01 1.31636375293943
0.017431407874259806 1.6453900709219857 0.02 1.3164217871021089
0.026146151146769832 1.6453900709219857 0.03 1.3165185250932085
0.03485974145866265 1.6453900709219857 0.04 1.316653988514624
0.043571794217935216 1.6453900709219857 0.05 1.3168282076168365
0.052281924599303836 1.6453900709219857 0.06 1.3170412213319107
0.06098974748569576 1.6453900709219857 0.07 1.3172930772911486
0.06969487740985422 1.6453900709219857 0.08 1.317583831842073
0.07839692849418 1.6453900709219857 0.09 1.3179135501314039
0.08709551439302489 1.6453900709219857 0.1 1.3182823060831164
0.0957902482322231 1.6453900709219857 0.11 1.3186901824842554
0.10448074254976732 1.6453900709219857 0.12 1.3191372710195477
0.11316660923473319 1.6453900709219857 0.13 1.3196236723520443
0.12184745946819689 1.6453900709219857 0.14 1.32014949614784
0.1305229036601888 1.6453900709219857 0.15 1.3207148611933162
0.13919255138999295 1.6453900709219857 0.16 1.3213198954278462
0.14785601134265544 1.6453900709219857 0.17 1.3219647360558973
0.15651289124747578 1.6453900709219857 0.18 1.322649529612108
0.16516279781393908 1.6453900709219857 0.19 1.3233744320709495
0.17380533666755457 1.6453900709219857 0.2 1.3241396089496256
0.1824401122861092 1.6453900709219857 0.21 1.324945235400665
0.19106672793422436 1.6453900709219857 0.22 1.3257914963283026
0.199684785596574 1.6453900709219857 0.23 1.326678586518281
0.20829388591071832 1.6453900709219857 0.24 1.327606710766615
0.21689362809988283 1.6453900709219857 0.25 1.3285760840050589
0.2254836099035976 1.6453900709219857 0.26 1.3295869314502073
0.23406342750798315 1.6453900709219857 0.27 1.3306394887514097
0.24263267547474815 1.6453900709219857 0.28 1.331734002149518
0.25119094666896186 1.6453900709219857 0.29 1.3328707286447152
0.2597378321860359 1.6453900709219857 0.3 1.3340499361683633
0.26827292127703956 1.6453900709219857 0.31 1.3352719037681802
0.27679580127252484 1.6453900709219857 0.32 1.3365369218036793
0.28530605750546195 1.6453900709219857 0.33 1.3378452921456443
0.29380327323393074 1.6453900709219857 0.34 1.3391973283744087
0.302287029558148 1.6453900709219857 0.35 1.340593356026745
0.31075690534006295 1.6453900709219857 0.36 1.3420337128127542
0.3192124771216455 1.6453900709219857 0.37 1.3435187488423246
0.3276533190354365 1.6453900709219857 0.38 1.345048826913759
0.3360790027209553 1.6453900709219857 0.39 1.3466243227467263
0.34448909723325105 1.6453900709219857 0.4 1.3482456252775943
0.3528831689524099 1.6453900709219857 0.41 1.3499131369413604
0.3612607814909242 1.6453900709219857 0.42 1.351627273967071
0.36962149559545243 1.6453900709219857 0.43 1.3533884667117544
0.37796486905116905 1.6453900709219857 0.44 1.3551971599701331
0.3862904565802323 1.6453900709219857 0.45 1.357053813324842
0.3945978097357528 1.6453900709219857 0.46 1.3589589015237307
0.40288647679864265 1.6453900709219857 0.47 1.3609129148325823
0.4111560026658043 1.6453900709219857 0.48 1.3629163594448468
0.41940592874010596 1.6453900709219857 0.49 1.3649697578749618
0.42763579281124087 1.6453900709219857 0.5 1.3670736494089604
0.43584512893831373 1.6453900709219857 0.51 1.3692285905392676
0.44403346732416843 1.6453900709219857 0.52 1.371435155449314
0.45220033419139605 1.6453900709219857 0.53 1.3736939364839185
0.4603452516471445 1.6453900709219857 0.54 1.3760055446862371
0.46846773754764715 1.6453900709219857 0.55 1.3783706103319129
0.47656730535701075 1.6453900709219857 0.56 1.380789783494728
0.48464346400535396 1.6453900709219857 0.57 1.3832637346138021
0.49269571772609544 1.6453900709219857 0.58 1.385793155178261
0.5007235659079088 1.6453900709219857 0.59 1.3883787583232547
0.5087265029322824 1.6453900709219857 0.6 1.391021279507672
0.5167040179862006 1.6453900709219857 0.61 1.393721477324981
0.524655594903931 1.6453900709219857 0.62 1.3964801341503446
0.5325807119648679 1.6453900709219857 0.63 1.3992980570258964
0.5404788417097501 1.6453900709219857 0.64 1.402176078442655
0.548349450726393 1.6453900709219857 0.65 1.405115057281855
0.5561919994410781 1.6453900709219857 0.66 1.4081158797225433
0.5640059418904004 1.6453900709219857 0.67 1.4111794602480277
0.5717907254823635 1.6453900709219857 0.68 1.414306742703426
0.5795457907461585 1.6453900709219857 0.69 1.4174987014070533
0.587270571061274 1.6453900709219857 0.7 1.4207563423609626
0.5949644923794334 1.6453900709219857 0.71 1.424080704492994
0.6026269729187304 1.6453900709219857 0.72 1.4274728610304703
0.6102574228435459 1.6453900709219857 0.73 1.4309339209373457
0.6178552439139997 1.6453900709219857 0.74 1.4344650304911335
0.6254198291208215 1.6453900709219857 0.75 1.4380673749226782
0.6329505622762248 1.6453900709219857 0.76 1.441742180254659
0.6404468175812542 1.6453900709219857 0.77 1.4454907152399712
0.6479079591497253 1.6453900709219857 0.78 1.4493142934896612
0.6553333404848306 1.6453900709219857 0.79 1.4532142758036695
0.6627223039038106 1.6453900709219857 0.8 1.4571920727206564
0.6700741799020681 1.6453900709219857 0.81 1.461249147320698
0.6773882864371913 1.6453900709219857 0.82 1.4653870183608075
0.6846639281272082 1.6453900709219857 0.83 1.4696072637600923
0.6919003953393899 1.6453900709219857 0.84 1.4739115245287115
0.6990969631447216 1.6453900709219857 0.85 1.4783015092361662
0.7062528901114508 1.6453900709219857 0.86 1.4827789991184253
0.713367416885718 1.6453900709219857 0.87 1.4873458540265678
0.7204397645182485 1.6453900709219857 0.88 1.4920040193665964
0.7274691324442827 1.6453900709219857 0.89 1.4967555343897088
0.7344546960231493 1.6453900709219857 0.9 1.5016025421825128
0.7413956034742215 1.6453900709219857 0.91 1.5065473019796682
0.7482909719931222 1.6453900709219857 0.92 1.5115922046145114
0.7551398827014358 1.6453900709219857 0.93 1.5167397924227712
0.7619413738925582 1.6453900709219857 0.94 1.5219927856346505
0.7686944316825963 1.6453900709219857 0.95 1.5273541186333395
0.7753979765384389 1.6453900709219857 0.96 1.5328269918723154
0.7820508349420701 1.6453900709219857 0.97 1.5384149813165564
0.7886516148288516 1.6453900709219857 0.98 1.544122522328712
0.7951989438917842 1.6453900709219857 0.99 1.5499539670025269
0.0 1.6595744680851063 0.0 1.3140963983566236
0.008723348283787867 1.6595744680851063 0.01 1.3141156140747268
0.017446313879170137 1.6595744680851063 0.02 1.3141732654878764
0.026168514040107636 1.6595744680851063 0.03 1.314269365396634
0.0348895659054477 1.6595744680851063 0.04 1.3144039351262753
0.04360908644124348 1.6595744680851063 0.05 1.3145770045528344
0.0523266923827701 1.6595744680851063 0.06 1.314788612131536
0.06104200017693461 1.6595744680851063 0.07 1.3150388048990176
0.06975462592382822 1.6595744680851063 0.08 1.3153276385227768
0.0784641853187282 1.6595744680851063 0.09 1.315655177320329
0.08717029359330951 1.6595744680851063 0.1 1.3160214943093862
0.09587256545680421 1.6595744680851063 0.11 1.3164266712515982
0.10457061503703681 1.6595744680851063 0.12 1.3168707986977404
0.11326405582083914 1.6595744680851063 0.13 1.317353976047271
0.12195250059363527 1.6595744680851063 0.14 1.3178763116216847
0.1306355613798859 1.6595744680851063 0.15 1.3184379227131156
0.13931284938153096 1.6595744680851063 0.16 1.319038935674964
0.14798397491706963 1.6595744680851063 0.17 1.31967948599208
0.15664854735908704 1.6595744680851063 0.18 1.3203597183770395
0.16530617507248 1.6595744680851063 0.19 1.3210797868486521
0.17395646535063894 1.6595744680851063 0.2 1.3218398548421293
0.1825990243517373 1.6595744680851063 0.21 1.3226400953109123
0.1912334570343243 1.6595744680851063 0.22 1.3234806908354522
0.19985936709089058 1.6595744680851063 0.23 1.3243618337559802
0.20847635688403324 1.6595744680851063 0.24 1.3252837262651032
0.21708402737610039 1.6595744680851063 0.25 1.3262465805840913
0.22568197806334636 1.6595744680851063 0.26 1.3272506190725766
0.23426980690644184 1.6595744680851063 0.27 1.328296074382427
0.2428471102598988 1.6595744680851063 0.28 1.329383189618425
0.2514134828010882 1.6595744680851063 0.29 1.3305122184984361
0.2599685174580955 1.6595744680851063 0.3 1.3316834255223386
0.2685118053351142 1.6595744680851063 0.31 1.3328970861621245
0.27704293563908605 1.6595744680851063 0.32 1.3341534870344494
0.28556149560208643 1.6595744680851063 0.33 1.3354529261120742
0.2940670704038852 1.6595744680851063 0.34 1.3367957129277113
0.30255924309261195 1.6595744680851063 0.35 1.338182168791508
0.3110375945046287 1.6595744680851063 0.36 1.3396126270116144
0.31950170318113225 1.6595744680851063 0.37 1.3410874331395581
0.3279511452839934 1.6595744680851063 0.38 1.34260694521709
0.336385494510326 1.6595744680851063 0.39 1.3441715340298375
0.344804322002921 1.6595744680851063 0.4 1.3457815833905464
0.3532071962618396 1.6595744680851063 0.41 1.3474374904083775
0.3615936830491828 1.6595744680851063 0.42 1.349139665807594
0.3699633452997325 1.6595744680851063 0.43 1.35088853419711
0.37831574301712045 1.6595744680851063 0.44 1.3526845344452312
0.3866504331798421 1.6595744680851063 0.45 1.3545281199758967
0.3949669696360179 1.6595744680851063 0.46 1.3564197591439926
0.40326490299818896 1.6595744680851063 0.47 1.3583599356047313
0.41154378053818264 1.6595744680851063 0.48 1.360349148679496
0.41980314607114033 1.6595744680851063 0.49 1.3623879137912331
0.42804253984581564 1.6595744680851063 0.5 1.3644767628535215
0.43626149842282363 1.6595744680851063 0.51 1.36661624473573
0.44445955455406116 1.6595744680851063 0.52 1.3688069257157567
0.45263623705714506 1.6595744680851063 0.53 1.3710493899611778
0.46079107068285524 1.6595744680851063 0.54 1.3733442400497082
0.46892357598769047 1.6595744680851063 0.55 1.3756920974557993
0.4770332691842512 1.6595744680851063 0.56 1.3780936031669528
0.48511966200092377 1.6595744680851063 0.57 1.380549418239272
0.4931822615354067 1.6595744680851063 0.58 1.3830602243877432
0.5012205700944559 1.6595744680851063 0.59 1.3856267246523764
0.5092340850317281 1.6595744680851063 0.6 1.3882496440705916
0.5172222985812538 1.6595744680851063 0.61 1.390929730371324
0.5251846976763248 1.6595744680851063 0.62 1.3936677547458507
0.5331207637706313 1.6595744680851063 0.63 1.3964645126030806
0.5410299726412574 1.6595744680851063 0.64 1.399320824419299
0.5489117941866606 1.6595744680851063 0.65 1.4022375366102562
0.5567656922164883 1.6595744680851063 0.66 1.405215522443
0.5645911242225474 1.6595744680851063 0.67 1.4082556830409791
0.5723875411514421 1.6595744680851063 0.68 1.4113589483773827
0.5801543871451058 1.6595744680851063 0.69 1.4145262784262838
0.5878910992831999 1.6595744680851063 0.7 1.417758664299586
0.5955971073015147 1.6595744680851063 0.71 1.4210571294987
0.6032718332896932 1.6595744680851063 0.72 1.4244227312613431
0.610914691371414 1.6595744680851063 0.73 1.4278565619868762
0.6185250873677856 1.6595744680851063 0.74 1.4313597507364004
0.6261024184191849 1.6595744680851063 0.75 1.43493346492154
0.6336460725872182 1.6595744680851063 0.76 1.4385789120767813
0.6411554284288051 1.6595744680851063 0.77 1.4422973417523628
0.6486298545153498 1.6595744680851063 0.78 1.4460900476474399
0.6560687089158512 1.6595744680851063 0.79 1.4499583698927025
0.6634713386262725 1.6595744680851063 0.8 1.4539036975590782
0.6708370789338319 1.6595744680851063 0.81 1.4579274714373078
0.678165252706595 1.6595744680851063 0.82 1.462031187124071
0.685455169594322 1.6595744680851063 0.83 1.4662163984683965
0.6927061251202511 1.6595744680851063 0.84 1.4704847214570396
0.699917399642871 1.6595744680851063 0.85 1.4748378386173395
0.7070882571499334 1.6595744680851063 0.86 1.4792775040841082
0.714217943848498 1.6595744680851063 0.87 1.4838055494651825
0.7213056864966019 1.6595744680851063 0.88 1.488423890711509
0.7283506903940978 1.6595744680851063 0.89 1.4931345363059252
0.7353521369330043 1.6595744680851063 0.9 1.4979395971441203
0.7423091805526265 1.6595744680851063 0.91 1.5028412986927295
0.7492209448840785 1.6595744680851063 0.92 1.50784199623453
0.756086517738953 1.6595744680851063 0.93 1.5129441945051467
0.7629049444258296 1.6595744680851063 0.94 1.5181505736648249
0.7696752185121211 1.6595744680851063 0.95 1.523464024938533
0.776396268542771 1.6595744680851063 0.96 1.5288877015408409
0.7830669304626559 1.6595744680851063 0.97 1.5344251246805705
0.7896858286469585 1.6595744680851063 0.98 1.5400806437357157
0.7962515993625442 1.6595744680851063 0.99 1.5458585553340507
0.0 1.673758865248227 0.0 1.3118746813244302
0.008730732154571543 1.673758865248227 0.01 1.3118937713855932
0.017461083157027105 1.673758865248227 0.02 1.3119510457871768
0.026190671798404327 1.673758865248227 0.03 1.312046517153955
0.034919116755732046 1.673758865248227 0.04 1.3121802065623536
0.043646036535157515 1.673758865248227 0.05 1.3123521435244074
0.05237104941476906 1.673758865248227 0.06 1.3125623660159889
0.06109377338713264 1.673758865248227 0.07 1.3128109205079845
0.06981382610208832 1.673758865248227 0.08 1.3130978619806013
0.07853082480948606 1.673758865248227 0.09 1.3134232539475725
0.08724438629977962 1.673758865248227 0.1 1.3137871685486615
0.09595412684733964 1.673758865248227 0.11 1.3141896865364717
0.1046596621518134 1.673758865248227 0.12 1.3146308973386602
0.11336060727808533 1.673758865248227 0.13 1.315110899144349
0.12205657659840141 1.673758865248227 0.14 1.3156297989279375
0.13074718373189195 1.673758865248227 0.15 1.3161877125371921
0.13943204148424698 1.673758865248227 0.16 1.3167847647674753
0.14811076178779958 1.673758865248227 0.17 1.3174210894249931
0.15678295563970193 1.673758865248227 0.18 1.3180968294238882
0.1654482330399578 1.673758865248227 0.19 1.3188121368783476
0.1741062029294425 1.673758865248227 0.2 1.3195671731910543
0.18275647312682464 1.673758865248227 0.21 1.320362109156411
0.1913986502634518 1.673758865248227 0.22 1.3211971250883467
0.20003233972100384 1.673758865248227 0.23 1.3220724109033595
0.20865714556312126 1.673758865248227 0.24 1.3229881662845369
0.21727267047147922 1.673758865248227 0.25 1.3239446007782023
0.22587851567700853 1.673758865248227 0.26 1.3249419339514212
0.23447428089299985 1.673758865248227 0.27 1.3259803955202036
0.24305956424372238 1.673758865248227 0.28 1.3270602255264665
0.2516339621966523 1.673758865248227 0.29 1.328181674468301
0.260197069488307 1.673758865248227 0.3 1.329345003497695
0.2687484790532969 1.673758865248227 0.31 1.330550484577228
0.2772877819503985 1.673758865248227 0.32 1.331798400665325
0.2858145672853684 1.673758865248227 0.33 1.3330890459282352
0.29432842213492777 1.673758865248227 0.34 1.334422725934757
0.3028289314708936 1.673758865248227 0.35 1.335799757847464
0.31131567807524846 1.673758865248227 0.36 1.337220470691593
0.31978824246370724 1.673758865248227 0.37 1.3386852055421352
0.32824620279977207 1.673758865248227 0.38 1.3401943157919065
0.33668913480934315 1.673758865248227 0.39 1.3417481674081329
0.3451166116943723 1.673758865248227 0.4 1.3433471391927578
0.353528204045035 1.673758865248227 0.41 1.3449916230514105
0.36192347974604056 1.673758865248227 0.42 1.346682024303822
0.3703020038856353 1.673758865248227 0.43 1.3484187619687569
0.378663338656867 1.673758865248227 0.44 1.3502022691031956
0.38700704326175206 1.673758865248227 0.45 1.3520329931153547
0.39533267380960346 1.673758865248227 0.46 1.353911396116734
0.40363978321174876 1.673758865248227 0.47 1.3558379552946611
0.41192792107775855 1.673758865248227 0.48 1.3578131632706534
0.42019663360303994 1.673758865248227 0.49 1.3598375285139106
0.42844546345633827 1.673758865248227 0.5 1.3619115757505476
0.43667394966073997 1.673758865248227 0.51 1.3640358464110807
0.4448816274786916 1.673758865248227 0.52 1.3662108990489852
0.4530680282834348 1.673758865248227 0.53 1.368437309842039
0.4612326794348665 1.673758865248227 0.54 1.3707156730620722
0.4693751041332296 1.673758865248227 0.55 1.3730466016743974
0.47749482130265836 1.673758865248227 0.56 1.3754307277554476
0.4855913454292987 1.673758865248227 0.57 1.3778687031773544
0.4936641864255297 1.673758865248227 0.58 1.3803612001342251
0.5017128494651882 1.673758865248227 0.59 1.38290891183241
0.5097368348330146 1.673758865248227 0.6 1.3855125530961856
0.5177356377507296 1.673758865248227 0.61 1.3881728611012965
0.5257087482049596 1.673758865248227 0.62 1.3908905960936295
0.5336556507647628 1.673758865248227 0.63 1.3936665421613266
0.541575824391051 1.673758865248227 0.64 1.3965015080466971
0.5494687422343261 1.673758865248227 0.65 1.3993963280158799
0.5573338714260776 1.673758865248227 0.66 1.402351862757718
0.5651706728581593 1.673758865248227 0.67 1.40536900034116
0.5729786009450719 1.673758865248227 0.68 1.4084486572549793
0.5807571033831505 1.673758865248227 0.69 1.4115917794590642
0.5885056208806162 1.673758865248227 0.7 1.4147993435756328
0.5962235868877084 1.673758865248227 0.71 1.4180723580750414
0.6039104272934502 1.673758865248227 0.72 1.4214118646185878
0.6115655601125995 1.673758865248227 0.73 1.4248189394419668
0.619188395140984 1.673758865248227 0.74 1.428294694882248
0.6267783335924637 1.673758865248227 0.75 1.4318402809834192
0.6343347677017077 1.673758865248227 0.76 1.4354568872526474
0.6418570802914366 1.673758865248227 0.77 1.439145744569669
0.6493446443053611 1.673758865248227 0.78 1.4429081272408457
0.6567968222899658 1.673758865248227 0.79 1.4467453552704403
0.6642129658258455 1.673758865248227 0.8 1.4506587968407945
0.6715924148980967 1.673758865248227 0.81 1.4546498710432512
0.6789344971862438 1.673758865248227 0.82 1.458720050938826
0.6862385272734813 1.673758865248227 0.83 1.4628708669416601
0.6935038057383329 1.673758865248227 0.84 1.4671039106755535
0.7007296181198648 1.673758865248227 0.85 1.4714208393288857
0.7079152337213555 1.673758865248227 0.86 1.4758233806435486
0.7150599042033634 1.673758865248227 0.87 1.4803133387262721
0.7221628619236276 1.673758865248227 0.88 1.4848926008370302
0.7292233179389904 1.673758865248227 0.89 1.4895631454778333
0.736240459568666 1.673758865248227 0.9 1.4943270521581695
0.7432134473692328 1.673758865248227 0.91 1.4991865133988536
0.7501414113078068 1.673758865248227 0.92 1.5041438497742377
0.7570234457984749 1.673758865248227 0.93 1.509201529251296
0.7638586030847452 1.673758865248227 0.94 1.5143621927667337
0.7706458841198958 1.673758865248227 0.95 1.5196286892272268
0.7773842254866702 1.673758865248227 0.96 1.5250041254139017
0.7840724725613585 1.673758865248227 0.97 1.5304919686491443
0.7907092659772901 1.673758865248227 0.98 1.5360964840812639
0.7972932508109567 1.673758865248227 0.99 1.5418219128043409
0.0 1.6879432624113475 0.0 1.309678856587297
0.008738048425666285 1.6879432624113475 0.01 1.3096978228646623
0.017475717218082856 1.6879432624113475 0.02 1.3097547258500954
0.026212626687796396 1.6879432624113475 0.03 1.309849578017455
0.03494839703229832 1.6879432624113475 0.04 1.309982400209133
0.04368264828059624 1.6879432624113475 0.05 1.3101532215512979
0.0524150002355334 1.6879432624113475 0.06 1.3103620795791795
0.06114507241824059 1.6879432624113475 0.07 1.310609020178212
0.06987248401044709 1.6879432624113475 0.08 1.3108940976655794
0.07859685379778902 1.6879432624113475 0.09 1.3112173748012896
0.08731780011263468 1.6879432624113475 0.1 1.311578922825122
0.09603494077627388 1.6879432624113475 0.11 1.311978821509603
0.10474789304145496 1.6879432624113475 0.12 1.312417159197286
0.11345627353373064 1.6879432624113475 0.13 1.3128940328684522
0.12215969819273856 1.6879432624113475 0.14 1.3134095482018622
0.13085778221418723 1.6879432624113475 0.15 1.3139638196181946
0.1395501399890642 1.6879432624113475 0.16 1.314556970381069
0.14823638504364506 1.6879432624113475 0.17 1.3151891326703613
0.15691612998098714 1.6879432624113475 0.18 1.315860447628689
0.1655889864167339 1.6879432624113475 0.19 1.3165710655064757
0.1742545649199494 1.6879432624113475 0.2 1.3173211457110146
0.18291247494924506 1.6879432624113475 0.21 1.3181108569329552
0.19156232478977162 1.6879432624113475 0.22 1.3189403772506796
0.2002037214897959 1.6879432624113475 0.23 1.3198098942375338
0.20883627079543948 1.6879432624113475 0.24 1.3207196050905137
0.21745957708589547 1.6879432624113475 0.25 1.3216697167477853
0.22607324330522116 1.6879432624113475 0.26 1.3226604460450164
0.234676870897445 1.6879432624113475 0.27 1.3236920198261117
0.243270059735628 1.6879432624113475 0.28 1.324764675122725
0.2518524080532186 1.6879432624113475 0.29 1.3258786593000245
0.2604235123735953 1.6879432624113475 0.3 1.3270342302195564
0.26898296743891287 1.6879432624113475 0.31 1.3282316564058174
0.27753036613372656 1.6879432624113475 0.32 1.3294712172604828
0.2860652994159202 1.6879432624113475 0.33 1.3307532031994431
0.2945873562338518 1.6879432624113475 0.34 1.3320779159199345
0.3030961234562945 1.6879432624113475 0.35 1.3334456685404883
0.3115911857871782 1.6879432624113475 0.36 1.334856785878494
0.32007212568992416 1.6879432624113475 0.37 1.336311604635087
0.3285385233015522 1.6879432624113475 0.38 1.337810473666358
0.33698995635061674 1.6879432624113475 0.39 1.3393537542160352
0.34542600007097046 1.6879432624113475 0.4 1.3409418201795607
0.3538462271131039 1.6879432624113475 0.41 1.3425750583827871
0.3622502074544424 1.6879432624113475 0.42 1.3442538688643118
0.3706375083070641 1.6879432624113475 0.43 1.3459786651736259
0.379007694022407 1.6879432624113475 0.44 1.3477498746874002
0.38736032599571946 1.6879432624113475 0.45 1.349567938923771
0.39569496256387215 1.6879432624113475 0.46 1.3514333139001329
0.4040111589049205 1.6879432624113475 0.47 1.353346470474048
0.4123084669312539 1.6879432624113475 0.48 1.3553078947249098
0.42058643518052014 1.6879432624113475 0.49 1.357318088345857
0.4288446087089889 1.6879432624113475 0.5 1.3593775690169272
0.4370825289665155 1.6879432624113475 0.51 1.3614868708934127
0.4452997336871343 1.6879432624113475 0.52 1.3636465449892041
0.45349575676000037 1.6879432624113475 0.53 1.365857159681887
0.46167012810659763 1.6879432624113475 0.54 1.3681193011741446
0.4698223735469454 1.6879432624113475 0.55 1.3704335740192004
0.4779520146583455 1.6879432624113475 0.56 1.3728006016851726
0.48605856864907665 1.6879432624113475 0.57 1.3752210270297522
0.4941415481950838 1.6879432624113475 0.58 1.3776955129864554
0.5022004612973144 1.6879432624113475 0.59 1.3802247431266008
0.5102348111184873 1.6879432624113475 0.6 1.3828094223352658
0.518244095821199 1.6879432624113475 0.61 1.3854502774756956
0.5262278083942058 1.6879432624113475 0.62 1.3881480581154304
0.5341854364700274 1.6879432624113475 0.63 1.3909035372949237
0.5421164621375616 1.6879432624113475 0.64 1.3937175123188523
0.5500203617450102 1.6879432624113475 0.65 1.3965908055951026
0.5578966056891395 1.6879432624113475 0.66 1.3995242655405424
0.5657446581975569 1.6879432624113475 0.67 1.40251876751824
0.5735639770971599 1.6879432624113475 0.68 1.4055752148407372
0.581354013570457 1.6879432624113475 0.69 1.4086945398295652
0.5891142118925177 1.6879432624113475 0.7 1.4118777049653437
0.5968440091594176 1.6879432624113475 0.71 1.4151257040742127
0.6045428349901957 1.6879432624113475 0.72 1.418439563636745
0.6122101112142283 1.6879432624113475 0.73 1.4218203441598494
0.6198452515345861 1.6879432624113475 0.74 1.425269141655623
0.627447661160421 1.6879432624113475 0.75 1.4287870892567645
0.6350167364165213 1.6879432624113475 0.76 1.4323753589283672
0.642551864313757 1.6879432624113475 0.77 1.436035163348694
0.6500524220823614 1.6879432624113475 0.78 1.439767757946097
0.6575177766592037 1.6879432624113475 0.79 1.4435744431283821
0.6649472841226101 1.6879432624113475 0.8 1.447456566728761
0.6723402890635132 1.6879432624113475 0.81 1.4514155267125364
0.679696123881378 1.6879432624113475 0.82 1.4554527741883334
0.6870141079928289 1.6879432624113475 0.83 1.4595698167684648
0.6942935469347669 1.6879432624113475 0.84 1.4637682223476822
0.7015337313282596 1.6879432624113475 0.85 1.4680496234321405
0.708733935690525 1.6879432624113475 0.86 1.4724157220574543
0.7158934170333744 1.6879432624113475 0.87 1.4768682955373054
0.7230114132125083 1.6879432624113475 0.88 1.4814092031672488
0.7300871409371796 1.6879432624113475 0.89 1.4860403942293752
0.7371197933550289 1.6879432624113475 0.9 1.4907639176092398
0.744108537042308 1.6879432624113475 0.91 1.4955819336676799
0.7510525082101964 1.6879432624113475 0.92 1.5004967290655404
0.7579508077883185 1.6879432624113475 0.93 1.505510735812732
0.764802494878093 1.6879432624113475 0.94 1.5106265564369425
0.7716065777629506 1.6879432624113475 0.95 1.5158469983080096
0.7783620010206557 1.6879432624113475 0.96 1.521175122568124
0.7850676194354378 1.6879432624113475 0.97 1.526614343468164
0.7917220897004267 1.6879432624113475 0.98 1.5321688437085357
0.7983240659375135 1.6879432624113475 0.99 1.5378428087654459
0.0 1.702127659574468 0.0 1.3075085297662665
0.00874529784274091 1.702127659574468 0.01 1.3075273740870075
0.017490217553898783 1.702127659574468 0.02 1.307583911147094
0.026234380946087904 1.702127659574468 0.03 1.3076781532927944
0.03497740972061032 1.702127659574468 0.04 1.307810121076782
0.04371892541152961 1.702127659574468 0.05 1.3079798433014593
0.052458549329602915 1.702127659574468 0.06 1.308187357038557
0.06119590250669856 1.702127659574468 0.07 1.3084327076255209
0.06993060563879762 1.702127659574468 0.08 1.3087159487333015
0.0786622790307071 1.702127659574468 0.09 1.3090371423488556
0.08739054253834756 1.702127659574468 0.1 1.3093963588584783
0.09611501551248566 1.702127659574468 0.11 1.30979367706485
0.10483531674090606 1.702127659574468 0.12 1.310229184253684
0.11355106439185227 1.702127659574468 0.13 1.3107029762200928
0.12226187595470168 1.702127659574468 0.14 1.311215157363187
0.1309673681826906 1.702127659574468 0.15 1.311765840722636
0.1396671570335717 1.702127659574468 0.16 1.312355148061539
0.1483608576105247 1.702127659574468 0.17 1.312983209937275
0.1570480841018047 1.702127659574468 0.18 1.3136501657919584
0.1657284497208112 1.702127659574468 0.19 1.3143561640302206
0.17440156664489195 1.702127659574468 0.2 1.3151013621156376
0.183067045953108 1.702127659574468 0.21 1.315885926677919
0.1917244975647608 1.702127659574468 0.22 1.3167100336041944
0.20037353017459605 1.702127659574468 0.23 1.3175738681743012
0.20901375119129204 1.702127659574468 0.24 1.3184776251455415
0.21764476667059982 1.702127659574468 0.25 1.3194215089067876
0.22626618124859074 1.702127659574468 0.26 1.3204057336213875
0.23487759807913053 1.702127659574468 0.27 1.3214305233167578
0.24347861876126733 1.702127659574468 0.28 1.3224961120904122
0.25206884327411916 1.702127659574468 0.29 1.3236027442218294
0.2606478699051907 1.702127659574468 0.3 1.3247506743558157
0.26921529517964865 1.702127659574468 0.31 1.325940167668918
0.27777071378732404 1.702127659574468 0.32 1.3271715000547228
0.28631371851166976 1.702127659574468 0.33 1.3284449582862976
0.2948439001504725 1.702127659574468 0.34 1.3297608402536376
0.30336084744366126 1.702127659574468 0.35 1.3311194551285548
0.3118641469928021 1.702127659574468 0.36 1.3325211236034913
0.3203533831824812 1.702127659574468 0.37 1.3339661781074235
0.32882813809803096 1.702127659574468 0.38 1.3354549630493027
0.3372879914439039 1.702127659574468 0.39 1.3369878350516917
0.3457325204570164 1.702127659574468 0.4 1.3385651632216213
0.3541612998207544 1.702127659574468 0.41 1.3401873294111128
0.362573901576473 1.702127659574468 0.42 1.341854728493946
0.37096989503170047 1.702127659574468 0.43 1.34356776866344
0.37934884666543367 1.702127659574468 0.44 1.3453268717469709
0.38771032003396366 1.702127659574468 0.45 1.3471324735125545
0.39605387567169065 1.702127659574468 0.46 1.3489850240079535
0.4043790709906518 1.702127659574468 0.47 1.3508849879046665
0.41268546016885815 1.702127659574468 0.48 1.3528328449127955
0.4209725940614921 1.702127659574468 0.49 1.3548290900402646
0.42924002006728745 1.702127659574468 0.5 1.3568742341455473
0.4374872820322667 1.702127659574468 0.51 1.3589688042392492
0.44571392012153294 1.702127659574468 0.52 1.3611133439898235
0.4539194707068463 1.702127659574468 0.53 1.3633084141247616
0.46210346622762205 1.702127659574468 0.54 1.3655545929915687
0.47026543508035545 1.702127659574468 0.55 1.367852476942872
0.47840490146638787 1.702127659574468 0.56 1.3702026809683319
0.4865213852603735 1.702127659574468 0.57 1.3726058391975051
0.49461440186515304 1.702127659574468 0.58 1.3750626054800956
0.502683462059798 1.702127659574468 0.59 1.3775736540009926
0.5107280718419469 1.702127659574468 0.6 1.3801396799230907
0.5187477322648358 1.702127659574468 0.61 1.3827614000556534
0.5267419392688868 1.702127659574468 0.62 1.3854395535491941
0.5347101834998377 1.702127659574468 0.63 1.3881749026588248
0.5426519501231057 1.702127659574468 0.64 1.3909682335231413
0.5505667186291231 1.702127659574468 0.65 1.39382035698697
0.5584539626235784 1.702127659574468 0.66 1.3967321094977219
0.566313149613114 1.702127659574468 0.67 1.3997043540203669
0.5741437407783637 1.702127659574468 0.68 1.402737981012688
0.5819451907241555 1.702127659574468 0.69 1.4058339095087842
0.5897169472279067 1.702127659574468 0.7 1.4089930882058213
0.5974584509687934 1.702127659574468 0.71 1.4122164966402422
0.6051691352296238 1.702127659574468 0.72 1.4155051464888198
0.6128484255805892 1.702127659574468 0.73 1.4188600829476357
0.6204957395651877 1.702127659574468 0.74 1.4222823860954055
0.6281104863087531 1.702127659574468 0.75 1.4257731726086156
0.6356920661524592 1.702127659574468 0.76 1.429333597347734
0.6432398702155777 1.702127659574468 0.77 1.4329648552622942
0.6507532799345366 1.702127659574468 0.78 1.436668183386398
0.6582316665542627 1.702127659574468 0.79 1.4404448630334152
0.6656743905634732 1.702127659574468 0.8 1.444296222221536
0.6730808010702838 1.702127659574468 0.81 1.4482236383404787
0.680450235104662 1.702127659574468 0.82 1.4522285411121196
0.6877820168268859 1.702127659574468 0.83 1.4563124159269252
0.6950754566354954 1.702127659574468 0.84 1.4604768075742924
0.7023298501394929 1.702127659574468 0.85 1.4647233245055415
0.7095444769701897 1.702127659574468 0.86 1.4690536437181756
0.7167185993971726 1.702127659574468 0.87 1.473469516392633
0.7238514606716864 1.702127659574468 0.88 1.4779727745768303
0.7309422830622171 1.702127659574468 0.89 1.4825653390336597
0.7379902654460214 1.702127659574468 0.9 1.4872492287731478
0.7449945803270679 1.702127659574468 0.91 1.4920265727440387
0.7519543700734326 1.702127659574468 0.92 1.4968996244534325
0.7588687420473176 1.702127659574468 0.93 1.5018707807327658
0.7657367621433174 1.702127659574468 0.94 1.50694260644868
0.7725574459120886 1.702127659574468 0.95 1.5121178682254564
0.7793297458915103 1.702127659574468 0.96 1.5173995823096615
0.7860525262429241 1.702127659574468 0.97 1.5227911107019259
0.7927244595228473 1.702127659574468 0.98 1.5282965553913852
0.7993442091278087 1.702127659574468 0.99 1.533920046162027
0.0 1.7163120567375887 0.0 1.3053633139256478
0.008752481142232099 1.7163120567375887 0.01 1.3053820380756427
0.017504585637585352 1.7163120567375887 0.02 1.3054382145964858
0.026255936784094124 1.7163120567375887 0.03 1.3055318556681834
0.035006157769529714 1.7163120567375887 0.04 1.3056629816089886
0.0437548716163084 1.7163120567375887 0.05 1.30583162087439
0.052501701125959026 1.7163120567375887 0.06 1.3060378100913257
0.06124626882390568 1.7163120567375887 0.07 1.3062815940637427
0.0699881969039318 1.7163120567375887 0.08 1.3065630258013186
0.07872710717195738 1.7163120567375887 0.09 1.3068821665683685
0.08746262099051294 1.7163120567375887 0.1 1.307239085900025
0.09619435922231771 1.7163120567375887 0.11 1.3076338616520753
0.10492194217255695 1.7163120567375887 0.12 1.308066580077155
0.11364498953497024 1.7163120567375887 0.13 1.3085373357974792
0.12236312033020648 1.7163120567375887 0.14 1.3090462319744502
0.13107595285177664 1.7163120567375887 0.15 1.3095933802793052
0.13978310460590224 1.7163120567375887 0.16 1.3101789010098275
0.14848419225366336 1.7163120567375887 0.17 1.3108029231467009
0.15717883155048715 1.7163120567375887 0.18 1.3114655844571308
0.165866637288831 1.7163120567375887 0.19 1.3121670315374405
0.17454722323506097 1.7163120567375887 0.2 1.3129074199525654
0.18322020207013984 1.7163120567375887 0.21 1.3136869143042205
0.19188518532788237 1.7163120567375887 0.22 1.3145056883370247
0.20054178333022793 1.7163120567375887 0.23 1.315363925079829
0.20918960512748136 1.7163120567375887 0.24 1.3162618169135256
0.21782825843182735 1.7163120567375887 0.25 1.3171995657282671
0.22645734955194308 1.7163120567375887 0.26 1.3181773830568049
0.23507648332915246 1.7163120567375887 0.27 1.319195490186387
0.243685263069254 1.7163120567375887 0.28 1.3202541183193106
0.2522832904732479 1.7163120567375887 0.29 1.3213535087382537
0.2608701655712843 1.7163120567375887 0.3 1.3224939129328326
0.2694454866498455 1.7163120567375887 0.31 1.3236755927952724
0.27800885018057875 1.7163120567375887 0.32 1.3248988207917107
0.28655985074966683 1.7163120567375887 0.33 1.326163880125766
0.2950980809811382 1.7163120567375887 0.34 1.3274710649565513
0.3036231314618095 1.7163120567375887 0.35 1.3288206805947596
0.3121345906657768 1.7163120567375887 0.36 1.3302130437000088
0.3206320448729378 1.7163120567375887 0.37 1.33164848252641
0.32911507809289753 1.7163120567375887 0.38 1.3331273371173713
0.3375832719776284 1.7163120567375887 0.39 1.3346499595911216
0.3460362057417185 1.7163120567375887 0.4 1.3362167143580022
0.3544734560742245 1.7163120567375887 0.41 1.3378279784025544
0.36289459705150096 1.7163120567375887 0.42 1.339484141552585
0.371299200048575 1.7163120567375887 0.43 1.341185606756268
0.37968683364050426 1.7163120567375887 0.44 1.3429327904281547
0.38805706351634217 1.7163120567375887 0.45 1.344726122699049
0.39640945237686726 1.7163120567375887 0.46 1.3465660477806685
0.40474355983266747 1.7163120567375887 0.47 1.3484530243205353
0.4130589423062963 1.7163120567375887 0.48 1.3503875257258207
0.4213551529206468 1.7163120567375887 0.49 1.352370040576446
0.4296317413943419 1.7163120567375887 0.5 1.354401072986807
0.437888253931051 1.7163120567375887 0.51 1.356481143005376
0.4461242330888596 1.7163120567375887 0.52 1.3586107871339093
0.454339217682736 1.7163120567375887 0.53 1.3607905586365714
0.46253274264331534 1.7163120567375887 0.54 1.3630210281173556
0.4707043388942301 1.7163120567375887 0.55 1.365302783976914
0.47885353321943125 1.7163120567375887 0.56 1.367636432927206
0.48697984812437717 1.7163120567375887 0.57 1.3700226005381473
0.49508280169204427 1.7163120567375887 0.58 1.3724619318098883
0.5031619074360146 1.7163120567375887 0.59 1.3749550917581574
0.5112166741431088 1.7163120567375887 0.6 1.3775027660543502
0.5192466057125076 1.7163120567375887 0.61 1.3801056616807088
0.5272512009867173 1.7163120567375887 0.62 1.3827645076261357
0.5352299535747159 1.7163120567375887 0.63 1.3854800556198739
0.5431823516685961 1.7163120567375887 0.64 1.3882530808957754
0.5511078778451353 1.7163120567375887 0.65 1.3910843830306792
0.5590060088673512 1.7163120567375887 0.66 1.3939747867785652
0.5668762154665818 1.7163120567375887 0.67 1.3969251430000107
0.5747179621129429 1.7163120567375887 0.68 1.3999363296442757
0.582530706779609 1.7163120567375887 0.69 1.4030092527572189
0.5903139006853881 1.7163120567375887 0.7 1.406144847590811
0.5980669880250018 1.7163120567375887 0.71 1.4093440797661092
0.6057894056775396 1.7163120567375887 0.72 1.4126079465344512
0.6134805828978737 1.7163120567375887 0.73 1.415937478112129
0.6211399409836897 1.7163120567375887 0.74 1.4193337391217185
0.6287668929182777 1.7163120567375887 0.75 1.4227978301371575
0.636360842979624 1.7163120567375887 0.76 1.4263308893734354
0.6439211863221456 1.7163120567375887 0.77 1.4299340944891337
0.6514473085087246 1.7163120567375887 0.78 1.4336086645992574
0.6589385850111567 1.7163120567375887 0.79 1.4373558624130613
0.6663943806465858 1.7163120567375887 0.8 1.4411769966370467
0.6738140489575831 1.7163120567375887 0.81 1.4450734246026529
0.6811969315140075 1.7163120567375887 0.82 1.4490465552077105
0.6885423571349214 1.7163120567375887 0.83 1.4530978521712168
0.6958496409878109 1.7163120567375887 0.84 1.4572288377743912
0.7031180835784523 1.7163120567375887 0.85 1.4614410970190435
0.7103469695622927 1.7163120567375887 0.86 1.4657362824810092
0.717535566365897 1.7163120567375887 0.87 1.4701161198864916
0.7246831225489195 1.7163120567375887 0.88 1.4745824146774653
0.7317888658441573 1.7163120567375887 0.89 1.4791370597930547
0.7388520007678394 1.7163120567375887 0.9 1.4837820450694026
0.745871705662959 1.7163120567375887 0.91 1.488519468763678
0.7528471289700931 1.7163120567375887 0.92 1.4933515519627107
0.759777384410744 1.7163120567375887 0.93 1.4982806570434393
0.7666615446023606 1.7163120567375887 0.94 1.503309311964687
0.7734986323116466 1.7163120567375887 0.95 1.5084402433318382
0.7802876079983946 1.7163120567375887 0.96 1.5136764232329627
0.7870273451764034 1.7163120567375887 0.97 1.5190211621940337
0.7937165320549727 1.7163120567375887 0.98 1.524478483248357
0.8003538415314249 1.7163120567375887 0.99 1.5300524604099532
0.0 1.7304964539007093 0.0 1.3032428293748577
0.00875959905150657 1.7304964539007093 0.01 1.3032614351205802
0.017518822924267746 1.7304964539007093 0.02 1.3033172563624462
0.026277296384998955 1.7304964539007093 0.03 1.3034103051461758
0.03503464409148455 1.7304964539007093 0.04 1.3035406015377808
0.04379049053769154 1.7304964539007093 0.05 1.303708173666806
0.05254445999914468 1.7304964539007093 0.06 1.3039130577254725
0.06129617647833238 1.7304964539007093 0.07 1.3041552979811042
0.07004526364951091 1.7304964539007093 0.08 1.3044349468168128
0.07879134480315278 1.7304964539007093 0.09 1.3047520647731101
0.08753404279129191 1.7304964539007093 0.1 1.3051067205549538
0.09627297997134575 1.7304964539007093 0.11 1.3054989910940684
0.10500777814938614 1.7304964539007093 0.12 1.3059289616123426
0.11373805852595066 1.7304964539007093 0.13 1.3063967256167308
0.12246344163654217 1.7304964539007093 0.14 1.3069023850291523
0.13118354729726125 1.7304964539007093 0.15 1.3074460501823701
0.13989799454420984 1.7304964539007093 0.16 1.30802783995422
0.14860640157873584 1.7304964539007093 0.17 1.3086478817727414
0.15730838570645422 1.7304964539007093 0.18 1.3093063117443282
0.16600356327866128 1.7304964539007093 0.19 1.310003274725561
0.17469154963366162 1.7304964539007093 0.2 1.31073892439692
0.18337195903469022 1.7304964539007093 0.21 1.311513423386619
0.19204440461023117 1.7304964539007093 0.22 1.3123269433509759
0.20070849829180903 1.7304964539007093 0.23 1.3131796650901384
0.20936385075108624 1.7304964539007093 0.24 1.314071778667362
0.21801007133604286 1.7304964539007093 0.25 1.315003483534918
0.2266467680085206 1.7304964539007093 0.26 1.3159749886397152
0.23527354727725536 1.7304964539007093 0.27 1.3169865125808284
0.2438900141320106 1.7304964539007093 0.28 1.3180382837469558
0.2524957719770286 1.7304964539007093 0.29 1.3191305404584452
0.26109042256210907 1.7304964539007093 0.3 1.320263531131247
0.26967356591309133 1.7304964539007093 0.31 1.3214375144418724
0.27824480026285725 1.7304964539007093 0.32 1.3226527594838655
0.2868037219753546 1.7304964539007093 0.33 1.3239095459880046
0.2953499254776075 1.7304964539007093 0.34 1.325208164460726
0.30388300318087463 1.7304964539007093 0.35 1.326548916422153
0.31240254540661305 1.7304964539007093 0.36 1.327932114593497
0.32090814030759846 1.7304964539007093 0.37 1.329358083124236
0.32939937378922113 1.7304964539007093 0.38 1.330827157812916
0.33787582942780586 1.7304964539007093 0.39 1.3323396863489048
0.3463370883881614 1.7304964539007093 0.4 1.333896028556048
0.35478272933810046 1.7304964539007093 0.41 1.3354965566563504
0.36321232836163775 1.7304964539007093 0.42 1.3371416555394402
0.37162545887299964 1.7304964539007093 0.43 1.3388317230230489
0.38002169151556925 1.7304964539007093 0.44 1.3405671702192803
0.38840059408029337 1.7304964539007093 0.45 1.34234842175448
0.39676173140192855 1.7304964539007093 0.46 1.344175916146671
0.40510466526708805 1.7304964539007093 0.47 1.3460501060950012
0.4134289542979146 1.7304964539007093 0.48 1.3479714589304
0.4217341538644533 1.7304964539007093 0.49 1.3499404568685833
0.43001981596567984 1.7304964539007093 0.5 1.3519575974695548
0.4382854891247692 1.7304964539007093 0.51 1.3540233939982904
0.4465307182678996 1.7304964539007093 0.52 1.3561383758868075
0.4547550446109848 1.7304964539007093 0.53 1.3583030891419068
0.4629580055345752 1.7304964539007093 0.54 1.3605180968228725
0.4711391344571346 1.7304964539007093 0.55 1.3627839795242371
0.4792979607036697 1.7304964539007093 0.56 1.3651013358823598
0.4874340093691063 1.7304964539007093 0.57 1.3674707831088042
0.49554680117627925 1.7304964539007093 0.58 1.3698929575506738
0.503635852330393 1.7304964539007093 0.59 1.3723685152673335
0.5117006743626616 1.7304964539007093 0.6 1.3748981326634278
0.5197407739701557 1.7304964539007093 0.61 1.3774825071379828
0.527755652854413 1.7304964539007093 0.62 1.3801223577372672
0.5357448075374729 1.7304964539007093 0.63 1.3828184259238576
0.5437077291873376 1.7304964539007093 0.64 1.3855714762911449
0.5516439034193251 1.7304964539007093 0.65 1.3883822973997768
0.5595528100977952 1.7304964539007093 0.66 1.391251702606865
0.5674339231230694 1.7304964539007093 0.67 1.3941805309663498
0.5752867102020073 1.7304964539007093 0.68 1.39716964820549
0.583110632616591 1.7304964539007093 0.69 1.4002199477060024
0.5909051449670278 1.7304964539007093 0.7 1.4033323516047862
0.5986696949019455 1.7304964539007093 0.71 1.406507811949895
0.6064037228355246 1.7304964539007093 0.72 1.4097473119125958
0.6141066616355056 1.7304964539007093 0.73 1.413051867129715
0.6217779362977818 1.7304964539007093 0.74 1.416422527100176
0.6294169635843924 1.7304964539007093 0.75 1.419860376741577
0.6370231516430506 1.7304964539007093 0.76 1.4233665380203468
0.6445958995866506 1.7304964539007093 0.77 1.4269421717518516
0.6521345970316358 1.7304964539007093 0.78 1.430588479570637
0.6596386235987829 1.7304964539007093 0.79 1.434306706051454
0.6671073483537397 1.7304964539007093 0.8 1.438098141076928
0.6745401291916896 1.7304964539007093 0.81 1.4419641224265047
0.6819363121415664 1.7304964539007093 0.82 1.4459060386869107
0.6892952305895939 1.7304964539007093 0.83 1.449925332476686
0.6966162043930056 1.7304964539007093 0.84 1.454023504100108
0.7038985388612908 1.7304964539007093 0.85 1.4582021157135672
0.7111415235864583 1.7304964539007093 0.86 1.4624627960676935
0.7183444310640726 1.7304964539007093 0.87 1.4668072460497403
0.7255065150711437 1.7304964539007093 0.88 1.4712372451426026
0.7326270087153072 1.7304964539007093 0.89 1.4757546591226143
0.7397051220666773 1.7304964539007093 0.9 1.4803614493184094
0.7467400392211 1.7304964539007093 0.91 1.4850596839923071
0.7537309146155082 1.7304964539007093 0.92 1.4898515524969986
0.7606768682569273 1.7304964539007093 0.93 1.4947393834657332
0.7675769794211655 1.7304964539007093 0.94 1.4997256686633438
0.774430278041192 1.7304964539007093 0.95 1.5048130953803323
0.78123573246402 1.7304964539007093 0.96 1.5100045922512038
0.7879922255272079 1.7304964539007093 0.97 1.5153034190978445
0.7946984608812002 1.7304964539007093 0.98 1.5207135217216905
0.8013531211401774 1.7304964539007093 0.99 1.5262389183131853
0.0 1.7446808510638296 0.0 1.3011467035323945
0.008766652289087422 1.7446808510638296 0.01 1.3011651925830265
0.0175329308512277 1.7446808510638296 0.02 1.3012206637055657
0.026298461905563047 1.7446808510638296 0.03 1.3013131287948418
0.03506287156330324 1.7446808510638296 0.04 1.301442607692606
0.043825785773803264 1.7446808510638296 0.05 1.301609128186591
0.05258683027019754 1.7446808510638296 0.06 1.3018127260443506
0.06134563051537642 1.7446808510638296 0.07 1.302053445017213
0.07010181164734232 1.7446808510638296 0.08 1.30233133687923
0.07885499842498785 1.7446808510638296 0.09 1.302646461442216
0.0876048151730246 1.7446808510638296 0.1 1.302998886603838
0.09635088572634912 1.7446808510638296 0.11 1.303388688402264
0.10509283337532574 1.7446808510638296 0.12 1.3038159510389724
0.11383028081014827 1.7446808510638296 0.13 1.3042807669308398
0.12256285006422088 1.7446808510638296 0.14 1.3047832367800412
0.1312901624577273 1.7446808510638296 0.15 1.3053234696319975
0.14001183854129012 1.7446808510638296 0.16 1.3059015829300822
0.14872749803726415 1.7446808510638296 0.17 1.3065177026131265
0.15743675978322055 1.7446808510638296 0.18 1.3071719631651222
0.16613924167349925 1.7446808510638296 0.19 1.30786450770094
0.17483456059756336 1.7446808510638296 0.2 1.308595488095962
0.18352233238384133 1.7446808510638296 0.21 1.3093650650227235
0.19220217173695023 1.7446808510638296 0.22 1.3101734080901042
0.20087369217771467 1.7446808510638296 0.23 1.3110206959328135
0.20953650598044535 1.7446808510638296 0.24 1.311907116336083
0.21819022411124184 1.7446808510638296 0.25 1.3128328663419042
0.2268344561621831 1.7446808510638296 0.26 1.3137981524024631
0.23546881029194228 1.7446808510638296 0.27 1.3148031904524735
0.24409289315292812 1.7446808510638296 0.28 1.3158482061358971
0.25270630983084214 1.7446808510638296 0.29 1.316933434882353
0.26130866377546247 1.7446808510638296 0.3 1.3180591220822209
0.26989955673030935 1.7446808510638296 0.31 1.319225523265291
0.27847858866486946 1.7446808510638296 0.32 1.3204329042486576
0.2870453577030771 1.7446808510638296 0.33 1.3216815413194292
0.2955994600495535 1.7446808510638296 0.34 1.322971721433215
0.3041404899171172 1.7446808510638296 0.35 1.3243037423960862
0.3126680394508964 1.7446808510638296 0.36 1.325677913073976
0.3211816986522019 1.7446808510638296 0.37 1.3270945535997933
0.3296810552980381 1.7446808510638296 0.38 1.3285539956131989
0.3381656948630483 1.7446808510638296 0.39 1.3300565824754198
0.34663520043846535 1.7446808510638296 0.4 1.3316026695062932
0.3550891526429478 1.7446808510638296 0.41 1.3331926242797658
0.36352712954066874 1.7446808510638296 0.42 1.3348268268573913
0.37194870655687606 1.7446808510638296 0.43 1.3365056700409248
0.38035345637825746 1.7446808510638296 0.44 1.338229559731738
0.38874094886701804 1.7446808510638296 0.45 1.3399989151839962
0.3971107509642217 1.7446808510638296 0.46 1.3418141693332122
0.4054624265952175 1.7446808510638296 0.47 1.3436757691064498
0.41379553655901863 1.7446808510638296 0.48 1.345584175836128
0.4221096384345596 1.7446808510638296 0.49 1.347539865555511
0.43040428647334344 1.7446808510638296 0.5 1.3495433293836756
0.43867903148314963 1.7446808510638296 0.51 1.3515950739618203
0.44693342072019465 1.7446808510638296 0.52 1.3536956218312457
0.45516699776979946 1.7446808510638296 0.53 1.3558455118804915
0.46337930242566083 1.7446808510638296 0.54 1.3580452997964063
0.4715698705609704 1.7446808510638296 0.55 1.3602955585596475
0.4797382340058717 1.7446808510638296 0.56 1.362596878899492
0.48788392040470707 1.7446808510638296 0.57 1.3649498698628801
0.49600645307948177 1.7446808510638296 0.58 1.367355159342276
0.5041053508833341 1.7446808510638296 0.59 1.369813394656889
0.5121801280496766 1.7446808510638296 0.6 1.3723252431539048
0.5202302940321571 1.7446808510638296 0.61 1.3748913928558477
0.5282553533394176 1.7446808510638296 0.62 1.3775125531314585
0.5362548053662376 1.7446808510638296 0.63 1.3801894553823906
0.5442281442015104 1.7446808510638296 0.64 1.382922853846344
0.5521748584565899 1.7446808510638296 0.65 1.3857135262907576
0.5600944310407624 1.7446808510638296 0.66 1.3885622749725735
0.5679863389694957 1.7446808510638296 0.67 1.3914699274252007
0.5758500531361233 1.7446808510638296 0.68 1.39443733742603
0.5836850380726073 1.7446808510638296 0.69 1.397465386010565
0.5914907517013411 1.7446808510638296 0.7 1.4005549825239525
0.5992666450684275 1.7446808510638296 0.71 1.403707065755703
0.6070121620590032 1.7446808510638296 0.72 1.4069226051528152
0.614726739092598 1.7446808510638296 0.73 1.4102026021191472
0.6224098047929951 1.7446808510638296 0.74 1.4135480914246454
0.6300607796411124 1.7446808510638296 0.75 1.4169601426834155
0.6376790755810972 1.7446808510638296 0.76 1.4204398620340288
0.6452640956144591 1.7446808510638296 0.77 1.4239883938606674
0.6528152333375176 1.7446808510638296 0.78 1.4276069227542496
0.6603318724458686 1.7446808510638296 0.79 1.4312966756022563
0.6678133861771036 1.7446808510638296 0.8 1.4350589239302753
0.675259136698832 1.7446808510638296 0.81 1.4388949864580498
0.682668474418516 1.7446808510638296 0.82 1.4428062319655641
0.6900407372141865 1.7446808510638296 0.83 1.4467940824651007
0.6973752495389428 1.7446808510638296 0.84 1.4508600168690549
0.7046713214296049 1.7446808510638296 0.85 1.4550055750135027
0.7119282473253152 1.7446808510638296 0.86 1.4592323624187413
0.7191453047069336 1.7446808510638296 0.87 1.46354205572064
0.7263217524824347 1.7446808510638296 0.88 1.4679364090599678
0.7334568290497829 1.7446808510638296 0.89 1.472417261679677
0.7405497499484398 1.7446808510638296 0.9 1.4769865470528871
0.7475997049526479 1.7446808510638296 0.91 1.4816463040839858
0.7546058544150993 1.7446808510638296 0.92 1.4863986910818183
0.7615673245588707 1.7446808510638296 0.93 1.4912460036149016
0.7684832012633884 1.7446808510638296 0.94 1.4961906979141009
0.7753525215744136 1.7446808510638296 0.95 1.5012354226570708
0.7821742616943042 1.7446808510638296 0.96 1.5063830637009719
0.7889473137532571 1.7446808510638296 0.97 1.5116368309234052
0.79567039663047 1.7446808510638296 0.98 1.5170005945865288
0.8023422028633097 1.7446808510638296 0.99 1.522478317026492
0.0 1.7588652482269502 0.0 1.2990745707386888
0.00877364156461448 1.7588652482269502 0.01 1.2990929447826773
0.017546910838062712 1.7588652482269502 0.02 1.2991480708345076
0.02631943547577124 1.7588652482269502 0.03 1.2992399606581317
0.03509084302650884 1.7588652482269502 0.04 1.2993686338536505
0.04386076087866944 1.7588652482269502 0.05 1.299534117895886
0.05262881620679149 1.7588652482269502 0.06 1.2997364481344174
0.06139463591822952 1.7588652482269502 0.07 1.2999756678005363
0.07015784659869342 1.7588652482269502 0.08 1.3002518280656166
0.07891807445855899 1.7588652482269502 0.09 1.3005649880509005
0.08767494527876786 1.7588652482269502 0.1 1.3009152148601284
0.09642808435564873 1.7588652482269502 0.11 1.3013025836407377
0.10517711644710637 1.7588652482269502 0.12 1.3017271775985355
0.1139216657162018 1.7588652482269502 0.13 1.302189088083604
0.12266135567730475 1.7588652482269502 0.14 1.3026884146037687
0.1313958091379977 1.7588652482269502 0.15 1.3032252649362424
0.14012464814485948 1.7588652482269502 0.16 1.3037997551451732
0.14884749392590665 1.7588652482269502 0.17 1.3044120096716807
0.15756396683236984 1.7588652482269502 0.18 1.3050621614255764
0.1662736862824225 1.7588652482269502 0.19 1.3057503518385456
0.17497627070099703 1.7588652482269502 0.2 1.3064767309810945
0.18367133746228576 1.7588652482269502 0.21 1.3072414576297797
0.19235850282916794 1.7588652482269502 0.22 1.308044699379961
0.20103738189332668 1.7588652482269502 0.23 1.3088866327427617
0.20970758851263246 1.7588652482269502 0.24 1.3097674432748259
0.218368735250925 1.7588652482269502 0.25 1.3106873256715832
0.2270204333141616 1.7588652482269502 0.26 1.3116464839045714
0.23566229248730974 1.7588652482269502 0.27 1.3126451313441747
0.2442939210678463 1.7588652482269502 0.28 1.3136834909170716
0.25291492580264924 1.7588652482269502 0.29 1.3147617952209771
0.2615249118199915 1.7588652482269502 0.3 1.3158802866909898
0.2701234825594984 1.7588652482269502 0.31 1.3170392177796062
0.27871023970826203 1.7588652482269502 0.32 1.318238851071311
0.2872847831241499 1.7588652482269502 0.33 1.3194794595204826
0.29584671077048397 1.7588652482269502 0.34 1.3207613265736933
0.3043956186386344 1.7588652482269502 0.35 1.3220847464035137
0.3129311006717075 1.7588652482269502 0.36 1.3234500241229545
0.32145274869798746 1.7588652482269502 0.37 1.3248574759139968
0.3299601523423795 1.7588652482269502 0.38 1.3263074293416766
0.3384528989526053 1.7588652482269502 0.39 1.327800223535289
0.3469305735188508 1.7588652482269502 0.4 1.329336209423205
0.3553927585873145 1.7588652482269502 0.41 1.3309157500106588
0.36383903417778296 1.7588652482269502 0.42 1.3325392206210662
0.3722689776962329 1.7588652482269502 0.43 1.3342070091723226
0.3806821638452029 1.7588652482269502 0.44 1.335919516465095
0.38907816453083216 1.7588652482269502 0.45 1.3376771564904408
0.3974565487714759 1.7588652482269502 0.46 1.3394803567224718
0.40581688260073906 1.7588652482269502 0.47 1.3413295584469462
0.4141587289642603 1.7588652482269502 0.48 1.3432252171268906
0.42248164762194573 1.7588652482269502 0.49 1.3451678027276177
0.4307851950402406 1.7588652482269502 0.5 1.3471578001042805
0.4390689242831332 1.7588652482269502 0.51 1.3491957093925213
0.4473323849007209 1.7588652482269502 0.52 1.3512820464106723
0.4555751228143259 1.7588652482269502 0.53 1.3534173430799514
0.4637966801930093 1.7588652482269502 0.54 1.3556021478925566
0.4719965953330804 1.7588652482269502 0.55 1.3578370263574988
0.4801744025276124 1.7588652482269502 0.56 1.3601225615021637
0.48832963193248885 1.7588652482269502 0.57 1.3624593543892771
0.4964618094295795 1.7588652482269502 0.58 1.3648480246465178
0.5045704564807464 1.7588652482269502 0.59 1.3672892110438044
0.5126550899786065 1.7588652482269502 0.6 1.3697835720841152
0.5207152220887953 1.7588652482269502 0.61 1.3723317866366247
0.528750360086208 1.7588652482269502 0.62 1.3749345545976905
0.5367600061872311 1.7588652482269502 0.63 1.3775925975693835
0.5447436573616194 1.7588652482269502 0.64 1.3803066596394247
0.5527008051583417 1.7588652482269502 0.65 1.3830775080846458
0.560630935489553 1.7588652482269502 0.66 1.3859059342835303
0.568533528434137 1.7588652482269502 0.67 1.388792754523117
0.5764080580152043 1.7588652482269502 0.68 1.3917388109325086
0.584253991960661 1.7588652482269502 0.69 1.3947449724925904
0.592070791461173 1.7588652482269502 0.7 1.397812136051949
0.5998579109028631 1.7588652482269502 0.71 1.4009412274581745
0.6076147975780853 1.7588652482269502 0.72 1.404133202784404
0.6153408913998463 1.7588652482269502 0.73 1.4073890495315002
0.6230356245595279 1.7588652482269502 0.74 1.4107097880853703
0.6306984211843423 1.7588652482269502 0.75 1.4140964731633991
0.6383286969537258 1.7588652482269502 0.76 1.4175501954371934
0.6459258586878395 1.7588652482269502 0.77 1.4210720832675372
0.6534893038933519 1.7588652482269502 0.78 1.4246633046149606
0.6610184202673675 1.7588652482269502 0.79 1.4283250691176412
0.6685125851445193 1.7588652482269502 0.8 1.4320586303976246
0.6759711648920332 1.7588652482269502 0.81 1.4358652885690517
0.683393514217293 1.7588652482269502 0.82 1.4397463930945817
0.6907789754049745 1.7588652482269502 0.83 1.443703345908319
0.6981268774354359 1.7588652482269502 0.84 1.4477376050014308
0.7054365349838947 1.7588652482269502 0.85 1.4518506884592208
0.7127072472568063 1.7588652482269502 0.86 1.4560441791174714
0.7199382966389868 1.7588652482269502 0.87 1.4603197299290591
0.7271289470856588 1.7588652482269502 0.88 1.464679070288376
0.7342784422059213 1.7588652482269502 0.89 1.4691240135019972
0.7413860029300637 1.7588652482269502 0.9 1.4736564658038307
0.7484508246323014 1.7588652482269502 0.91 1.478278437380883
0.7554720735107635 1.7588652482269502 0.92 1.4829920561343006
0.7624488819407907 1.7588652482269502 0.93 1.4877995852107049
0.7693803423428768 1.7588652482269502 0.94 1.4927034459829005
0.7762654988347168 1.7588652482269502 0.95 1.4977062491525217
0.7831033354367224 1.7588652482269502 0.96 1.502810838479673
0.7898927535457086 1.7588652482269502 0.97 1.508020374618439
0.7966324870465827 1.7588652482269502 0.98 1.5133386539919882
0.8033212386005765 1.7588652482269502 0.99 1.5187695830587051
0.0 1.7730496453900708 0.0 1.2970260721089393
0.008780567579124281 1.7730496453900708 0.01 1.2970443327936532
0.017560764287069333 1.7730496453900708 0.02 1.29709911872813
0.02634021919985941 1.7730496453900708 0.03 1.2971904415331144
0.03511856128787673 1.7730496453900708 0.04 1.297318320589255
0.04389541936278306 1.7730496453900708 0.05 1.2974827830561648
0.05267042202493899 1.7730496453900708 0.06 1.297683863859418
0.06144319760969225 1.7730496453900708 0.07 1.2979216057496223
0.07021337413477079 1.7730496453900708 0.08 1.2981960592908135
0.07898057924598763 1.7730496453900708 0.09 1.298507282927505
0.08774444016439434 1.7730496453900708 0.1 1.2988553429849585
0.09650458363164396 1.7730496453900708 0.11 1.2992403137344308
0.10526063585610468 1.7730496453900708 0.12 1.2996622774249031
0.11401222245828134 1.7730496453900708 0.13 1.3001213243340448
0.12275896841587051 1.7730496453900708 0.14 1.3006175528237238
0.1315004980081938 1.7730496453900708 0.15 1.3011510694046866
0.14023643476103795 1.7730496453900708 0.16 1.301721988788945
0.14896640138948045 1.7730496453900708 0.17 1.3023304339787534
0.1576900197420862 1.7730496453900708 0.18 1.302976536323627
0.16640691074376956 1.7730496453900708 0.19 1.303660435600881
0.1751166943369709 1.7730496453900708 0.2 1.3043822801181386
0.1838189894243221 1.7730496453900708 0.21 1.305142226786911
0.192513413808423 1.7730496453900708 0.22 1.305940441237009
0.20119958413283465 1.7730496453900708 0.23 1.3067770979075508
0.20987711582200957 1.7730496453900708 0.24 1.3076523801509519
0.21854562301857985 1.7730496453900708 0.25 1.3085664803664976
0.2272047185215483 1.7730496453900708 0.26 1.309519600116097
0.2358540137250316 1.7730496453900708 0.27 1.310511950231893
0.24449311854998398 1.7730496453900708 0.28 1.3115437510001287
0.25312164138566623 1.7730496453900708 0.29 1.31261523223079
0.2617391890184734 1.7730496453900708 0.3 1.3137266334647562
0.2703453665632464 1.7730496453900708 0.31 1.3148782041425304
0.2789397774033093 1.7730496453900708 0.32 1.3160702036850729
0.28752202311000313 1.7730496453900708 0.33 1.317302901773612
0.2960917033814293 1.7730496453900708 0.34 1.3185765784367525
0.3046484159649818 1.7730496453900708 0.35 1.3198915242898686
0.3131917565860458 1.7730496453900708 0.36 1.3212480407109863
0.3217213188693912 1.7730496453900708 0.37 1.3226464400766265
0.33023669426245056 1.7730496453900708 0.38 1.3240870459747534
0.3387374719693426 1.7730496453900708 0.39 1.325570193330689
0.34722323884893 1.7730496453900708 0.4 1.327096228818556
0.3556935793501988 1.7730496453900708 0.41 1.328665510966502
0.36414807542452055 1.7730496453900708 0.42 1.3302784104463126
0.3725863064338066 1.7730496453900708 0.43 1.3319353103848497
0.38100784906452967 1.7730496453900708 0.44 1.3336366066257586
0.389412277243164 1.7730496453900708 0.45 1.3353827079805716
0.39779916203494753 1.7730496453900708 0.46 1.3371740365937237
0.40616807155416645 1.7730496453900708 0.47 1.339011028221572
0.4145185708632895 1.7730496453900708 0.48 1.3408941325850579
0.42285022186964216 1.7730496453900708 0.49 1.3428238137328463
0.43116258322656337 1.7730496453900708 0.5 1.344800550371963
0.43945521022160366 1.7730496453900708 0.51 1.3468248362784634
0.4477276546662474 1.7730496453900708 0.52 1.3488971806929562
0.45597946478189244 1.7730496453900708 0.53 1.3510181087357538
0.46421018508053263 1.7730496453900708 0.54 1.353188161850256
0.4724193562435269 1.7730496453900708 0.55 1.355407898253877
0.4806065149928773 1.7730496453900708 0.56 1.3576778934291196
0.48877119395667123 1.7730496453900708 0.57 1.3599987406433065
0.49691292153996985 1.7730496453900708 0.58 1.3623710514342213
0.5050312217705382 1.7730496453900708 0.59 1.364795456232632
0.513125614161765 1.7730496453900708 0.6 1.3672726048846742
0.5211956135480245 1.7730496453900708 0.61 1.3698031673213367
0.5292407299271878 1.7730496453900708 0.62 1.3723878341834803
0.5372604682924453 1.7730496453900708 0.63 1.3750273175003875
0.5452543284504026 1.7730496453900708 0.64 1.3777223514348915
0.5532218048373637 1.7730496453900708 0.65 1.3804736930325154
0.5611623863218407 1.7730496453900708 0.66 1.3832821230361216
0.5690755559959578 1.7730496453900708 0.67 1.3861484467505174
0.5769607909606453 1.7730496453900708 0.68 1.3890734949325165
0.5848175620885171 1.7730496453900708 0.69 1.392058124784384
0.5926453337814359 1.7730496453900708 0.7 1.3951032209659886
0.600443563707055 1.7730496453900708 0.71 1.3982096967011168
0.6082117025170107 1.7730496453900708 0.72 1.4013784949624637
0.6159491935488516 1.7730496453900708 0.73 1.4046105897242211
0.623655472502637 1.7730496453900708 0.74 1.407906987322814
0.6313299670900497 1.7730496453900708 0.75 1.4112687279325946
0.6389720966617622 1.7730496453900708 0.76 1.414696887128374
0.6465812717895755 1.7730496453900708 0.77 1.4181925776374797
0.6541568938216927 1.7730496453900708 0.78 1.4217569511951316
0.6616983543871839 1.7730496453900708 0.79 1.4253912006062197
0.6692050348480479 1.7730496453900708 0.8 1.4290965620144789
0.6766763056945806 1.7730496453900708 0.81 1.432874317392445
0.6841115258637307 1.7730496453900708 0.82 1.4367257973329948
0.6915100419705289 1.7730496453900708 0.83 1.4406523841758578
0.6988711874423192 1.7730496453900708 0.84 1.444655515503333
0.7061942815161787 1.7730496453900708 0.85 1.4487366881593973
0.7134786280892049 1.7730496453900708 0.86 1.4528974628198066
0.7207235143685465 1.7730496453900708 0.87 1.4571394693148407
0.7279282092811072 1.7730496453900708 0.88 1.4614644128453738
0.73509196156819 1.7730496453900708 0.89 1.4658740813672946
0.7422139974762075 1.7730496453900708 0.9 1.4703703544652533
0.7492935179047092 1.7730496453900708 0.91 1.4749552142225006
0.7563296948313776 1.7730496453900708 0.92 1.479630758738679
0.7633216667204911 1.7730496453900708 0.93 1.48439921936628
0.7702685324800373 1.7730496453900708 0.94 1.4892629832466395
0.7771693432530645 1.7730496453900708 0.95 1.4942246237494952
0.7840230908437077 1.7730496453900708 0.96 1.4992869431900933
0.7908286858865462 1.7730496453900708 0.97 1.5044530537120162
0.7975848770530113 1.7730496453900708 0.98 1.5097266795526818
0.8042903773113337 1.7730496453900708 0.99 1.5151116713220507
0.0 1.7872340425531914 0.0 1.2950008553770915
0.008787431025071001 1.7872340425531914 0.01 1.295019004321103
0.01757449258347404 1.7872340425531914 0.02 1.2950734549840253
0.02636081515622712 1.7872340425531914 0.03 1.2951642188612869
0.035146029119922303 1.7872340425531914 0.04 1.2952913151022267
0.04392976469391829 1.7872340425531914 0.05 1.295454770562274
0.052711651888669685 1.7872340425531914 0.06 1.2956546197584131
0.06149132045213661 1.7872340425531914 0.07 1.2958909049566485
0.07026839981790935 1.7872340425531914 0.08 1.296163676144862
0.07904251905194516 1.7872340425531914 0.09 1.2964729910844448
0.0878133067992222 1.7872340425531914 0.1 1.2968189153494263
0.09658039123083759 1.7872340425531914 0.11 1.2972015223490396
0.10534339998986407 1.7872340425531914 0.12 1.2976208933868567
0.11410196013742954 1.7872340425531914 0.13 1.2980771177054182
0.12285569809900795 1.7872340425531914 0.14 1.2985702925255675
0.1316042396085926 1.7872340425531914 0.15 1.2991005231305774
0.14034720965437059 1.7872340425531914 0.16 1.299667922910165
0.1490842324228414 1.7872340425531914 0.17 1.300272613435628
0.15781493124264567 1.7872340425531914 0.18 1.3009147245346822
0.16653892852783458 1.7872340425531914 0.19 1.3015943943717447
0.17525584572175004 1.7872340425531914 0.2 1.302311769515746
0.18396530323622418 1.7872340425531914 0.21 1.3030670050758648
0.19266692039817995 1.7872340425531914 0.22 1.3038602647217026
0.20136031538476204 1.7872340425531914 0.23 1.304691720868263
0.2100451051673377 1.7872340425531914 0.24 1.3055615547269845
0.21872090544948963 1.7872340425531914 0.25 1.3064699564385762
0.22738733060546407 1.7872340425531914 0.26 1.3074171251929774
0.2360439936174643 1.7872340425531914 0.27 1.3084032693587921
0.24469050601493525 1.7872340425531914 0.28 1.3094286065874365
0.25332647780602774 1.7872340425531914 0.29 1.3104933640006018
0.2619515174145253 1.7872340425531914 0.3 1.3115977783104198
0.2705652316148561 1.7872340425531914 0.31 1.3127420959598188
0.27916722545775163 1.7872340425531914 0.32 1.3139265733499934
0.28775710221640793 1.7872340425531914 0.33 1.3151514768655863
0.29633446329984314 1.7872340425531914 0.34 1.3164170832122353
0.30489890818729415 1.7872340425531914 0.35 1.31772367954261
0.3134500343601317 1.7872340425531914 0.36 1.3190715636094377
0.3219874372225641 1.7872340425531914 0.37 1.3204610440134135
0.3305107100265097 1.7872340425531914 0.38 1.321892440407644
0.3390194437957435 1.7872340425531914 0.39 1.3233660837055454
0.347513227244567 1.7872340425531914 0.4 1.3248823163291032
0.35599164669797584 1.7872340425531914 0.41 1.326441492440376
0.3644542860077213 1.7872340425531914 0.42 1.3280439782010285
0.37290072646845734 1.7872340425531914 0.43 1.3296901520271132
0.3813305467283548 1.7872340425531914 0.44 1.3313804048803992
0.38974332270277584 1.7872340425531914 0.45 1.333115140533645
0.39813862747831824 1.7872340425531914 0.46 1.3348947758999756
0.4065160312221668 1.7872340425531914 0.47 1.3367197413208773
0.41487510108092296 1.7872340425531914 0.48 1.3385904809219589
0.42321540108411576 1.7872340425531914 0.49 1.3405074529329326
0.4315364920384883 1.7872340425531914 0.5 1.3424711300644439
0.4398379314249848 1.7872340425531914 0.51 1.3444819998634567
0.4481192732828113 1.7872340425531914 0.52 1.346540565145354
0.45638006810173143 1.7872340425531914 0.53 1.348647344370431
0.4646198627031636 1.7872340425531914 0.54 1.3508028720859215
0.47283820011779526 1.7872340425531914 0.55 1.3530076993838802
0.4810346194602717 1.7872340425531914 0.56 1.3552623943719486
0.4892086557971227 1.7872340425531914 0.57 1.3575675426788913
0.49735984001407 1.7872340425531914 0.58 1.359923747959712
0.5054876986713214 1.7872340425531914 0.59 1.362331632463904
0.5135917538582842 1.7872340425531914 0.6 1.3647918376019654
0.5216715230398165 1.7872340425531914 0.61 1.367305024553958
0.529726518895584 1.7872340425531914 0.62 1.3698718749103393
0.537756249149949 1.7872340425531914 0.63 1.3724930913576863
0.5457602164014915 1.7872340425531914 0.64 1.375169398361958
0.5537379179302381 1.7872340425531914 0.65 1.377901542961285
0.5616888455128262 1.7872340425531914 0.66 1.3806902955130393
0.5696124852056296 1.7872340425531914 0.67 1.3835364505961534
0.5775083171371506 1.7872340425531914 0.68 1.3864408278606677
0.5853758152734958 1.7872340425531914 0.69 1.3894042730037894
0.5932144471751404 1.7872340425531914 0.7 1.3924276587804412
0.6010236737377208 1.7872340425531914 0.71 1.3955118860830218
0.6088029489119151 1.7872340425531914 0.72 1.398657885111718
0.6165517194082707 1.7872340425531914 0.73 1.4018666166061748
0.6242694243717744 1.7872340425531914 0.74 1.405139073206937
0.6319554950412076 1.7872340425531914 0.75 1.408476280875204
0.6396093543720247 1.7872340425531914 0.76 1.4118793004657844
0.6472304166258425 1.7872340425531914 0.77 1.4153492294348875
0.6548180869262318 1.7872340425531914 0.78 1.4188872036811562
0.6623717607668181 1.7872340425531914 0.79 1.4224943995778971
0.6698908234694064 1.7872340425531914 0.8 1.4261720362012555
0.6773746495763937 1.7872340425531914 0.81 1.4299213778164677
0.6848226021790774 1.7872340425531914 0.82 1.4337437366085664
0.6922340321552259 1.7872340425531914 0.83 1.4376404757633268
0.6996082772993684 1.7872340425531914 0.84 1.4416130129572642
0.7069446613438729 1.7872340425531914 0.85 1.4456628242538259
0.7142424927917251 1.7872340425531914 0.86 1.449791448718312
0.7215010636043797 1.7872340425531914 0.87 1.454000493554516
0.7287196476011639 1.7872340425531914 0.88 1.4582916403285056
0.7358974985825709 1.7872340425531914 0.89 1.4626666521973692
0.7430338480387993 1.7872340425531914 0.9 1.46712738266649
0.7501279023263014 1.7872340425531914 0.91 1.471675786293166
0.75717883913714 1.7872340425531914 0.92 1.4763139319671772
0.7641858029636011 1.7872340425531914 0.93 1.4810440198525003
0.7711478991484556 1.7872340425531914 0.94 1.4858684034686163
0.7780641858168926 1.7872340425531914 0.95 1.490789619469755
0.7849336625262737 1.7872340425531914 0.96 1.4958104293480219
0.7917552491142996 1.7872340425531914 0.97 1.5009338974536997
0.7985277088179416 1.7872340425531914 0.98 1.5061636774673213
0.805249765089165 1.7872340425531914 0.99 1.5115035641900858
0.0 1.801418439716312 0.0 1.2929985747579205
0.008794232586469141 1.801418439716312 0.01 1.2930166135451162
0.01758809709554383 1.801418439716312 0.02 1.2930707336882519
0.02638122539807263 1.801418439716312 0.03 1.2931609465519727
0.03517324926142089 1.801418439716312 0.04 1.2932872710773196
0.043963800297586245 1.801418439716312 0.05 1.2934497338012731
0.05275250991145302 1.801418439716312 0.06 1.2936483688610867
0.06153900924858137 1.801418439716312 0.07 1.2938832180272024
0.07032292914282669 1.801418439716312 0.08 1.2941543307317143
0.07910390006455696 1.801418439716312 0.09 1.2944617640732519
0.08788155206754088 1.801418439716312 0.1 1.2948055828738145
0.09665551473638186 1.801418439716312 0.11 1.2951858597064287
0.10542541713284567 1.801418439716312 0.12 1.2956026749531726
0.11419088774358829 1.801418439716312 0.13 1.2960561168222047
0.12295155442495302 1.801418439716312 0.14 1.2965462814372413
0.1317070443497051 1.801418439716312 0.15 1.2970732728716157
0.1404569839524039 1.801418439716312 0.16 1.2976372032135441
0.14920099887432833 1.801418439716312 0.17 1.2982381926353765
0.15793871390755798 1.801418439716312 0.18 1.298876369473272
0.16666975293907776 1.801418439716312 0.19 1.2995518703013706
0.1753937388946036 1.801418439716312 0.2 1.3002648400081847
0.18411029368077106 1.801418439716312 0.21 1.30101543189498
0.19281903812835133 1.801418439716312 0.22 1.3018038077545686
0.20151959193162855 1.801418439716312 0.23 1.302630138000513
0.21021157359169235 1.801418439716312 0.24 1.3034946017374238
0.21889460035473446 1.801418439716312 0.25 1.3043973868959107
0.22756828815124608 1.801418439716312 0.26 1.3053386903487085
0.23623225153501234 1.801418439716312 0.27 1.306318718026181
0.2448861036214807 1.801418439716312 0.28 1.307337685037029
0.2535294560199574 1.801418439716312 0.29 1.3083958158513942
0.2621619187738189 1.801418439716312 0.3 1.3094933443917434
0.27078310029249314 1.801418439716312 0.31 1.310630514210084
0.27939260728554427 1.801418439716312 0.32 1.3118075786374217
0.28799004469197753 1.801418439716312 0.33 1.3130248009750847
0.29657501561636773 1.801418439716312 0.34 1.3142824546180136
0.3051471212520705 1.801418439716312 0.35 1.3155808232944228
0.31370596081374785 1.801418439716312 0.36 1.3169202012148082
0.32225113146122863 1.801418439716312 0.37 1.318300893294958
0.3307822282256653 1.801418439716312 0.38 1.3197232153537835
0.3392988439329054 1.801418439716312 0.39 1.3211874943310857
0.347800569124599 1.801418439716312 0.4 1.322694068519263
0.3562869919772272 1.801418439716312 0.41 1.3242432878066266
0.3647576982227521 1.801418439716312 0.42 1.3258355139049536
0.37321227106068566 1.801418439716312 0.43 1.32747112063754
0.38165029107472953 1.801418439716312 0.44 1.3291504941885859
0.3900713361424063 1.801418439716312 0.45 1.3308740333998836
0.39847498134446085 1.801418439716312 0.46 1.3326421500642334
0.4068607988737376 1.801418439716312 0.47 1.334455269219433
0.4152283579335997 1.801418439716312 0.48 1.3363138295081458
0.4235772246443442 1.801418439716312 0.49 1.3382182834800573
0.4319069619387003 1.801418439716312 0.5 1.3401690979625267
0.440217129456407 1.801418439716312 0.51 1.3421667544319067
0.44850728343678564 1.801418439716312 0.52 1.3442117493936192
0.4567769766058451 1.801418439716312 0.53 1.3463045947920382
0.4650257580601435 1.801418439716312 0.54 1.3484458184356074
0.47325317314550813 1.801418439716312 0.55 1.3506359644481267
0.48145876333338766 1.801418439716312 0.56 1.3528755937296097
0.4896420660964984 1.801418439716312 0.57 1.3551652844184208
0.49780261476166693 1.801418439716312 0.58 1.357505632477011
0.5059399383827567 1.801418439716312 0.59 1.359897252160235
0.5140535615896605 1.801418439716312 0.6 1.3623407766133773
0.522143004434863 1.801418439716312 0.61 1.3648368584770252
0.5302077822380892 1.801418439716312 0.62 1.3673861704978338
0.538247405417607 1.801418439716312 0.63 1.369989406205232
0.5462613793139408 1.801418439716312 0.64 1.3726472806216559
0.5542492040151521 1.801418439716312 0.65 1.3753605309605523
0.5622103741502757 1.801418439716312 0.66 1.3781299174797372
0.5701443786971708 1.801418439716312 0.67 1.3809562242557738
0.5780507007637328 1.801418439716312 0.68 1.3838402600855348
0.5859288173590531 1.801418439716312 0.69 1.3867828594292948
0.5937781991514268 1.801418439716312 0.7 1.389784883409992
0.6015983102103372 1.801418439716312 0.71 1.3928472208811908
0.6093886077327949 1.801418439716312 0.72 1.3959707895606346
0.617148541742507 1.801418439716312 0.73 1.3991565372808075
0.6248775547772553 1.801418439716312 0.74 1.4024054432833828
0.6325750815412734 1.801418439716312 0.75 1.4057185196622188
0.6402405485346435 1.801418439716312 0.76 1.4090968128967096
0.6478733736470708 1.801418439716312 0.77 1.4125414055298888
0.655472965714603 1.801418439716312 0.78 1.4160534179937283
0.6630387240298841 1.801418439716312 0.79 1.419634010618774
0.6705700378055582 1.801418439716312 0.8 1.4232843858250506
0.6780662855711368 1.801418439716312 0.81 1.4270057905735307
0.6855268345034403 1.801418439716312 0.82 1.4307995190704506
0.6929510396699018 1.801418439716312 0.83 1.4346669158047376
0.7003382431675981 1.801418439716312 0.84 1.4386093789803038
0.7076877731381346 1.801418439716312 0.85 1.4426283644139712
0.7149989426362741 1.801418439716312 0.86 1.446725389976545
0.722271048291189 1.801418439716312 0.87 1.4509020408090667
0.7295033687492548 1.801418439716312 0.88 1.4551599753362665
0.7366951627989049 1.801418439716312 0.89 1.4595009324520225
0.7438456671037386 1.801418439716312 0.9 1.4639267401346734
0.7509540934105631 1.801418439716312 0.91 1.4684393259752153
0.7580196250638254 1.801418439716312 0.92 1.473040730221269
0.7650414125277747 1.801418439716312 0.93 1.4777331224226722
0.7720185675284728 1.801418439716312 0.94 1.4825188230689896
0.7789501551302409 1.801418439716312 0.95 1.4874003327005463
0.785835182612299 1.801418439716312 0.96 1.4923803725961506
0.7926725789807767 1.801418439716312 0.97 1.4974619600125303
0.7994611218201634 1.801418439716312 0.98 1.5026486796609362
0.8061995452260673 1.801418439716312 0.99 1.5079442706233288
0.0 1.8156028368794326 0.0 1.2910188907826952
0.00880097293905891 1.8156028368794326 0.01 1.291036820961494
0.017601579174989373 1.8156028368794326 0.02 1.2910906152452972
0.0264014519534292 1.8156028368794326 0.03 1.2911802848680831
0.03520022441778841 1.8156028368794326 0.04 1.2913058485424003
0.0439975295574479 1.8156028368794326 0.05 1.2914673325171067
0.052793000156792634 1.8156028368794326 0.06 1.2916647705475084
0.06158626874346396 1.8156028368794326 0.07 1.2918982039363858
0.07037696753703412 1.8156028368794326 0.08 1.2921676815425
0.07916472839665102 1.8156028368794326 0.09 1.292473259831752
0.08794918276954694 1.8156028368794326 0.1 1.2928150028877625
0.09672996163854511 1.8156028368794326 0.11 1.2931929824596071
0.10550669546875233 1.8156028368794326 0.12 1.2936072780223933
0.11427901415605773 1.8156028368794326 0.13 1.2940579767862743
0.12304654697272419 1.8156028368794326 0.14 1.2945451737804021
0.13180892251429785 1.8156028368794326 0.15 1.2950689718956176
0.14056576864568546 1.8156028368794326 0.16 1.2956294819449943
0.1493167124463335 1.8156028368794326 0.17 1.2962268227375278
0.15806138015565227 1.8156028368794326 0.18 1.2968611211425698
0.1667993971169803 1.8156028368794326 0.19 1.2975325121762604
0.17553038772282217 1.8156028368794326 0.2 1.2982411390632513
0.18425397535606108 1.8156028368794326 0.21 1.2989871533578228
0.19296978233555834 1.8156028368794326 0.22 1.2997707149937507
0.20167742985531406 1.8156028368794326 0.23 1.3005919924250773
0.21037653792792632 1.8156028368794326 0.24 1.3014511627001426
0.21906672532493213 1.8156028368794326 0.25 1.302348411576573
0.2277476095142472 1.8156028368794326 0.26 1.3032839336651192
0.2364188066049879 1.8156028368794326 0.27 1.3042579324827923
0.24507993127649866 1.8156028368794326 0.28 1.305270620685371
0.2537305967230653 1.8156028368794326 0.29 1.3063222201142684
0.2623704145889906 1.8156028368794326 0.3 1.3074129619532926
0.2709989948992541 1.8156028368794326 0.31 1.3085430869219508
0.2796159459961776 1.8156028368794326 0.32 1.309712845401194
0.2882208744744548 1.8156028368794326 0.33 1.3109224975760707
0.2968133851074862 1.8156028368794326 0.34 1.3121723136554773
0.3053930807826843 1.8156028368794326 0.35 1.3134625740035062
0.3139595624263641 1.8156028368794326 0.36 1.3147935693623376
0.32251242893310267 1.8156028368794326 0.37 1.316165601029911
0.33105127708976617 1.8156028368794326 0.38 1.3175789810795109
0.3395757015030798 1.8156028368794326 0.39 1.3190340325464405
0.3480852945172794 1.8156028368794326 0.4 1.3205310896905649
0.35657964613897214 1.8156028368794326 0.41 1.3220704981968334
0.36505834395341785 1.8156028368794326 0.42 1.323652615439237
0.3735209730423287 1.8156028368794326 0.43 1.3252778107282044
0.38196711589757115 1.8156028368794326 0.44 1.3269464655842451
0.3903963523343827 1.8156028368794326 0.45 1.3286589740108445
0.3988082594015133 1.8156028368794326 0.46 1.330415742785361
0.4072024112883982 1.8156028368794326 0.47 1.3322171917661942
0.4155783792289119 1.8156028368794326 0.48 1.3340637542183926
0.4239357314055283 1.8156028368794326 0.49 1.3359558771327076
0.4322740328477803 1.8156028368794326 0.5 1.3378940215782231
0.4405928453249106 1.8156028368794326 0.51 1.3398786630866433
0.4488917272454014 1.8156028368794326 0.52 1.3419102919902015
0.4571702335383703 1.8156028368794326 0.53 1.3439894138673305
0.46542791554333 1.8156028368794326 0.54 1.34611654993217
0.47366432089046784 1.8156028368794326 0.55 1.3482922374775737
0.48187899337496665 1.8156028368794326 0.56 1.3505170303478042
0.490071472832123 1.8156028368794326 0.57 1.3527914994023604
0.4982412950057045 1.8156028368794326 0.58 1.355116233014909
0.5063879913990303 1.8156028368794326 0.59 1.3574918376621061
0.5145110891474571 1.8156028368794326 0.6 1.35991893839104
0.5226101108525599 1.8156028368794326 0.61 1.3623981794905495
0.530684574432928 1.8156028368794326 0.62 1.3649302250667812
0.5387339929574891 1.8156028368794326 0.63 1.3675157597073484
0.5467578744726878 1.8156028368794326 0.64 1.3701554891716936
0.5547557218209745 1.8156028368794326 0.65 1.3728501411205245
0.5627270324488626 1.8156028368794326 0.66 1.3756004658921421
0.5706712982066363 1.8156028368794326 0.67 1.3784072373144725
0.5785880051338402 1.8156028368794326 0.68 1.3812712535808398
0.5864766332333698 1.8156028368794326 0.69 1.3841933381741482
0.594336656232238 1.8156028368794326 0.7 1.387174340847955
0.6021675413238651 1.8156028368794326 0.71 1.390215138687316
0.6099687488952941 1.8156028368794326 0.72 1.3933166372315715
0.6177397322338789 1.8156028368794326 0.73 1.3964797716831014
0.6254799372106662 1.8156028368794326 0.74 1.3997055082125043
0.6331888019403181 1.8156028368794326 0.75 1.4029948453586034
0.6408657564085857 1.8156028368794326 0.76 1.4063488155610506
0.6485102220736675 1.8156028368794326 0.77 1.409768486794305
0.6561216114202133 1.8156028368794326 0.78 1.413254964393471
0.6636993274806529 1.8156028368794326 0.79 1.416809393003162
0.6712427632924666 1.8156028368794326 0.8 1.420432958781193
0.6787513013067866 1.8156028368794326 0.81 1.4241268917843273
0.6862243127204769 1.8156028368794326 0.82 1.4278924686492267
0.6936611567218292 1.8156028368794326 0.83 1.431731015601132
0.7010611796394705 1.8156028368794326 0.84 1.435643911824352
0.7084237139639944 1.8156028368794326 0.85 1.4396325933097802
0.7157480772186863 1.8156028368794326 0.86 1.4436985572618433
0.7230335706422906 1.8156028368794326 0.87 1.4478433671985942
0.7302794776347662 1.8156028368794326 0.88 1.4520686589215406
0.7374850619044996 1.8156028368794326 0.89 1.456376147574753
0.7446495652225185 1.8156028368794326 0.9 1.4607676361345496
0.7517722046666346 1.8156028368794326 0.91 1.4652450257468717
0.7588521691682247 1.8156028368794326 0.92 1.4698103285876007
0.7658886151092372 1.8156028368794326 0.93 1.4744656841481292
0.7728806605532386 1.8156028368794326 0.94 1.4792133804454344
0.7798273774619977 1.8156028368794326 0.95 1.4840558824890493
0.7867277808000376 1.8156028368794326 0.96 1.4889958719594167
0.7935808087099999 1.8156028368794326 0.97 1.494036319691844
0.8003852529078963 1.8156028368794326 0.98 1.4991807429793398
0.8071398582744514 1.8156028368794326 0.99 1.5044328253296593
0.0 1.8297872340425532 0.0 1.2890614701795764
0.008807652750311883 1.8297872340425532 0.01 1.2890792932727686
0.017614940157067552 1.8297872340425532 0.02 1.289132766255702
0.02642149682609678 1.8297872340425532 0.03 1.289221900227382
0.035226957261803825 1.8297872340425532 0.04 1.2893467137078274
0.04403095581618152 1.8297872340425532 0.05 1.2895072326518273
0.0528331266385084 1.8297872340425532 0.06 1.2897034904263929
0.06163310362383241 1.8297872340425532 0.07 1.2899355278706361
0.07043052036214122 1.8297872340425532 0.08 1.29020339329914
0.07922501008671001 1.8297872340425532 0.09 1.2905071425443388
0.08801620562289905 1.8297872340425532 0.1 1.2908468389755428
0.0968037393363425 1.8297872340425532 0.11 1.2912225535397022
0.10558724308116464 1.8297872340425532 0.12 1.2916343647975992
0.11436634814658235 1.8297872340425532 0.13 1.2920823589967476
0.12314068520545758 1.8297872340425532 0.14 1.2925666300896153
0.1319098842596334 1.8297872340425532 0.15 1.2930872798253916
0.14067357458976343 1.8297872340425532 0.16 1.2936444177430584
0.14943138469733083 1.8297872340425532 0.17 1.2942381613205995
0.15818294225358626 1.8297872340425532 0.18 1.294868635980454
0.166927874041205 1.8297872340425532 0.19 1.2955359752253888
0.17566580590293668 1.8297872340425532 0.2 1.296240320650326
0.184396362682117 1.8297872340425532 0.21 1.2969818220850384
0.19311916816841856 1.8297872340425532 0.22 1.2977606376481199
0.20183384503870383 1.8297872340425532 0.23 1.2985769338704647
0.2105400147999504 1.8297872340425532 0.24 1.2994308857835004
0.21923729773153783 1.8297872340425532 0.25 1.3003226770151906
0.22792531282184916 1.8297872340425532 0.26 1.3012524999505124
0.2366036777146899 1.8297872340425532 0.27 1.3022205557706577
0.24527200863928295 1.8297872340425532 0.28 1.3032270546804274
0.25392992035394923 1.8297872340425532 0.29 1.3042722159715607
0.2625770260861815 1.8297872340425532 0.3 1.305356268132198
0.2712129374528507 1.8297872340425532 0.31 1.3064794491500897
0.279837264416591 1.8297872340425532 0.32 1.3076420064461698
0.2884496152023047 1.8297872340425532 0.33 1.3088441972052192
0.2970495962363442 1.8297872340425532 0.34 1.3100862884744835
0.30563681207688265 1.8297872340425532 0.35 1.311368557346119
0.31421086534113396 1.8297872340425532 0.36 1.3126912911617108
0.3227713566375556 1.8297872340425532 0.37 1.3140547876698807
0.33131788448761795 1.8297872340425532 0.38 1.3154593552687426
0.33985004525549345 1.8297872340425532 0.39 1.3169053131778132
0.3483674330666097 1.8297872340425532 0.4 1.318392991696435
0.35686963973246216 1.8297872340425532 0.41 1.3199227324074214
0.36535625466931426 1.8297872340425532 0.42 1.3214948884252269
0.37382686481694954 1.8297872340425532 0.43 1.3231098246395083
0.38228105455017297 1.8297872340425532 0.44 1.3247679180066727
0.3907184055972039 1.8297872340425532 0.45 1.3264695577878511
0.39913849694849907 1.8297872340425532 0.46 1.3282151458516998
0.4075409047629017 1.8297872340425532 0.47 1.3300050969895345
0.41592520227909097 1.8297872340425532 0.48 1.3318398391915542
0.42429095971278624 1.8297872340425532 0.49 1.3337198140135
0.4326377441604724 1.8297872340425532 0.5 1.3356454768955894
0.4409651194955083 1.8297872340425532 0.51 1.3376172975269398
0.4492726462604598 1.8297872340425532 0.52 1.3396357602286455
0.45755988156127203 1.8297872340425532 0.53 1.3417013643220295
0.4658263789476266 1.8297872340425532 0.54 1.3438146245757414
0.474071688300182 1.8297872340425532 0.55 1.3459760716070712
0.482295355705876 1.8297872340425532 0.56 1.3481862523495054
0.49049692333245004 1.8297872340425532 0.57 1.350445730519817
0.49867592929515875 1.8297872340425532 0.58 1.3527550871248284
0.5068319075223784 1.8297872340425532 0.59 1.3551149209698903
0.5149643876100233 1.8297872340425532 0.6 1.3575258492241404
0.5230728946734589 1.8297872340425532 0.61 1.3599885079939766
0.5311569491925625 1.8297872340425532 0.62 1.3625035529284997
0.5392160668467942 1.8297872340425532 0.63 1.365071659872147
0.5472497583444669 1.8297872340425532 0.64 1.3676935255417086
0.5552575292450496 1.8297872340425532 0.65 1.3703698682338477
0.5632388797646245 1.8297872340425532 0.66 1.3731014286112897
0.571193304583535 1.8297872340425532 0.67 1.3758889704720745
0.5791202926247364 1.8297872340425532 0.68 1.3787332816561253
0.5870193268430922 1.8297872340425532 0.69 1.381635174891651
0.5948898839697407 1.8297872340425532 0.7 1.3845954888494907
0.6027314342746339 1.8297872340425532 0.71 1.3876150891022023
0.6105434412848008 1.8297872340425532 0.72 1.3906948692832626
0.6183253614967825 1.8297872340425532 0.73 1.3938357522620581
0.6260766440629795 1.8297872340425532 0.74 1.3970386914281614
0.6337967304512597 1.8297872340425532 0.75 1.4003046720844283
0.6414850540793947 1.8297872340425532 0.76 1.4036347129393527
0.6491410399121317 1.8297872340425532 0.77 1.4070298677499575
0.6567641040284538 1.8297872340425532 0.78 1.410491227078435
0.6643536531329489 1.8297872340425532 0.79 1.414019920272259
0.6719090840315399 1.8297872340425532 0.8 1.4176171175748846
0.6794297830323967 1.8297872340425532 0.81 1.4212840325301606
0.6869151252863678 1.8297872340425532 0.82 1.4250219246113685
0.6943644740386391 1.8297872340425532 0.83 1.4288321021870927
0.7017771797855659 1.8297872340425532 0.84 1.4327159258393403
0.7091525792961564 1.8297872340425532 0.85 1.4366748121896333
0.7164899945018749 1.8297872340425532 0.86 1.4407102382035077
0.7237887311737526 1.8297872340425532 0.87 1.4448237462860254
0.731048077407904 1.8297872340425532 0.88 1.449016950060797
0.7382673017647402 1.8297872340425532 0.89 1.4532915414268237
0.7454456510610576 1.8297872340425532 0.9 1.4576492988573335
0.752582347639928 1.8297872340425532 0.91 1.462092097589738
0.7596765859677796 1.8297872340425532 0.92 1.4666219222349235
0.7667275282905353 1.8297872340425532 0.93 1.4712408827685377
0.7737342989592981 1.8297872340425532 0.94 1.4759512352964839
0.7806959767938257 1.8297872340425532 0.95 1.4807554098589304
0.7876115844129038 1.8297872340425532 0.96 1.485656049117618
0.7944800690556014 1.8297872340425532 0.97 1.4906560781732
0.801300236359251 1.8297872340425532 0.98 1.4957589484016869
0.808070842118098 1.8297872340425532 0.99 1.5009682879168194
0.0 1.8439716312056738 0.0 1.2871259857118977
0.008814272679661821 1.8439716312056738 0.01 1.2871437032162296
0.017628181360927624 1.8439716312056738 0.02 1.287196859361037
0.026441361995138527 1.8439716312056738 0.03 1.28728546514748
0.03525345043334615 1.8439716312056738 0.04 1.2874095388812548
0.04406408237602024 1.8439716312056738 0.05 1.287569106209548
0.052872893321832405 1.8439716312056738 0.06 1.2877642001766534
0.061679518519720776 1.8439716312056738 0.07 1.2879948611070944
0.07048359291472368 1.8439716312056738 0.08 1.2882611368173336
0.07928475109950088 1.8439716312056738 0.09 1.2885630825159253
0.08808262726302292 1.8439716312056738 0.1 1.2889007608613277
0.09687685513935189 1.8439716312056738 0.11 1.2892742420014032
0.10566706795517342 1.8439716312056738 0.12 1.2896836036398631
0.11445289837895022 1.8439716312056738 0.13 1.2901289310522441
0.12323397846873037 1.8439716312056738 0.14 1.2906103171403127
0.13200993961897606 1.8439716312056738 0.15 1.2911278625014349
0.14078041250833742 1.8439716312056738 0.16 1.2916816754725895
0.1495450270459992 1.8439716312056738 0.17 1.2922718722017894
0.15830341231826342 1.8439716312056738 0.18 1.2928985767105448
0.16705519653140732 1.8439716312056738 0.19 1.293561921013283
0.1758000069631541 1.8439716312056738 0.2 1.2942620450936912
0.18453746990069408 1.8439716312056738 0.21 1.2949990970958636
0.1932672105884798 1.8439716312056738 0.22 1.295773233352739
0.20198885316886678 1.8439716312056738 0.23 1.2965846185190957
0.2107020206267493 1.8439716312056738 0.24 1.2974334256430171
0.21940633473180793 1.8439716312056738 0.25 1.2983198362694124
0.22810141597666278 1.8439716312056738 0.26 1.299244040587685
0.2367868835200945 1.8439716312056738 0.27 1.3002062375129517
0.24546235512496523 1.8439716312056738 0.28 1.301206634828016
0.25412744709649676 1.8439716312056738 0.29 1.3022454493149662
0.26278177422046556 1.8439716312056738 0.3 1.3033229068842629
0.27142494969834247 1.8439716312056738 0.31 1.304439242731521
0.28005658508419656 1.8439716312056738 0.32 1.3055947014723464
0.2886762902177933 1.8439716312056738 0.33 1.3067895373112428
0.29728367315724274 1.8439716312056738 0.34 1.3080240142094433
0.30587834011149717 1.8439716312056738 0.35 1.3092984060504662
0.3144598953704825 1.8439716312056738 0.36 1.310612996823416
0.32302794123264833 1.8439716312056738 0.37 1.3119680808237297
0.3315820779339159 1.8439716312056738 0.38 1.3133639628379814
0.3401219035731137 1.8439716312056738 0.39 1.3148009583545897
0.3486470140358795 1.8439716312056738 0.4 1.3162793937823898
0.35715700291589064 1.8439716312056738 0.41 1.3177996066854445
0.36565146143659644 1.8439716312056738 0.42 1.3193619460098929
0.37412997837178735 1.8439716312056738 0.43 1.3209667723170626
0.3825921399556689 1.8439716312056738 0.44 1.322614458087683
0.3910375298050082 1.8439716312056738 0.45 1.3243053879354747
0.39946572882488995 1.8439716312056738 0.46 1.3260399589330785
0.4078763151205309 1.8439716312056738 0.47 1.3278185808901872
0.4162688639048666 1.8439716312056738 0.48 1.3296416766573673
0.42464294740252506 1.8439716312056738 0.49 1.3315096824497932
0.4329981347501213 1.8439716312056738 0.5 1.3334230481902283
0.44133399189247025 1.8439716312056738 0.51 1.3353822378728364
0.44965008148160557 1.8439716312056738 0.52 1.337387729905905
0.4579459627663433 1.8439716312056738 0.53 1.339440017509257
0.46622119147842905 1.8439716312056738 0.54 1.341539609126935
0.47447531971671975 1.8439716312056738 0.55 1.3436870288469502
0.4827078958256609 1.8439716312056738 0.56 1.3458828168499175
0.4909184642730574 1.8439716312056738 0.57 1.348127529857844
0.4991065655167628 1.8439716312056738 0.58 1.3504217416410527
0.5072717358662349 1.8439716312056738 0.59 1.352766043547519
0.5154135073469971 1.8439716312056738 0.6 1.3551610450121605
0.5235314075523321 1.8439716312056738 0.61 1.3576073741313983
0.5316249594837569 1.8439716312056738 0.62 1.3601056782909764
0.5396936813912878 1.8439716312056738 0.63 1.3626566247888128
0.5477370866080893 1.8439716312056738 0.64 1.365260901482675
0.5557546833653727 1.8439716312056738 0.65 1.3679192175324786
0.5637459746116753 1.8439716312056738 0.66 1.3706323041142732
0.5717104578081118 1.8439716312056738 0.67 1.3734009152475304
0.5796476247230021 1.8439716312056738 0.68 1.3762258286180487
0.5875569612072933 1.8439716312056738 0.69 1.3791078464871067
0.5954379469605812 1.8439716312056738 0.7 1.3820477966376752
0.6032900552752347 1.8439716312056738 0.71 1.3850465334155702
0.6111127527696475 1.8439716312056738 0.72 1.3881049388118702
0.6189054990994672 1.8439716312056738 0.73 1.3912239236374664
0.6266677466449195 1.8439716312056738 0.74 1.3944044287955257
0.6343989401743901 1.8439716312056738 0.75 1.3976474266485677
0.6420985164803857 1.8439716312056738 0.76 1.400953922495233
0.6497659039823209 1.8439716312056738 0.77 1.4043249561783764
0.6574005222914746 1.8439716312056738 0.78 1.4077616038412122
0.6650017817314989 1.8439716312056738 0.79 1.4112649798559862
0.6725690828124534 1.8439716312056738 0.8 1.4148362389293272
0.6801018156387809 1.8439716312056738 0.81 1.4184765784622029
0.6875993592551736 1.8439716312056738 0.82 1.422187241140733
0.6950610809014729 1.8439716312056738 0.83 1.4259695178714265
0.7024863351742807 1.8439716312056738 0.84 1.4298247510603725
0.7098744630609408 1.8439716312056738 0.85 1.4337543383668665
0.7172247908298283 1.8439716312056738 0.86 1.4377597369825366
0.7245366287362338 1.8439716312056738 0.87 1.4418424685843907
0.7318092694936075 1.8439716312056738 0.88 1.4460041251419598
0.7390419864571512 1.8439716312056738 0.89 1.4502463757628872
0.7462340314268845 1.8439716312056738 0.9 1.4545709749109423
0.7533846319555085 1.8439716312056738 0.91 1.45897977240251
0.7604929879864929 1.8439716312056738 0.92 1.4634747258042988
0.7675582675794606 1.8439716312056738 0.93 1.468057916094631
0.774579601329778 1.8439716312056738 0.94 1.472731567992559
0.7815560748733632 1.8439716312056738 0.95 1.4774980771269828
0.7884867184499808 1.8439716312056738 0.96 1.4823600477154029
0.79537048835472 1.8439716312056738 0.97 1.4873203597956715
0.8022062039416217 1.8439716312056738 0.98 1.492382400280343
0.8089926320274158 1.8439716312056738 0.99 1.4975497421280524
0.0 1.8581560283687943 0.0 1.2852121160818695
0.008820833378504376 1.8581560283687943 0.01 1.2852297294628574
0.0176413040896135 1.8581560283687943 0.02 1.2852825731423303
0.02646104941593738 1.8581560283687943 0.03 1.2853706580412452
0.03527970654087692 1.8581560283687943 0.04 1.2854940022576495
0.04409691249857258 1.8581560283687943 0.05 1.2856526311652827
0.05291230412466409 1.8581560283687943 0.06 1.2858465773846113
0.061725518005095306 1.8581560283687943 0.07 1.2860758808720687
0.07053619042671573 1.8581560283687943 0.08 1.2863405888900072
0.0793439573272086 1.8581560283687943 0.09 1.2866407560325128
0.08814845424508597 1.8581560283687943 0.1 1.286976444248518
0.09694931626750869 1.8581560283687943 0.11 1.2873477229254398
0.10574617797876314 1.8581560283687943 0.12 1.2877546689310415
0.11453867341354487 1.8581560283687943 0.13 1.2881973665443323
0.12332643599681221 1.8581560283687943 0.14 1.2886759077133256
0.13210909850329683 1.8581560283687943 0.15 1.2891903918438947
0.14088629299398087 1.8581560283687943 0.16 1.2897409261064434
0.1496576507691812 1.8581560283687943 0.17 1.2903276253667226
0.15842280231568223 1.8581560283687943 0.18 1.2909506122547165
0.16718137724995355 1.8581560283687943 0.19 1.2916100172909566
0.1759330042657844 1.8581560283687943 0.2 1.2923059789293092
0.18467731107936644 1.8581560283687943 0.21 1.293038643642539
0.19341392437212798 1.8581560283687943 0.22 1.293808166034344
0.20214246973892291 1.8581560283687943 0.23 1.294614708873744
0.21086257162439015 1.8581560283687943 0.24 1.2954584432863245
0.21957385327039744 1.8581560283687943 0.25 1.2963395487899045
0.2282759366574408 1.8581560283687943 0.26 1.2972582134114254
0.23696844244432252 1.8581560283687943 0.27 1.298214633818185
0.24565098990487153 1.8581560283687943 0.28 1.2992090154741287
0.25432319687962446 1.8581560283687943 0.29 1.300241572633262
0.26298467969214656 1.8581560283687943 0.3 1.301312528706004
0.2716350531067787 1.8581560283687943 0.31 1.3024221161819065
0.28027393025411396 1.8581560283687943 0.32 1.3035705768890073
0.28890092256865924 1.8581560283687943 0.33 1.3047581621205329
0.2975156397204597 1.8581560283687943 0.34 1.3059851328163365
0.30611768955053026 1.8581560283687943 0.35 1.3072517597056217
0.31470667799907465 1.8581560283687943 0.36 1.3085583235108778
0.32328220903632227 1.8581560283687943 0.37 1.3099051151234826
0.3318438845909417 1.8581560283687943 0.38 1.311292435796919
0.3403913044762268 1.8581560283687943 0.39 1.3127205973542482
0.3489240663138322 1.8581560283687943 0.4 1.3141899224103484
0.35744176545912776 1.8581560283687943 0.41 1.3157007445777982
0.3659439949206187 1.8581560283687943 0.42 1.317253408714527
0.37443034528022706 1.8581560283687943 0.43 1.3188482711602627
0.3829004046110041 1.8581560283687943 0.44 1.320485699988343
0.3913537583902334 1.8581560283687943 0.45 1.3221660752857471
0.3997899894158337 1.8581560283687943 0.46 1.323889789406319
0.4082086777136433 1.8581560283687943 0.47 1.3256572472828352
0.4166094004457262 1.8581560283687943 0.48 1.3274688667268157
0.4249917318170984 1.8581560283687943 0.49 1.3293250787353754
0.43335524297538597 1.8581560283687943 0.5 1.3312263278393544
0.441699501911361 1.8581560283687943 0.51 1.3331730724411484
0.45002407336266637 1.8581560283687943 0.52 1.335165785131294
0.45832851868391294 1.8581560283687943 0.53 1.3372049532026227
0.46661239576150904 1.8581560283687943 0.54 1.339291078891181
0.4748752588821068 1.8581560283687943 0.55 1.341424679890967
0.4831166586177238 1.8581560283687943 0.56 1.343606289763367
0.49133614170197026 1.8581560283687943 0.57 1.3458364583945015
0.4995332508990873 1.8581560283687943 0.58 1.3481157524880634
0.5077075248711621 1.8581560283687943 0.59 1.3504447560633828
0.5158584980391897 1.8581560283687943 0.6 1.3528240709828907
0.5239857004315925 1.8581560283687943 0.61 1.355254317541196
0.5320886575369258 1.8581560283687943 0.62 1.3577361350266903
0.5401668901396105 1.8581560283687943 0.63 1.3602701823670322
0.5482199141566275 1.8581560283687943 0.64 1.3628571387640243
0.5562472404532591 1.8581560283687943 0.65 1.3654977044288343
0.5642483746677867 1.8581560283687943 0.66 1.368192601266362
0.5722228170024481 1.8581560283687943 0.67 1.3709425737203105
0.5801700620224112 1.8581560283687943 0.68 1.3737483895706788
0.5880895984370265 1.8581560283687943 0.69 1.3766108408110358
0.5959809088627395 1.8581560283687943 0.7 1.3795307446051828
0.6038434695659577 1.8581560283687943 0.71 1.3825089443281628
0.6116767502204781 1.8581560283687943 0.72 1.3855463105320225
0.6194802135787137 1.8581560283687943 0.73 1.388643742297261
0.6272533152020117 1.8581560283687943 0.74 1.3918021683013615
0.6349955031083535 1.8581560283687943 0.75 1.3950225482513474
0.6427062174139456 1.8581560283687943 0.76 1.3983058743267371
0.6503848899328352 1.8581560283687943 0.77 1.4016531727918105
0.6580309437576397 1.8581560283687943 0.78 1.4050655056727706
0.6656437927727504 1.8581560283687943 0.79 1.4085439727072375
0.6732228411344464 1.8581560283687943 0.8 1.4120897134107966
0.6807674826864138 1.8581560283687943 0.81 1.4157039093914465
0.6882771003046653 1.8581560283687943 0.82 1.4193877869294813
0.6957510651647596 1.8581560283687943 0.83 1.4231426198448363
0.7031887359020824 1.8581560283687943 0.84 1.4269697327636457
0.710589457660063 1.8581560283687943 0.85 1.430870504793124
0.7179525609861357 1.8581560283687943 0.86 1.4348463737553498
0.7252773605511912 1.8581560283687943 0.87 1.4388988410604826
0.7325631536262722 1.8581560283687943 0.88 1.4430294774633994
0.7398092183051584 1.8581560283687943 0.89 1.4472399297225707
0.7470148113122023 1.8581560283687943 0.9 1.4515319287632868
0.7541791653515868 1.8581560283687943 0.91 1.455907299469363
0.7613014857923219 1.8581560283687943 0.92 1.460367972849222
0.7683809464591059 1.8581560283687943 0.93 1.4649160013857976
0.7754166841433819 1.8581560283687943 0.94 1.4695535789432077
0.7824077912609232 1.8581560283687943 0.95 1.474283067263915
0.7893533056372706 1.8581560283687943 0.96 1.4791070326896147
0.7962521925815823 1.8581560283687943 0.97 1.4840283108574377
0.803103284967358 1.8581560283687943 0.98 1.489050225616878
0.8099053607249167 1.8581560283687943 0.99 1.4941762950628843
0.0 1.872340425531915 0.0 1.2833195457521631
0.008827335490587073 1.872340425531915 0.01 1.2833370564053321
0.01765430963068751 1.872340425531915 0.02 1.2833895919307008
0.026480561020096088 1.872340425531915 0.03 1.283477163128274
0.035305728161069444 1.872340425531915 0.04 1.283599787848067
0.04412944940740005 1.872340425531915 0.05 1.2837574912158136
0.05295136291658376 1.872340425531915 0.06 1.283950305493301
0.06177110659815695 1.872340425531915 0.07 1.2841782702293718
0.07058831806734327 1.872340425531915 0.08 1.284441432117465
0.07940263459221879 1.872340425531915 0.09 1.2847398451714944
0.08821369304532982 1.872340425531915 0.1 1.2850735706811636
0.09702112985300362 1.872340425531915 0.11 1.2854426772678675
0.10582458094519573 1.872340425531915 0.12 1.2858472409153237
0.11462368170311771 1.872340425531915 0.13 1.286287345052037
0.12341806691130777 1.872340425531915 0.14 1.2867630805224999
0.13220737070261024 1.872340425531915 0.15 1.2872745457248127
0.14099122650909462 1.872340425531915 0.16 1.2878218466058067
0.1497692670066881 1.872340425531915 0.17 1.2884050967836196
0.15854112406978849 1.872340425531915 0.18 1.2890244174854182
0.16730642870497753 1.872340425531915 0.19 1.2896799378449226
0.1760648110088238 1.872340425531915 0.2 1.2903717947771964
0.18481590011279725 1.872340425531915 0.21 1.2911001330876146
0.19355932411837504 1.872340425531915 0.22 1.2918651057014754
0.2022947100531752 1.872340425531915 0.23 1.292666873585392
0.21102168380836583 1.872340425531915 0.24 1.2935056059371786
0.21973987008336865 1.872340425531915 0.25 1.294381480265046
0.2284488923276685 1.872340425531915 0.26 1.2952946825019802
0.23714837268218392 1.872340425531915 0.27 1.2962454071206273
0.24583793192013434 1.872340425531915 0.28 1.2972338572503475
0.25451718938800766 1.872340425531915 0.29 1.2982602447908322
0.2631857629402347 1.872340425531915 0.3 1.2993247905872645
0.27184326888274146 1.872340425531915 0.31 1.300427724509529
0.2804893219038284 1.872340425531915 0.32 1.301569285656798
0.2891235350138545 1.872340425531915 0.33 1.3027497224694273
0.29774551947698463 1.872340425531915 0.34 1.3039692929142064
0.3063548847451478 1.872340425531915 0.35 1.305228264643549
0.3149512383912227 1.872340425531915 0.36 1.3065269151593186
0.3235341860353863 1.872340425531915 0.37 1.3078655320305699
0.3321033312793425 1.872340425531915 0.38 1.3092444130409069
0.3406582756290776 1.872340425531915 0.39 1.3106638664274417
0.3491986184221618 1.872340425531915 0.4 1.3121242110769993
0.3577239567533562 1.872340425531915 0.41 1.3136257767334745
0.36623388539194796 1.872340425531915 0.42 1.3151689042629713
0.37472799670960827 1.872340425531915 0.43 1.3167539458371347
0.38320588059085253 1.872340425531915 0.44 1.3183812652400624
0.3916671243540697 1.872340425531915 0.45 1.3200512380937683
0.40011131266168487 1.872340425531915 0.46 1.3217642521565418
0.40853802743612094 1.872340425531915 0.47 1.3235207075775628
0.41694684776319796 1.872340425531915 0.48 1.325321017231657
0.42533734980103677 1.872340425531915 0.49 1.3271656070124191
0.4337091066898856 1.872340425531915 0.5 1.3290549161184855
0.4420616884329157 1.872340425531915 0.51 1.3309893975155493
0.4503946618172727 1.872340425531915 0.52 1.3329695181443972
0.45870759028894326 1.872340425531915 0.53 1.3349957594094963
0.4670000338521469 1.872340425531915 0.54 1.3370686175125277
0.47527154895331525 1.872340425531915 0.55 1.3391886038750298
0.48352168835957504 1.872340425531915 0.56 1.3413562455869787
0.49175000104016275 1.872340425531915 0.57 1.3435720858342652
0.4999560320340347 1.872340425531915 0.58 1.3458366843991487
0.5081393223204387 1.872340425531915 0.59 1.3481506181391512
0.5162994086795426 1.872340425531915 0.6 1.3505144815159806
0.5244358235454064 1.872340425531915 0.61 1.3529288871598055
0.5325480948532078 1.872340425531915 0.62 1.3553944664578907
0.5406357458889475 1.872340425531915 0.63 1.3579118701262167
0.5486982951147583 1.872340425531915 0.64 1.3604817689011353
0.5567352559900691 1.872340425531915 0.65 1.3631048542435842
0.5647461367983059 1.872340425531915 0.66 1.3657818390105219
0.572730440445804 1.872340425531915 0.67 1.3685134582582046
0.580687664254561 1.872340425531915 0.68 1.3713004700668991
0.588617299745434 1.872340425531915 0.69 1.3741436564041118
0.5965188324120965 1.872340425531915 0.7 1.377043824024869
0.6043917414504297 1.872340425531915 0.71 1.3800018055706915
0.6122354995257748 1.872340425531915 0.72 1.3830184604833167
0.6200495724589474 1.872340425531915 0.73 1.38609467628301
0.6278334189377416 1.872340425531915 0.74 1.3892313697165894
0.6355864901774467 1.872340425531915 0.75 1.3924294881237491
0.643308229565263 1.872340425531915 0.76 1.3956900108596222
0.6509980722648396 1.872340425531915 0.77 1.39901395087684
0.6586554447881643 1.872340425531915 0.78 1.4024023564310235
0.6662797645289594 1.872340425531915 0.79 1.405856312932102
0.6738704392340359 1.872340425531915 0.8 1.4093769450369682
0.6814268664273239 1.872340425531915 0.81 1.4129654189144134
0.6889484327619924 1.872340425531915 0.82 1.4166229447806462
0.6964345132864503 1.872340425531915 0.83 1.4203507797558093
0.7038844706203251 1.872340425531915 0.84 1.424150231048261
0.7112976540006521 1.872340425531915 0.85 1.4280226596184855
0.7186733981959159 1.872340425531915 0.86 1.4319694843178241
0.72601102222813 1.872340425531915 0.87 1.4359921867270304
0.7333098278807633 1.872340425531915 0.88 1.440092316761325
0.7405690979156577 1.872340425531915 0.89 1.4442714993214127
0.747788093928778 1.872340425531915 0.9 1.4485314422325823
0.7549660537224758 1.872340425531915 0.91 1.4528739459070497
0.7621021880400256 1.872340425531915 0.92 1.4573009152708314
0.7691956764216342 1.872340425531915 0.93 1.4618143748070074
0.7762456618149116 1.872340425531915 0.94 1.4664164880143138
0.7832512433747356 1.872340425531915 0.95 1.471109583279013
0.7902114664787524 1.872340425531915 0.96 1.4758961896167555
0.7971253054000297 1.872340425531915 0.97 1.4807790989415728
0.8039916063479591 1.872340425531915 0.98 1.485761573364688
0.8108091584378652 1.872340425531915 0.99 1.490847076467734
0.0 1.8865248226950355 0.0 1.281447964852754
0.008833779651530097 1.8865248226950355 0.01 1.2814653742022073
0.017667199255648344 1.8865248226950355 0.02 1.281517605796598
0.026499898716115584 1.8865248226950355 0.03 1.2816046702734283
0.03533151783942819 1.8865248226950355 0.04 1.2817265853387179
0.04416169628578819 1.8865248226950355 0.05 1.281883375814074
0.052990073519968144 1.8865248226950355 0.06 1.2820750736519144
0.06181628876323448 1.8865248226950355 0.07 1.2823017179053346
0.07063998094294849 1.8865248226950355 0.08 1.2825633548175468
0.07946078864473768 1.8865248226950355 0.09 1.2828600377823587
0.08827835006114833 1.8865248226950355 0.1 1.2831918274448821
0.0970923029436527 1.8865248226950355 0.11 1.283558791673643
0.1059022845515564 1.8865248226950355 0.12 1.2839610056371604
0.11470793160255043 1.8865248226950355 0.13 1.2843985518243346
0.123508880221227 1.8865248226950355 0.14 1.2848715201147698
0.13230476588851225 1.8865248226950355 0.15 1.2853800078199535
0.1410952233906798 1.8865248226950355 0.16 1.2859241197337294
0.1498798867668696 1.8865248226950355 0.17 1.2865039682080606
0.15865838925744197 1.8865248226950355 0.18 1.287119673207838
0.16743036325140503 1.8865248226950355 0.19 1.287771362380738
0.17619544023200745 1.8865248226950355 0.2 1.2884591711514002
0.18495325072469387 1.8865248226950355 0.21 1.2891832427746182
0.1937034242415765 1.8865248226950355 0.22 1.289943728439416
0.20244558922624742 1.8865248226950355 0.23 1.2907407873611152
0.21117937299942205 1.8865248226950355 0.24 1.2915745868599864
0.21990440170067851 1.8865248226950355 0.25 1.2924453024869058
0.22862030023297747 1.8865248226950355 0.26 1.2933531181090827
0.2373266922038482 1.8865248226950355 0.27 1.2942982260337625
0.24602319986661597 1.8865248226950355 0.28 1.295280827126143
0.254709444060118 1.8865248226950355 0.29 1.2963011309397632
0.2633850441504453 1.8865248226950355 0.3 1.2973593558227534
0.27204961796557176 1.8865248226950355 0.31 1.2984557290934826
0.2807027817355958 1.8865248226950355 0.32 1.2995904871542145
0.28934415002763036 1.8865248226950355 0.33 1.3007638756550721
0.29797333568163503 1.8865248226950355 0.34 1.3019761496444056
0.30658994974173553 1.8865248226950355 0.35 1.303227573755642
0.31519360139299807 1.8865248226950355 0.36 1.3045184223424195
0.3237838978874182 1.8865248226950355 0.37 1.3058489797033879
0.332360444478051 1.8865248226950355 0.38 1.3072195402332418
0.3409228443440447 1.8865248226950355 0.39 1.3086304086459561
0.34947069851779844 1.8865248226950355 0.4 1.310081900175308
0.3580036058111241 1.8865248226950355 0.41 1.3115743407803584
0.36652116273585894 1.8865248226950355 0.42 1.3131080673888906
0.3750229634263772 1.8865248226950355 0.43 1.3146834281220217
0.3835085995588247 1.8865248226950355 0.44 1.3163007825395092
0.3919776602680655 1.8865248226950355 0.45 1.3179605018973537
0.40042973205897314 1.8865248226950355 0.46 1.3196629694394062
0.4088643987234339 1.8865248226950355 0.47 1.32140858064619
0.4172812412521889 1.8865248226950355 0.48 1.3231977435168882
0.42567983772908735 1.8865248226950355 0.49 1.3250308789588483
0.43405976324876344 1.8865248226950355 0.5 1.3269084210217037
0.4424205898145421 1.8865248226950355 0.51 1.328830817256214
0.4507618862338377 1.8865248226950355 0.52 1.330798529082211
0.45908321801116664 1.8865248226950355 0.53 1.3328120321654244
0.46738414724361815 1.8865248226950355 0.54 1.3348718167760723
0.4756642325060552 1.8865248226950355 0.55 1.336978388204394
0.4839230287316787 1.8865248226950355 0.56 1.3391322671973196
0.49216008709331577 1.8865248226950355 0.57 1.3413339903865311
0.5003749548722094 1.8865248226950355 0.58 1.343584110781583
0.5085671753388085 1.8865248226950355 0.59 1.345883198193597
0.5167362875890874 1.8865248226950355 0.6 1.3482318398929976
0.524881826437429 1.8865248226950355 0.61 1.35063064096052
0.5330033222293039 1.8865248226950355 0.62 1.3530802250571772
0.5411003007104722 1.8865248226950355 0.63 1.3555812348911485
0.549172282849947 1.8865248226950355 0.64 1.358134332919832
0.5572187846693377 1.8865248226950355 0.65 1.360740202011337
0.5652393170611298 1.8865248226950355 0.66 1.3633995461556154
0.5732333855911835 1.8865248226950355 0.67 1.3661130912460386
0.5812004902968867 1.8865248226950355 0.68 1.3688815858744037
0.5891401254730607 1.8865248226950355 0.69 1.3717058021779442
0.5970517794341521 1.8865248226950355 0.7 1.3745865367899783
0.6049349342768559 1.8865248226950355 0.71 1.377524611779387
0.6127890656084624 1.8865248226950355 0.72 1.3805208757395246
0.6206136422685071 1.8865248226950355 0.73 1.383576204896083
0.6284081260251936 1.8865248226950355 0.74 1.3866915043181922
0.6361719712445116 1.8865248226950355 0.75 1.3898677092385785
0.6439046245324185 1.8865248226950355 0.76 1.3931057864780503
0.6516055243486715 1.8865248226950355 0.77 1.3964067359780803
0.6592741005791061 1.8865248226950355 0.78 1.3997715924955338
0.6669097740688098 1.8865248226950355 0.79 1.4032014274443445
0.6745119561019289 1.8865248226950355 0.8 1.4066973509404643
0.6820800478302735 1.8865248226950355 0.81 1.4102605140352986
0.6896134396242928 1.8865248226950355 0.82 1.4138921112420335
0.6971115103532243 1.8865248226950355 0.83 1.417593383318181
0.704573626560073 1.8865248226950355 0.84 1.4213656204373604
0.7119991415219487 1.8865248226950355 0.85 1.4252101657767586
0.7193873941678779 1.8865248226950355 0.86 1.429128419620043
0.7267377078185712 1.8865248226950355 0.87 1.4331218441017282
0.7340493887054208 1.8865248226950355 0.88 1.4371919687424302
0.7413217242097122 1.8865248226950355 0.89 1.441340396982471
0.7485539807422837 1.8865248226950355 0.9 1.4455688139939777
0.7557454011518904 1.8865248226950355 0.91 1.4498789961643053
0.7628952015060879 1.8865248226950355 0.92 1.4542728227990727
0.7700025670162198 1.8865248226950355 0.93 1.4587522908476453
0.7770666467421192 1.8865248226950355 0.94 1.4633195339381095
0.7840865465386471 1.8865248226950355 0.95 1.4679768476131814
0.7910613192992078 1.8865248226950355 0.96 1.4727267241097313
0.7979899482154104 1.8865248226950355 0.97 1.4775719122635769
0.804871292650213 1.8865248226950355 0.98 1.4825156137446602
0.811704152960904 1.8865248226950355 0.99 1.487561238010798
0.0 1.9007092198581559 0.0 1.2795970690556773
0.008840166489528215 1.9007092198581559 0.01 1.2796143784807046
0.01767997422127053 1.9007092198581559 0.02 1.2796663102621844
0.026519064389226032 1.9007092198581559 0.03 1.2797528749104112
0.03535707809091179 1.9007092198581559 0.04 1.2798740899527619
0.04419365627894139 1.9007092198581559 0.05 1.2800299799479644
0.05302843971283211 1.9007092198581559 0.06 1.280220576485031
0.06186106891034311 1.9007092198581559 0.07 1.2804459182139156
0.07069118409861687 1.9007092198581559 0.08 1.2807060508728152
0.07951842516577964 1.9007092198581559 0.09 1.2810010272958734
0.0883424316118384 1.9007092198581559 0.1 1.2813309074507324
0.09716284249934784 1.9007092198581559 0.11 1.2816957584763589
0.10597929640287453 1.9007092198581559 0.12 1.2820956547462858
0.11479143136194073 1.9007092198581559 0.13 1.2825306778406578
0.12359888482768037 1.9007092198581559 0.14 1.2830009166767231
0.13240129361466813 1.9007092198581559 0.15 1.2835064675035224
0.1411982938489141 1.9007092198581559 0.16 1.2840474339850199
0.14998952091702578 1.9007092198581559 0.17 1.284623927251166
0.15877460941454907 1.9007092198581559 0.18 1.2852360659627329
0.16755319309384184 1.9007092198581559 0.19 1.2858839763807017
0.17632490481092752 1.9007092198581559 0.2 1.2865677924478787
0.18508937647275645 1.9007092198581559 0.21 1.2872876558600361
0.19384623898325004 1.9007092198581559 0.22 1.288043716152597
0.20259512218846856 1.9007092198581559 0.23 1.2888361307949685
0.21133565482162533 1.9007092198581559 0.24 1.2896650652826385
0.22006746444787173 1.9007092198581559 0.25 1.290530693229598
0.2287901774075755 1.9007092198581559 0.26 1.2914331964764958
0.23750341875788852 1.9007092198581559 0.27 1.2923727652138113
0.2462068122147359 1.9007092198581559 0.28 1.2933495980950502
0.2548999800955576 1.9007092198581559 0.29 1.2943639023400055
0.2635825432567042 1.9007092198581559 0.3 1.2954158938912852
0.27225412103468466 1.9007092198581559 0.31 1.2965057975259098
0.28091433118099446 1.9007092198581559 0.32 1.2976338470274211
0.2895627898036624 1.9007092198581559 0.33 1.2988002852893268
0.29819911129835885 1.9007092198581559 0.34 1.3000053645140799
0.30682290828411907 1.9007092198581559 0.35 1.301249346362671
0.3154337915382029 1.9007092198581559 0.36 1.3025325021103416
0.32403136992528725 1.9007092198581559 0.37 1.303855112847016
0.33261525033093575 1.9007092198581559 0.38 1.30521746963768
0.341185037586823 1.9007092198581559 0.39 1.306619873746515
0.3497403343994779 1.9007092198581559 0.4 1.308062636827381
0.3582807412773421 1.9007092198581559 0.41 1.3095460811252364
0.3668058564526074 1.9007092198581559 0.42 1.3110705397131857
0.3753152758018988 1.9007092198581559 0.43 1.3126363567324624
0.3838085927706016 1.9007092198581559 0.44 1.3142438876032705
0.3922853982849953 1.9007092198581559 0.45 1.3158934993181095
0.4007452806726615 1.9007092198581559 0.46 1.3175855706726722
0.4091878255712577 1.9007092198581559 0.47 1.319320492572494
0.4176126158439573 1.9007092198581559 0.48 1.3210986682907626
0.42601923148354864 1.9007092198581559 0.49 1.3229205137967943
0.4344072495176316 1.9007092198581559 0.5 1.3247864580716886
0.4427762439142307 1.9007092198581559 0.51 1.3266969434182723
0.4511257854757335 1.9007092198581559 0.52 1.3286524258386314
0.4594554417439916 1.9007092198581559 0.53 1.330653375340479
0.4677647768756208 1.9007092198581559 0.54 1.332700276415452
0.47605335154370026 1.9007092198581559 0.55 1.3347936283564674
0.48432072282662686 1.9007092198581559 0.56 1.3369339456501244
0.4925664440630484 1.9007092198581559 0.57 1.3391217585522153
0.5007900647517878 1.9007092198581559 0.58 1.3413576134063274
0.5089911304058857 1.9007092198581559 0.59 1.3436420732133856
0.5171691824350421 1.9007092198581559 0.6 1.3459757180421843
0.5253237579702801 1.9007092198581559 0.61 1.3483591457407578
0.5334543897477211 1.9007092198581559 0.62 1.3507929723299883
0.5415606059375532 1.9007092198581559 0.63 1.3532778326805763
0.549641929982383 1.9007092198581559 0.64 1.3558143811328918
0.5576978804235146 1.9007092198581559 0.65 1.3584032921717162
0.5657279707236279 1.9007092198581559 0.66 1.3610452611127266
0.5737317090718049 1.9007092198581559 0.67 1.36374100486903
0.5817085981823431 1.9007092198581559 0.68 1.3664912627399821
0.5896581350782029 1.9007092198581559 0.69 1.3692967972658021
0.5975798108636322 1.9007092198581559 0.7 1.3721583951248133
0.6054731104798449 1.9007092198581559 0.71 1.3750768681009713
0.6133375124411207 1.9007092198581559 0.72 1.3780530541314249
0.6211724885567919 1.9007092198581559 0.73 1.3810878184074427
0.628977503630343 1.9007092198581559 0.74 1.3841820545671923
0.6367520151289757 1.9007092198581559 0.75 1.387336686006835
0.644495472832961 1.9007092198581559 0.76 1.3905526672658504
0.6522073184472746 1.9007092198581559 0.77 1.393830985561031
0.659886985179648 1.9007092198581559 0.78 1.3971726624468612
0.6675338972772958 1.9007092198581559 0.79 1.4005787556320508
0.6751474695095212 1.9007092198581559 0.8 1.4040503610015893
0.6827271066002505 1.9007092198581559 0.81 1.4075886148214833
0.690272202587986 1.9007092198581559 0.82 1.411194696214476
0.697782140104023 1.9007092198581559 0.83 1.4148698299359403
0.7052562895625702 1.9007092198581559 0.84 1.418615289467292
0.7126940082237534 1.9007092198581559 0.85 1.4224324005749684
0.7200946391233529 1.9007092198581559 0.86 1.4263225453453023
0.7274575098243864 1.9007092198581559 0.87 1.4302871668595398
0.7347819309536678 1.9007092198581559 0.88 1.4343277746347096
0.7420671944567935 1.9007092198581559 0.89 1.4384459510671344
0.749312571507869 1.9007092198581559 0.9 1.442643359095069
0.7565173099506637 1.9007092198581559 0.91 1.4469217515183532
0.7636806311321447 1.9007092198581559 0.92 1.451282982456117
0.7708017258862866 1.9007092198581559 0.93 1.4557290217967889
0.7778797493451303 1.9007092198581559 0.94 1.4602619737675437
0.7849138140251294 1.9007092198581559 0.95 1.4648841015665754
0.7919029802991081 1.9007092198581559 0.96 1.4695978611871485
0.7988462402244615 1.9007092198581559 0.97 1.4744059590449252
0.8057424661474706 1.9007092198581559 0.98 1.4793115375982706
0.8125904697053855 1.9007092198581559 0.99 1.48431795262623
0.0 1.9148936170212765 0.0 1.277766559447968
0.008846496625180956 1.9148936170212765 0.01 1.2777837702963186
0.017692635768875167 1.9148936170212765 0.02 1.2778354063173836
0.026538059902253212 1.9148936170212765 0.03 1.2779214778677401
0.0353824114002257 1.9148936170212765 0.04 1.278042002338885
0.044225332494840626 1.9148936170212765 0.05 1.2781970040004613
0.05306646522647555 1.9148936170212765 0.06 1.2783865141162576
0.06190545139628159 1.9148936170212765 0.07 1.2786105709203472
0.07074193251777904 1.9148936170212765 0.08 1.278869219654079
0.07957554976866973 1.9148936170212765 0.09 1.279162512584622
0.08840594394183461 1.9148936170212765 0.1 1.279490509049836
0.09723275539717448 1.9148936170212765 0.11 1.279853275470954
0.10605562401218206 1.9148936170212765 0.12 1.280250885404512
0.11487418913280868 1.9148936170212765 0.13 1.280683419579197
0.12368808952416364 1.9148936170212765 0.14 1.2811509659362113
0.13249696331917174 1.9148936170212765 0.15 1.2816536197092094
0.1413004479703917 1.9148936170212765 0.16 1.2821914834335728
0.15009818019713117 1.9148936170212765 0.17 1.2827646670495931
0.15888979593622563 1.9148936170212765 0.18 1.2833732879294653
0.16767493028850525 1.9148936170212765 0.19 1.2840174709792533
0.17645321746776527 1.9148936170212765 0.2 1.2846973486918085
0.18522429074830496 1.9148936170212765 0.21 1.2854130612225636
0.19398778240983056 1.9148936170212765 0.22 1.286164756498095
0.20274332368663045 1.9148936170212765 0.23 1.2869525902610626
0.2114905447090063 1.9148936170212765 0.24 1.2877767262171407
0.2202290744517922 1.9148936170212765 0.25 1.2886373360834578
0.22895854067674876 1.9148936170212765 0.26 1.2895345997143657
0.23767856987381053 1.9148936170212765 0.27 1.2904687052319188
0.2463887872072817 1.9148936170212765 0.28 1.2914398490971077
0.25508881645469217 1.9148936170212765 0.29 1.2924482362612613
0.26377827994735165 1.9148936170212765 0.3 1.2934940802918526
0.2724567985117226 1.9148936170212765 0.31 1.2945776034877055
0.2811239914057569 1.9148936170212765 0.32 1.2956990370408217
0.2897794762581125 1.9148936170212765 0.33 1.29685862116548
0.29842286900374293 1.9148936170212765 0.34 1.2980566052587157
0.30705378381765713 1.9148936170212765 0.35 1.2992932480719932
0.31567183305158264 1.9148936170212765 0.36 1.3005688178540544
0.32427662716391237 1.9148936170212765 0.37 1.301883592548415
0.33286777465208744 1.9148936170212765 0.38 1.3032378599653425
0.3414448819815822 1.9148936170212765 0.39 1.3046319179783328
0.35000755351353074 1.9148936170212765 0.4 1.306066074726893
0.3585553914317934 1.9148936170212765 0.41 1.3075406488199213
0.367087995667522 1.9148936170212765 0.42 1.3090559695545447
0.3756049638195342 1.9148936170212765 0.43 1.3106123771610119
0.3841058910788476 1.9148936170212765 0.44 1.3122102230138974
0.39259037014400716 1.9148936170212765 0.45 1.313849869905123
0.40105799113797 1.9148936170212765 0.46 1.3155316923007083
0.40950834152442556 1.9148936170212765 0.47 1.3172560765983883
0.4179410060172965 1.9148936170212765 0.48 1.3190234214267076
0.42635556648801737 1.9148936170212765 0.49 1.3208341379530177
0.4347516018760392 1.9148936170212765 0.5 1.3226886501674495
0.44312868808724437 1.9148936170212765 0.51 1.324587395238749
0.4514863978988229 1.9148936170212765 0.52 1.3265308238256908
0.4598243008498484 1.9148936170212765 0.53 1.328519400470722
0.4681419631418324 1.9148936170212765 0.54 1.330553603929854
0.4764389475187276 1.9148936170212765 0.55 1.3326339276182917
0.4847148131581397 1.9148936170212765 0.56 1.334760879985762
0.4929691155539921 1.9148936170212765 0.57 1.3369349849379148
0.5012014063828633 1.9148936170212765 0.58 1.339156782342172
0.5094112333837999 1.9148936170212765 0.59 1.3414268284542323
0.5175981402197927 1.9148936170212765 0.6 1.3437456964401906
0.5257616663339351 1.9148936170212765 0.61 1.3461139769200987
0.5339013468083734 1.9148936170212765 0.62 1.3485322784919904
0.5420167122031488 1.9148936170212765 0.63 1.3510012283543908
0.5501072883993235 1.9148936170212765 0.64 1.3535214729004261
0.5581725964241616 1.9148936170212765 0.65 1.356093678396365
0.5662121522730047 1.9148936170212765 0.66 1.3587185316692965
0.5742254667216583 1.9148936170212765 0.67 1.3613967408349907
0.582212045118236 1.9148936170212765 0.68 1.364129036116962
0.5901713871805339 1.9148936170212765 0.69 1.3669161706313004
0.5981029867555719 1.9148936170212765 0.7 1.3697589213414947
0.6060063315894249 1.9148936170212765 0.71 1.3726580899550875
0.6138809030626794 1.9148936170212765 0.72 1.375614503970024
0.6217261759097109 1.9148936170212765 0.73 1.3786290177822902
0.6295416179231214 1.9148936170212765 0.74 1.3817025138482428
0.6373266896278607 1.9148936170212765 0.75 1.3848359039689464
0.6450808439293438 1.9148936170212765 0.76 1.3880301306737288
0.6528035257319957 1.9148936170212765 0.77 1.3912861687160136
0.6604941715151096 1.9148936170212765 0.78 1.394605026734315
0.6681522088790021 1.9148936170212765 0.79 1.3979877490187622
0.675777056027547 1.9148936170212765 0.8 1.4014354175230253
0.6833681212066449 1.9148936170212765 0.81 1.4049491540324843
0.69092480206801 1.9148936170212765 0.82 1.4085301226111906
0.698446484955942 1.9148936170212765 0.83 1.412179532328479
0.7059325441009683 1.9148936170212765 0.84 1.4158986403226022
0.7133823406923288 1.9148936170212765 0.85 1.4196887553039044
0.7207952218203834 1.9148936170212765 0.86 1.4235512415199145
0.7281705192386824 1.9148936170212765 0.87 1.4274875233675297
0.7355075479137655 1.9148936170212765 0.88 1.4314990907576417
0.7428056043058036 1.9148936170212765 0.89 1.4355875054310947
0.7500639643024831 1.9148936170212765 0.9 1.4397544084970895
0.7572818806942483 1.9148936170212765 0.91 1.4440015295860078
0.7644585800578056 1.9148936170212765 0.92 1.4483306980746014
0.7715932588094981 1.9148936170212765 0.93 1.4527438572227798
0.778685078110347 1.9148936170212765 0.94 1.457243082329198
0.7857331571001005 1.9148936170212765 0.95 1.461830604735589
0.7927365635956497 1.9148936170212765 0.96 1.4665088447113614
0.7996942984617176 1.9148936170212765 0.97 1.47128046691713
0.8066052468689904 1.9148936170212765 0.98 1.4761485557661924
0.8134682317583888 1.9148936170212765 0.99 1.481116413842014
0.0 1.929078014184397 0.0 1.2759561424115076
0.008852770671640937 1.929078014184397 0.01 1.2759732560023105
0.017705185125213612 1.929078014184397 0.02 1.2760246002043145
0.026556887095409105 1.929078014184397 0.03 1.2761101853014347
0.03540752022210266 1.929078014184397 0.04 1.2762300284632726
0.044256728003301354 1.929078014184397 0.05 1.2763841537164207
0.053104153747483715 1.929078014184397 0.06 1.2765725919833386
0.061949440525846666 1.929078014184397 0.07 1.2767953811028019
0.07079223112488042 1.929078014184397 0.08 1.277052565835312
0.07963216799837788 1.929078014184397 0.09 1.2773441978960032
0.08846889321933983 1.929078014184397 0.1 1.2776703359844748
0.09730204843156576 1.929078014184397 0.11 1.27803104582086
0.1061312748014194 1.929078014184397 0.12 1.2784264001744134
0.11495621296861441 1.929078014184397 0.13 1.2788564789158865
0.12377650299694253 1.929078014184397 0.14 1.2793213690642824
0.13259178432587498 1.929078014184397 0.15 1.2798211648140438
0.1414016957193484 1.929078014184397 0.16 1.280355967619306
0.15020587521601889 1.929078014184397 0.17 1.280925886240119
0.15900396007932663 1.929078014184397 0.18 1.2815310367932828
0.16779558674441444 1.929078014184397 0.19 1.282171542852467
0.1765803907688712 1.929078014184397 0.2 1.2828475354804416
0.1853580067786654 1.929078014184397 0.21 1.2835591533364852
0.19412806841643557 1.929078014184397 0.22 1.2843065427416442
0.20289020828745924 1.929078014184397 0.23 1.285089857774831
0.21164405790610985 1.929078014184397 0.24 1.2859092603578415
0.22038924763983814 1.929078014184397 0.25 1.286764920367985
0.22912540665690895 1.929078014184397 0.26 1.2876570157020617
0.23785216286515176 1.929078014184397 0.27 1.288585732443065
0.24656914286058101 1.929078014184397 0.28 1.2895512649083822
0.2552759718639116 1.929078014184397 0.29 1.2905538158305028
0.2639722736658445 1.929078014184397 0.3 1.2915935964369545
0.27265767056653617 1.929078014184397 0.31 1.2926708265908389
0.28133178331122416 1.929078014184397 0.32 1.2937857349619684
0.2899942310347994 1.929078014184397 0.33 1.2949385591092053
0.29864463119124274 1.929078014184397 0.34 1.2961295457015698
0.30728259949309045 1.929078014184397 0.35 1.297358950640066
0.3159077498549162 1.929078014184397 0.36 1.298627039149169
0.3245196943030105 1.929078014184397 0.37 1.2999340861473268
0.3331180429301283 1.929078014184397 0.38 1.3012803762326774
0.3417024038163035 1.929078014184397 0.39 1.3026662039527586
0.35027238295758933 1.929078014184397 0.4 1.304091874000568
0.3588275841939382 1.929078014184397 0.41 1.3055577014139286
0.36736760913406036 1.929078014184397 0.42 1.3070640117941035
0.3758920570783794 1.929078014184397 0.43 1.3086111415340702
0.384400524940897 1.929078014184397 0.44 1.3101994380506445
0.3928926071728066 1.929078014184397 0.45 1.3118292600021002
0.4013678956689705 1.929078014184397 0.46 1.3135009776180797
0.4098259796993315 1.929078014184397 0.47 1.3152149728576814
0.4182664458002136 1.929078014184397 0.48 1.3169716398294362
0.42668887770208114 1.929078014184397 0.49 1.3187713849671336
0.4350928562286739 1.929078014184397 0.5 1.3206146273888708
0.4434779592011042 1.929078014184397 0.51 1.322501799217603
0.45184376134366916 1.929078014184397 0.52 1.3244333458883182
0.46018983417323545 1.929078014184397 0.53 1.3264097265493806
0.4685157458985858 1.929078014184397 0.54 1.328431414399037
0.4768210613122311 1.929078014184397 0.55 1.3304988970635547
0.48510534167168545 1.929078014184397 0.56 1.3326126770304134
0.4933681445839368 1.929078014184397 0.57 1.3347732720579764
0.5016090238804807 1.929078014184397 0.58 1.3369812156331256
0.5098275294918889 1.929078014184397 0.59 1.339237057426542
0.5180232073122402 1.929078014184397 0.6 1.3415413637977427
0.5261955990550764 1.929078014184397 0.61 1.3438947183383827
0.5343442421245356 1.929078014184397 0.62 1.3462977223329506
0.5424686694331021 1.929078014184397 0.63 1.3487509954874648
0.5505684092653619 1.929078014184397 0.64 1.351255176415978
0.5586429851000582 1.929078014184397 0.65 1.3538109233339002
0.5666919154314496 1.929078014184397 0.66 1.356418914745974
0.5747147135814116 1.929078014184397 0.67 1.3590798501723473
0.582710887499611 1.929078014184397 0.68 1.3617944509245905
0.5906799395526308 1.929078014184397 0.69 1.364563460926235
0.5986213662984838 1.929078014184397 0.7 1.3673876475933864
0.6065346582445609 1.929078014184397 0.71 1.3702678027825768
0.6144192995941306 1.929078014184397 0.72 1.373204743781056
0.6222747679655024 1.929078014184397 0.73 1.3761993144100388
0.6301005340987136 1.929078014184397 0.74 1.3792523861712473
0.6378960615297228 1.929078014184397 0.75 1.3823648595243232
0.6456608062453674 1.929078014184397 0.76 1.3855376652332794
0.6533942163012899 1.929078014184397 0.77 1.388771765857438
0.6610957314034172 1.929078014184397 0.78 1.3920681573796623
0.6687647824557318 1.929078014184397 0.79 1.395427870956836
0.6764007910479872 1.929078014184397 0.8 1.3988519748995898
0.6840031688992043 1.929078014184397 0.81 1.4023415768084615
0.691571317223599 1.929078014184397 0.82 1.4058978259996096
0.6991046260266934 1.929078014184397 0.83 1.4095219161794534
0.7066024733049324 1.929078014184397 0.84 1.413215088469266
0.7140642241267895 1.929078014184397 0.85 1.4169786348570705
0.7214892295850209 1.929078014184397 0.86 1.4208139021051363
0.7288768255696129 1.929078014184397 0.87 1.4247222962984625
0.7362263313399771 1.929078014184397 0.88 1.4287052880984787
0.7435370478201085 1.929078014184397 0.89 1.432764418976883
0.7508082555599943 1.929078014184397 0.9 1.4369013086179048
0.7580392122525988 1.929078014184397 0.91 1.4411176638770058
0.7652291496597134 1.929078014184397 0.92 1.4454152898056478
0.772377269733991 1.929078014184397 0.93 1.4497961034812006
0.7794827396277126 1.929078014184397 0.94 1.454262151716012
0.7865446850647797 1.929078014184397 0.95 1.458815634476447
0.7935621812669755 1.929078014184397 0.96 1.4634589368306345
0.800534237849471 1.929078014184397 0.97 1.4681946823295788
0.8074597526518726 1.929078014184397 0.98 1.473025898475064
0.8143375599303296 1.929078014184397 0.99 1.4779558351681503
0.0 1.9432624113475176 0.0 1.2741655295156464
0.008858989234679664 1.9432624113475176 0.01 1.274182547145655
0.017717623501790805 1.9432624113475176 0.02 1.274233603429965
0.02657554778693672 1.9432624113475176 0.03 1.2743187085476928
0.03543240698191959 1.9432624113475176 0.04 1.2744378794798172
0.04428784583783919 1.9432624113475176 0.05 1.2745911400092562
0.05314150891823861 1.9432624113475176 0.06 1.274778520728131
0.06199304055164412 1.9432624113475176 0.07 1.2750000590746078
0.07084208478449655 1.9432624113475176 0.08 1.2752557993399736
0.0796882853334351 1.9432624113475176 0.09 1.2755457927044918
0.08853128553864953 1.9432624113475176 0.1 1.275870097234423
0.09737072831471698 1.9432624113475176 0.11 1.2762287779605799
0.10620625610323756 1.9432624113475176 0.12 1.2766219068889697
0.11503751082450936 1.9432624113475176 0.13 1.2770495630427872
0.12386413382845342 1.9432624113475176 0.14 1.2775118325172492
0.1326857658459622 1.9432624113475176 0.15 1.2780088085201071
0.1415020469398762 1.9432624113475176 0.16 1.278540591419757
0.1503126164538797 1.9432624113475176 0.17 1.2791072888281694
0.15911711296393716 1.9432624113475176 0.18 1.2797090156321347
0.16791517422630808 1.9432624113475176 0.19 1.2803458940837495
0.17670643712752676 1.9432624113475176 0.2 1.2810180538526943
0.18549053763129983 1.9432624113475176 0.21 1.281725632123734
0.19426711072827782 1.9432624113475176 0.22 1.2824687736477136
0.20303579038037972 1.9432624113475176 0.23 1.2832476308662002
0.21179620947036484 1.9432624113475176 0.24 1.2840623639600695
0.22054799974529357 1.9432624113475176 0.25 1.2849131409762788
0.22929079176211165 1.9432624113475176 0.26 1.2858001379208779
0.2380242148335385 1.9432624113475176 0.27 1.2867235388475176
0.2467478969686141 1.9432624113475176 0.28 1.2876835360024437
0.2554614648187999 1.9432624113475176 0.29 1.2886803299037948
0.26416454361642083 1.9432624113475176 0.3 1.2897141295000958
0.27285675711745405 1.9432624113475176 0.31 1.290785152278022
0.28153772754078527 1.9432624113475176 0.32 1.2918936244034698
0.2902070755070299 1.9432624113475176 0.33 1.2930397808625
0.2988644199755514 1.9432624113475176 0.34 1.2942238656150287
0.30750937818118923 1.9432624113475176 0.35 1.2954461317470853
0.3161415655703271 1.9432624113475176 0.36 1.296706841625941
0.3247605957318925 1.9432624113475176 0.37 1.2980062670938426
0.3333660803326908 1.9432624113475176 0.38 1.2993446896213459
0.3419576290473133 1.9432624113475176 0.39 1.3007224005023996
0.3505348494869404 1.9432624113475176 0.4 1.3021397010532219
0.35909734712821123 1.9432624113475176 0.41 1.3035969028069412
0.36764472523746067 1.9432624113475176 0.42 1.3050943277391014
0.3761765847959572 1.9432624113475176 0.43 1.3066323084813225
0.3846925244258999 1.9432624113475176 0.44 1.308211188527638
0.39319214029964283 1.9432624113475176 0.45 1.3098313225524727
0.40167502607154953 1.9432624113475176 0.46 1.3114930765685224
0.41014077278260885 1.9432624113475176 0.47 1.3131968282669506
0.4185889687809633 1.9432624113475176 0.48 1.314942967245665
0.427019199629012 1.9432624113475176 0.49 1.3167318953224634
0.4354310480111595 1.9432624113475176 0.5 1.318564026838294
0.44382409363996495 1.9432624113475176 0.51 1.3204397889665822
0.4521979131594548 1.9432624113475176 0.52 1.3223596220364529
0.460552080039553 1.9432624113475176 0.53 1.324323979904373
0.46888616447454634 1.9432624113475176 0.54 1.3263333302969935
0.47719973327409587 1.9432624113475176 0.55 1.3283881551938952
0.48549234974790095 1.9432624113475176 0.56 1.330488951241291
0.49376357359128403 1.9432624113475176 0.57 1.3326362301557213
0.5020129607602372 1.9432624113475176 0.58 1.3348305191813774
0.5102400633474259 1.9432624113475176 0.59 1.3370723615369937
0.5184444294480863 1.9432624113475176 0.6 1.3393623169122928
0.526625603020947 1.9432624113475176 0.61 1.341700961984795
0.5347831237437305 1.9432624113475176 0.62 1.3440888909592101
0.5429165268642353 1.9432624113475176 0.63 1.346526716124322
0.5510253430339012 1.9432624113475176 0.64 1.3490150684919495
0.5591090981484611 1.9432624113475176 0.65 1.3515545983938881
0.5671673131650733 1.9432624113475176 0.66 1.3541459761889323
0.5751995039174385 1.9432624113475176 0.67 1.3567898929714794
0.5832051809163838 1.9432624113475176 0.68 1.3594870613424879
0.5911838491469967 1.9432624113475176 0.69 1.362238216189271
0.5991350078320438 1.9432624113475176 0.7 1.3650441156140753
0.6070581502063302 1.9432624113475176 0.71 1.367905541801585
0.6149527632532262 1.9432624113475176 0.72 1.3708233020506109
0.6228183274331428 1.9432624113475176 0.73 1.3737982298296194
0.6306543163913259 1.9432624113475176 0.74 1.376831185913145
0.6384601966338269 1.9432624113475176 0.75 1.3799230596452396
0.6462354271832172 1.9432624113475176 0.76 1.3830747702757271
0.6539794592012662 1.9432624113475176 0.77 1.3862872684229066
0.6616917355768047 1.9432624113475176 0.78 1.3895615376665387
0.6693716904687207 1.9432624113475176 0.79 1.3928985963096714
0.6770187488068766 1.9432624113475176 0.8 1.3962994992927444
0.6846323257336355 1.9432624113475176 0.81 1.39976534032755
0.6922118259788083 1.9432624113475176 0.82 1.4032972542736883
0.6997566431605283 1.9432624113475176 0.83 1.4068964197809377
0.7072661589895195 1.9432624113475176 0.84 1.4105640622805111
0.7147397423649436 1.9432624113475176 0.85 1.4143014573618258
0.7221767483331273 1.9432624113475176 0.86 1.418109934637042
0.7295765168711162 1.9432624113475176 0.87 1.4219908822278258
0.7369383714803823 1.9432624113475176 0.88 1.425945751912758
0.7442616175021698 1.9432624113475176 0.89 1.4299760652582405
0.7515455401027173 1.9432624113475176 0.9 1.4340834209009257
0.7587894018289035 1.9432624113475176 0.91 1.4382695033260295
0.7659924395842406 1.9432624113475176 0.92 1.4425360936641343
0.7731538608187205 1.9432624113475176 0.93 1.4468850832209663
0.7802728386328853 1.9432624113475176 0.94 1.4513184907757826
0.787348505298038 1.9432624113475176 0.95 1.4558384853817863
0.7943799433986779 1.9432624113475176 0.96 1.4604474174283955
0.8013661712410995 1.9432624113475176 0.97 1.4651478699980274
0.80830609918902 1.9432624113475176 0.98 1.4699428147557976
0.8151985728068034 1.9432624113475176 0.99 1.4748354494869065
0.0 1.9574468085106382 0.0 1.272394437411462
0.00886515291276867 1.9574468085106382 0.01 1.2724113603609313
0.01772995209593907 1.9574468085106382 0.02 1.272462132528477
0.026594043773268006 1.9574468085106382 0.03 1.2725467640250605
0.03545707407587196 1.9574468085106382 0.04 1.2726652716347604
0.044318688995396295 1.9574468085106382 0.05 1.2728176788939667
0.05317853433754888 1.9574468085106382 0.06 1.2730040160833251
0.062036255675442666 1.9574468085106382 0.07 1.2732243202451583
0.07089149830272283 1.9574468085106382 0.08 1.2734786352073202
0.07974390718677316 1.9574468085106382 0.09 1.273767011601205
0.08859312692100434 1.9574468085106382 0.1 1.2740895069085991
0.09743880167819206 1.9574468085106382 0.11 1.2744461854693687
0.10628057516234958 1.9574468085106382 0.12 1.2748371185347334
0.11511809056101795 1.9574468085106382 0.13 1.2752623843014756
0.12395099049685929 1.9574468085106382 0.14 1.2757220679609667
0.13277891697974858 1.9574468085106382 0.15 1.2762162617345154
0.1416015113567263 1.9574468085106382 0.16 1.2767450649498473
0.15041841426408464 1.9574468085106382 0.17 1.2773085840705902
0.15922926557628478 1.9574468085106382 0.18 1.277906932783189
0.16803370435673962 1.9574468085106382 0.19 1.2785402320448565
0.17683136880677164 1.9574468085106382 0.2 1.2792086101605498
0.18562189621448755 1.9574468085106382 0.21 1.2799122028565015
0.19440492290354497 1.9574468085106382 0.22 1.2806511533527745
0.20318008417921152 1.9574468085106382 0.23 1.2814256124689611
0.21194701427699753 1.9574468085106382 0.24 1.282235738690679
0.22070534630826324 1.9574468085106382 0.25 1.2830816982737396
0.2294547122057862 1.9574468085106382 0.26 1.2839636653436295
0.23819474266943866 1.9574468085106382 0.27 1.2848818219908797
0.24692506710865447 1.9574468085106382 0.28 1.2858363583988843
0.25564531358736736 1.9574468085106382 0.29 1.2868274729403273
0.26435510876487706 1.9574468085106382 0.3 1.287855372314065
0.27305407783721847 1.9574468085106382 0.31 1.288920271671384
0.2817418444803937 1.9574468085106382 0.32 1.290022394722426
0.29041803078401446 1.9574468085106382 0.33 1.291161973929603
0.29908225719528864 1.9574468085106382 0.34 1.2923392505995377
0.307734142452457 1.9574468085106382 0.35 1.2935544750696135
0.31637330352380766 1.9574468085106382 0.36 1.2948079068405125
0.3249993555346587 1.9574468085106382 0.37 1.2960998148059446
0.3336119117105214 1.9574468085106382 0.38 1.297430477344161
0.34221058330277015 1.9574468085106382 0.39 1.298800182551365
0.35079497951729466 1.9574468085106382 0.4 1.300209228442774
0.35936470745073984 1.9574468085106382 0.41 1.301657923094301
0.36791937200593 1.9574468085106382 0.42 1.3031465849363422
0.37645857582642966 1.9574468085106382 0.43 1.3046755429007377
0.38498191921405384 1.9574468085106382 0.44 1.3062451366893273
0.39348900005400334 1.9574468085106382 0.45 1.3078557169836287
0.4019794137283238 1.9574468085106382 0.46 1.3095076457308241
0.41045275303751555 1.9574468085106382 0.47 1.311201296370117
0.4189086081119698 1.9574468085106382 0.48 1.3129370541234855
0.42734656632367485 1.9574468085106382 0.49 1.314715316279401
0.4357662121961466 1.9574468085106382 0.5 1.3165364924840444
0.44416712730692753 1.9574468085106382 0.51 1.3184010050739658
0.45254889020183825 1.9574468085106382 0.52 1.320309289334563
0.46091107627287714 1.9574468085106382 0.53 1.3222617939704697
0.46925325767630444 1.9574468085106382 0.54 1.3242589813329182
0.4775750032126369 1.9574468085106382 0.55 1.3263013278676548
0.4858758782172971 1.9574468085106382 0.56 1.3283893244940446
0.49415544444608334 1.9574468085106382 0.57 1.330523477009652
0.5024132599487533 1.9574468085106382 0.58 1.3327043065547768
0.5106488789609388 1.9574468085106382 0.59 1.3349323499745123
0.5188618517401637 1.9574468085106382 0.6 1.337208160472837
0.5270517244596082 1.9574468085106382 0.61 1.3395323079543553
0.5352180390504128 1.9574468085106382 0.62 1.3419053796331217
0.5433603330528141 1.9574468085106382 0.63 1.3443279805870103
0.551478139458741 1.9574468085106382 0.64 1.3468007343496176
0.5595709865446168 1.9574468085106382 0.65 1.349324283544469
0.5676383976973458 1.9574468085106382 0.66 1.3518992905459069
0.5756798912278325 1.9574468085106382 0.67 1.3545264381933015
0.5836949801760967 1.9574468085106382 0.68 1.357206430537697
0.5916831721016715 1.9574468085106382 0.69 1.35993999364986
0.5996439688608582 1.9574468085106382 0.7 1.362727876480416
0.6075768663737459 1.9574468085106382 0.71 1.3655708517578393
0.6154813543663122 1.9574468085106382 0.72 1.3684697169897917
0.6233569161035 1.9574468085106382 0.73 1.3714252954934159
0.63120302809117 1.9574468085106382 0.74 1.3744384375522274
0.6390191597649708 1.9574468085106382 0.75 1.377510021616536
0.6468047731401153 1.9574468085106382 0.76 1.3806409556594235
0.6545593224429648 1.9574468085106382 0.77 1.3838321785936372
0.6622822536974751 1.9574468085106382 0.78 1.3870846618629162
0.6699730042761454 1.9574468085106382 0.79 1.3903994111614586
0.6776310024003138 1.9574468085106382 0.8 1.3937774683412991
0.6852556665909105 1.9574468085106382 0.81 1.3972199134974992
0.6928464050458037 1.9574468085106382 0.82 1.4007278673235555
0.7004026149479049 1.9574468085106382 0.83 1.404302493711772
0.7079236816762312 1.9574468085106382 0.84 1.4079450027033165
0.7154089779110012 1.9574468085106382 0.85 1.4116566538127666
0.7228578626019617 1.9574468085106382 0.86 1.415438759837685
0.7302696797698508 1.9574468085106382 0.87 1.4192926912561594
0.737643757109402 1.9574468085106382 0.88 1.4232198813172647
0.7449794043305136 1.9574468085106382 0.89 1.4272218320479484
0.7522759111712599 1.9574468085106382 0.9 1.4313001214019707
0.7595325449902187 1.9574468085106382 0.91 1.4354564118677404
0.7667485477868685 1.9574468085106382 0.92 1.4396924610612263
0.7739231324684128 1.9574468085106382 0.93 1.444010134923829
0.7810554780451447 1.9574468085106382 0.94 1.4484114246293145
0.7881447232920831 1.9574468085106382 0.95 1.4528984687961028
0.795189958124426 1.9574468085106382 0.96 1.4574735836090789
0.8021902094692999 1.9574468085106382 0.97 1.4621393123505464
0.8091444000739535 1.9574468085106382 0.98 1.4668985718894771
0.8160513868010286 1.9574468085106382 0.99 1.471754508457899
0.0 1.9716312056737588 0.0 1.2706425877021421
0.008871262297394792 1.9716312056737588 0.01 1.2706594171994667
0.01774217209061003 1.9716312056737588 0.02 1.2707099090110292
0.0266123768293648 1.9716312056737588 0.03 1.270794073121341
0.03548152387155901 1.9716312056737588 0.04 1.2709119261441042
0.044349260436897915 1.9716312056737588 0.05 1.2710634913744228
0.053215233560915606 1.9716312056737588 0.06 1.2712487987789889
0.062079090048852335 1.9716312056737588 0.07 1.2714678850112404
0.07094047642887095 1.9716312056737588 0.08 1.2717207934504196
0.0797990389060362 1.9716312056737588 0.09 1.2720075742027002
0.08865442331500345 1.9716312056737588 0.1 1.2723282841516994
0.09750627507381378 1.9716312056737588 0.11 1.2726829869662175
0.1063542391359228 1.9716312056737588 0.12 1.27307175316044
0.11519795994331919 1.9716312056737588 0.13 1.2734946601168404
0.12403708137885745 1.9716312056737588 0.14 1.273951792130291
0.13287124671725759 1.9716312056737588 0.15 1.2744432404753667
0.14170009857776975 1.9716312056737588 0.16 1.274969103434121
0.15052327887478603 1.9716312056737588 0.17 1.2755294863646989
0.15934042876898039 1.9716312056737588 0.18 1.2761245017548912
0.16815118861674475 1.9716312056737588 0.19 1.2767542693011535
0.1769551979206159 1.9716312056737588 0.2 1.277418915966479
0.18575209528005882 1.9716312056737588 0.21 1.2781185760339144
0.19454151833621183 1.9716312056737588 0.22 1.278853391242152
0.20332310372440718 1.9716312056737588 0.23 1.2796235108058274
0.21209648701861494 1.9716312056737588 0.24 1.2804290915459535
0.22086130267877524 1.9716312056737588 0.25 1.2812702979740134
0.22961718400185357 1.9716312056737588 0.26 1.2821473023336105
0.23836376305732282 1.9716312056737588 0.27 1.2830602848190777
0.24710067064024643 1.9716312056737588 0.28 1.2840094335841659
0.2558275362113449 1.9716312056737588 0.29 1.2849949448986808
0.2645439878446432 1.9716312056737588 0.3 1.2860170232201817
0.2732496521568023 1.9716312056737588 0.31 1.2870758814442318
0.28194415426469077 1.9716312056737588 0.32 1.288171740871093
0.29062711771291105 1.9716312056737588 0.33 1.2893048314648894
0.2992981644192335 1.9716312056737588 0.34 1.290475391934749
0.30795691461012603 1.9716312056737588 0.35 1.291683669906405
0.31660298674789344 1.9716312056737588 0.36 1.2929299221560036
0.32523599749385435 1.9716312056737588 0.37 1.294214414542414
0.33385556160186314 1.9716312056737588 0.38 1.2955374225118945
0.3424612918883186 1.9716312056737588 0.39 1.2968992309720837
0.3510527991350211 1.9716312056737588 0.4 1.2983001347029672
0.3596296920331453 1.9716312056737588 0.41 1.299740438436938
0.36819157710702277 1.9716312056737588 0.42 1.30122045709414
0.3767380586472121 1.9716312056737588 0.43 1.3027405159465806
0.38526873861229366 1.9716312056737588 0.44 1.3043009509972625
0.3937832165750161 1.9716312056737588 0.45 1.305902109042952
0.4022810896300396 1.9716312056737588 0.46 1.3075443480041067
0.4107619523132511 1.9716312056737588 0.47 1.3092280371678517
0.41922539651592516 1.9716312056737588 0.48 1.310953557461473
0.42767101139902397 1.9716312056737588 0.49 1.31272130172118
0.43609838330059236 1.9716312056737588 0.5 1.31453167500041
0.4445070956440852 1.9716312056737588 0.51 1.3163850948676432
0.45289672884200693 1.9716312056737588 0.52 1.3182819917290263
0.4612668601977624 1.9716312056737588 0.53 1.3202228091576083
0.46961706379707757 1.9716312056737588 0.54 1.322208004278466
0.4779469104070742 1.9716312056737588 0.55 1.3242380481046696
0.4862559673635578 1.9716312056737588 0.56 1.3263134259370224
0.4945437984564231 1.9716312056737588 0.57 1.3284346377690153
0.5028099638073035 1.9716312056737588 0.58 1.3306021987291121
0.5110540197478792 1.9716312056737588 0.59 1.332816639514299
0.5192755186882745 1.9716312056737588 0.6 1.3350785068718272
0.527474008981252 1.9716312056737588 0.61 1.3373883640972202
0.5356490347818474 1.9716312056737588 0.62 1.3397467915506294
0.5438001358872907 1.9716312056737588 0.63 1.3421543872665262
0.5519268476034 1.9716312056737588 0.64 1.344611767425174
0.5600287005526468 1.9716312056737588 0.65 1.3471195671083043
0.5681052205209303 1.9716312056737588 0.66 1.3496784408551663
0.5761559282607064 1.9716312056737588 0.67 1.3522890634250642
0.5841803393051941 1.9716312056737588 0.68 1.3549521304975451
0.592177963754756 1.9716312056737588 0.69 1.3576683594963612
0.6001483060629167 1.9716312056737588 0.7 1.3604384904054354
0.6080908647968812 1.9716312056737588 0.71 1.3632632866930567
0.6160051323890581 1.9716312056737588 0.72 1.3661435362658245
0.623890594866444 1.9716312056737588 0.73 1.369080052511042
0.6317467315601015 1.9716312056737588 0.74 1.3720736754148324
0.6395730147911276 1.9716312056737588 0.75 1.3751252727697332
0.6473689095276874 1.9716312056737588 0.76 1.378235741492578
0.6551338730188142 1.9716312056737588 0.77 1.3814060090253675
0.6628673543802086 1.9716312056737588 0.78 1.3846370349216452
0.670568794153366 1.9716312056737588 0.79 1.387929812523011
0.6782376238087628 1.9716312056737588 0.8 1.3912853708455908
0.6858732652000341 1.9716312056737588 0.81 1.3947047766411598
0.6934751299469725 1.9716312056737588 0.82 1.3981891367183088
0.701042618751076 1.9716312056737588 0.83 1.4017396005006242
0.7085751206155038 1.9716312056737588 0.84 1.4053573629279272
0.7160720119535292 1.9716312056737588 0.85 1.4090436677529026
0.7235326555730479 1.9716312056737588 0.86 1.4127998112702451
0.7309563994909032 1.9716312056737588 0.87 1.4166271466460214
0.7383425755500397 1.9716312056737588 0.88 1.4205270889331143
0.7456904977839383 1.9716312056737588 0.89 1.4245011209655782
0.7529994604590274 1.9716312056737588 0.9 1.4285508003694591
0.7602687356988159 1.9716312056737588 0.91 1.4326777680205132
0.7674975705622696 1.9716312056737588 0.92 1.4368837583840783
0.7746851833695698 1.9716312056737588 0.93 1.4411706124523973
0.7818307590005952 1.9716312056737588 0.94 1.4455402942190012
0.7889334427008593 1.9716312056737588 0.95 1.4499949122977713
0.7959923316673662 1.9716312056737588 0.96 1.4545367491952366
0.803006461386348 1.9716312056737588 0.97 1.4591683090175123
0.8099747668490878 1.9716312056737588 0.98 1.463892454856088
0.8168961161956622 1.9716312056737588 0.99 1.4687122819777845
0.0 1.9858156028368794 0.0 1.2689097068603767
0.00887731797274268 1.9858156028368794 0.01 1.2689264441424664
0.017754284654577585 1.9858156028368794 0.02 1.2689766592585485
0.026630548708934675 1.9858156028368794 0.03 1.2690603620948027
0.0355057587082605 1.9858156028368794 0.04 1.2691775690955638
0.04437956308813346 1.9858156028368794 0.05 1.2693283033144638
0.05325161010169442 1.9858156028368794 0.06 1.26951259440851
0.06212154777362833 1.9858156028368794 0.07 1.2697304786660013
0.07098902385462154 1.9858156028368794 0.08 1.2699819990079195
0.07985368577489084 1.9858156028368794 0.09 1.2702672050301196
0.08871518059835362 1.9858156028368794 0.1 1.2705861530147222
0.09757315497518072 1.9858156028368794 0.11 1.270938905990809
0.10642725509550029 1.9858156028368794 0.12 1.271325533751228
0.11527712664406513 1.9858156028368794 0.13 1.2717461128546665
0.12412241474993939 1.9858156028368794 0.14 1.2722007267435316
0.1329627639410286 1.9858156028368794 0.15 1.2726894657371806
0.14179781809462572 1.9858156028368794 0.16 1.2732124271144916
0.1506272203916771 1.9858156028368794 0.17 1.2737697151201486
0.15945061326406443 1.9858156028368794 0.18 1.2743614410962971
0.16826763834929917 1.9858156028368794 0.19 1.2749877234768112
0.17707793643745853 1.9858156028368794 0.2 1.2756486879113904
0.18588114742456416 1.9858156028368794 0.21 1.2763444672827817
0.1946769102571719 1.9858156028368794 0.22 1.277075201851517
0.2034648628854368 1.9858156028368794 0.23 1.2778410392741546
0.2122446422087374 1.9858156028368794 0.24 1.2786421347240298
0.2210158840236702 1.9858156028368794 0.25 1.2794786509737357
0.2297782229697999 1.9858156028368794 0.26 1.2803507585018257
0.23853129247771845 1.9858156028368794 0.27 1.281258635569663
0.24727472471245185 1.9858156028368794 0.28 1.2822024683488096
0.256008150516939 1.9858156028368794 0.29 1.2831824510406777
0.26473119935782957 1.9858156028368794 0.3 1.2841987859693633
0.27344349926586503 1.9858156028368794 0.31 1.2852516837271741
0.28214467677974747 1.9858156028368794 0.32 1.286341363281454
0.290834356882427 1.9858156028368794 0.33 1.287468052149566
0.2995121629460486 1.9858156028368794 0.34 1.288631986489756
0.3081777166635919 1.9858156028368794 0.35 1.2898334113088403
0.31683063799555405 1.9858156028368794 0.36 1.2910725805349184
0.32547054509356116 1.9858156028368794 0.37 1.2923497572830744
0.3340970542423593 1.9858156028368794 0.38 1.293665213960274
0.34270977979179484 1.9858156028368794 0.39 1.2950192324523928
0.35130833408825957 1.9858156028368794 0.4 1.2964121043108063
0.35989232740741195 1.9858156028368794 0.41 1.297844130926574
0.368461367868802 1.9858156028368794 0.42 1.299315623831784
0.37701506137894064 1.9858156028368794 0.43 1.3008269047887062
0.38555301154577987 1.9858156028368794 0.44 1.3023783060845224
0.3940748196170423 1.9858156028368794 0.45 1.3039701706559732
0.4025800843657123 1.9858156028368794 0.46 1.305602852566313
0.41106840204736694 1.9858156028368794 0.47 1.307276716994578
0.4195393662939438 1.9858156028368794 0.48 1.3089921406483924
0.42799256802968183 1.9858156028368794 0.49 1.3107495120210189
0.4364275953926349 1.9858156028368794 0.5 1.3125492316136758
0.44484403362064906 1.9858156028368794 0.51 1.3143917123715176
0.45324146497837475 1.9858156028368794 0.52 1.316277379864009
0.46161946864709635 1.9858156028368794 0.53 1.31820667268796
0.4699776206220203 1.9858156028368794 0.54 1.3201800428179915
0.4783154936158584 1.9858156028368794 0.55 1.3221979559182861
0.48663265693545726 1.9858156028368794 0.56 1.324260891802242
0.4949286763780182 1.9858156028368794 0.57 1.3263693447761595
0.5032031141085563 1.9858156028368794 0.58 1.3285238240832482
0.5114555285375261 1.9858156028368794 0.59 1.3307248543407149
0.5196854741893709 1.9858156028368794 0.6 1.3329729760197135
0.5278925015701256 1.9858156028368794 0.61 1.3352687459245969
0.5360761570273305 1.9858156028368794 0.62 1.337612737706961
0.544235982596033 1.9858156028368794 0.63 1.3400055424437476
0.5523715158514458 1.9858156028368794 0.64 1.3424477691755352
0.5604822897402587 1.9858156028368794 0.65 1.344940045545039
0.5685678324078712 1.9858156028368794 0.66 1.3474830184473192
0.5766276670210707 1.9858156028368794 0.67 1.3500773546952145
0.5846613115677901 1.9858156028368794 0.68 1.352723741786076
0.5926682786600929 1.9858156028368794 0.69 1.3554228886444049
0.6006480753079332 1.9858156028368794 0.7 1.3581755264917479
0.6086002026923832 1.9858156028368794 0.71 1.3609824097083465
0.6165241559146599 1.9858156028368794 0.72 1.3638443167948884
0.6244194237272183 1.9858156028368794 0.73 1.3667620514025531
0.6322854882455051 1.9858156028368794 0.74 1.3697364434358617
0.6401218246390772 1.9858156028368794 0.75 1.3727683502322832
0.6479279007875333 1.9858156028368794 0.76 1.375858657878906
0.6557031769206674 1.9858156028368794 0.77 1.3790082825793644
0.6634471052066987 1.9858156028368794 0.78 1.3822181722227806
0.6711591293122596 1.9858156028368794 0.79 1.3854893080486785
0.6788386839147813 1.9858156028368794 0.8 1.3888227064863425
0.6864851941553315 1.9858156028368794 0.81 1.3922194212120635
0.6940980750344373 1.9858156028368794 0.82 1.3956805454072887
0.7016767307269334 1.9858156028368794 0.83 1.3992072143084624
0.709220553812869 1.9858156028368794 0.84 1.402800608051344
0.7167289243970433 1.9858156028368794 0.85 1.406461954909751
0.7242012090986338 1.9858156028368794 0.86 1.410192534989193
0.7316367598865422 1.9858156028368794 0.87 1.413993684456651
0.7390349127065513 1.9858156028368794 0.88 1.4178668004983328
0.7463949858734965 1.9858156028368794 0.89 1.421813347085552
0.7537162781376006 1.9858156028368794 0.9 1.4258348618700531
0.7609980663488974 1.9858156028368794 0.91 1.4299329644610463
0.7682396025787045 1.9858156028368794 0.92 1.4341093665707068
0.7754401105254269 1.9858156028368794 0.93 1.4383658846140872
0.7825987808980566 1.9858156028368794 0.94 1.4427044558228699
0.7897147653714731 1.9858156028368794 0.95 1.4471271592569293
0.7967871683831759 1.9858156028368794 0.96 1.4516362442322277
0.8038150339103167 1.9858156028368794 0.97 1.4562341763140059
0.8107973090513643 1.9858156028368794 0.98 1.4609237658077685
0.8177328731965137 1.9858156028368794 0.99 1.4657080576123462
0.0 2.0 0.0 1.2671955261235726
0.008883320516214991 2.0 0.01 1.2672121723759329
0.0177662909427448 2.0 0.02 1.2672621144018652
0.02664856114483608 2.0 0.03 1.2673453619595507
0.03552978089740432 2.0 0.04 1.2674619313390603
0.04440959983978563 2.0 0.05 1.267611845360167
0.05328766743061302 2.0 0.06 1.2677951333753932
0.06216363290238333 2.0 0.07 1.2680118312933257
0.07103714521572926 2.0 0.08 1.2682619816062233
0.07990785301428824 2.0 0.09 1.2685456333923206
0.08877540457782633 2.0 0.1 1.2688628423792727
0.09763944777704271 2.0 0.11 1.2692136709425794
0.10649963002823029 2.0 0.12 1.2695981881218683
0.11535559824301943 2.0 0.13 1.2700164697519656
0.12420699878637297 2.0 0.14 1.2704685983836985
0.13305347742484916 2.0 0.15 1.2709546634368385
0.14189467928533098 2.0 0.16 1.2714747611235464
0.15073024879740962 2.0 0.17 1.2720289946897823
0.15955982965458504 2.0 0.18 1.2726174742924443
0.16838306476033954 2.0 0.19 1.2732403171595301
0.17719959618056344 2.0 0.2 1.2738976476275437
0.18600906509284684 2.0 0.21 1.2745895972276673
0.19481111173775695 2.0 0.22 1.2753163047393707
0.20360537536486145 2.0 0.23 1.2760779163129476
0.21239149418621295 2.0 0.24 1.2768745854893462
0.22116910531896455 2.0 0.25 1.2777064733582297
0.22993784473547257 2.0 0.26 1.2785737486146411
0.23869734720964675 2.0 0.27 1.2794765876614387
0.2474472462613679 2.0 0.28 1.2804151747283987
0.2561871741030012 2.0 0.29 1.2813897019647333
0.26491676157975036 2.0 0.3 1.2824003695918742
0.27363563811947755 2.0 0.31 1.2834473859577291
0.2823434316622584 2.0 0.32 1.2845309677846373
0.2910397686255681 2.0 0.33 1.2856513400785914
0.29972427381242184 2.0 0.34 1.2868087365633352
0.3083965703703374 2.0 0.35 1.2880033996387297
0.31705627972817274 2.0 0.36 1.2892355805461106
0.3257030215272414 2.0 0.37 1.2905055395740868
0.33433641355766547 2.0 0.38 1.2918135462140268
0.3429560716892501 2.0 0.39 1.2931598793556112
0.3515616098193661 2.0 0.4 1.29454482735122
0.3601526397715908 2.0 0.41 1.2959686884479011
0.3687287712566189 2.0 0.42 1.2974317707458611
0.3772896117833449 2.0 0.43 1.2989343925284256
0.3858347665866928 2.0 0.44 1.3004768824605346
0.39436383855148077 2.0 0.45 1.3020595798127101
0.4028764281322422 2.0 0.46 1.3036828347084872
0.4113721332750898 2.0 0.47 1.3053470083545724
0.41985054933065347 2.0 0.48 1.307052473325477
0.4283112689698763 2.0 0.49 1.3087996138246625
0.43675388209716726 2.0 0.5 1.3105888259594292
0.4451779757551147 2.0 0.51 1.3124205180632005
0.4535831340337699 2.0 0.52 1.314295110985364
0.46196893796781474 2.0 0.53 1.3162130384488722
0.470334965442613 2.0 0.54 1.3181747473514314
0.4786807910843152 2.0 0.55 1.3201806981549546
0.48700598615046087 2.0 0.56 1.3222313652656794
0.49531011842162714 2.0 0.57 1.3243272374045263
0.5035927520775239 2.0 0.58 1.3264688180576747
0.5118534475811127 2.0 0.59 1.3286566258782946
0.5200917615443955 2.0 0.6 1.3308911951808553
0.5283072465997971 2.0 0.61 1.3331730763998821
0.5364994512568309 2.0 0.62 1.3355028366194721
0.5446679197576862 2.0 0.63 1.3378810601017688
0.5528121919219168 2.0 0.64 1.340308348864048
0.5609318029834767 2.0 0.65 1.342785323286531
0.5690262834228268 2.0 0.66 1.3453126227374737
0.577095158784136 2.0 0.67 1.3478909062628694
0.585137949479482 2.0 0.68 1.3505208533288788
0.5931541705961924 2.0 0.69 1.3532031645415092
0.6011433316683521 2.0 0.7 1.3559385625237768
0.6091049364573893 2.0 0.71 1.3587277927403647
0.6170384826928762 2.0 0.72 1.361571624492405
0.6249434618189542 2.0 0.73 1.364470851874426
0.6328193586987446 2.0 0.74 1.3674262949054699
0.6406656513055291 2.0 0.75 1.3704388007022634
0.6484818104055812 2.0 0.76 1.3735092446747084
0.6562672991584435 2.0 0.77 1.3766385320574868
0.6640215727450215 2.0 0.78 1.3798275993010927
0.6717440779187605 2.0 0.79 1.3830774157676684
0.6794342525211725 2.0 0.8 1.3863889855488853
0.687091524941197 2.0 0.81 1.3897633494870727
0.6947153135132177 2.0 0.82 1.3932015874143173
0.7023050258451012 2.0 0.83 1.3967048206379402
0.7098600580505944 2.0 0.84 1.4002742147670921
0.7173797938807475 2.0 0.85 1.4039109828907468
0.7248636037250731 2.0 0.86 1.4076163892113287
0.7323108434581769 2.0 0.87 1.4113917532141431
0.7397208530902372 2.0 0.88 1.4152384545165972
0.7470929551700649 2.0 0.89 1.4191579385720396
0.7544264528919074 2.0 0.9 1.4231517233872863
0.7617206277891211 2.0 0.91 1.4272214076631229
0.7689747369107518 2.0 0.92 1.4313686807022408
0.776188009288696 2.0 0.93 1.4355953347448105
0.7833596414271553 2.0 0.94 1.4399032806466812
0.7904887913814067 2.0 0.95 1.44429456838426
0.7975745707955014 2.0 0.96 1.448771414533805
0.8046160320635312 2.0 0.97 1.4533362467640878
0.8116121342532435 2.0 0.98 1.4579918235729887
0.8185617679713059 2.0 0.99 1.4627411400972936
